Donor ID,Donation ID,Donation Type,Appointment Date,Appointment Time,Appointment Status,Donation Status
CE0005604,LP028328,Leukopak Donation,03/19/2025,06:15am,pending,passed
CE0005604,LP029556,Leukopak Donation,06/05/2025,06:45am,pending,passed
CE0005604,LP030691,Leukopak Donation,08/19/2025,06:30am,pending,passed
CE0005604,LP032098,Leukopak Donation,11/05/2025,06:15am,pending,passed
CE0005604,LP034201,Leukopak Donation,03/04/2026,06:15am,pending,passed
CE0005670,LP027190,Leukopak Donation,01/07/2025,11:00am,pending,passed
CE0005670,LP027746,Leukopak Donation,02/18/2025,10:30am,pending,passed
CE0005670,LP028337,Leukopak Donation,03/25/2025,10:30am,pending,passed
CE0005670,LP028824,Leukopak Donation,04/29/2025,10:45am,pending,passed
CE0005670,LP029704,Leukopak Donation,06/25/2025,11:15am,pending,passed
CE0005670,LP030762,Leukopak Donation,08/13/2025,07:30am,pending,passed
CE0005670,LP031376,Leukopak Donation,09/29/2025,11:00am,pending,passed
CE0005670,LP032164,Leukopak Donation,11/05/2025,07:00am,pending,passed
CE0005670,LP032691,Leukopak Donation,12/15/2025,07:00am,pending,passed
CE0005670,LP033865,Leukopak Donation,02/10/2026,10:15am,pending,passed
CE0005670,LP034092,Leukopak Donation,03/18/2026,11:00am,pending,passed
CE0005670,LP034785,Leukopak Donation,04/22/2026,10:30am,pending,passed
CE0005670,LP036154,Leukopak Donation,06/15/2026,07:30am,pending,passed
CE0005670,LP036382,Leukopak Donation,07/20/2026,08:00am,pending,passed
CE0005719,LP032577,Leukopak Donation,12/03/2025,06:15am,pending,passed
CE0005719,LP033747,Leukopak Donation,02/12/2026,06:15am,pending,passed
CE0005719,LP034743,Leukopak Donation,04/27/2026,07:00am,pending,passed
CE0005719,LP035848,Leukopak Donation,06/11/2026,06:15am,pending,passed
CE0005719,LP036390,Leukopak Donation,07/21/2026,08:00am,pending,passed
CE0005742,LP029362,Leukopak Donation,05/19/2025,08:00am,pending,passed
CE0005742,LP029866,Leukopak Donation,06/23/2025,06:15am,pending,passed
CE0005742,LP032268,Leukopak Donation,11/24/2025,08:00am,pending,passed
CE0005742,LP033398,Leukopak Donation,02/10/2026,08:00am,pending,passed
CE0005742,LP034811,Leukopak Donation,03/31/2026,08:00am,pending,passed
CE0005742,LP035531,Leukopak Donation,05/18/2026,06:15am,pending,passed
CE0005779,LP027218,Leukopak Donation,01/08/2025,08:00am,pending,passed
CE0005779,LP027830,Leukopak Donation,02/18/2025,08:00am,pending,passed
CE0005779,LP028396,Leukopak Donation,03/26/2025,06:15am,pending,passed
CE0005779,LP028806,Leukopak Donation,04/30/2025,06:30am,pending,passed
CE0005779,LP029637,Leukopak Donation,06/11/2025,06:30am,pending,passed
CE0005779,LP030284,Leukopak Donation,07/23/2025,06:15am,pending,passed
CE0005779,LP031006,Leukopak Donation,09/03/2025,06:15am,pending,passed
CE0005779,LP031470,Leukopak Donation,10/08/2025,07:00am,pending,passed
CE0005779,LP032372,Leukopak Donation,11/26/2025,06:15am,pending,passed
CE0005779,LP033189,Leukopak Donation,01/05/2026,10:30am,pending,passed
CE0005779,LP033499,Leukopak Donation,02/09/2026,06:15am,pending,passed
CE0005779,LP034513,Leukopak Donation,03/25/2026,08:00am,pending,passed
CE0005779,LP034888,Leukopak Donation,04/29/2026,06:15am,pending,passed
CE0005779,LP035589,Leukopak Donation,06/03/2026,08:00am,pending,passed
CE0005779,LP036123,Leukopak Donation,07/08/2026,06:15am,pending,passed
CE0005779,LP036470,Leukopak Donation,08/12/2026,06:30am,pending,pending
CE0005796,LP036146,Leukopak Donation,06/24/2026,06:15am,pending,passed
CE0005814,LP032866,Leukopak Donation,01/05/2026,10:30am,cancelled,cancelled by donor
CE0005821,LP034432,Leukopak Donation,03/18/2026,10:15am,pending,passed
CE0005843,LP030887,Leukopak Donation,08/13/2025,06:15am,pending,passed
CE0005843,LP031025,Leukopak Donation,09/17/2025,06:15am,pending,passed
CE0005843,LP032338,Leukopak Donation,11/21/2025,06:15am,pending,passed
CE0005849,LP027497,Leukopak Donation,01/23/2025,08:00am,pending,passed
CE0005849,LP028731,Leukopak Donation,04/14/2025,11:00am,pending,passed
CE0005955,LP027520,Leukopak Donation,01/29/2025,06:15am,pending,passed
CE0005955,LP028143,Leukopak Donation,03/05/2025,06:15am,pending,passed
CE0005955,LP031828,Leukopak Donation,10/23/2025,06:15am,pending,passed
CE0005955,LP032405,Leukopak Donation,12/01/2025,06:15am,pending,passed
CE0005955,LP033424,Leukopak Donation,01/27/2026,06:30am,pending,passed
CE0005955,LP034099,Leukopak Donation,03/03/2026,06:15am,pending,passed
CE0005955,LP034932,Leukopak Donation,04/14/2026,07:30am,pending,passed
CE0005955,LP035570,Leukopak Donation,05/22/2026,06:15am,pending,passed
CE0005955,LP036010,Leukopak Donation,06/29/2026,06:15am,pending,passed
CE0005955,LP036487,Leukopak Donation,08/03/2026,06:15am,pending,pending
CE0006082,LP027938,Leukopak Donation,02/10/2025,08:00am,pending,passed
CE0006082,LP028222,Leukopak Donation,03/18/2025,06:15am,pending,passed
CE0006082,LP029219,Leukopak Donation,05/12/2025,10:30am,pending,passed
CE0006107,LP033164,Leukopak Donation,01/08/2026,10:15am,pending,passed
CE0006107,LP035186,Leukopak Donation,04/30/2026,10:30am,cancelled,cancelled by donor
CE0006107,LP035522,Leukopak Donation,05/28/2026,11:00am,cancelled,cancelled by canventa
CE0006107,LP036017,Leukopak Donation,06/08/2026,11:00am,pending,passed
CE0006205,LP028476,Leukopak Donation,04/14/2025,08:00am,pending,passed
CE0006205,LP029857,Leukopak Donation,06/24/2025,06:45am,pending,passed
CE0006205,LP032171,Leukopak Donation,11/04/2025,06:15am,pending,passed
CE0006205,LP033618,Leukopak Donation,02/18/2026,06:15am,pending,passed
CE0006205,LP034600,Leukopak Donation,03/27/2026,06:15am,pending,passed
CE0006205,LP035295,Leukopak Donation,05/04/2026,06:30am,pending,passed
CE0006205,LP035833,Leukopak Donation,06/10/2026,07:30am,pending,passed
CE0006205,LP036436,Leukopak Donation,07/29/2026,06:15am,pending,pending
CE0006218,LP029280,Leukopak Donation,05/13/2025,06:30am,pending,passed
CE0006218,LP030172,Leukopak Donation,07/09/2025,06:15am,pending,passed
CE0006218,LP030897,Leukopak Donation,08/26/2025,06:15am,pending,failed
CE0006218,LP032317,Leukopak Donation,11/18/2025,06:30am,pending,passed
CE0006218,LP032825,Leukopak Donation,12/23/2025,06:15am,pending,passed
CE0006218,LP033585,Leukopak Donation,02/02/2026,06:15am,pending,failed
CE0006218,LP036317,Leukopak Donation,07/15/2026,07:00am,pending,passed
CE0006233,LP027400,Leukopak Donation,01/30/2025,06:30am,pending,passed
CE0006233,LP028215,Leukopak Donation,03/13/2025,06:15am,pending,passed
CE0006233,LP028614,Leukopak Donation,04/17/2025,06:15am,pending,passed
CE0006233,LP029197,Leukopak Donation,05/22/2025,06:15am,pending,passed
CE0006233,LP029847,Leukopak Donation,06/30/2025,06:15am,pending,passed
CE0006233,LP030437,Leukopak Donation,08/11/2025,06:15am,pending,passed
CE0006233,LP031393,Leukopak Donation,09/25/2025,06:15am,pending,passed
CE0006233,LP031849,Leukopak Donation,10/30/2025,06:15am,pending,passed
CE0006233,LP032593,Leukopak Donation,12/04/2025,06:15am,pending,passed
CE0006251,LP027495,Leukopak Donation,01/22/2025,10:15am,pending,passed
CE0006251,LP028020,Leukopak Donation,03/03/2025,10:30am,pending,passed
CE0006251,LP028540,Leukopak Donation,04/07/2025,06:15am,pending,passed
CE0006251,LP029175,Leukopak Donation,05/12/2025,11:00am,pending,passed
CE0006251,LP029706,Leukopak Donation,06/17/2025,07:00am,pending,passed
CE0006251,LP030282,Leukopak Donation,07/22/2025,06:15am,pending,passed
CE0006251,LP031121,Leukopak Donation,09/10/2025,06:15am,pending,passed
CE0006251,LP031787,Leukopak Donation,10/21/2025,06:15am,pending,passed
CE0006251,LP032587,Leukopak Donation,12/03/2025,11:00am,pending,passed
CE0006252,LP027659,Leukopak Donation,02/05/2025,10:30am,pending,passed
CE0006252,LP029001,Leukopak Donation,05/01/2025,06:15am,cancelled,cancelled by donor
CE0006252,LP029112,Leukopak Donation,05/05/2025,06:15am,pending,passed
CE0006371,LP027366,Leukopak Donation,01/14/2025,06:30am,pending,passed
CE0006371,LP028261,Leukopak Donation,03/11/2025,06:15am,pending,passed
CE0006371,LP028788,Leukopak Donation,04/15/2025,08:00am,pending,passed
CE0006371,LP034950,Leukopak Donation,04/14/2026,07:00am,pending,passed
CE0006371,LP035590,Leukopak Donation,05/21/2026,06:15am,pending,passed
CE0006371,LP036312,Leukopak Donation,07/16/2026,06:15am,pending,passed
CE0006376,LP031673,Leukopak Donation,10/14/2025,10:15am,pending,passed
CE0006376,LP034599,Leukopak Donation,03/27/2026,06:15am,cancelled,cancelled by donor
CE0006376,LP035244,Leukopak Donation,04/30/2026,11:00am,pending,passed
CE0006376,LP036318,Leukopak Donation,07/15/2026,06:15am,pending,passed
CE0006423,LP027303,Leukopak Donation,01/21/2025,08:00am,pending,passed
CE0006423,LP028684,Leukopak Donation,04/15/2025,08:00am,pending,passed
CE0006423,LP029427,Leukopak Donation,06/02/2025,08:00am,pending,passed
CE0006423,LP031156,Leukopak Donation,09/10/2025,07:00am,pending,passed
CE0006423,LP032305,Leukopak Donation,11/19/2025,06:15am,pending,passed
CE0006423,LP033737,Leukopak Donation,02/09/2026,07:00am,pending,passed
CE0006423,LP036495,Leukopak Donation,07/30/2026,10:30am,pending,pending
CE0006435,LP027229,Leukopak Donation,01/16/2025,06:15am,pending,passed
CE0006435,LP027764,Leukopak Donation,02/20/2025,10:15am,pending,passed
CE0006435,LP028241,Leukopak Donation,03/27/2025,06:15am,pending,passed
CE0006435,LP029009,Leukopak Donation,05/15/2025,06:15am,pending,passed
CE0006435,LP030195,Leukopak Donation,06/26/2025,08:00am,pending,passed
CE0006435,LP030328,Leukopak Donation,07/31/2025,06:15am,pending,passed
CE0006435,LP031000,Leukopak Donation,09/11/2025,06:15am,pending,passed
CE0006435,LP031433,Leukopak Donation,10/16/2025,06:15am,pending,passed
CE0006435,LP032204,Leukopak Donation,11/20/2025,06:15am,pending,passed
CE0006435,LP033380,Leukopak Donation,01/29/2026,06:15am,pending,passed
CE0006435,LP034036,Leukopak Donation,03/05/2026,06:15am,pending,passed
CE0006435,LP035158,Leukopak Donation,05/07/2026,06:15am,pending,passed
CE0006435,LP035844,Leukopak Donation,06/11/2026,07:30am,pending,passed
CE0006435,LP036506,Leukopak Donation,08/06/2026,07:30am,pending,pending
CE0006475,LP027513,Leukopak Donation,02/03/2025,08:00am,pending,passed
CE0006475,LP028015,Leukopak Donation,03/10/2025,08:00am,pending,passed
CE0006475,LP028594,Leukopak Donation,04/14/2025,08:00am,pending,passed
CE0006475,LP029188,Leukopak Donation,05/22/2025,08:00am,pending,passed
CE0006475,LP030238,Leukopak Donation,07/22/2025,06:15am,pending,passed
CE0006475,LP030800,Leukopak Donation,08/27/2025,08:00am,pending,passed
CE0006475,LP031420,Leukopak Donation,10/02/2025,08:00am,pending,passed
CE0006475,LP032301,Leukopak Donation,11/20/2025,10:30am,pending,passed
CE0006475,LP033397,Leukopak Donation,02/03/2026,10:30am,pending,passed
CE0006475,LP034169,Leukopak Donation,03/10/2026,11:00am,pending,passed
CE0006475,LP034946,Leukopak Donation,04/14/2026,10:45am,pending,passed
CE0006475,LP035684,Leukopak Donation,06/02/2026,10:45am,pending,passed
CE0006475,LP036464,Leukopak Donation,07/20/2026,10:30am,pending,passed
CE0006481,LP027226,Leukopak Donation,01/16/2025,06:15am,pending,passed
CE0006481,LP027763,Leukopak Donation,02/20/2025,10:30am,pending,passed
CE0006481,LP028240,Leukopak Donation,03/27/2025,06:15am,pending,passed
CE0006481,LP029011,Leukopak Donation,05/15/2025,06:15am,pending,passed
CE0006481,LP029767,Leukopak Donation,06/26/2025,08:00am,pending,passed
CE0006481,LP030327,Leukopak Donation,07/31/2025,06:15am,pending,passed
CE0006481,LP031001,Leukopak Donation,09/11/2025,06:15am,pending,passed
CE0006481,LP031431,Leukopak Donation,10/16/2025,06:15am,pending,passed
CE0006481,LP032206,Leukopak Donation,11/20/2025,07:00am,pending,passed
CE0006481,LP033382,Leukopak Donation,01/29/2026,06:15am,pending,passed
CE0006481,LP034035,Leukopak Donation,03/05/2026,06:15am,pending,passed
CE0006481,LP035160,Leukopak Donation,05/07/2026,06:15am,pending,passed
CE0006481,LP035846,Leukopak Donation,06/11/2026,07:30am,pending,passed
CE0006481,LP036507,Leukopak Donation,08/06/2026,08:00am,pending,pending
CE0006486,LP027634,Leukopak Donation,02/11/2025,08:00am,pending,passed
CE0006530,LP034048,Leukopak Donation,02/17/2026,07:30am,pending,passed
CE0006623,LP031655,Leukopak Donation,10/15/2025,06:15am,pending,passed
CE0006623,LP032643,Leukopak Donation,12/17/2025,06:15am,pending,passed
CE0006623,LP033460,Leukopak Donation,01/27/2026,06:15am,pending,passed
CE0006623,LP034225,Leukopak Donation,03/09/2026,06:15am,pending,passed
CE0006627,LP027785,Leukopak Donation,02/18/2025,08:00am,pending,passed
CE0006627,LP029469,Leukopak Donation,06/09/2025,08:00am,cancelled,cancelled by donor
CE0006627,LP032612,Leukopak Donation,12/09/2025,08:00am,pending,passed
CE0006627,LP033902,Leukopak Donation,02/26/2026,07:00am,cancelled,cancelled by donor
CE0006627,LP034420,Leukopak Donation,03/18/2026,10:30am,pending,passed
CE0006628,LP030864,Leukopak Donation,08/26/2025,08:00am,pending,passed
CE0006634,LP027794,Leukopak Donation,02/13/2025,06:15am,pending,passed
CE0006634,LP028388,Leukopak Donation,03/20/2025,11:00am,pending,passed
CE0006634,LP028915,Leukopak Donation,04/24/2025,08:00am,pending,passed
CE0006634,LP030047,Leukopak Donation,07/01/2025,11:00am,pending,passed
CE0006634,LP031298,Leukopak Donation,09/03/2025,06:15am,pending,passed
CE0006634,LP031650,Leukopak Donation,10/08/2025,07:00am,pending,passed
CE0006634,LP032698,Leukopak Donation,12/11/2025,06:15am,pending,passed
CE0006634,LP033744,Leukopak Donation,02/04/2026,06:15am,pending,passed
CE0006634,LP035728,Leukopak Donation,06/22/2026,07:30am,pending,passed
CE0006666,LP028617,Leukopak Donation,04/08/2025,06:15am,pending,passed
CE0006666,LP036307,Leukopak Donation,07/13/2026,06:15am,pending,passed
CE0006691,LP031535,Leukopak Donation,10/10/2025,06:15am,pending,passed
CE0006691,LP032695,Leukopak Donation,12/11/2025,06:15am,pending,passed
CE0006710,LP027797,Leukopak Donation,02/24/2025,06:15am,pending,passed
CE0006710,LP028755,Leukopak Donation,04/14/2025,06:15am,cancelled,cancelled by canventa
CE0006710,LP028900,Leukopak Donation,04/28/2025,08:00am,pending,passed
CE0006710,LP029458,Leukopak Donation,06/02/2025,08:00am,pending,passed
CE0006710,LP032374,Leukopak Donation,11/25/2025,08:00am,pending,passed
CE0006710,LP035352,Leukopak Donation,05/05/2026,07:30am,pending,passed
CE0006720,LP028400,Leukopak Donation,03/31/2025,06:15am,pending,passed
CE0006756,LP027272,Leukopak Donation,01/08/2025,07:00am,pending,passed
CE0006759,LP027452,Leukopak Donation,01/23/2025,06:15am,pending,passed
CE0006759,LP028352,Leukopak Donation,03/27/2025,07:00am,pending,passed
CE0006759,LP029024,Leukopak Donation,05/06/2025,06:15am,cancelled,cancelled by donor
CE0006759,LP030672,Leukopak Donation,08/11/2025,08:00am,pending,passed
CE0006759,LP032547,Leukopak Donation,12/23/2025,07:00am,pending,passed
CE0006808,LP031786,Leukopak Donation,10/16/2025,10:15am,pending,passed
CE0006808,LP035271,Leukopak Donation,04/29/2026,10:45am,pending,passed
CE0006808,LP035945,Leukopak Donation,06/18/2026,11:00am,pending,passed
CE0006842,LP028343,Leukopak Donation,03/10/2025,07:30am,pending,passed
CE0006842,LP028976,Leukopak Donation,04/21/2025,07:30am,pending,passed
CE0006848,LP031047,Leukopak Donation,09/03/2025,08:00am,pending,passed
CE0006848,LP033209,Leukopak Donation,01/06/2026,06:15am,pending,passed
CE0006848,LP035072,Leukopak Donation,04/27/2026,06:15am,pending,passed
CE0006848,LP035824,Leukopak Donation,06/10/2026,06:15am,pending,passed
CE0006853,LP027194,Leukopak Donation,01/06/2025,11:00am,pending,passed
CE0006853,LP028217,Leukopak Donation,03/04/2025,10:30am,pending,passed
CE0006853,LP029959,Leukopak Donation,06/30/2025,06:15am,no show,no show
CE0006864,LP028183,Leukopak Donation,03/19/2025,06:30am,pending,passed
CE0006902,LP034829,Leukopak Donation,04/02/2026,10:45am,cancelled,cancelled by donor
CE0006902,LP035443,Leukopak Donation,04/30/2026,06:15am,pending,passed
CE0006902,LP035832,Leukopak Donation,06/08/2026,08:00am,pending,passed
CE0006929,LP027434,Leukopak Donation,01/27/2025,10:30am,pending,passed
CE0006929,LP035899,Leukopak Donation,06/15/2026,08:00am,cancelled,cancelled by donor
CE0006970,LP027946,Leukopak Donation,02/10/2025,07:30am,pending,passed
CE0006970,LP028325,Leukopak Donation,03/17/2025,11:00am,pending,passed
CE0006970,LP029044,Leukopak Donation,05/07/2025,06:15am,pending,passed
CE0006970,LP029705,Leukopak Donation,06/16/2025,08:00am,pending,passed
CE0006970,LP030439,Leukopak Donation,08/01/2025,06:15am,pending,passed
CE0006970,LP031042,Leukopak Donation,09/08/2025,06:15am,pending,passed
CE0006970,LP031640,Leukopak Donation,10/15/2025,06:15am,pending,passed
CE0006970,LP032123,Leukopak Donation,11/19/2025,06:30am,pending,passed
CE0006970,LP033629,Leukopak Donation,02/18/2026,06:15am,pending,passed
CE0006970,LP035438,Leukopak Donation,05/12/2026,06:30am,pending,passed
CE0006970,LP035662,Leukopak Donation,06/17/2026,07:30am,cancelled,cancelled by donor
CE0006970,LP036678,Leukopak Donation,08/12/2026,06:15am,pending,pending
CE0007060,LP028350,Leukopak Donation,03/24/2025,06:15am,pending,passed
CE0007060,LP029797,Leukopak Donation,06/25/2025,08:00am,cancelled,cancelled by donor
CE0007060,LP031986,Leukopak Donation,10/30/2025,11:00am,pending,passed
CE0007060,LP035666,Leukopak Donation,06/04/2026,06:15am,pending,failed
CE0007070,LP027165,Leukopak Donation,01/13/2025,06:15am,pending,passed
CE0007070,LP027744,Leukopak Donation,02/24/2025,06:30am,pending,passed
CE0007070,LP028348,Leukopak Donation,03/31/2025,08:00am,pending,passed
CE0007070,LP029088,Leukopak Donation,05/08/2025,06:15am,pending,passed
CE0007070,LP029702,Leukopak Donation,06/25/2025,06:15am,pending,passed
CE0007070,LP030590,Leukopak Donation,08/13/2025,06:15am,pending,passed
CE0007070,LP031367,Leukopak Donation,09/26/2025,06:15am,pending,passed
CE0007122,LP028912,Leukopak Donation,04/22/2025,07:00am,pending,passed
CE0007122,LP029542,Leukopak Donation,06/05/2025,06:45am,pending,passed
CE0007122,LP030592,Leukopak Donation,08/12/2025,06:15am,pending,passed
CE0007122,LP031558,Leukopak Donation,10/01/2025,06:15am,pending,passed
CE0007122,LP033176,Leukopak Donation,01/05/2026,11:00am,pending,passed
CE0007122,LP034163,Leukopak Donation,02/24/2026,08:00am,pending,passed
CE0007300,LP027375,Leukopak Donation,01/27/2025,06:15am,pending,passed
CE0007300,LP027977,Leukopak Donation,03/03/2025,06:15am,pending,passed
CE0007300,LP028746,Leukopak Donation,04/21/2025,06:15am,cancelled,no show
CE0007359,LP027266,Leukopak Donation,01/08/2025,08:00am,no show,no show
CE0007381,LP027396,Leukopak Donation,01/23/2025,10:30am,pending,passed
CE0007381,LP028964,Leukopak Donation,04/28/2025,11:00am,pending,passed
CE0007381,LP029772,Leukopak Donation,06/12/2025,06:15am,pending,passed
CE0007381,LP034857,Leukopak Donation,04/06/2026,11:00am,pending,passed
CE0007381,LP036252,Leukopak Donation,07/21/2026,07:30am,pending,passed
CE0007382,LP028974,Leukopak Donation,04/22/2025,08:00am,pending,passed
CE0007382,LP034135,Leukopak Donation,03/25/2026,06:15am,pending,passed
CE0007382,LP034889,Leukopak Donation,04/29/2026,06:30am,pending,passed
CE0007382,LP035620,Leukopak Donation,06/03/2026,06:15am,pending,passed
CE0007382,LP036342,Leukopak Donation,07/16/2026,07:30am,cancelled,cancelled by donor
CE0007382,LP036585,Leukopak Donation,08/04/2026,06:15am,pending,pending
CE0007436,LP035653,Leukopak Donation,05/19/2026,06:30am,pending,passed
CE0007436,LP036304,Leukopak Donation,07/08/2026,06:15am,pending,passed
CE0007493,LP027758,Leukopak Donation,02/25/2025,06:30am,pending,passed
CE0007493,LP028647,Leukopak Donation,04/01/2025,07:00am,pending,passed
CE0007493,LP029837,Leukopak Donation,06/23/2025,06:15am,pending,passed
CE0007493,LP030312,Leukopak Donation,07/29/2025,06:15am,pending,passed
CE0007493,LP031329,Leukopak Donation,09/23/2025,07:00am,pending,passed
CE0007493,LP032562,Leukopak Donation,12/16/2025,11:00am,pending,passed
CE0007493,LP033214,Leukopak Donation,01/28/2026,11:00am,pending,passed
CE0007493,LP034564,Leukopak Donation,04/13/2026,11:00am,cancelled,cancelled by donor
CE0007493,LP035318,Leukopak Donation,05/26/2026,11:00am,pending,passed
CE0007493,LP036072,Leukopak Donation,06/30/2026,07:00am,pending,passed
CE0007493,LP036467,Leukopak Donation,08/04/2026,06:30am,pending,pending
CE0007545,LP032199,Leukopak Donation,11/04/2025,08:00am,pending,passed
CE0007545,LP034198,Leukopak Donation,03/02/2026,10:15am,pending,passed
CE0007545,LP035985,Leukopak Donation,06/10/2026,06:15am,pending,passed
CE0007585,LP030034,Leukopak Donation,07/08/2025,06:15am,pending,passed
CE0007599,LP027511,Leukopak Donation,01/30/2025,08:00am,pending,passed
CE0007599,LP028056,Leukopak Donation,03/06/2025,10:30am,pending,passed
CE0007599,LP028828,Leukopak Donation,04/16/2025,11:00am,pending,passed
CE0007599,LP029734,Leukopak Donation,06/12/2025,08:00am,pending,passed
CE0007599,LP030433,Leukopak Donation,07/31/2025,08:00am,pending,passed
CE0007599,LP030944,Leukopak Donation,09/04/2025,07:00am,pending,passed
CE0007599,LP032063,Leukopak Donation,11/07/2025,06:15am,pending,passed
CE0007599,LP033982,Leukopak Donation,03/13/2026,06:15am,pending,passed
CE0007599,LP035363,Leukopak Donation,05/07/2026,07:00am,pending,passed
CE0007599,LP036063,Leukopak Donation,06/24/2026,10:30am,pending,passed
CE0007624,LP027854,Leukopak Donation,02/26/2025,06:15am,pending,passed
CE0007624,LP028508,Leukopak Donation,04/01/2025,06:30am,pending,passed
CE0007624,LP029894,Leukopak Donation,07/07/2025,06:15am,pending,passed
CE0007625,LP027866,Leukopak Donation,02/24/2025,06:15am,pending,passed
CE0007625,LP028514,Leukopak Donation,04/01/2025,06:15am,pending,passed
CE0007625,LP029081,Leukopak Donation,05/08/2025,11:00am,pending,passed
CE0007625,LP029647,Leukopak Donation,06/16/2025,06:15am,pending,passed
CE0007625,LP031688,Leukopak Donation,10/06/2025,06:15am,cancelled,no show
CE0007625,LP032026,Leukopak Donation,11/05/2025,06:30am,pending,passed
CE0007625,LP033049,Leukopak Donation,01/08/2026,06:15am,pending,passed
CE0007625,LP033872,Leukopak Donation,02/23/2026,06:15am,pending,cancelled by donor
CE0007625,LP035024,Leukopak Donation,04/14/2026,06:15am,pending,passed
CE0007625,LP035502,Leukopak Donation,05/20/2026,06:15am,pending,passed
CE0007703,LP027508,Leukopak Donation,01/30/2025,10:15am,pending,passed
CE0007703,LP028454,Leukopak Donation,04/03/2025,06:15am,pending,passed
CE0007703,LP029078,Leukopak Donation,05/08/2025,08:00am,cancelled,cancelled by donor
CE0007703,LP029339,Leukopak Donation,05/29/2025,06:15am,cancelled,cancelled by donor
CE0007785,LP028886,Leukopak Donation,04/23/2025,06:15am,pending,passed
CE0007785,LP029370,Leukopak Donation,05/28/2025,06:15am,pending,passed
CE0007814,LP036220,Leukopak Donation,07/07/2026,06:30am,pending,passed
CE0007821,LP027485,Leukopak Donation,01/22/2025,10:30am,pending,passed
CE0007821,LP028544,Leukopak Donation,03/25/2025,06:15am,pending,passed
CE0007821,LP028942,Leukopak Donation,05/01/2025,07:00am,cancelled,cancelled by donor
CE0007821,LP029343,Leukopak Donation,05/13/2025,06:15am,pending,passed
CE0007821,LP029630,Leukopak Donation,06/17/2025,06:15am,pending,passed
CE0007821,LP030494,Leukopak Donation,08/05/2025,10:45am,pending,passed
CE0007821,LP030962,Leukopak Donation,09/09/2025,08:00am,pending,passed
CE0007843,LP027475,Leukopak Donation,01/22/2025,11:00am,pending,passed
CE0007843,LP028635,Leukopak Donation,04/09/2025,06:30am,pending,passed
CE0007843,LP029777,Leukopak Donation,06/18/2025,06:15am,pending,passed
CE0007843,LP031120,Leukopak Donation,09/02/2025,06:15am,no show,no show
CE0007843,LP031385,Leukopak Donation,09/15/2025,06:15am,pending,passed
CE0007843,LP032802,Leukopak Donation,12/18/2025,06:15am,pending,passed
CE0007843,LP034290,Leukopak Donation,03/05/2026,08:00am,pending,passed
CE0007843,LP034985,Leukopak Donation,04/13/2026,07:30am,pending,passed
CE0007843,LP035476,Leukopak Donation,05/18/2026,07:00am,pending,passed
CE0007843,LP036419,Leukopak Donation,07/27/2026,06:15am,pending,pending
CE0007898,LP032502,Leukopak Donation,12/01/2025,06:30am,pending,passed
CE0007898,LP032853,Leukopak Donation,01/05/2026,11:00am,pending,passed
CE0007898,LP033542,Leukopak Donation,02/09/2026,07:00am,pending,passed
CE0007898,LP034065,Leukopak Donation,03/16/2026,06:15am,pending,passed
CE0007898,LP035551,Leukopak Donation,05/14/2026,07:30am,pending,passed
CE0007898,LP036344,Leukopak Donation,07/16/2026,08:00am,no show,no show
CE0007983,LP035883,Leukopak Donation,06/08/2026,06:15am,pending,passed
CE0007987,LP029953,Leukopak Donation,06/11/2025,08:00am,pending,passed
CE0007987,LP030584,Leukopak Donation,07/23/2025,08:00am,cancelled,cancelled by donor
CE0007995,LP028201,Leukopak Donation,03/05/2025,08:00am,pending,passed
CE0007995,LP029292,Leukopak Donation,05/19/2025,10:30am,pending,passed
CE0007995,LP030687,Leukopak Donation,08/19/2025,10:45am,pending,passed
CE0007995,LP034821,Leukopak Donation,04/06/2026,08:00am,pending,passed
CE0007995,LP036214,Leukopak Donation,07/06/2026,11:00am,cancelled,cancelled by donor
CE0007995,LP036565,Leukopak Donation,08/04/2026,08:00am,pending,pending
CE0008024,LP027546,Leukopak Donation,02/04/2025,06:15am,pending,passed
CE0008024,LP028276,Leukopak Donation,03/20/2025,06:15am,pending,passed
CE0008024,LP028940,Leukopak Donation,05/01/2025,06:15am,cancelled,cancelled by donor
CE0008024,LP029235,Leukopak Donation,05/14/2025,06:30am,pending,passed
CE0008024,LP029736,Leukopak Donation,06/25/2025,08:00am,pending,passed
CE0008024,LP030498,Leukopak Donation,07/30/2025,06:15am,cancelled,cancelled by donor
CE0008024,LP030945,Leukopak Donation,09/02/2025,06:30am,pending,passed
CE0008024,LP031686,Leukopak Donation,10/15/2025,07:00am,pending,passed
CE0008024,LP032328,Leukopak Donation,11/19/2025,07:00am,cancelled,cancelled by donor
CE0008024,LP033222,Leukopak Donation,01/21/2026,07:00am,pending,passed
CE0008024,LP033977,Leukopak Donation,02/25/2026,06:30am,pending,passed
CE0008024,LP034955,Leukopak Donation,04/08/2026,08:00am,cancelled,cancelled by donor
CE0008024,LP035166,Leukopak Donation,04/24/2026,06:15am,pending,passed
CE0008024,LP035701,Leukopak Donation,06/02/2026,11:00am,pending,passed
CE0008024,LP036244,Leukopak Donation,07/07/2026,06:15am,no show,no show
CE0008045,LP027258,Leukopak Donation,01/16/2025,06:15am,pending,passed
CE0008090,LP027410,Leukopak Donation,01/21/2025,10:15am,cancelled,cancelled by donor
CE0008090,LP027960,Leukopak Donation,03/06/2025,06:15am,cancelled,cancelled by donor
CE0008090,LP029430,Leukopak Donation,05/27/2025,08:00am,pending,passed
CE0008090,LP031113,Leukopak Donation,08/28/2025,07:00am,pending,passed
CE0008090,LP032128,Leukopak Donation,11/03/2025,10:30am,pending,passed
CE0008090,LP033922,Leukopak Donation,02/10/2026,06:15am,pending,passed
CE0008090,LP034566,Leukopak Donation,03/30/2026,08:00am,cancelled,cancelled by donor
CE0008090,LP035364,Leukopak Donation,05/07/2026,08:00am,pending,passed
CE0008114,LP027174,Leukopak Donation,01/07/2025,10:15am,pending,passed
CE0008114,LP027886,Leukopak Donation,02/25/2025,08:00am,pending,passed
CE0008114,LP028524,Leukopak Donation,04/03/2025,08:00am,pending,passed
CE0008114,LP029005,Leukopak Donation,05/08/2025,06:15am,pending,passed
CE0008136,LP027398,Leukopak Donation,01/27/2025,08:00am,cancelled,cancelled by donor
CE0008136,LP028093,Leukopak Donation,03/10/2025,08:00am,cancelled,cancelled by donor
CE0008136,LP028707,Leukopak Donation,04/16/2025,08:00am,pending,passed
CE0008136,LP030317,Leukopak Donation,07/30/2025,08:00am,cancelled,cancelled by donor
CE0008136,LP031146,Leukopak Donation,09/12/2025,06:15am,cancelled,cancelled by donor
CE0008161,LP030001,Leukopak Donation,07/01/2025,10:45am,pending,passed
CE0008161,LP030502,Leukopak Donation,08/05/2025,08:00am,no show,no show
CE0008161,LP031898,Leukopak Donation,10/23/2025,07:00am,pending,failed
CE0008161,LP032652,Leukopak Donation,12/08/2025,08:00am,cancelled,cancelled by donor
CE0008162,LP027379,Leukopak Donation,01/28/2025,06:15am,pending,passed
CE0008162,LP028314,Leukopak Donation,03/11/2025,08:00am,cancelled,cancelled by donor
CE0008162,LP028642,Leukopak Donation,04/15/2025,06:15am,cancelled,cancelled by donor
CE0008162,LP028934,Leukopak Donation,04/21/2025,10:45am,pending,passed
CE0008162,LP029485,Leukopak Donation,06/09/2025,06:15am,cancelled,cancelled by donor
CE0008162,LP030040,Leukopak Donation,07/14/2025,06:15am,cancelled,cancelled by donor
CE0008179,LP035063,Leukopak Donation,04/27/2026,06:15am,pending,passed
CE0008179,LP035819,Leukopak Donation,06/08/2026,07:30am,pending,passed
CE0008258,LP033449,Leukopak Donation,01/27/2026,11:00am,pending,passed
CE0008258,LP035125,Leukopak Donation,05/18/2026,08:00am,pending,passed
CE0008258,LP036515,Leukopak Donation,08/03/2026,08:00am,pending,pending
CE0008349,LP027964,Leukopak Donation,03/04/2025,07:00am,pending,passed
CE0008349,LP029134,Leukopak Donation,05/06/2025,11:00am,pending,passed
CE0008349,LP029904,Leukopak Donation,07/03/2025,06:15am,no show,no show
CE0008349,LP030568,Leukopak Donation,08/11/2025,08:00am,pending,passed
CE0008349,LP030932,Leukopak Donation,09/16/2025,06:15am,no show,no show
CE0008349,LP031567,Leukopak Donation,10/08/2025,06:15am,pending,passed
CE0008349,LP031987,Leukopak Donation,11/12/2025,06:15am,pending,passed
CE0008349,LP032805,Leukopak Donation,12/23/2025,06:15am,pending,passed
CE0008349,LP033220,Leukopak Donation,01/29/2026,06:15am,pending,passed
CE0008349,LP034008,Leukopak Donation,03/05/2026,06:15am,pending,passed
CE0008349,LP035065,Leukopak Donation,04/14/2026,07:30am,pending,passed
CE0008349,LP036074,Leukopak Donation,07/02/2026,06:15am,pending,passed
CE0008349,LP036482,Leukopak Donation,08/06/2026,06:15am,pending,pending
CE0008436,LP027718,Leukopak Donation,01/27/2025,07:30am,pending,passed
CE0008436,LP028883,Leukopak Donation,04/14/2025,07:40am,pending,passed
CE0008436,LP032194,Leukopak Donation,10/27/2025,07:30am,pending,passed
CE0008436,LP033498,Leukopak Donation,01/20/2026,07:30am,pending,passed
CE0008436,LP034221,Leukopak Donation,03/02/2026,06:30am,pending,passed
CE0008436,LP035715,Leukopak Donation,05/18/2026,07:30am,pending,passed
CE0008436,LP036240,Leukopak Donation,06/24/2026,08:00am,pending,passed
CE0008464,LP027608,Leukopak Donation,02/04/2025,08:00am,cancelled,cancelled by donor
CE0008467,LP027292,Leukopak Donation,01/16/2025,10:30am,pending,passed
CE0008467,LP027698,Leukopak Donation,02/20/2025,06:15am,cancelled,cancelled by donor
CE0008467,LP028058,Leukopak Donation,03/03/2025,06:15am,pending,passed
CE0008467,LP028571,Leukopak Donation,04/07/2025,06:15am,pending,passed
CE0008467,LP029187,Leukopak Donation,05/20/2025,08:00am,pending,passed
CE0008467,LP029611,Leukopak Donation,06/24/2025,08:00am,pending,passed
CE0008467,LP030176,Leukopak Donation,07/29/2025,06:15am,pending,passed
CE0008467,LP031197,Leukopak Donation,09/16/2025,06:15am,pending,passed
CE0008467,LP031845,Leukopak Donation,10/22/2025,06:15am,pending,passed
CE0008467,LP032360,Leukopak Donation,11/26/2025,08:00am,pending,passed
CE0008467,LP033626,Leukopak Donation,02/04/2026,06:15am,pending,passed
CE0008487,LP027523,Leukopak Donation,02/03/2025,06:15am,pending,passed
CE0008487,LP028115,Leukopak Donation,03/11/2025,06:15am,pending,passed
CE0008487,LP028468,Leukopak Donation,04/15/2025,06:30am,pending,passed
CE0008487,LP029320,Leukopak Donation,05/20/2025,06:15am,cancelled,cancelled by donor
CE0008487,LP029754,Leukopak Donation,06/09/2025,10:45am,pending,passed
CE0008487,LP030083,Leukopak Donation,07/15/2025,10:30am,pending,passed
CE0008487,LP030681,Leukopak Donation,08/20/2025,06:30am,pending,passed
CE0008487,LP031135,Leukopak Donation,09/24/2025,06:15am,pending,passed
CE0008487,LP031710,Leukopak Donation,10/29/2025,06:15am,pending,passed
CE0008487,LP032730,Leukopak Donation,12/16/2025,06:30am,pending,passed
CE0008487,LP033065,Leukopak Donation,01/20/2026,06:15am,pending,passed
CE0008487,LP033656,Leukopak Donation,02/24/2026,06:15am,pending,passed
CE0008487,LP034762,Leukopak Donation,04/07/2026,06:15am,pending,passed
CE0008487,LP035291,Leukopak Donation,05/19/2026,06:15am,pending,passed
CE0008487,LP035965,Leukopak Donation,06/23/2026,06:15am,pending,passed
CE0008487,LP036451,Leukopak Donation,07/28/2026,06:15am,pending,pending
CE0008506,LP027721,Leukopak Donation,02/24/2025,08:00am,cancelled,cancelled by donor
CE0008528,LP029190,Leukopak Donation,05/15/2025,10:30am,pending,passed
CE0008534,LP035285,Leukopak Donation,05/05/2026,07:00am,pending,passed
CE0008534,LP035916,Leukopak Donation,06/16/2026,06:15am,pending,passed
CE0008534,LP036610,Leukopak Donation,08/05/2026,08:00am,pending,pending
CE0008536,LP031282,Leukopak Donation,09/17/2025,11:00am,pending,passed
CE0008540,LP028664,Leukopak Donation,04/08/2025,10:30am,pending,passed
CE0008540,LP030701,Leukopak Donation,08/13/2025,08:00am,pending,failed
CE0008540,LP032106,Leukopak Donation,11/03/2025,06:15am,pending,passed
CE0008540,LP036022,Leukopak Donation,06/09/2026,07:30am,pending,passed
CE0008542,LP031212,Leukopak Donation,09/29/2025,06:15am,pending,passed
CE0008542,LP032321,Leukopak Donation,11/19/2025,06:15am,pending,passed
CE0008542,LP033685,Leukopak Donation,02/18/2026,06:15am,pending,passed
CE0008542,LP034437,Leukopak Donation,03/25/2026,06:15am,pending,passed
CE0008542,LP034799,Leukopak Donation,04/29/2026,06:15am,pending,passed
CE0008542,LP035888,Leukopak Donation,06/16/2026,07:00am,pending,passed
CE0008542,LP036580,Leukopak Donation,08/04/2026,07:30am,pending,pending
CE0008543,LP030765,Leukopak Donation,08/25/2025,06:15am,pending,passed
CE0008543,LP031211,Leukopak Donation,09/29/2025,06:15am,pending,passed
CE0008543,LP032319,Leukopak Donation,11/19/2025,06:15am,pending,passed
CE0008543,LP033073,Leukopak Donation,01/14/2026,07:00am,pending,passed
CE0008543,LP033687,Leukopak Donation,02/18/2026,06:30am,pending,passed
CE0008543,LP034436,Leukopak Donation,03/25/2026,06:15am,pending,passed
CE0008543,LP034800,Leukopak Donation,04/29/2026,06:15am,pending,passed
CE0008543,LP035886,Leukopak Donation,06/16/2026,06:30am,pending,passed
CE0008543,LP036584,Leukopak Donation,08/04/2026,08:00am,pending,pending
CE0008579,LP030465,Leukopak Donation,08/18/2025,08:00am,pending,passed
CE0008579,LP031678,Leukopak Donation,10/27/2025,08:00am,pending,passed
CE0008608,LP028233,Leukopak Donation,03/04/2025,06:30am,pending,passed
CE0008608,LP029141,Leukopak Donation,05/13/2025,06:15am,pending,passed
CE0008608,LP030315,Leukopak Donation,07/29/2025,06:30am,pending,passed
CE0008608,LP031126,Leukopak Donation,09/04/2025,06:15am,pending,passed
CE0008608,LP031585,Leukopak Donation,10/09/2025,06:15am,pending,passed
CE0008629,LP032449,Leukopak Donation,12/02/2025,06:15am,pending,passed
CE0008629,LP033240,Leukopak Donation,01/14/2026,06:15am,pending,passed
CE0008629,LP033967,Leukopak Donation,02/25/2026,06:15am,cancelled,cancelled by donor
CE0008629,LP034402,Leukopak Donation,03/16/2026,06:15am,pending,passed
CE0008629,LP034891,Leukopak Donation,04/30/2026,06:15am,pending,passed
CE0008629,LP036239,Leukopak Donation,06/24/2026,10:30am,pending,passed
CE0008638,LP030184,Leukopak Donation,07/15/2025,08:00am,pending,passed
CE0008638,LP030752,Leukopak Donation,08/26/2025,06:30am,pending,passed
CE0008638,LP031716,Leukopak Donation,10/21/2025,06:15am,pending,passed
CE0008638,LP032406,Leukopak Donation,12/02/2025,06:15am,pending,passed
CE0008638,LP033227,Leukopak Donation,01/13/2026,07:00am,pending,passed
CE0008638,LP033780,Leukopak Donation,02/27/2026,06:15am,pending,passed
CE0008638,LP034760,Leukopak Donation,04/07/2026,06:15am,pending,passed
CE0008638,LP036111,Leukopak Donation,06/22/2026,06:15am,pending,passed
CE0008638,LP036567,Leukopak Donation,08/06/2026,06:15am,pending,pending
CE0008649,LP027159,Leukopak Donation,01/06/2025,06:15am,pending,passed
CE0008649,LP027911,Leukopak Donation,02/18/2025,06:30am,pending,passed
CE0008649,LP028453,Leukopak Donation,03/25/2025,06:15am,pending,passed
CE0008661,LP027291,Leukopak Donation,01/08/2025,08:00am,pending,passed
CE0008661,LP028112,Leukopak Donation,02/25/2025,07:30am,no show,no show
CE0008661,LP028366,Leukopak Donation,03/12/2025,06:15am,pending,passed
CE0008661,LP028924,Leukopak Donation,04/16/2025,08:00am,pending,passed
CE0008661,LP029676,Leukopak Donation,05/28/2025,07:30am,pending,passed
CE0008661,LP030646,Leukopak Donation,07/23/2025,07:30am,pending,passed
CE0008661,LP031214,Leukopak Donation,08/27/2025,08:30am,pending,passed
CE0008675,LP030501,Leukopak Donation,07/21/2025,08:00am,pending,passed
CE0008675,LP034315,Leukopak Donation,03/05/2026,10:15am,cancelled,cancelled by donor
CE0008678,LP027562,Leukopak Donation,02/03/2025,08:00am,pending,passed
CE0008678,LP028125,Leukopak Donation,03/10/2025,10:30am,pending,passed
CE0008678,LP028955,Leukopak Donation,04/22/2025,08:00am,cancelled,cancelled by donor
CE0008678,LP030010,Leukopak Donation,07/08/2025,08:00am,pending,passed
CE0008678,LP030690,Leukopak Donation,08/25/2025,08:00am,pending,passed
CE0008678,LP032216,Leukopak Donation,11/10/2025,06:30am,pending,passed
CE0008678,LP033930,Leukopak Donation,02/26/2026,06:15am,pending,passed
CE0008689,LP027660,Leukopak Donation,02/06/2025,10:15am,pending,passed
CE0008689,LP029834,Leukopak Donation,06/10/2025,08:00am,pending,passed
CE0008689,LP030012,Leukopak Donation,07/15/2025,06:15am,pending,passed
CE0008689,LP030675,Leukopak Donation,08/19/2025,10:45am,pending,passed
CE0008689,LP031256,Leukopak Donation,09/23/2025,10:30am,pending,passed
CE0008689,LP032100,Leukopak Donation,11/04/2025,11:00am,pending,passed
CE0008689,LP032812,Leukopak Donation,12/23/2025,08:00am,pending,passed
CE0008689,LP033666,Leukopak Donation,02/02/2026,10:30am,pending,passed
CE0008689,LP035793,Leukopak Donation,06/15/2026,10:30am,pending,passed
CE0008689,LP036433,Leukopak Donation,07/28/2026,06:15am,pending,pending
CE0008703,LP029053,Leukopak Donation,05/14/2025,06:15am,pending,passed
CE0008703,LP030096,Leukopak Donation,07/09/2025,07:00am,pending,passed
CE0008703,LP030802,Leukopak Donation,08/25/2025,08:00am,pending,passed
CE0008703,LP031837,Leukopak Donation,10/23/2025,06:15am,pending,passed
CE0008703,LP032888,Leukopak Donation,01/06/2026,06:15am,pending,passed
CE0008703,LP033869,Leukopak Donation,02/10/2026,06:15am,pending,passed
CE0008703,LP034475,Leukopak Donation,03/19/2026,10:30am,pending,passed
CE0008703,LP035264,Leukopak Donation,04/28/2026,06:15am,pending,passed
CE0008703,LP035860,Leukopak Donation,06/11/2026,06:30am,pending,passed
CE0008703,LP036383,Leukopak Donation,07/23/2026,06:15am,pending,pending
CE0008717,LP029184,Leukopak Donation,05/19/2025,08:00am,pending,passed
CE0008717,LP030415,Leukopak Donation,08/04/2025,08:00am,cancelled,cancelled by donor
CE0008717,LP031507,Leukopak Donation,09/16/2025,07:30am,pending,passed
CE0008717,LP032997,Leukopak Donation,01/20/2026,07:00am,pending,passed
CE0008751,LP035596,Leukopak Donation,05/21/2026,06:15am,pending,passed
CE0008751,LP036054,Leukopak Donation,06/25/2026,07:00am,cancelled,cancelled by donor
CE0008801,LP028264,Leukopak Donation,03/12/2025,07:30am,pending,passed
CE0008823,LP034606,Leukopak Donation,03/23/2026,10:15am,pending,passed
CE0008823,LP035647,Leukopak Donation,05/26/2026,06:15am,pending,passed
CE0008846,LP027801,Leukopak Donation,02/19/2025,06:15am,pending,passed
CE0008846,LP028678,Leukopak Donation,04/09/2025,06:15am,pending,passed
CE0008846,LP030197,Leukopak Donation,07/16/2025,06:15am,pending,passed
CE0008846,LP032269,Leukopak Donation,11/25/2025,06:15am,pending,passed
CE0008846,LP034530,Leukopak Donation,03/25/2026,10:30am,cancelled,cancelled by donor
CE0008846,LP035453,Leukopak Donation,05/20/2026,06:15am,pending,passed
CE0008846,LP036181,Leukopak Donation,07/01/2026,06:30am,pending,passed
CE0008847,LP027800,Leukopak Donation,02/19/2025,06:15am,pending,passed
CE0008847,LP028680,Leukopak Donation,04/09/2025,06:15am,pending,passed
CE0008847,LP030199,Leukopak Donation,07/16/2025,06:15am,pending,passed
CE0008847,LP032271,Leukopak Donation,11/25/2025,06:15am,pending,passed
CE0008847,LP033496,Leukopak Donation,01/28/2026,06:15am,pending,passed
CE0008847,LP034532,Leukopak Donation,03/25/2026,10:30am,cancelled,cancelled by donor
CE0008847,LP035451,Leukopak Donation,05/20/2026,06:15am,pending,passed
CE0008847,LP036182,Leukopak Donation,07/01/2026,07:00am,pending,passed
CE0008947,LP030074,Leukopak Donation,07/08/2025,08:00am,pending,passed
CE0008947,LP032523,Leukopak Donation,12/03/2025,06:30am,no show,no show
CE0008947,LP033702,Leukopak Donation,02/09/2026,06:30am,pending,passed
CE0008947,LP035233,Leukopak Donation,05/06/2026,07:30am,pending,passed
CE0008947,LP036073,Leukopak Donation,06/23/2026,06:15am,pending,passed
CE0008954,LP028980,Leukopak Donation,04/22/2025,08:00am,pending,passed
CE0008983,LP030798,Leukopak Donation,08/27/2025,06:15am,pending,passed
CE0008983,LP032381,Leukopak Donation,11/13/2025,06:15am,pending,passed
CE0008983,LP033639,Leukopak Donation,02/10/2026,06:15am,cancelled,cancelled by donor
CE0008983,LP034968,Leukopak Donation,04/07/2026,06:15am,pending,passed
CE0009002,LP030554,Leukopak Donation,08/13/2025,06:15am,cancelled,cancelled by donor
CE0009002,LP034668,Leukopak Donation,03/31/2026,10:15am,pending,passed
CE0009002,LP035498,Leukopak Donation,05/13/2026,07:30am,pending,passed
CE0009009,LP028173,Leukopak Donation,03/05/2025,11:00am,pending,passed
CE0009009,LP028720,Leukopak Donation,04/17/2025,10:30am,pending,passed
CE0009009,LP029579,Leukopak Donation,06/04/2025,10:30am,pending,passed
CE0009009,LP030467,Leukopak Donation,08/05/2025,08:00am,pending,passed
CE0009049,LP027710,Leukopak Donation,02/10/2025,06:15am,pending,passed
CE0009049,LP030400,Leukopak Donation,07/30/2025,06:15am,pending,passed
CE0009049,LP031261,Leukopak Donation,09/16/2025,10:30am,cancelled,cancelled by donor
CE0009049,LP031780,Leukopak Donation,10/15/2025,10:15am,pending,passed
CE0009049,LP034291,Leukopak Donation,03/09/2026,11:00am,pending,passed
CE0009049,LP036183,Leukopak Donation,07/14/2026,06:15am,pending,passed
CE0009053,LP035018,Leukopak Donation,04/16/2026,08:00am,pending,passed
CE0009053,LP035686,Leukopak Donation,06/02/2026,07:00am,pending,passed
CE0009053,LP036357,Leukopak Donation,07/20/2026,06:15am,cancelled,cancelled by donor
CE0009062,LP027189,Leukopak Donation,01/07/2025,06:15am,pending,passed
CE0009062,LP027630,Leukopak Donation,02/11/2025,06:15am,pending,passed
CE0009062,LP028479,Leukopak Donation,03/25/2025,07:00am,pending,passed
CE0009062,LP028619,Leukopak Donation,04/29/2025,06:15am,pending,passed
CE0009062,LP029441,Leukopak Donation,06/03/2025,06:30am,pending,passed
CE0009062,LP030155,Leukopak Donation,07/15/2025,11:00am,pending,passed
CE0009062,LP030970,Leukopak Donation,09/03/2025,10:30am,pending,passed
CE0009062,LP031513,Leukopak Donation,10/09/2025,10:30am,pending,passed
CE0009062,LP032108,Leukopak Donation,11/13/2025,08:00am,pending,passed
CE0009062,LP032807,Leukopak Donation,12/18/2025,07:00am,pending,passed
CE0009062,LP033142,Leukopak Donation,01/22/2026,07:00am,pending,passed
CE0009062,LP033579,Leukopak Donation,02/26/2026,11:00am,pending,passed
CE0009062,LP034663,Leukopak Donation,04/07/2026,10:30am,pending,passed
CE0009062,LP035149,Leukopak Donation,05/12/2026,10:30am,pending,passed
CE0009062,LP035825,Leukopak Donation,06/16/2026,10:45am,pending,passed
CE0009062,LP036277,Leukopak Donation,07/22/2026,08:00am,pending,passed
CE0009099,LP027648,Leukopak Donation,02/11/2025,10:15am,pending,passed
CE0009099,LP029306,Leukopak Donation,05/27/2025,11:00am,pending,passed
CE0009099,LP029899,Leukopak Donation,07/01/2025,10:30am,pending,passed
CE0009099,LP031820,Leukopak Donation,10/27/2025,11:00am,cancelled,cancelled by donor
CE0009099,LP034681,Leukopak Donation,03/27/2026,07:30am,pending,passed
CE0009120,LP030532,Leukopak Donation,08/06/2025,11:00am,pending,passed
CE0009120,LP033837,Leukopak Donation,02/03/2026,07:30am,pending,passed
CE0009120,LP034311,Leukopak Donation,03/16/2026,07:00am,pending,passed
CE0009120,LP036270,Leukopak Donation,07/07/2026,08:00am,pending,passed
CE0009139,LP031238,Leukopak Donation,09/24/2025,06:15am,pending,passed
CE0009149,LP027487,Leukopak Donation,01/27/2025,06:15am,cancelled,cancelled by donor
CE0009183,LP034628,Leukopak Donation,03/30/2026,10:15am,pending,passed
CE0009183,LP035854,Leukopak Donation,06/15/2026,06:15am,no show,no show
CE0009241,LP028541,Leukopak Donation,04/07/2025,06:30am,cancelled,cancelled by donor
CE0009275,LP027478,Leukopak Donation,01/22/2025,08:00am,cancelled,cancelled by canventa
CE0009279,LP032966,Leukopak Donation,01/05/2026,06:15am,pending,passed
CE0009279,LP034369,Leukopak Donation,03/05/2026,08:00am,pending,passed
CE0009279,LP036504,Leukopak Donation,08/05/2026,06:30am,pending,pending
CE0009324,LP034840,Leukopak Donation,04/30/2026,11:00am,no show,no show
CE0009335,LP034258,Leukopak Donation,03/03/2026,06:15am,cancelled,cancelled by donor
CE0009360,LP030349,Leukopak Donation,07/08/2025,07:30am,pending,passed
CE0009360,LP030898,Leukopak Donation,08/13/2025,11:00am,pending,passed
CE0009360,LP031523,Leukopak Donation,10/01/2025,08:00am,pending,passed
CE0009360,LP032236,Leukopak Donation,11/07/2025,06:15am,pending,passed
CE0009360,LP033185,Leukopak Donation,01/13/2026,06:15am,pending,passed
CE0009360,LP034149,Leukopak Donation,02/26/2026,07:00am,pending,passed
CE0009360,LP035141,Leukopak Donation,05/04/2026,10:30am,pending,passed
CE0009360,LP036403,Leukopak Donation,07/07/2026,10:30am,pending,passed
CE0009371,LP028308,Leukopak Donation,03/13/2025,10:30am,pending,passed
CE0009371,LP028636,Leukopak Donation,04/17/2025,06:15am,pending,passed
CE0009371,LP029652,Leukopak Donation,06/04/2025,08:00am,cancelled,cancelled by donor
CE0009391,LP027224,Leukopak Donation,01/08/2025,06:15am,pending,passed
CE0009391,LP027804,Leukopak Donation,02/19/2025,06:30am,pending,passed
CE0009391,LP028398,Leukopak Donation,03/26/2025,06:15am,pending,passed
CE0009391,LP029028,Leukopak Donation,05/12/2025,06:15am,pending,passed
CE0009391,LP029402,Leukopak Donation,06/16/2025,06:30am,pending,passed
CE0009391,LP030111,Leukopak Donation,07/21/2025,06:15am,pending,passed
CE0009391,LP031010,Leukopak Donation,09/02/2025,06:15am,pending,failed
CE0009395,LP027158,Leukopak Donation,01/06/2025,08:00am,pending,passed
CE0009395,LP028119,Leukopak Donation,03/04/2025,08:00am,pending,passed
CE0009395,LP028701,Leukopak Donation,04/14/2025,10:30am,pending,passed
CE0009395,LP029946,Leukopak Donation,07/01/2025,08:00am,no show,no show
CE0009399,LP027628,Leukopak Donation,02/04/2025,06:15am,pending,passed
CE0009399,LP028377,Leukopak Donation,03/12/2025,06:15am,no show,no show
CE0009399,LP034885,Leukopak Donation,04/24/2026,07:00am,pending,passed
CE0009399,LP035705,Leukopak Donation,06/03/2026,07:00am,pending,passed
CE0009399,LP036347,Leukopak Donation,07/22/2026,07:00am,pending,passed
CE0009442,LP027295,Leukopak Donation,01/16/2025,10:15am,pending,passed
CE0009442,LP027697,Leukopak Donation,02/20/2025,06:15am,cancelled,cancelled by donor
CE0009442,LP028057,Leukopak Donation,03/03/2025,06:30am,pending,passed
CE0009442,LP028569,Leukopak Donation,04/07/2025,06:15am,pending,passed
CE0009442,LP029186,Leukopak Donation,05/20/2025,08:00am,pending,passed
CE0009442,LP029613,Leukopak Donation,06/24/2025,08:00am,pending,passed
CE0009442,LP030175,Leukopak Donation,07/29/2025,06:15am,pending,passed
CE0009442,LP031199,Leukopak Donation,09/16/2025,06:15am,pending,passed
CE0009442,LP031846,Leukopak Donation,10/22/2025,06:15am,pending,passed
CE0009442,LP032359,Leukopak Donation,11/26/2025,08:00am,pending,passed
CE0009442,LP033628,Leukopak Donation,02/04/2026,06:15am,pending,passed
CE0009454,LP027251,Leukopak Donation,01/13/2025,08:00am,pending,passed
CE0009454,LP027881,Leukopak Donation,02/25/2025,06:15am,pending,passed
CE0009454,LP028575,Leukopak Donation,04/14/2025,06:30am,pending,passed
CE0009454,LP029283,Leukopak Donation,05/21/2025,06:15am,pending,passed
CE0009454,LP030003,Leukopak Donation,07/22/2025,06:15am,pending,failed
CE0009476,LP034879,Leukopak Donation,04/21/2026,06:15am,cancelled,cancelled by donor
CE0009476,LP036047,Leukopak Donation,06/24/2026,10:45am,pending,passed
CE0009476,LP036672,Leukopak Donation,08/11/2026,06:15am,pending,pending
CE0009478,LP029547,Leukopak Donation,05/22/2025,07:00am,cancelled,cancelled by donor
CE0009479,LP027393,Leukopak Donation,01/21/2025,06:15am,pending,passed
CE0009479,LP028291,Leukopak Donation,03/18/2025,06:15am,pending,passed
CE0009479,LP028655,Leukopak Donation,04/24/2025,06:15am,pending,passed
CE0009479,LP029709,Leukopak Donation,06/16/2025,06:15am,cancelled,cancelled by donor
CE0009482,LP028232,Leukopak Donation,03/10/2025,06:30am,cancelled,cancelled by donor
CE0009482,LP028521,Leukopak Donation,03/25/2025,10:30am,pending,passed
CE0009482,LP029822,Leukopak Donation,06/30/2025,06:15am,pending,passed
CE0009482,LP030852,Leukopak Donation,08/26/2025,10:45am,pending,passed
CE0009482,LP031272,Leukopak Donation,09/30/2025,06:15am,pending,passed
CE0009482,LP034426,Leukopak Donation,03/18/2026,06:15am,cancelled,cancelled by donor
CE0009482,LP034788,Leukopak Donation,03/26/2026,06:15am,pending,passed
CE0009482,LP035247,Leukopak Donation,05/04/2026,06:15am,pending,passed
CE0009486,LP027543,Leukopak Donation,02/03/2025,06:15am,cancelled,cancelled by donor
CE0009486,LP029796,Leukopak Donation,06/11/2025,07:30am,pending,passed
CE0009486,LP031749,Leukopak Donation,10/09/2025,10:30am,pending,passed
CE0009509,LP027180,Leukopak Donation,01/06/2025,06:15am,pending,passed
CE0009509,LP027796,Leukopak Donation,02/18/2025,06:15am,pending,passed
CE0009509,LP029792,Leukopak Donation,06/23/2025,10:45am,pending,passed
CE0009509,LP031421,Leukopak Donation,10/20/2025,06:15am,pending,passed
CE0009514,LP028994,Leukopak Donation,05/01/2025,08:00am,pending,passed
CE0009519,LP029171,Leukopak Donation,05/08/2025,11:00am,cancelled,cancelled by donor
CE0009519,LP029368,Leukopak Donation,05/21/2025,10:30am,pending,passed
CE0009519,LP032177,Leukopak Donation,11/05/2025,08:00am,pending,passed
CE0009519,LP032664,Leukopak Donation,12/10/2025,06:15am,pending,passed
CE0009567,LP027336,Leukopak Donation,01/07/2025,10:30am,pending,passed
CE0009590,LP027461,Leukopak Donation,01/28/2025,06:15am,pending,passed
CE0009590,LP028686,Leukopak Donation,04/16/2025,06:15am,pending,passed
CE0009590,LP031429,Leukopak Donation,09/30/2025,06:15am,pending,passed
CE0009590,LP032511,Leukopak Donation,12/10/2025,06:15am,pending,passed
CE0009590,LP033785,Leukopak Donation,03/05/2026,06:15am,pending,passed
CE0009590,LP035566,Leukopak Donation,06/09/2026,07:30am,pending,passed
CE0009590,LP036169,Leukopak Donation,07/15/2026,06:15am,cancelled,cancelled by donor
CE0009590,LP036574,Leukopak Donation,08/05/2026,06:15am,pending,pending
CE0009596,LP030487,Leukopak Donation,08/11/2025,10:45am,pending,passed
CE0009596,LP031312,Leukopak Donation,09/23/2025,06:15am,pending,failed
CE0009596,LP031918,Leukopak Donation,10/29/2025,06:15am,pending,passed
CE0009596,LP032891,Leukopak Donation,01/05/2026,11:00am,cancelled,cancelled by donor
CE0009809,LP027916,Leukopak Donation,02/27/2025,10:30am,pending,passed
CE0009809,LP028756,Leukopak Donation,04/14/2025,11:00am,pending,passed
CE0009809,LP029399,Leukopak Donation,05/19/2025,06:30am,pending,passed
CE0009809,LP029858,Leukopak Donation,06/23/2025,06:15am,pending,passed
CE0009809,LP030714,Leukopak Donation,08/11/2025,11:00am,cancelled,cancelled by donor
CE0009809,LP032584,Leukopak Donation,12/03/2025,07:00am,pending,passed
CE0009809,LP033408,Leukopak Donation,01/16/2026,06:15am,pending,failed
CE0009809,LP033871,Leukopak Donation,02/23/2026,07:00am,pending,passed
CE0009809,LP034678,Leukopak Donation,03/31/2026,10:30am,pending,passed
CE0009809,LP035326,Leukopak Donation,05/05/2026,06:15am,pending,passed
CE0009862,LP027483,Leukopak Donation,01/27/2025,06:15am,pending,passed
CE0009862,LP028375,Leukopak Donation,03/24/2025,06:30am,pending,passed
CE0009863,LP028082,Leukopak Donation,03/06/2025,06:15am,pending,passed
CE0009863,LP028623,Leukopak Donation,04/10/2025,08:00am,pending,passed
CE0009863,LP029215,Leukopak Donation,05/29/2025,06:15am,pending,passed
CE0009863,LP030608,Leukopak Donation,08/28/2025,07:00am,pending,passed
CE0009863,LP033885,Leukopak Donation,02/09/2026,06:15am,pending,passed
CE0009863,LP034210,Leukopak Donation,03/16/2026,10:30am,pending,passed
CE0009863,LP035584,Leukopak Donation,05/13/2026,06:15am,pending,passed
CE0009863,LP036547,Leukopak Donation,08/04/2026,10:15am,pending,pending
CE0009911,LP030936,Leukopak Donation,09/08/2025,07:00am,pending,passed
CE0009911,LP032249,Leukopak Donation,11/17/2025,08:00am,pending,passed
CE0009911,LP033166,Leukopak Donation,01/28/2026,06:15am,pending,passed
CE0009911,LP034724,Leukopak Donation,04/13/2026,06:15am,pending,passed
CE0009911,LP036006,Leukopak Donation,06/24/2026,11:00am,pending,passed
CE0009911,LP036627,Leukopak Donation,08/17/2026,07:30am,pending,pending
CE0009915,LP036168,Leukopak Donation,07/01/2026,08:00am,pending,passed
CE0009923,LP036578,Leukopak Donation,08/05/2026,10:45am,pending,pending
CE0009924,LP032586,Leukopak Donation,12/03/2025,11:00am,pending,passed
CE0009924,LP035697,Leukopak Donation,05/21/2026,08:00am,pending,failed
CE0009924,LP035808,Leukopak Donation,05/21/2026,08:40am,pending,failed
CE0009924,LP035828,Leukopak Donation,06/15/2026,08:00am,cancelled,cancelled by canventa
CE0009937,LP027750,Leukopak Donation,02/11/2025,10:30am,pending,passed
CE0009937,LP028931,Leukopak Donation,04/24/2025,10:45am,pending,passed
CE0009937,LP030126,Leukopak Donation,07/15/2025,10:45am,pending,passed
CE0009937,LP031516,Leukopak Donation,10/01/2025,11:00am,pending,passed
CE0009937,LP032675,Leukopak Donation,12/16/2025,11:00am,pending,passed
CE0009937,LP033898,Leukopak Donation,02/24/2026,10:30am,pending,passed
CE0009942,LP027370,Leukopak Donation,01/22/2025,06:15am,pending,passed
CE0009942,LP028018,Leukopak Donation,02/27/2025,10:15am,pending,passed
CE0009942,LP029404,Leukopak Donation,05/19/2025,06:15am,pending,passed
CE0009942,LP030128,Leukopak Donation,06/25/2025,06:15am,pending,passed
CE0009942,LP031479,Leukopak Donation,09/15/2025,08:35am,pending,passed
CE0009942,LP032509,Leukopak Donation,12/01/2025,06:15am,pending,passed
CE0009942,LP033226,Leukopak Donation,01/20/2026,07:00am,pending,passed
CE0009942,LP033521,Leukopak Donation,02/24/2026,07:00am,pending,passed
CE0009942,LP034548,Leukopak Donation,03/31/2026,08:00am,pending,passed
CE0009942,LP035529,Leukopak Donation,05/05/2026,07:30am,pending,passed
CE0009942,LP036034,Leukopak Donation,06/09/2026,11:00am,pending,passed
CE0009942,LP036338,Leukopak Donation,07/16/2026,06:15am,pending,passed
CE0009942,LP036612,Leukopak Donation,08/20/2026,06:30am,pending,pending
CE0009958,LP027519,Leukopak Donation,01/28/2025,11:00am,cancelled,cancelled by canventa
CE0009958,LP027973,Leukopak Donation,03/06/2025,06:15am,pending,passed
CE0009958,LP028613,Leukopak Donation,04/14/2025,06:15am,pending,passed
CE0009958,LP029120,Leukopak Donation,05/19/2025,06:15am,pending,passed
CE0009958,LP029817,Leukopak Donation,06/24/2025,06:15am,pending,passed
CE0009958,LP030311,Leukopak Donation,07/29/2025,06:15am,pending,passed
CE0009958,LP030933,Leukopak Donation,09/09/2025,06:15am,pending,passed
CE0009958,LP031989,Leukopak Donation,11/04/2025,06:15am,pending,passed
CE0009958,LP032435,Leukopak Donation,12/09/2025,06:15am,pending,passed
CE0009958,LP033086,Leukopak Donation,01/15/2026,06:15am,pending,passed
CE0009958,LP033806,Leukopak Donation,02/25/2026,06:15am,pending,passed
CE0009958,LP034583,Leukopak Donation,04/01/2026,06:15am,pending,passed
CE0009958,LP035384,Leukopak Donation,05/12/2026,06:15am,pending,passed
CE0009958,LP035663,Leukopak Donation,06/16/2026,06:15am,pending,passed
CE0009958,LP036349,Leukopak Donation,07/21/2026,06:15am,pending,passed
CE0009991,LP027715,Leukopak Donation,01/30/2025,06:15am,pending,passed
CE0009991,LP030414,Leukopak Donation,07/28/2025,08:00am,pending,passed
CE0009991,LP033608,Leukopak Donation,02/02/2026,10:30am,pending,passed
CE0009991,LP034856,Leukopak Donation,04/01/2026,08:00am,pending,passed
CE0009991,LP035503,Leukopak Donation,05/14/2026,06:15am,pending,passed
CE0009991,LP036393,Leukopak Donation,07/07/2026,10:45am,pending,passed
CE0009991,LP036608,Leukopak Donation,08/24/2026,06:30am,pending,pending
CE0009992,LP027805,Leukopak Donation,02/27/2025,06:15am,pending,passed
CE0009992,LP028659,Leukopak Donation,04/08/2025,06:15am,pending,passed
CE0009992,LP030821,Leukopak Donation,08/26/2025,06:15am,pending,passed
CE0009992,LP033441,Leukopak Donation,01/22/2026,11:00am,pending,passed
CE0009992,LP034231,Leukopak Donation,03/09/2026,10:15am,pending,passed
CE0009992,LP035082,Leukopak Donation,04/21/2026,07:30am,pending,passed
CE0010015,LP027622,Leukopak Donation,02/10/2025,06:15am,no show,no show
CE0010015,LP030078,Leukopak Donation,07/07/2025,06:15am,pending,passed
CE0010020,LP027582,Leukopak Donation,01/22/2025,08:00am,pending,passed
CE0010031,LP028179,Leukopak Donation,03/04/2025,06:15am,cancelled,cancelled by donor
CE0010031,LP028674,Leukopak Donation,04/09/2025,06:00am,cancelled,cancelled by donor
CE0010034,LP030585,Leukopak Donation,08/12/2025,11:00am,pending,passed
CE0010034,LP032600,Leukopak Donation,12/23/2025,07:00am,pending,passed
CE0010034,LP034215,Leukopak Donation,03/10/2026,07:00am,pending,passed
CE0010034,LP035511,Leukopak Donation,05/21/2026,07:00am,pending,passed
CE0010034,LP036149,Leukopak Donation,07/02/2026,07:00am,pending,passed
CE0010039,LP027682,Leukopak Donation,02/10/2025,08:00am,pending,passed
CE0010039,LP028246,Leukopak Donation,03/17/2025,08:00am,pending,passed
CE0010039,LP034765,Leukopak Donation,04/07/2026,07:00am,cancelled,cancelled by donor
CE0010039,LP035014,Leukopak Donation,04/16/2026,07:30am,cancelled,cancelled by donor
CE0010041,LP033002,Leukopak Donation,12/15/2025,06:30am,no show,no show
CE0010041,LP033636,Leukopak Donation,02/03/2026,10:15am,pending,passed
CE0010041,LP034516,Leukopak Donation,03/17/2026,11:00am,pending,passed
CE0010041,LP034838,Leukopak Donation,04/21/2026,10:30am,cancelled,cancelled by canventa
CE0010041,LP035458,Leukopak Donation,05/18/2026,08:00am,pending,passed
CE0010041,LP035870,Leukopak Donation,06/22/2026,11:00am,pending,failed
CE0010048,LP032565,Leukopak Donation,12/11/2025,06:30am,cancelled,cancelled by donor
CE0010048,LP033134,Leukopak Donation,01/08/2026,11:00am,pending,passed
CE0010048,LP033583,Leukopak Donation,02/12/2026,11:00am,pending,passed
CE0010048,LP034837,Leukopak Donation,04/20/2026,06:15am,pending,passed
CE0010048,LP036501,Leukopak Donation,07/29/2026,08:00am,pending,pending
CE0010050,LP036202,Leukopak Donation,07/06/2026,06:15am,pending,passed
CE0010055,LP027301,Leukopak Donation,01/13/2025,06:15am,no show,no show
CE0010055,LP031803,Leukopak Donation,10/21/2025,08:00am,pending,passed
CE0010055,LP032215,Leukopak Donation,11/25/2025,06:15am,pending,passed
CE0010055,LP034424,Leukopak Donation,03/16/2026,06:15am,cancelled,cancelled by donor
CE0010067,LP029906,Leukopak Donation,06/10/2025,07:30am,pending,passed
CE0010083,LP030417,Leukopak Donation,08/01/2025,06:15am,pending,passed
CE0010102,LP027860,Leukopak Donation,02/18/2025,06:15am,pending,passed
CE0010102,LP028243,Leukopak Donation,03/25/2025,06:15am,pending,passed
CE0010102,LP030582,Leukopak Donation,08/12/2025,06:15am,pending,passed
CE0010102,LP031649,Leukopak Donation,10/08/2025,06:15am,cancelled,cancelled by donor
CE0010102,LP032616,Leukopak Donation,12/11/2025,06:15am,pending,passed
CE0010102,LP033567,Leukopak Donation,02/02/2026,06:15am,cancelled,cancelled by donor
CE0010102,LP033672,Leukopak Donation,02/03/2026,10:15am,pending,passed
CE0010102,LP034456,Leukopak Donation,03/17/2026,06:15am,pending,passed
CE0010102,LP036057,Leukopak Donation,06/25/2026,08:00am,pending,passed
CE0010102,LP036654,Leukopak Donation,08/03/2026,10:30am,cancelled,cancelled by donor
CE0010102,LP036661,Leukopak Donation,08/10/2026,06:15am,pending,pending
CE0010104,LP027287,Leukopak Donation,01/16/2025,08:00am,pending,passed
CE0010104,LP027880,Leukopak Donation,02/25/2025,06:15am,pending,passed
CE0010104,LP028443,Leukopak Donation,04/01/2025,06:15am,pending,passed
CE0010104,LP029103,Leukopak Donation,05/07/2025,06:15am,pending,passed
CE0010104,LP029995,Leukopak Donation,06/30/2025,06:30am,pending,passed
CE0010104,LP030359,Leukopak Donation,08/04/2025,06:15am,pending,passed
CE0010109,LP027554,Leukopak Donation,01/29/2025,11:00am,pending,passed
CE0010109,LP028529,Leukopak Donation,03/26/2025,06:30am,pending,passed
CE0010109,LP029110,Leukopak Donation,05/12/2025,06:15am,pending,passed
CE0010109,LP029921,Leukopak Donation,07/01/2025,06:15am,pending,passed
CE0010109,LP030722,Leukopak Donation,08/13/2025,11:00am,pending,passed
CE0010109,LP031409,Leukopak Donation,09/24/2025,11:00am,pending,passed
CE0010109,LP032143,Leukopak Donation,11/06/2025,06:15am,pending,passed
CE0010109,LP032767,Leukopak Donation,12/16/2025,06:15am,pending,passed
CE0010109,LP033652,Leukopak Donation,01/29/2026,07:00am,pending,passed
CE0010109,LP034234,Leukopak Donation,03/09/2026,11:00am,pending,passed
CE0010109,LP035061,Leukopak Donation,04/15/2026,06:15am,pending,passed
CE0010109,LP035645,Leukopak Donation,05/26/2026,06:15am,pending,passed
CE0010109,LP036005,Leukopak Donation,06/30/2026,06:15am,pending,passed
CE0010113,LP027183,Leukopak Donation,01/07/2025,06:15am,pending,passed
CE0010113,LP027593,Leukopak Donation,02/11/2025,06:15am,pending,passed
CE0010113,LP028785,Leukopak Donation,04/23/2025,08:00am,cancelled,cancelled by donor
CE0010113,LP029714,Leukopak Donation,06/24/2025,06:15am,pending,passed
CE0010113,LP031151,Leukopak Donation,09/16/2025,07:00am,pending,passed
CE0010113,LP031847,Leukopak Donation,10/23/2025,06:15am,pending,passed
CE0010113,LP034133,Leukopak Donation,03/11/2026,06:15am,pending,passed
CE0010113,LP035552,Leukopak Donation,06/09/2026,06:15am,pending,passed
CE0010113,LP036261,Leukopak Donation,07/14/2026,06:15am,pending,passed
CE0010119,LP031338,Leukopak Donation,09/08/2025,07:30am,pending,passed
CE0010126,LP032051,Leukopak Donation,11/10/2025,08:00am,pending,passed
CE0010126,LP033489,Leukopak Donation,02/03/2026,08:00am,pending,passed
CE0010126,LP034679,Leukopak Donation,04/20/2026,10:30am,pending,passed
CE0010126,LP035409,Leukopak Donation,05/26/2026,08:00am,pending,passed
CE0010126,LP035904,Leukopak Donation,06/30/2026,06:30am,pending,passed
CE0010126,LP036648,Leukopak Donation,08/10/2026,08:00am,pending,pending
CE0010127,LP028149,Leukopak Donation,03/24/2025,08:00am,pending,passed
CE0010127,LP033843,Leukopak Donation,02/10/2026,07:00am,pending,passed
CE0010129,LP028151,Leukopak Donation,03/24/2025,08:00am,pending,passed
CE0010134,LP027368,Leukopak Donation,01/14/2025,08:00am,pending,passed
CE0010134,LP028219,Leukopak Donation,03/24/2025,06:15am,pending,passed
CE0010134,LP029082,Leukopak Donation,05/01/2025,10:30am,pending,passed
CE0010134,LP029909,Leukopak Donation,07/10/2025,06:15am,pending,passed
CE0010134,LP030459,Leukopak Donation,08/18/2025,06:15am,pending,passed
CE0010134,LP033363,Leukopak Donation,01/30/2026,06:15am,pending,passed
CE0010134,LP034206,Leukopak Donation,03/27/2026,06:15am,pending,passed
CE0010143,LP027625,Leukopak Donation,02/04/2025,06:15am,pending,passed
CE0010143,LP028811,Leukopak Donation,04/21/2025,06:30am,pending,passed
CE0010158,LP028310,Leukopak Donation,03/19/2025,06:15am,pending,passed
CE0010158,LP031105,Leukopak Donation,09/16/2025,08:00am,pending,passed
CE0010159,LP028312,Leukopak Donation,03/19/2025,06:15am,pending,passed
CE0010159,LP029770,Leukopak Donation,06/18/2025,08:00am,pending,passed
CE0010159,LP031103,Leukopak Donation,09/16/2025,08:00am,pending,passed
CE0010159,LP031876,Leukopak Donation,10/28/2025,11:00am,pending,passed
CE0010159,LP034909,Leukopak Donation,04/24/2026,06:15am,pending,passed
CE0010159,LP036007,Leukopak Donation,06/30/2026,07:00am,pending,passed
CE0010163,LP027439,Leukopak Donation,01/28/2025,06:15am,cancelled,cancelled by donor
CE0010163,LP028229,Leukopak Donation,03/05/2025,08:00am,pending,passed
CE0010163,LP029989,Leukopak Donation,07/10/2025,06:15am,pending,passed
CE0010164,LP028542,Leukopak Donation,04/07/2025,06:30am,pending,passed
CE0010164,LP029066,Leukopak Donation,05/12/2025,06:30am,pending,passed
CE0010164,LP029715,Leukopak Donation,06/16/2025,06:15am,pending,passed
CE0010164,LP030289,Leukopak Donation,07/28/2025,06:15am,cancelled,cancelled by donor
CE0010164,LP031791,Leukopak Donation,10/21/2025,06:15am,pending,passed
CE0010164,LP032859,Leukopak Donation,12/23/2025,10:15am,pending,passed
CE0010164,LP033637,Leukopak Donation,02/03/2026,06:15am,pending,passed
CE0010164,LP034147,Leukopak Donation,03/10/2026,06:15am,pending,passed
CE0010164,LP034790,Leukopak Donation,04/14/2026,06:15am,pending,passed
CE0010164,LP035248,Leukopak Donation,05/19/2026,06:15am,cancelled,cancelled by donor
CE0010164,LP036200,Leukopak Donation,07/08/2026,06:15am,pending,passed
CE0010166,LP027510,Leukopak Donation,01/28/2025,10:15am,cancelled,cancelled by canventa
CE0010166,LP027834,Leukopak Donation,02/24/2025,10:15am,pending,passed
CE0010166,LP028627,Leukopak Donation,03/31/2025,11:00am,cancelled,cancelled by donor
CE0010166,LP029263,Leukopak Donation,05/28/2025,10:30am,cancelled,cancelled by donor
CE0010181,LP028901,Leukopak Donation,04/15/2025,07:45am,pending,passed
CE0010181,LP029907,Leukopak Donation,07/03/2025,06:15am,pending,passed
CE0010181,LP031098,Leukopak Donation,09/24/2025,08:00am,pending,passed
CE0010181,LP032506,Leukopak Donation,12/05/2025,06:15am,cancelled,cancelled by canventa
CE0010181,LP033616,Leukopak Donation,02/12/2026,11:00am,pending,passed
CE0010181,LP034890,Leukopak Donation,04/29/2026,07:30am,pending,passed
CE0010181,LP036087,Leukopak Donation,06/24/2026,08:00am,pending,passed
CE0010187,LP028061,Leukopak Donation,02/25/2025,10:15am,cancelled,cancelled by donor
CE0010189,LP027884,Leukopak Donation,02/25/2025,10:15am,cancelled,cancelled by donor
CE0010189,LP028066,Leukopak Donation,03/06/2025,11:00am,pending,failed
CE0010193,LP027807,Leukopak Donation,02/19/2025,08:00am,pending,passed
CE0010193,LP029260,Leukopak Donation,05/06/2025,06:15am,pending,passed
CE0010193,LP030642,Leukopak Donation,08/19/2025,06:15am,pending,passed
CE0010193,LP031552,Leukopak Donation,10/20/2025,06:15am,cancelled,cancelled by donor
CE0010193,LP033448,Leukopak Donation,02/02/2026,06:15am,pending,passed
CE0010193,LP034709,Leukopak Donation,04/14/2026,06:30am,pending,passed
CE0010199,LP027848,Leukopak Donation,02/24/2025,11:00am,pending,passed
CE0010199,LP028548,Leukopak Donation,03/31/2025,06:15am,cancelled,cancelled by donor
CE0010203,LP028770,Leukopak Donation,04/30/2025,06:15am,pending,passed
CE0010203,LP030314,Leukopak Donation,07/24/2025,08:00am,pending,passed
CE0010203,LP031556,Leukopak Donation,10/07/2025,06:15am,pending,passed
CE0010203,LP032386,Leukopak Donation,11/25/2025,07:00am,no show,no show
CE0010203,LP033169,Leukopak Donation,01/27/2026,07:00am,pending,passed
CE0010203,LP034192,Leukopak Donation,03/03/2026,08:00am,pending,passed
CE0010203,LP035146,Leukopak Donation,04/28/2026,08:00am,pending,passed
CE0010203,LP035950,Leukopak Donation,06/16/2026,06:15am,pending,passed
CE0010216,LP028199,Leukopak Donation,03/03/2025,06:15am,pending,passed
CE0010233,LP028089,Leukopak Donation,03/03/2025,11:00am,pending,passed
CE0010233,LP028588,Leukopak Donation,04/14/2025,06:15am,pending,passed
CE0010233,LP029902,Leukopak Donation,07/01/2025,06:15am,cancelled,cancelled by donor
CE0010233,LP030572,Leukopak Donation,08/11/2025,06:15am,cancelled,cancelled by donor
CE0010233,LP031128,Leukopak Donation,09/10/2025,06:15am,pending,passed
CE0010233,LP033716,Leukopak Donation,02/11/2026,07:00am,pending,passed
CE0010233,LP034714,Leukopak Donation,04/01/2026,10:30am,cancelled,cancelled by donor
CE0010243,LP027153,Leukopak Donation,01/06/2025,06:15am,pending,passed
CE0010243,LP027908,Leukopak Donation,02/25/2025,10:30am,pending,passed
CE0010243,LP028522,Leukopak Donation,04/01/2025,08:00am,pending,passed
CE0010243,LP029079,Leukopak Donation,05/06/2025,11:00am,pending,passed
CE0010243,LP029543,Leukopak Donation,06/10/2025,06:15am,pending,passed
CE0010243,LP030296,Leukopak Donation,07/21/2025,06:15am,pending,passed
CE0010243,LP031045,Leukopak Donation,09/02/2025,10:30am,no show,no show
CE0010243,LP031822,Leukopak Donation,10/30/2025,06:15am,pending,passed
CE0010243,LP032437,Leukopak Donation,12/04/2025,06:15am,pending,passed
CE0010243,LP034672,Leukopak Donation,04/01/2026,07:30am,pending,passed
CE0010243,LP035245,Leukopak Donation,05/12/2026,06:15am,pending,passed
CE0010243,LP035880,Leukopak Donation,06/17/2026,06:15am,pending,passed
CE0010243,LP036449,Leukopak Donation,07/30/2026,06:15am,pending,pending
CE0010244,LP027372,Leukopak Donation,01/16/2025,08:00am,pending,passed
CE0010244,LP028054,Leukopak Donation,02/20/2025,07:30am,pending,passed
CE0010244,LP028122,Leukopak Donation,03/27/2025,08:00am,pending,passed
CE0010244,LP029882,Leukopak Donation,06/18/2025,10:45am,pending,passed
CE0010244,LP030208,Leukopak Donation,07/23/2025,08:00am,pending,passed
CE0010244,LP030921,Leukopak Donation,08/27/2025,10:45am,pending,passed
CE0010244,LP031626,Leukopak Donation,10/06/2025,07:00am,pending,passed
CE0010244,LP032131,Leukopak Donation,11/10/2025,08:00am,pending,passed
CE0010244,LP032687,Leukopak Donation,12/15/2025,07:00am,pending,passed
CE0010244,LP033207,Leukopak Donation,01/21/2026,11:00am,pending,failed
CE0010253,LP027518,Leukopak Donation,02/04/2025,08:00am,pending,failed
CE0010253,LP028458,Leukopak Donation,04/08/2025,08:00am,pending,passed
CE0010253,LP029489,Leukopak Donation,06/03/2025,08:00am,pending,passed
CE0010253,LP030319,Leukopak Donation,08/05/2025,08:00am,pending,passed
CE0010253,LP031580,Leukopak Donation,10/02/2025,07:00am,pending,passed
CE0010261,LP029585,Leukopak Donation,06/03/2025,06:15am,pending,passed
CE0010261,LP031792,Leukopak Donation,10/08/2025,06:15am,pending,passed
CE0010261,LP032613,Leukopak Donation,12/22/2025,10:15am,pending,passed
CE0010261,LP034184,Leukopak Donation,03/04/2026,10:30am,pending,passed
CE0010261,LP035374,Leukopak Donation,05/20/2026,09:00am,pending,passed
CE0010261,LP035949,Leukopak Donation,06/24/2026,10:30am,cancelled,cancelled by donor
CE0010261,LP036618,Leukopak Donation,08/06/2026,10:15am,pending,pending
CE0010265,LP028799,Leukopak Donation,04/23/2025,08:00am,pending,passed
CE0010265,LP029371,Leukopak Donation,06/04/2025,08:00am,cancelled,cancelled by donor
CE0010265,LP030239,Leukopak Donation,07/17/2025,06:15am,pending,passed
CE0010265,LP031148,Leukopak Donation,09/17/2025,06:15am,pending,passed
CE0010265,LP031961,Leukopak Donation,11/03/2025,06:30am,pending,passed
CE0010265,LP032462,Leukopak Donation,12/08/2025,06:15am,pending,passed
CE0010268,LP028885,Leukopak Donation,04/22/2025,11:00am,pending,passed
CE0010268,LP029873,Leukopak Donation,06/09/2025,07:30am,pending,passed
CE0010268,LP030956,Leukopak Donation,09/03/2025,06:15am,cancelled,cancelled by donor
CE0010268,LP032237,Leukopak Donation,11/07/2025,07:00am,pending,passed
CE0010268,LP033698,Leukopak Donation,02/03/2026,06:30am,pending,passed
CE0010268,LP034187,Leukopak Donation,03/10/2026,10:30am,no show,no show
CE0010268,LP034735,Leukopak Donation,03/25/2026,10:30am,pending,passed
CE0010268,LP035155,Leukopak Donation,05/05/2026,08:00am,pending,passed
CE0010268,LP035877,Leukopak Donation,06/16/2026,08:00am,pending,passed
CE0010268,LP036345,Leukopak Donation,07/21/2026,06:15am,pending,passed
CE0010279,LP036362,Leukopak Donation,07/21/2026,06:15am,pending,passed
CE0010288,LP027208,Leukopak Donation,01/08/2025,06:15am,cancelled,cancelled by donor
CE0010288,LP027858,Leukopak Donation,02/18/2025,06:15am,pending,passed
CE0010288,LP028551,Leukopak Donation,04/01/2025,08:00am,pending,passed
CE0010288,LP029217,Leukopak Donation,05/20/2025,06:30am,pending,passed
CE0010288,LP029217,Leukopak Donation,05/20/2025,06:30am,pending,passed
CE0010288,LP030710,Leukopak Donation,08/19/2025,08:00am,pending,passed
CE0010296,LP027936,Leukopak Donation,02/06/2025,07:30am,cancelled,cancelled by donor
CE0010296,LP027954,Leukopak Donation,02/11/2025,11:00am,pending,passed
CE0010298,LP032790,Leukopak Donation,12/15/2025,06:15am,pending,passed
CE0010298,LP036471,Leukopak Donation,07/20/2026,06:45am,pending,no show
CE0010301,LP028225,Leukopak Donation,03/10/2025,11:00am,pending,passed
CE0010301,LP028802,Leukopak Donation,04/15/2025,10:45am,pending,passed
CE0010301,LP029848,Leukopak Donation,06/16/2025,11:00am,pending,passed
CE0010301,LP031266,Leukopak Donation,09/16/2025,11:00am,pending,passed
CE0010301,LP032364,Leukopak Donation,11/24/2025,06:15am,pending,passed
CE0010332,LP029541,Leukopak Donation,06/05/2025,06:15am,pending,passed
CE0010332,LP030002,Leukopak Donation,07/10/2025,06:15am,pending,passed
CE0010332,LP030796,Leukopak Donation,08/26/2025,06:15am,cancelled,cancelled by donor
CE0010332,LP031276,Leukopak Donation,09/11/2025,10:30am,pending,passed
CE0010332,LP032340,Leukopak Donation,11/21/2025,07:00am,pending,passed
CE0010345,LP027549,Leukopak Donation,01/30/2025,10:30am,pending,failed
CE0010357,LP033078,Leukopak Donation,01/12/2026,06:15am,pending,passed
CE0010357,LP036447,Leukopak Donation,07/29/2026,10:45am,pending,pending
CE0010372,LP027505,Leukopak Donation,01/30/2025,06:15am,cancelled,cancelled by donor
CE0010372,LP028723,Leukopak Donation,04/17/2025,11:00am,pending,passed
CE0010372,LP029670,Leukopak Donation,05/29/2025,06:15am,pending,passed
CE0010372,LP030076,Leukopak Donation,07/07/2025,06:30am,pending,passed
CE0010372,LP031418,Leukopak Donation,09/30/2025,08:00am,pending,passed
CE0010372,LP032793,Leukopak Donation,12/15/2025,06:15am,pending,passed
CE0010373,LP028421,Leukopak Donation,03/25/2025,06:15am,pending,passed
CE0010373,LP033994,Leukopak Donation,02/11/2026,07:30am,pending,passed
CE0010373,LP034248,Leukopak Donation,03/18/2026,06:15am,pending,passed
CE0010373,LP035070,Leukopak Donation,04/22/2026,06:15am,pending,passed
CE0010376,LP027677,Leukopak Donation,02/06/2025,06:15am,no show,no show
CE0010381,LP029718,Leukopak Donation,06/11/2025,07:00am,pending,failed
CE0010394,LP027892,Leukopak Donation,02/03/2025,08:00am,pending,passed
CE0010394,LP028035,Leukopak Donation,03/13/2025,06:15am,pending,passed
CE0010394,LP028643,Leukopak Donation,04/17/2025,06:15am,pending,passed
CE0010394,LP029192,Leukopak Donation,05/22/2025,06:15am,pending,passed
CE0010395,LP028290,Leukopak Donation,03/17/2025,06:15am,pending,passed
CE0010395,LP028876,Leukopak Donation,04/21/2025,11:00am,pending,passed
CE0010395,LP029311,Leukopak Donation,06/02/2025,06:30am,pending,passed
CE0010423,LP030192,Leukopak Donation,07/24/2025,11:00am,cancelled,cancelled by donor
CE0010423,LP032286,Leukopak Donation,11/13/2025,08:00am,pending,passed
CE0010426,LP028851,Leukopak Donation,04/16/2025,10:30am,pending,passed
CE0010426,LP030141,Leukopak Donation,07/09/2025,08:00am,no show,no show
CE0010426,LP030625,Leukopak Donation,08/12/2025,08:00am,pending,passed
CE0010426,LP032334,Leukopak Donation,11/18/2025,07:00am,no show,no show
CE0010426,LP034459,Leukopak Donation,03/12/2026,10:15am,pending,passed
CE0010426,LP036177,Leukopak Donation,06/18/2026,10:45am,pending,passed
CE0010435,LP027416,Leukopak Donation,01/14/2025,08:00am,pending,passed
CE0010435,LP028485,Leukopak Donation,03/25/2025,08:00am,pending,passed
CE0010449,LP027522,Leukopak Donation,01/29/2025,06:15am,pending,passed
CE0010449,LP028392,Leukopak Donation,03/13/2025,08:00am,pending,passed
CE0010449,LP029189,Leukopak Donation,05/13/2025,08:00am,pending,passed
CE0010449,LP030210,Leukopak Donation,07/28/2025,06:30am,pending,passed
CE0010449,LP031290,Leukopak Donation,09/22/2025,06:15am,pending,failed
CE0010449,LP032615,Leukopak Donation,12/09/2025,06:15am,pending,passed
CE0010449,LP033606,Leukopak Donation,02/02/2026,06:15am,pending,passed
CE0010449,LP034433,Leukopak Donation,03/18/2026,06:30am,pending,passed
CE0010449,LP035153,Leukopak Donation,04/24/2026,06:15am,pending,passed
CE0010449,LP035619,Leukopak Donation,06/01/2026,06:15am,pending,passed
CE0010449,LP036256,Leukopak Donation,07/07/2026,07:30am,no show,no show
CE0010449,LP036468,Leukopak Donation,07/13/2026,07:30am,pending,failed
CE0010451,LP028615,Leukopak Donation,04/28/2025,06:15am,pending,passed
CE0010451,LP031122,Leukopak Donation,09/10/2025,08:00am,pending,passed
CE0010451,LP033059,Leukopak Donation,01/16/2026,06:15am,pending,passed
CE0010452,LP032231,Leukopak Donation,11/20/2025,10:30am,cancelled,cancelled by donor
CE0010452,LP034705,Leukopak Donation,03/24/2026,10:30am,pending,passed
CE0010452,LP036385,Leukopak Donation,07/31/2026,08:00am,pending,pending
CE0010458,LP032627,Leukopak Donation,11/20/2025,10:30am,pending,passed
CE0010463,LP028948,Leukopak Donation,04/22/2025,06:15am,pending,passed
CE0010463,LP031774,Leukopak Donation,10/14/2025,10:15am,pending,passed
CE0010463,LP034428,Leukopak Donation,03/19/2026,06:15am,pending,passed
CE0010480,LP032365,Leukopak Donation,11/26/2025,07:00am,pending,passed
CE0010480,LP033572,Leukopak Donation,02/10/2026,08:00am,pending,passed
CE0010480,LP034819,Leukopak Donation,04/23/2026,10:30am,pending,passed
CE0010480,LP036302,Leukopak Donation,07/09/2026,08:00am,pending,passed
CE0010491,LP027473,Leukopak Donation,01/28/2025,10:30am,cancelled,cancelled by canventa
CE0010491,LP027776,Leukopak Donation,02/12/2025,06:00am,pending,passed
CE0010491,LP029632,Leukopak Donation,06/18/2025,06:15am,pending,passed
CE0010491,LP030679,Leukopak Donation,08/27/2025,06:15am,pending,passed
CE0010491,LP032104,Leukopak Donation,11/05/2025,06:15am,pending,passed
CE0010491,LP032990,Leukopak Donation,01/14/2026,06:15am,pending,passed
CE0010493,LP027673,Leukopak Donation,02/06/2025,06:15am,pending,passed
CE0010493,LP028391,Leukopak Donation,03/18/2025,10:30am,pending,passed
CE0010493,LP029006,Leukopak Donation,04/29/2025,10:30am,pending,passed
CE0010493,LP029663,Leukopak Donation,06/03/2025,06:15am,pending,passed
CE0010493,LP030495,Leukopak Donation,07/22/2025,08:00am,pending,passed
CE0010493,LP031531,Leukopak Donation,10/01/2025,06:15am,pending,passed
CE0010493,LP031998,Leukopak Donation,10/29/2025,06:30am,cancelled,cancelled by canventa
CE0010493,LP032192,Leukopak Donation,11/06/2025,08:00am,pending,passed
CE0010493,LP032817,Leukopak Donation,12/23/2025,06:15am,pending,passed
CE0010493,LP034002,Leukopak Donation,02/17/2026,06:15am,pending,passed
CE0010493,LP034618,Leukopak Donation,03/27/2026,07:00am,pending,passed
CE0010493,LP035407,Leukopak Donation,05/07/2026,08:00am,pending,passed
CE0010493,LP035717,Leukopak Donation,06/15/2026,07:30am,pending,passed
CE0010493,LP036673,Leukopak Donation,08/13/2026,06:15am,pending,pending
CE0010497,LP027431,Leukopak Donation,01/08/2025,06:15am,pending,passed
CE0010504,LP028032,Leukopak Donation,03/03/2025,10:30am,cancelled,cancelled by donor
CE0010504,LP028549,Leukopak Donation,03/26/2025,07:00am,pending,failed
CE0010504,LP035644,Leukopak Donation,06/01/2026,08:00am,pending,passed
CE0010518,LP027871,Leukopak Donation,02/05/2025,06:15am,pending,passed
CE0010518,LP028653,Leukopak Donation,04/03/2025,08:00am,pending,passed
CE0010518,LP029128,Leukopak Donation,05/08/2025,10:30am,pending,passed
CE0010518,LP030403,Leukopak Donation,07/30/2025,06:15am,pending,passed
CE0010518,LP030952,Leukopak Donation,09/03/2025,06:30am,pending,passed
CE0010518,LP031788,Leukopak Donation,10/08/2025,08:00am,pending,passed
CE0010518,LP033250,Leukopak Donation,01/27/2026,06:15am,pending,passed
CE0010518,LP033943,Leukopak Donation,03/03/2026,08:00am,pending,passed
CE0010518,LP034869,Leukopak Donation,04/08/2026,07:15am,pending,passed
CE0010518,LP035795,Leukopak Donation,06/04/2026,07:30am,pending,passed
CE0010518,LP036378,Leukopak Donation,07/21/2026,06:15am,cancelled,cancelled by donor
CE0010527,LP035456,Leukopak Donation,05/12/2026,07:00am,pending,passed
CE0010549,LP027662,Leukopak Donation,02/05/2025,10:15am,pending,passed
CE0010549,LP028338,Leukopak Donation,03/12/2025,06:30am,pending,passed
CE0010549,LP028452,Leukopak Donation,04/16/2025,06:30am,pending,passed
CE0010549,LP029262,Leukopak Donation,05/21/2025,08:00am,pending,passed
CE0010549,LP029609,Leukopak Donation,06/25/2025,06:15am,pending,passed
CE0010549,LP030748,Leukopak Donation,08/25/2025,06:30am,pending,passed
CE0010549,LP032330,Leukopak Donation,11/18/2025,06:15am,no show,no show
CE0010549,LP033575,Leukopak Donation,02/02/2026,08:00am,pending,failed
CE0010551,LP028161,Leukopak Donation,03/05/2025,10:30am,pending,passed
CE0010551,LP029035,Leukopak Donation,04/24/2025,06:15am,cancelled,cancelled by donor
CE0010551,LP029137,Leukopak Donation,05/07/2025,10:30am,cancelled,cancelled by canventa
CE0010551,LP029462,Leukopak Donation,05/19/2025,10:30am,pending,passed
CE0010551,LP030573,Leukopak Donation,08/11/2025,11:00am,pending,passed
CE0010551,LP031997,Leukopak Donation,11/05/2025,08:00am,cancelled,cancelled by donor
CE0010551,LP032626,Leukopak Donation,12/11/2025,08:00am,pending,passed
CE0010551,LP033387,Leukopak Donation,01/28/2026,11:00am,pending,passed
CE0010551,LP034613,Leukopak Donation,03/27/2026,07:30am,pending,passed
CE0010551,LP035857,Leukopak Donation,06/18/2026,10:45am,cancelled,cancelled by donor
CE0010552,LP029952,Leukopak Donation,07/01/2025,06:45am,pending,passed
CE0010552,LP031108,Leukopak Donation,09/10/2025,08:00am,pending,passed
CE0010552,LP032256,Leukopak Donation,11/19/2025,08:00am,pending,passed
CE0010552,LP033690,Leukopak Donation,02/10/2026,10:15am,pending,passed
CE0010552,LP034744,Leukopak Donation,04/27/2026,08:00am,pending,passed
CE0010552,LP035803,Leukopak Donation,06/08/2026,10:30am,pending,passed
CE0010552,LP036330,Leukopak Donation,07/15/2026,07:30am,no show,no show
CE0010557,LP027243,Leukopak Donation,01/13/2025,11:00am,pending,passed
CE0010557,LP028019,Leukopak Donation,02/26/2025,11:00am,pending,passed
CE0010557,LP028552,Leukopak Donation,04/02/2025,11:00am,pending,passed
CE0010557,LP029097,Leukopak Donation,05/07/2025,11:00am,cancelled,cancelled by canventa
CE0010557,LP029891,Leukopak Donation,07/01/2025,11:00am,pending,passed
CE0010557,LP030705,Leukopak Donation,08/19/2025,08:00am,pending,passed
CE0010557,LP031158,Leukopak Donation,09/23/2025,11:00am,pending,passed
CE0010557,LP032074,Leukopak Donation,10/28/2025,11:00am,pending,passed
CE0010557,LP033971,Leukopak Donation,02/18/2026,10:30am,pending,passed
CE0010565,LP027438,Leukopak Donation,01/27/2025,11:00am,cancelled,passed
CE0010565,LP027438,Leukopak Donation,01/27/2025,11:00am,pending,passed
CE0010565,LP028309,Leukopak Donation,03/11/2025,08:00am,pending,passed
CE0010565,LP028702,Leukopak Donation,04/21/2025,08:00am,pending,passed
CE0010565,LP029763,Leukopak Donation,06/30/2025,08:00am,pending,passed
CE0010565,LP030794,Leukopak Donation,08/04/2025,07:30am,pending,passed
CE0010565,LP030947,Leukopak Donation,09/08/2025,08:00am,pending,failed
CE0010566,LP030154,Leukopak Donation,07/15/2025,06:15am,pending,passed
CE0010569,LP035080,Leukopak Donation,04/22/2026,07:30am,pending,passed
CE0010569,LP036128,Leukopak Donation,06/25/2026,07:00am,pending,passed
CE0010584,LP027426,Leukopak Donation,01/22/2025,06:15am,pending,passed
CE0010584,LP028092,Leukopak Donation,03/31/2025,06:15am,pending,passed
CE0010584,LP029538,Leukopak Donation,06/04/2025,06:15am,pending,passed
CE0010584,LP031670,Leukopak Donation,10/08/2025,06:15am,pending,passed
CE0010584,LP033721,Leukopak Donation,02/04/2026,06:15am,pending,passed
CE0010584,LP034747,Leukopak Donation,04/13/2026,06:15am,pending,passed
CE0010584,LP035726,Leukopak Donation,06/01/2026,06:30am,pending,failed
CE0010584,LP035964,Leukopak Donation,06/22/2026,06:15am,pending,passed
CE0010587,LP027840,Leukopak Donation,02/26/2025,06:15am,cancelled,cancelled by donor
CE0010606,LP027529,Leukopak Donation,01/29/2025,10:30am,pending,passed
CE0010606,LP028330,Leukopak Donation,03/13/2025,08:00am,pending,passed
CE0010606,LP029295,Leukopak Donation,05/19/2025,11:00am,pending,passed
CE0010606,LP030116,Leukopak Donation,07/14/2025,06:15am,pending,passed
CE0010606,LP030570,Leukopak Donation,08/18/2025,06:30am,pending,passed
CE0010606,LP031757,Leukopak Donation,10/07/2025,10:15am,pending,passed
CE0010606,LP032242,Leukopak Donation,11/12/2025,08:00am,pending,passed
CE0010606,LP032954,Leukopak Donation,01/05/2026,06:30am,pending,passed
CE0010606,LP033911,Leukopak Donation,02/18/2026,10:30am,pending,passed
CE0010606,LP034827,Leukopak Donation,04/02/2026,06:15am,pending,passed
CE0010606,LP035576,Leukopak Donation,05/13/2026,06:30am,pending,passed
CE0010609,LP027906,Leukopak Donation,02/19/2025,08:00am,cancelled,cancelled by donor
CE0010609,LP034807,Leukopak Donation,04/24/2026,07:30am,pending,passed
CE0010609,LP035954,Leukopak Donation,06/23/2026,07:30am,pending,passed
CE0010609,LP036429,Leukopak Donation,07/28/2026,06:30am,pending,pending
CE0010615,LP028223,Leukopak Donation,03/05/2025,06:30am,pending,passed
CE0010617,LP036366,Leukopak Donation,07/22/2026,06:15am,pending,passed
CE0010625,LP027346,Leukopak Donation,01/23/2025,06:15am,pending,passed
CE0010625,LP027753,Leukopak Donation,02/27/2025,06:15am,pending,passed
CE0010625,LP028470,Leukopak Donation,04/03/2025,06:15am,pending,passed
CE0010625,LP028944,Leukopak Donation,05/08/2025,06:15am,pending,passed
CE0010625,LP029574,Leukopak Donation,06/12/2025,06:15am,pending,passed
CE0010625,LP030630,Leukopak Donation,07/29/2025,08:00am,pending,passed
CE0010625,LP031215,Leukopak Donation,09/17/2025,06:15am,pending,passed
CE0010625,LP031881,Leukopak Donation,10/29/2025,06:15am,pending,passed
CE0010625,LP033298,Leukopak Donation,01/12/2026,07:00am,pending,passed
CE0010625,LP034527,Leukopak Donation,03/17/2026,08:00am,pending,passed
CE0010627,LP027340,Leukopak Donation,01/15/2025,06:15am,cancelled,cancelled by donor
CE0010627,LP028271,Leukopak Donation,03/11/2025,07:00am,pending,passed
CE0010627,LP028957,Leukopak Donation,05/05/2025,08:00am,pending,passed
CE0010627,LP029984,Leukopak Donation,06/16/2025,06:15am,pending,passed
CE0010627,LP030446,Leukopak Donation,08/04/2025,06:30am,pending,passed
CE0010628,LP027500,Leukopak Donation,01/29/2025,06:15am,pending,passed
CE0010628,LP028365,Leukopak Donation,03/24/2025,10:30am,cancelled,cancelled by donor
CE0010628,LP028562,Leukopak Donation,04/01/2025,11:00am,pending,passed
CE0010628,LP029435,Leukopak Donation,05/27/2025,06:15am,pending,passed
CE0010628,LP030425,Leukopak Donation,07/31/2025,06:15am,cancelled,cancelled by donor
CE0010628,LP031268,Leukopak Donation,09/24/2025,08:00am,pending,passed
CE0010628,LP032355,Leukopak Donation,11/10/2025,06:15am,pending,passed
CE0010628,LP033401,Leukopak Donation,01/22/2026,07:00am,pending,passed
CE0010628,LP036137,Leukopak Donation,07/01/2026,06:15am,pending,passed
CE0010630,LP027337,Leukopak Donation,01/21/2025,06:15am,pending,passed
CE0010630,LP027863,Leukopak Donation,02/25/2025,06:15am,pending,failed
CE0010630,LP028376,Leukopak Donation,03/18/2025,07:00am,pending,passed
CE0010630,LP028927,Leukopak Donation,04/23/2025,10:40am,pending,failed
CE0010630,LP029496,Leukopak Donation,06/03/2025,08:00am,cancelled,cancelled by donor
CE0010630,LP029879,Leukopak Donation,06/18/2025,11:00am,pending,passed
CE0010630,LP030265,Leukopak Donation,07/24/2025,06:15am,pending,passed
CE0010630,LP030769,Leukopak Donation,08/28/2025,06:15am,pending,passed
CE0010630,LP032182,Leukopak Donation,10/27/2025,11:00am,pending,failed
CE0010632,LP027221,Leukopak Donation,01/07/2025,08:00am,pending,passed
CE0010632,LP027742,Leukopak Donation,02/11/2025,08:00am,pending,passed
CE0010632,LP028258,Leukopak Donation,03/18/2025,06:15am,pending,passed
CE0010632,LP028848,Leukopak Donation,04/22/2025,06:15am,pending,passed
CE0010632,LP029461,Leukopak Donation,05/27/2025,06:15am,pending,passed
CE0010632,LP030264,Leukopak Donation,07/08/2025,06:15am,pending,passed
CE0010632,LP030916,Leukopak Donation,08/13/2025,07:30am,pending,passed
CE0010632,LP031471,Leukopak Donation,09/29/2025,11:00am,cancelled,cancelled by donor
CE0010632,LP031869,Leukopak Donation,10/28/2025,06:15am,pending,passed
CE0010632,LP034504,Leukopak Donation,03/17/2026,07:00am,pending,passed
CE0010632,LP035586,Leukopak Donation,05/12/2026,10:45am,pending,passed
CE0010632,LP036242,Leukopak Donation,06/25/2026,06:30am,pending,passed
CE0010638,LP028059,Leukopak Donation,03/04/2025,06:15am,cancelled,cancelled by donor
CE0010638,LP028294,Leukopak Donation,03/12/2025,06:15am,pending,passed
CE0010638,LP029019,Leukopak Donation,04/30/2025,11:00am,cancelled,cancelled by donor
CE0010638,LP029252,Leukopak Donation,05/14/2025,08:00am,pending,passed
CE0010638,LP029761,Leukopak Donation,06/24/2025,06:15am,pending,passed
CE0010638,LP031088,Leukopak Donation,09/04/2025,10:30am,pending,passed
CE0010638,LP031632,Leukopak Donation,10/09/2025,06:15am,pending,passed
CE0010638,LP032293,Leukopak Donation,11/13/2025,06:15am,pending,passed
CE0010638,LP032725,Leukopak Donation,12/18/2025,06:15am,pending,passed
CE0010638,LP033808,Leukopak Donation,02/10/2026,06:15am,cancelled,cancelled by donor
CE0010638,LP034309,Leukopak Donation,03/12/2026,07:00am,pending,passed
CE0010638,LP035182,Leukopak Donation,04/29/2026,10:30am,pending,passed
CE0010638,LP036092,Leukopak Donation,06/22/2026,10:45am,pending,passed
CE0010639,LP029312,Leukopak Donation,05/21/2025,08:00am,pending,passed
CE0010640,LP027421,Leukopak Donation,01/23/2025,10:15am,pending,failed
CE0010640,LP027717,Leukopak Donation,02/10/2025,10:15am,pending,passed
CE0010640,LP028259,Leukopak Donation,03/17/2025,10:30am,no show,no show
CE0010640,LP028518,Leukopak Donation,03/24/2025,11:00am,pending,passed
CE0010640,LP028823,Leukopak Donation,04/28/2025,10:30am,no show,no show
CE0010640,LP029174,Leukopak Donation,05/12/2025,08:00am,pending,passed
CE0010640,LP029759,Leukopak Donation,06/17/2025,10:45am,pending,passed
CE0010640,LP030457,Leukopak Donation,08/05/2025,06:15am,no show,no show
CE0010643,LP027527,Leukopak Donation,02/05/2025,06:15am,pending,passed
CE0010645,LP027681,Leukopak Donation,02/11/2025,06:15am,pending,passed
CE0010645,LP029269,Leukopak Donation,05/21/2025,06:15am,pending,passed
CE0010646,LP033040,Leukopak Donation,01/15/2026,10:30am,cancelled,cancelled by canventa
CE0010652,LP027339,Leukopak Donation,01/15/2025,06:15am,pending,passed
CE0010652,LP027877,Leukopak Donation,02/26/2025,10:15am,pending,passed
CE0010652,LP028527,Leukopak Donation,04/02/2025,06:15am,pending,passed
CE0010652,LP029232,Leukopak Donation,05/14/2025,06:15am,pending,passed
CE0010652,LP030035,Leukopak Donation,07/02/2025,08:00am,pending,passed
CE0010652,LP030633,Leukopak Donation,08/13/2025,07:00am,pending,passed
CE0010652,LP030965,Leukopak Donation,09/17/2025,08:00am,pending,passed
CE0010652,LP031878,Leukopak Donation,11/06/2025,07:00am,pending,passed
CE0010652,LP033032,Leukopak Donation,01/14/2026,07:00am,pending,passed
CE0010652,LP033928,Leukopak Donation,02/18/2026,07:00am,pending,passed
CE0010652,LP034418,Leukopak Donation,03/25/2026,07:00am,cancelled,cancelled by donor
CE0010652,LP035213,Leukopak Donation,05/06/2026,06:30am,cancelled,cancelled by donor
CE0010652,LP035594,Leukopak Donation,06/03/2026,06:30am,pending,passed
CE0010653,LP028297,Leukopak Donation,03/17/2025,06:15am,pending,passed
CE0010653,LP028819,Leukopak Donation,04/23/2025,06:15am,pending,passed
CE0010653,LP031848,Leukopak Donation,10/28/2025,06:15am,pending,passed
CE0010653,LP033874,Leukopak Donation,02/23/2026,06:30am,pending,passed
CE0010653,LP034631,Leukopak Donation,04/01/2026,06:30am,cancelled,cancelled by donor
CE0010658,LP027686,Leukopak Donation,02/10/2025,06:15am,pending,passed
CE0010658,LP028327,Leukopak Donation,03/18/2025,08:00am,pending,passed
CE0010658,LP029150,Leukopak Donation,04/30/2025,06:15am,pending,passed
CE0010658,LP029518,Leukopak Donation,06/04/2025,06:15am,no show,no show
CE0010658,LP030079,Leukopak Donation,07/08/2025,06:30am,no show,no show
CE0010661,LP028094,Leukopak Donation,03/03/2025,08:00am,pending,passed
CE0010661,LP028809,Leukopak Donation,04/09/2025,06:30am,pending,passed
CE0010661,LP029440,Leukopak Donation,05/21/2025,10:30am,pending,passed
CE0010661,LP030203,Leukopak Donation,07/16/2025,08:00am,pending,failed
CE0010661,LP031562,Leukopak Donation,09/29/2025,11:00am,pending,passed
CE0010661,LP032988,Leukopak Donation,01/06/2026,11:00am,pending,passed
CE0010661,LP033972,Leukopak Donation,02/24/2026,08:00am,no show,no show
CE0010661,LP034301,Leukopak Donation,03/02/2026,08:00am,pending,passed
CE0010661,LP034998,Leukopak Donation,04/07/2026,07:00am,pending,passed
CE0010661,LP035568,Leukopak Donation,05/22/2026,06:15am,pending,passed
CE0010661,LP036211,Leukopak Donation,07/06/2026,06:15am,pending,passed
CE0010662,LP027883,Leukopak Donation,02/26/2025,08:00am,pending,passed
CE0010662,LP028565,Leukopak Donation,04/02/2025,10:30am,pending,passed
CE0010662,LP029778,Leukopak Donation,06/17/2025,08:00am,pending,failed
CE0010664,LP030845,Leukopak Donation,08/06/2025,07:30am,pending,passed
CE0010669,LP030179,Leukopak Donation,07/24/2025,11:00am,pending,passed
CE0010669,LP030963,Leukopak Donation,09/02/2025,10:30am,pending,passed
CE0010669,LP036069,Leukopak Donation,06/24/2026,06:30am,pending,passed
CE0010675,LP032059,Leukopak Donation,11/12/2025,06:15am,pending,passed
CE0010676,LP027304,Leukopak Donation,01/14/2025,10:30am,pending,failed
CE0010680,LP027691,Leukopak Donation,02/13/2025,06:15am,pending,passed
CE0010680,LP029322,Leukopak Donation,05/20/2025,06:15am,pending,passed
CE0010680,LP030856,Leukopak Donation,08/25/2025,06:15am,no show,no show
CE0010680,LP031968,Leukopak Donation,10/14/2025,06:15am,pending,passed
CE0010680,LP033818,Leukopak Donation,02/26/2026,06:15am,pending,passed
CE0010680,LP035948,Leukopak Donation,06/18/2026,07:30am,pending,passed
CE0010680,LP036539,Leukopak Donation,08/04/2026,06:15am,pending,pending
CE0010692,LP027329,Leukopak Donation,01/21/2025,10:30am,cancelled,cancelled by donor
CE0010693,LP027740,Leukopak Donation,02/11/2025,06:30am,pending,passed
CE0010698,LP027667,Leukopak Donation,02/05/2025,06:15am,pending,passed
CE0010699,LP028628,Leukopak Donation,04/08/2025,06:15am,pending,passed
CE0010699,LP029026,Leukopak Donation,05/13/2025,06:15am,pending,passed
CE0010699,LP029687,Leukopak Donation,06/17/2025,06:15am,pending,passed
CE0010699,LP030129,Leukopak Donation,07/22/2025,06:15am,pending,passed
CE0010699,LP031234,Leukopak Donation,09/10/2025,06:15am,pending,passed
CE0010701,LP036424,Leukopak Donation,07/27/2026,08:00am,pending,pending
CE0010703,LP028639,Leukopak Donation,04/03/2025,10:30am,pending,passed
CE0010703,LP029529,Leukopak Donation,06/16/2025,08:00am,pending,passed
CE0010703,LP030783,Leukopak Donation,08/25/2025,11:00am,pending,passed
CE0010703,LP031996,Leukopak Donation,11/03/2025,08:00am,pending,passed
CE0010703,LP033077,Leukopak Donation,01/15/2026,10:30am,no show,no show
CE0010703,LP033863,Leukopak Donation,02/09/2026,10:30am,pending,failed
CE0010703,LP034335,Leukopak Donation,03/10/2026,10:30am,pending,passed
CE0010703,LP035281,Leukopak Donation,05/26/2026,10:15am,pending,passed
CE0010703,LP036190,Leukopak Donation,07/01/2026,08:00am,pending,passed
CE0010703,LP036663,Leukopak Donation,08/11/2026,07:30am,pending,pending
CE0010711,LP027726,Leukopak Donation,02/13/2025,10:30am,pending,passed
CE0010712,LP027198,Leukopak Donation,01/07/2025,06:15am,pending,passed
CE0010714,LP028362,Leukopak Donation,03/20/2025,11:00am,pending,passed
CE0010714,LP029864,Leukopak Donation,06/26/2025,06:15am,pending,passed
CE0010714,LP031230,Leukopak Donation,09/11/2025,06:30am,pending,passed
CE0010714,LP032263,Leukopak Donation,11/20/2025,06:15am,pending,passed
CE0010714,LP035077,Leukopak Donation,04/16/2026,06:15am,cancelled,cancelled by donor
CE0010715,LP029599,Leukopak Donation,06/12/2025,11:15am,pending,passed
CE0010715,LP032892,Leukopak Donation,12/10/2025,08:00am,cancelled,cancelled by donor
CE0010715,LP033769,Leukopak Donation,02/10/2026,10:30am,pending,passed
CE0010715,LP034551,Leukopak Donation,03/17/2026,10:30am,pending,passed
CE0010720,LP029130,Leukopak Donation,05/01/2025,06:15am,pending,passed
CE0010720,LP029917,Leukopak Donation,07/01/2025,08:00am,pending,failed
CE0010720,LP030842,Leukopak Donation,08/12/2025,10:45am,no show,no show
CE0010720,LP031341,Leukopak Donation,09/23/2025,11:00am,pending,passed
CE0010720,LP031776,Leukopak Donation,10/28/2025,07:00am,pending,passed
CE0010720,LP033470,Leukopak Donation,01/22/2026,10:15am,pending,failed
CE0010724,LP027457,Leukopak Donation,01/15/2025,06:15am,pending,passed
CE0010724,LP028098,Leukopak Donation,03/05/2025,06:15am,pending,passed
CE0010724,LP028793,Leukopak Donation,04/16/2025,08:00am,pending,passed
CE0010724,LP029408,Leukopak Donation,05/22/2025,07:00am,pending,passed
CE0010724,LP030229,Leukopak Donation,07/14/2025,08:00am,pending,passed
CE0010724,LP031468,Leukopak Donation,09/30/2025,11:00am,pending,passed
CE0010724,LP031985,Leukopak Donation,11/04/2025,06:15am,pending,passed
CE0010725,LP029885,Leukopak Donation,07/01/2025,08:00am,pending,passed
CE0010725,LP036354,Leukopak Donation,07/14/2026,07:30am,pending,passed
CE0010732,LP028116,Leukopak Donation,03/13/2025,06:15am,pending,passed
CE0010732,LP034204,Leukopak Donation,03/26/2026,06:15am,cancelled,cancelled by donor
CE0010732,LP034970,Leukopak Donation,04/13/2026,07:30am,pending,passed
CE0010732,LP035615,Leukopak Donation,05/28/2026,06:15am,pending,passed
CE0010732,LP036331,Leukopak Donation,07/20/2026,06:15am,cancelled,cancelled by donor
CE0010734,LP027397,Leukopak Donation,01/21/2025,11:00am,pending,passed
CE0010734,LP028315,Leukopak Donation,03/19/2025,08:00am,pending,passed
CE0010734,LP028888,Leukopak Donation,04/23/2025,10:30am,pending,passed
CE0010734,LP030052,Leukopak Donation,07/07/2025,08:00am,pending,passed
CE0010734,LP031365,Leukopak Donation,09/25/2025,10:30am,pending,passed
CE0010734,LP032795,Leukopak Donation,12/15/2025,06:15am,pending,passed
CE0010734,LP033772,Leukopak Donation,02/12/2026,06:15am,cancelled,cancelled by donor
CE0010734,LP034751,Leukopak Donation,04/10/2026,06:15am,pending,passed
CE0010734,LP036600,Leukopak Donation,08/20/2026,07:30am,pending,pending
CE0010737,LP027778,Leukopak Donation,02/12/2025,06:30am,pending,passed
CE0010737,LP028585,Leukopak Donation,04/02/2025,06:30am,pending,passed
CE0010737,LP029056,Leukopak Donation,05/12/2025,08:00am,pending,passed
CE0010737,LP036415,Leukopak Donation,07/27/2026,06:15am,pending,pending
CE0010740,LP027638,Leukopak Donation,01/27/2025,10:15am,pending,passed
CE0010740,LP028281,Leukopak Donation,03/17/2025,06:30am,pending,passed
CE0010740,LP028592,Leukopak Donation,04/28/2025,06:30am,cancelled,cancelled by donor
CE0010740,LP029199,Leukopak Donation,05/13/2025,08:00am,pending,passed
CE0010740,LP029758,Leukopak Donation,06/17/2025,08:00am,pending,passed
CE0010742,LP028781,Leukopak Donation,04/09/2025,06:30am,pending,passed
CE0010742,LP029803,Leukopak Donation,06/30/2025,08:00am,pending,passed
CE0010742,LP032110,Leukopak Donation,11/06/2025,08:00am,pending,passed
CE0010742,LP032865,Leukopak Donation,01/05/2026,06:15am,pending,passed
CE0010742,LP035239,Leukopak Donation,04/28/2026,06:15am,pending,passed
CE0010742,LP035998,Leukopak Donation,06/10/2026,06:30am,pending,passed
CE0010746,LP027462,Leukopak Donation,01/23/2025,06:15am,pending,passed
CE0010746,LP027802,Leukopak Donation,02/27/2025,06:15am,cancelled,cancelled by donor
CE0010746,LP028263,Leukopak Donation,03/11/2025,06:15am,pending,passed
CE0010746,LP028668,Leukopak Donation,04/16/2025,06:15am,cancelled,cancelled by donor
CE0010747,LP028893,Leukopak Donation,04/15/2025,06:15am,pending,passed
CE0010751,LP027544,Leukopak Donation,01/15/2025,07:00am,pending,passed
CE0010751,LP028100,Leukopak Donation,02/24/2025,07:35am,pending,passed
CE0010751,LP028662,Leukopak Donation,03/31/2025,07:30am,pending,passed
CE0010751,LP029447,Leukopak Donation,05/28/2025,06:15am,pending,passed
CE0010751,LP031296,Leukopak Donation,09/22/2025,08:00am,pending,passed
CE0010751,LP032198,Leukopak Donation,11/04/2025,07:00am,pending,passed
CE0010751,LP032906,Leukopak Donation,12/10/2025,08:00am,pending,passed
CE0010751,LP033612,Leukopak Donation,02/02/2026,07:00am,pending,failed
CE0010753,LP028463,Leukopak Donation,03/24/2025,10:30am,pending,passed
CE0010755,LP027525,Leukopak Donation,01/30/2025,08:00am,pending,passed
CE0010755,LP029034,Leukopak Donation,04/29/2025,06:30am,pending,passed
CE0010755,LP029421,Leukopak Donation,06/03/2025,06:15am,pending,passed
CE0010755,LP030270,Leukopak Donation,07/24/2025,06:15am,pending,passed
CE0010755,LP031123,Leukopak Donation,09/11/2025,06:15am,pending,passed
CE0010755,LP031789,Leukopak Donation,10/20/2025,06:15am,pending,passed
CE0010755,LP033174,Leukopak Donation,01/08/2026,06:15am,pending,passed
CE0010755,LP033468,Leukopak Donation,02/12/2026,07:00am,pending,passed
CE0010755,LP034712,Leukopak Donation,04/01/2026,08:00am,pending,passed
CE0010755,LP036076,Leukopak Donation,06/30/2026,06:15am,pending,passed
CE0010759,LP027374,Leukopak Donation,01/27/2025,06:30am,pending,passed
CE0010759,LP028194,Leukopak Donation,03/10/2025,06:15am,pending,passed
CE0010759,LP028603,Leukopak Donation,04/15/2025,06:15am,pending,passed
CE0010759,LP029434,Leukopak Donation,05/20/2025,10:30am,pending,passed
CE0010759,LP032968,Leukopak Donation,01/06/2026,06:30am,pending,passed
CE0010759,LP033883,Leukopak Donation,02/17/2026,07:00am,cancelled,cancelled by donor
CE0010759,LP033999,Leukopak Donation,02/24/2026,07:00am,cancelled,cancelled by donor
CE0010759,LP034707,Leukopak Donation,03/24/2026,08:00am,pending,passed
CE0010759,LP035767,Leukopak Donation,06/09/2026,06:15am,cancelled,cancelled by donor
CE0010759,LP036478,Leukopak Donation,07/30/2026,08:00am,pending,pending
CE0010764,LP034710,Leukopak Donation,03/31/2026,10:30am,pending,passed
CE0010767,LP029337,Leukopak Donation,05/28/2025,08:00am,pending,passed
CE0010767,LP030812,Leukopak Donation,08/25/2025,10:45am,pending,passed
CE0010767,LP033026,Leukopak Donation,01/06/2026,06:15am,pending,passed
CE0010767,LP035934,Leukopak Donation,06/17/2026,08:00am,pending,passed
CE0010768,LP027786,Leukopak Donation,01/30/2025,06:15am,pending,passed
CE0010768,LP028174,Leukopak Donation,03/06/2025,11:00am,pending,passed
CE0010768,LP028982,Leukopak Donation,04/30/2025,10:30am,pending,passed
CE0010768,LP030850,Leukopak Donation,08/27/2025,06:30am,cancelled,cancelled by donor
CE0010768,LP031484,Leukopak Donation,09/18/2025,08:00am,pending,passed
CE0010768,LP033545,Leukopak Donation,01/28/2026,08:00am,pending,passed
CE0010768,LP034379,Leukopak Donation,03/04/2026,07:30am,pending,passed
CE0010772,LP027824,Leukopak Donation,02/19/2025,10:30am,pending,passed
CE0010772,LP034453,Leukopak Donation,03/19/2026,11:00am,pending,passed
CE0010772,LP034702,Leukopak Donation,04/23/2026,10:30am,pending,passed
CE0010772,LP035773,Leukopak Donation,06/03/2026,11:00am,pending,passed
CE0010775,LP028370,Leukopak Donation,03/18/2025,08:00am,pending,passed
CE0010776,LP028267,Leukopak Donation,03/11/2025,10:30am,pending,passed
CE0010776,LP028932,Leukopak Donation,04/24/2025,10:30am,cancelled,cancelled by donor
CE0010776,LP029229,Leukopak Donation,05/05/2025,06:15am,pending,passed
CE0010776,LP029809,Leukopak Donation,06/09/2025,08:00am,no show,no show
CE0010777,LP027232,Leukopak Donation,01/13/2025,10:30am,pending,passed
CE0010777,LP028251,Leukopak Donation,03/10/2025,06:30am,pending,passed
CE0010777,LP029424,Leukopak Donation,06/09/2025,08:00am,cancelled,cancelled by donor
CE0010779,LP027888,Leukopak Donation,02/26/2025,10:30am,pending,passed
CE0010780,LP027783,Leukopak Donation,02/12/2025,06:15am,pending,passed
CE0010780,LP028520,Leukopak Donation,03/20/2025,08:00am,pending,passed
CE0010781,LP027675,Leukopak Donation,02/06/2025,06:15am,pending,passed
CE0010781,LP028273,Leukopak Donation,03/17/2025,10:30am,pending,passed
CE0010781,LP029074,Leukopak Donation,04/24/2025,07:30am,pending,passed
CE0010781,LP029794,Leukopak Donation,06/04/2025,08:00am,pending,passed
CE0010781,LP030508,Leukopak Donation,07/16/2025,08:45am,pending,passed
CE0010781,LP031623,Leukopak Donation,10/06/2025,07:00am,pending,passed
CE0010781,LP032522,Leukopak Donation,12/08/2025,06:15am,pending,passed
CE0010782,LP027234,Leukopak Donation,01/13/2025,06:15am,pending,passed
CE0010782,LP028576,Leukopak Donation,04/17/2025,08:00am,cancelled,cancelled by donor
CE0010782,LP030227,Leukopak Donation,07/01/2025,06:15am,pending,passed
CE0010782,LP030870,Leukopak Donation,08/27/2025,08:00am,cancelled,cancelled by donor
CE0010782,LP031309,Leukopak Donation,09/22/2025,06:15am,cancelled,cancelled by donor
CE0010782,LP032731,Leukopak Donation,12/16/2025,06:15am,pending,passed
CE0010782,LP033604,Leukopak Donation,02/05/2026,06:15am,pending,passed
CE0010782,LP034699,Leukopak Donation,03/24/2026,06:15am,pending,passed
CE0010782,LP035475,Leukopak Donation,05/14/2026,06:15am,pending,passed
CE0010782,LP036237,Leukopak Donation,07/06/2026,08:00am,pending,passed
CE0010788,LP027793,Leukopak Donation,02/13/2025,06:15am,pending,passed
CE0010788,LP028465,Leukopak Donation,03/26/2025,06:15am,pending,passed
CE0010788,LP028988,Leukopak Donation,04/30/2025,06:15am,pending,passed
CE0010788,LP029731,Leukopak Donation,06/09/2025,11:15am,pending,passed
CE0010788,LP030477,Leukopak Donation,07/29/2025,08:00am,pending,passed
CE0010788,LP031102,Leukopak Donation,09/10/2025,07:00am,pending,passed
CE0010788,LP031768,Leukopak Donation,10/15/2025,06:15am,pending,passed
CE0010788,LP032569,Leukopak Donation,12/01/2025,08:00am,cancelled,cancelled by donor
CE0010788,LP034899,Leukopak Donation,04/02/2026,08:00am,pending,passed
CE0010788,LP035571,Leukopak Donation,05/19/2026,07:00am,pending,passed
CE0010788,LP036052,Leukopak Donation,06/24/2026,07:30am,pending,passed
CE0010792,LP027354,Leukopak Donation,01/23/2025,08:00am,pending,passed
CE0010792,LP028126,Leukopak Donation,03/04/2025,06:15am,pending,passed
CE0010792,LP028516,Leukopak Donation,04/09/2025,08:00am,pending,passed
CE0010792,LP029181,Leukopak Donation,05/14/2025,08:00am,pending,passed
CE0010792,LP031232,Leukopak Donation,09/16/2025,06:15am,no show,no show
CE0010794,LP027157,Leukopak Donation,01/02/2025,06:15am,pending,passed
CE0010797,LP027192,Leukopak Donation,01/08/2025,06:15am,pending,passed
CE0010797,LP028202,Leukopak Donation,03/05/2025,06:15am,pending,passed
CE0010797,LP028816,Leukopak Donation,04/30/2025,06:15am,cancelled,cancelled by donor
CE0010797,LP029583,Leukopak Donation,06/11/2025,06:15am,pending,passed
CE0010797,LP030255,Leukopak Donation,07/23/2025,06:15am,pending,passed
CE0010797,LP031603,Leukopak Donation,10/10/2025,06:15am,cancelled,cancelled by donor
CE0010797,LP032298,Leukopak Donation,11/19/2025,06:15am,pending,passed
CE0010797,LP033188,Leukopak Donation,01/16/2026,06:15am,cancelled,cancelled by donor
CE0010797,LP034952,Leukopak Donation,04/23/2026,06:15am,cancelled,cancelled by donor
CE0010799,LP030060,Leukopak Donation,06/18/2025,06:15am,pending,passed
CE0010799,LP030236,Leukopak Donation,07/23/2025,06:15am,pending,passed
CE0010799,LP031414,Leukopak Donation,09/29/2025,06:15am,pending,passed
CE0010799,LP032358,Leukopak Donation,11/05/2025,08:00am,pending,passed
CE0010799,LP033123,Leukopak Donation,01/21/2026,06:15am,pending,passed
CE0010799,LP034190,Leukopak Donation,02/25/2026,06:15am,pending,passed
CE0010799,LP034816,Leukopak Donation,04/08/2026,07:00am,pending,passed
CE0010799,LP035508,Leukopak Donation,05/20/2026,06:30am,pending,passed
CE0010799,LP036030,Leukopak Donation,06/25/2026,06:15am,pending,passed
CE0010800,LP027463,Leukopak Donation,01/22/2025,06:15am,pending,passed
CE0010800,LP028144,Leukopak Donation,03/05/2025,10:30am,pending,failed
CE0010803,LP027695,Leukopak Donation,02/10/2025,10:30am,cancelled,cancelled by donor
CE0010805,LP027249,Leukopak Donation,01/14/2025,11:00am,pending,passed
CE0010805,LP028040,Leukopak Donation,03/03/2025,06:15am,cancelled,cancelled by donor
CE0010805,LP028195,Leukopak Donation,03/05/2025,11:00am,pending,passed
CE0010805,LP028790,Leukopak Donation,04/15/2025,10:30am,cancelled,failed
CE0010805,LP029209,Leukopak Donation,05/13/2025,11:00am,no show,no show
CE0010805,LP029519,Leukopak Donation,06/03/2025,11:00am,pending,passed
CE0010805,LP030402,Leukopak Donation,07/31/2025,11:00am,pending,passed
CE0010805,LP031885,Leukopak Donation,10/29/2025,11:00am,pending,passed
CE0010805,LP033564,Leukopak Donation,01/26/2026,10:15am,pending,passed
CE0010805,LP034260,Leukopak Donation,03/03/2026,11:00am,pending,passed
CE0010805,LP034957,Leukopak Donation,04/15/2026,11:00am,pending,passed
CE0010805,LP036101,Leukopak Donation,06/23/2026,11:00am,pending,passed
CE0010806,LP027498,Leukopak Donation,01/28/2025,08:00am,pending,passed
CE0010806,LP028367,Leukopak Donation,03/11/2025,07:30am,pending,passed
CE0010806,LP028993,Leukopak Donation,04/22/2025,08:00am,pending,passed
CE0010806,LP029684,Leukopak Donation,06/10/2025,06:15am,cancelled,cancelled by donor
CE0010806,LP030221,Leukopak Donation,07/22/2025,06:30am,pending,passed
CE0010806,LP031328,Leukopak Donation,09/09/2025,08:00am,pending,passed
CE0010806,LP032376,Leukopak Donation,11/04/2025,07:30am,pending,passed
CE0010807,LP028525,Leukopak Donation,03/26/2025,08:00am,pending,failed
CE0010808,LP027539,Leukopak Donation,01/29/2025,10:15am,cancelled,cancelled by canventa
CE0010808,LP027837,Leukopak Donation,02/19/2025,10:15am,pending,passed
CE0010808,LP028491,Leukopak Donation,03/26/2025,08:00am,pending,passed
CE0010808,LP029050,Leukopak Donation,05/05/2025,06:15am,pending,passed
CE0010808,LP029877,Leukopak Donation,06/30/2025,08:00am,pending,passed
CE0010808,LP030847,Leukopak Donation,08/26/2025,11:00am,pending,passed
CE0010808,LP032003,Leukopak Donation,10/28/2025,08:00am,pending,failed
CE0010808,LP033437,Leukopak Donation,01/27/2026,11:00am,pending,failed
CE0010808,LP034478,Leukopak Donation,03/24/2026,11:00am,pending,failed
CE0010812,LP027755,Leukopak Donation,02/18/2025,10:15am,pending,passed
CE0010812,LP028874,Leukopak Donation,04/21/2025,06:15am,pending,passed
CE0010812,LP031250,Leukopak Donation,09/22/2025,10:30am,pending,passed
CE0010812,LP033663,Leukopak Donation,02/04/2026,07:00am,pending,passed
CE0010812,LP034715,Leukopak Donation,04/01/2026,10:30am,pending,passed
CE0010813,LP028021,Leukopak Donation,03/03/2025,11:00am,pending,passed
CE0010813,LP028697,Leukopak Donation,04/07/2025,06:15am,pending,passed
CE0010813,LP029737,Leukopak Donation,06/09/2025,11:00am,pending,passed
CE0010813,LP030092,Leukopak Donation,07/14/2025,06:15am,pending,passed
CE0010813,LP031694,Leukopak Donation,10/06/2025,08:00am,pending,passed
CE0010813,LP032574,Leukopak Donation,12/08/2025,07:00am,pending,passed
CE0010813,LP033996,Leukopak Donation,02/24/2026,10:30am,cancelled,cancelled by donor
CE0010813,LP034422,Leukopak Donation,03/16/2026,11:00am,pending,failed
CE0010813,LP035682,Leukopak Donation,06/01/2026,06:15am,pending,passed
CE0010819,LP027175,Leukopak Donation,01/02/2025,06:15am,pending,failed
CE0010819,LP027927,Leukopak Donation,02/13/2025,10:15am,cancelled,cancelled by donor
CE0010820,LP027202,Leukopak Donation,01/14/2025,10:15am,pending,passed
CE0010820,LP028288,Leukopak Donation,03/11/2025,10:30am,pending,passed
CE0010820,LP028780,Leukopak Donation,04/16/2025,11:00am,pending,passed
CE0010820,LP031050,Leukopak Donation,09/08/2025,08:00am,pending,passed
CE0010820,LP031874,Leukopak Donation,10/24/2025,06:15am,pending,passed
CE0010822,LP028305,Leukopak Donation,03/06/2025,06:15am,pending,passed
CE0010822,LP028718,Leukopak Donation,04/14/2025,10:30am,pending,passed
CE0010827,LP027984,Leukopak Donation,02/13/2025,10:15am,cancelled,cancelled by donor
CE0010828,LP027182,Leukopak Donation,01/06/2025,10:30am,pending,passed
CE0010828,LP027909,Leukopak Donation,02/25/2025,11:00am,cancelled,cancelled by donor
CE0010828,LP028474,Leukopak Donation,04/01/2025,10:30am,cancelled,cancelled by donor
CE0010830,LP027502,Leukopak Donation,01/29/2025,08:00am,cancelled,cancelled by canventa
CE0010830,LP027842,Leukopak Donation,02/26/2025,08:00am,pending,passed
CE0010831,LP030410,Leukopak Donation,07/28/2025,08:00am,no show,no show
CE0010833,LP027737,Leukopak Donation,02/11/2025,08:00am,pending,passed
CE0010833,LP028609,Leukopak Donation,04/02/2025,08:00am,pending,passed
CE0010833,LP029302,Leukopak Donation,05/19/2025,11:00am,cancelled,cancelled by canventa
CE0010833,LP029472,Leukopak Donation,05/19/2025,11:00am,pending,passed
CE0010833,LP029726,Leukopak Donation,06/25/2025,08:00am,pending,passed
CE0010833,LP031666,Leukopak Donation,10/02/2025,08:00am,pending,passed
CE0010833,LP034316,Leukopak Donation,03/13/2026,06:15am,no show,no show
CE0010833,LP034603,Leukopak Donation,03/19/2026,06:15am,pending,passed
CE0010833,LP035449,Leukopak Donation,05/11/2026,06:15am,pending,passed
CE0010834,LP027690,Leukopak Donation,02/10/2025,08:00am,cancelled,cancelled by donor
CE0010849,LP028220,Leukopak Donation,03/10/2025,11:00am,pending,passed
CE0010849,LP028939,Leukopak Donation,04/30/2025,11:00am,pending,passed
CE0010849,LP029571,Leukopak Donation,06/12/2025,10:30am,pending,passed
CE0010849,LP030580,Leukopak Donation,08/12/2025,11:00am,pending,passed
CE0010849,LP031569,Leukopak Donation,10/07/2025,11:00am,pending,passed
CE0010849,LP032519,Leukopak Donation,12/01/2025,11:00am,pending,passed
CE0010849,LP033660,Leukopak Donation,02/03/2026,11:00am,pending,passed
CE0010849,LP034284,Leukopak Donation,03/11/2026,06:15am,pending,passed
CE0010849,LP034850,Leukopak Donation,04/15/2026,10:30am,pending,passed
CE0010849,LP035484,Leukopak Donation,05/20/2026,08:00am,cancelled,cancelled by donor
CE0010849,LP036208,Leukopak Donation,07/06/2026,10:15am,pending,passed
CE0010849,LP036644,Leukopak Donation,08/10/2026,10:30am,pending,pending
CE0010850,LP027644,Leukopak Donation,02/04/2025,10:30am,pending,passed
CE0010851,LP027663,Leukopak Donation,02/05/2025,08:00am,pending,passed
CE0010851,LP028952,Leukopak Donation,04/17/2025,08:15am,pending,passed
CE0010851,LP029774,Leukopak Donation,06/03/2025,07:30am,pending,passed
CE0010851,LP030678,Leukopak Donation,07/30/2025,08:00am,no show,no show
CE0010851,LP030903,Leukopak Donation,08/12/2025,08:30am,pending,passed
CE0010851,LP032605,Leukopak Donation,12/22/2025,10:15am,pending,passed
CE0010851,LP033615,Leukopak Donation,01/26/2026,07:30am,pending,passed
CE0010851,LP034469,Leukopak Donation,03/09/2026,08:00am,pending,passed
CE0010851,LP035120,Leukopak Donation,04/13/2026,07:30am,pending,passed
CE0010851,LP035750,Leukopak Donation,05/19/2026,07:30am,pending,passed
CE0010851,LP036002,Leukopak Donation,06/23/2026,08:00am,pending,passed
CE0010855,LP027160,Leukopak Donation,01/02/2025,07:00am,pending,passed
CE0010855,LP034688,Leukopak Donation,03/24/2026,06:15am,pending,passed
CE0010856,LP027253,Leukopak Donation,01/13/2025,10:15am,pending,
CE0010856,LP028169,Leukopak Donation,03/04/2025,10:30am,pending,passed
CE0010856,LP028556,Leukopak Donation,04/10/2025,10:45am,pending,passed
CE0010856,LP029504,Leukopak Donation,05/21/2025,11:00am,pending,passed
CE0010856,LP030614,Leukopak Donation,08/04/2025,10:45am,pending,passed
CE0010857,LP027913,Leukopak Donation,02/25/2025,08:00am,pending,passed
CE0010857,LP028460,Leukopak Donation,04/01/2025,10:45am,pending,passed
CE0010857,LP029033,Leukopak Donation,05/06/2025,10:30am,pending,passed
CE0010857,LP030497,Leukopak Donation,08/06/2025,10:45am,pending,passed
CE0010857,LP031604,Leukopak Donation,10/14/2025,07:00am,pending,passed
CE0010857,LP032678,Leukopak Donation,11/25/2025,11:00am,pending,passed
CE0010857,LP033680,Leukopak Donation,02/04/2026,10:30am,pending,passed
CE0010857,LP034188,Leukopak Donation,03/11/2026,07:00am,pending,passed
CE0010857,LP034876,Leukopak Donation,04/15/2026,10:30am,pending,passed
CE0010857,LP035468,Leukopak Donation,05/20/2026,08:00am,pending,passed
CE0010857,LP036688,Leukopak Donation,08/13/2026,10:30am,pending,pending
CE0010858,LP027351,Leukopak Donation,01/21/2025,06:15am,pending,passed
CE0010858,LP028247,Leukopak Donation,03/04/2025,06:15am,pending,passed
CE0010858,LP028977,Leukopak Donation,04/22/2025,11:00am,pending,passed
CE0010858,LP029525,Leukopak Donation,06/03/2025,10:45am,pending,passed
CE0010858,LP030075,Leukopak Donation,07/09/2025,06:15am,no show,no show
CE0010860,LP028646,Leukopak Donation,03/31/2025,06:15am,no show,no show
CE0010861,LP027642,Leukopak Donation,02/04/2025,10:15am,pending,passed
CE0010861,LP028316,Leukopak Donation,03/13/2025,08:00am,cancelled,cancelled by donor
CE0010861,LP028450,Leukopak Donation,03/27/2025,06:15am,pending,passed
CE0010861,LP029119,Leukopak Donation,05/05/2025,11:00am,pending,passed
CE0010861,LP029733,Leukopak Donation,06/09/2025,11:00am,pending,passed
CE0010861,LP030132,Leukopak Donation,07/14/2025,08:00am,pending,passed
CE0010861,LP030703,Leukopak Donation,08/19/2025,06:15am,pending,passed
CE0010861,LP031371,Leukopak Donation,09/23/2025,08:00am,cancelled,cancelled by donor
CE0010861,LP031661,Leukopak Donation,10/13/2025,06:15am,pending,passed
CE0010861,LP032228,Leukopak Donation,11/17/2025,06:15am,pending,passed
CE0010861,LP032769,Leukopak Donation,12/22/2025,06:15am,no show,no show
CE0010861,LP033835,Leukopak Donation,02/11/2026,07:00am,pending,passed
CE0010861,LP034647,Leukopak Donation,03/26/2026,08:00am,pending,passed
CE0010861,LP035224,Leukopak Donation,05/04/2026,07:00am,pending,passed
CE0010861,LP035856,Leukopak Donation,06/11/2026,10:30am,pending,passed
CE0010862,LP027181,Leukopak Donation,01/06/2025,10:15am,pending,passed
CE0010866,LP027563,Leukopak Donation,02/03/2025,06:15am,pending,passed
CE0010866,LP028430,Leukopak Donation,03/19/2025,10:30am,pending,passed
CE0010866,LP028968,Leukopak Donation,04/29/2025,06:15am,pending,passed
CE0010866,LP030005,Leukopak Donation,07/02/2025,06:15am,pending,passed
CE0010866,LP030370,Leukopak Donation,08/07/2025,06:15am,pending,passed
CE0010866,LP033753,Leukopak Donation,02/04/2026,06:30am,pending,passed
CE0010866,LP035113,Leukopak Donation,04/27/2026,06:15am,cancelled,cancelled by donor
CE0010866,LP036139,Leukopak Donation,07/01/2026,06:15am,pending,passed
CE0010867,LP028752,Leukopak Donation,04/10/2025,06:15am,cancelled,cancelled by donor
CE0010867,LP033148,Leukopak Donation,01/12/2026,06:15am,pending,passed
CE0010867,LP034494,Leukopak Donation,03/24/2026,06:15am,pending,passed
CE0010867,LP035074,Leukopak Donation,04/30/2026,06:15am,pending,passed
CE0010867,LP035851,Leukopak Donation,06/11/2026,06:15am,pending,passed
CE0010867,LP036469,Leukopak Donation,07/30/2026,06:15am,pending,pending
CE0010869,LP027725,Leukopak Donation,01/28/2025,06:15am,cancelled,cancelled by donor
CE0010873,LP027836,Leukopak Donation,02/24/2025,10:30am,pending,passed
CE0010873,LP028709,Leukopak Donation,04/02/2025,11:00am,pending,passed
CE0010873,LP030867,Leukopak Donation,08/26/2025,11:00am,pending,passed
CE0010873,LP031554,Leukopak Donation,10/02/2025,11:00am,cancelled,cancelled by donor
CE0010873,LP031893,Leukopak Donation,10/29/2025,11:00am,pending,passed
CE0010873,LP032863,Leukopak Donation,01/05/2026,11:00am,cancelled,cancelled by donor
CE0010873,LP033383,Leukopak Donation,01/15/2026,10:30am,pending,passed
CE0010873,LP036088,Leukopak Donation,06/29/2026,10:45am,no show,no show
CE0010875,LP027299,Leukopak Donation,01/14/2025,06:15am,pending,passed
CE0010875,LP028180,Leukopak Donation,03/10/2025,06:15am,cancelled,cancelled by donor
CE0010875,LP028368,Leukopak Donation,03/20/2025,06:15am,cancelled,cancelled by donor
CE0010875,LP028791,Leukopak Donation,04/10/2025,06:15am,pending,passed
CE0010875,LP029237,Leukopak Donation,05/19/2025,06:15am,pending,passed
CE0010875,LP029708,Leukopak Donation,06/23/2025,06:30am,pending,passed
CE0010875,LP030266,Leukopak Donation,07/28/2025,06:15am,pending,passed
CE0010875,LP031092,Leukopak Donation,09/09/2025,06:15am,pending,passed
CE0010875,LP031427,Leukopak Donation,10/14/2025,06:15am,pending,passed
CE0010875,LP032356,Leukopak Donation,11/25/2025,06:30am,pending,passed
CE0010875,LP033212,Leukopak Donation,01/13/2026,07:00am,pending,passed
CE0010875,LP033961,Leukopak Donation,02/19/2026,06:15am,pending,passed
CE0010875,LP034502,Leukopak Donation,03/26/2026,10:15am,pending,passed
CE0010875,LP035126,Leukopak Donation,04/30/2026,10:30am,pending,passed
CE0010875,LP035786,Leukopak Donation,06/08/2026,07:00am,pending,passed
CE0010875,LP036171,Leukopak Donation,07/13/2026,07:30am,cancelled,cancelled by donor
CE0010876,LP027298,Leukopak Donation,01/14/2025,06:15am,pending,passed
CE0010876,LP028181,Leukopak Donation,03/10/2025,06:15am,pending,passed
CE0010876,LP028820,Leukopak Donation,04/23/2025,06:15am,pending,passed
CE0010876,LP029775,Leukopak Donation,06/09/2025,06:30am,pending,passed
CE0010876,LP030281,Leukopak Donation,07/14/2025,11:00am,pending,passed
CE0010876,LP031086,Leukopak Donation,08/28/2025,06:15am,pending,passed
CE0010876,LP031841,Leukopak Donation,10/23/2025,06:15am,pending,passed
CE0010876,LP034267,Leukopak Donation,03/11/2026,06:15am,pending,passed
CE0010876,LP035138,Leukopak Donation,04/30/2026,06:15am,cancelled,cancelled by donor
CE0010876,LP035432,Leukopak Donation,05/11/2026,06:15am,pending,passed
CE0010876,LP036044,Leukopak Donation,06/24/2026,06:15am,pending,passed
CE0010878,LP027789,Leukopak Donation,02/18/2025,08:00am,pending,passed
CE0010879,LP027358,Leukopak Donation,01/14/2025,06:15am,pending,passed
CE0010879,LP028124,Leukopak Donation,03/04/2025,06:30am,cancelled,cancelled by donor
CE0010880,LP027586,Leukopak Donation,02/03/2025,10:30am,pending,passed
CE0010880,LP028611,Leukopak Donation,04/03/2025,11:00am,pending,passed
CE0010880,LP029771,Leukopak Donation,06/26/2025,07:00am,pending,passed
CE0010880,LP030899,Leukopak Donation,08/27/2025,11:00am,pending,passed
CE0010880,LP032185,Leukopak Donation,10/29/2025,06:15am,pending,passed
CE0010880,LP033827,Leukopak Donation,02/23/2026,10:30am,pending,passed
CE0010884,LP027335,Leukopak Donation,01/02/2025,07:30am,pending,passed
CE0010886,LP031306,Leukopak Donation,09/18/2025,06:15am,pending,passed
CE0010888,LP027604,Leukopak Donation,02/26/2025,06:30am,pending,passed
CE0010888,LP028772,Leukopak Donation,05/07/2025,08:00am,pending,passed
CE0010888,LP030158,Leukopak Donation,07/16/2025,08:00am,pending,passed
CE0010888,LP031130,Leukopak Donation,09/24/2025,06:45am,pending,passed
CE0010888,LP032532,Leukopak Donation,12/03/2025,06:15am,pending,passed
CE0010888,LP033457,Leukopak Donation,02/11/2026,06:15am,pending,passed
CE0010888,LP035862,Leukopak Donation,06/18/2026,07:30am,pending,passed
CE0010888,LP036234,Leukopak Donation,07/23/2026,06:15am,pending,pending
CE0010891,LP027576,Leukopak Donation,02/03/2025,10:15am,pending,passed
CE0010891,LP028096,Leukopak Donation,03/10/2025,10:30am,pending,passed
CE0010891,LP028563,Leukopak Donation,04/16/2025,06:15am,pending,passed
CE0010891,LP029125,Leukopak Donation,05/28/2025,06:15am,pending,passed
CE0010891,LP030605,Leukopak Donation,08/06/2025,08:00am,cancelled,cancelled by donor
CE0010893,LP027713,Leukopak Donation,02/05/2025,08:00am,cancelled,cancelled by donor
CE0010895,LP027624,Leukopak Donation,02/10/2025,11:00am,pending,passed
CE0010895,LP028097,Leukopak Donation,03/17/2025,08:00am,pending,passed
CE0010895,LP028590,Leukopak Donation,04/21/2025,08:00am,pending,passed
CE0010895,LP029247,Leukopak Donation,05/27/2025,10:30am,pending,passed
CE0010895,LP029920,Leukopak Donation,07/07/2025,08:00am,pending,passed
CE0010895,LP030589,Leukopak Donation,08/11/2025,08:00am,pending,passed
CE0010895,LP031078,Leukopak Donation,09/15/2025,08:00am,pending,passed
CE0010895,LP032014,Leukopak Donation,11/03/2025,06:15am,pending,passed
CE0010895,LP032572,Leukopak Donation,12/01/2025,07:00am,cancelled,cancelled by canventa
CE0010895,LP032762,Leukopak Donation,12/08/2025,06:30am,pending,passed
CE0010895,LP034772,Leukopak Donation,04/21/2026,11:00am,cancelled,cancelled by canventa
CE0010895,LP035341,Leukopak Donation,05/11/2026,08:00am,pending,passed
CE0010895,LP035995,Leukopak Donation,06/22/2026,08:00am,pending,passed
CE0010895,LP036426,Leukopak Donation,07/27/2026,08:00am,pending,pending
CE0010896,LP027655,Leukopak Donation,01/27/2025,08:00am,pending,passed
CE0010896,LP028164,Leukopak Donation,03/04/2025,08:00am,pending,passed
CE0010897,LP029397,Leukopak Donation,05/27/2025,06:15am,pending,passed
CE0010897,LP030029,Leukopak Donation,07/02/2025,06:30am,pending,passed
CE0010897,LP032377,Leukopak Donation,12/01/2025,06:15am,pending,passed
CE0010903,LP027765,Leukopak Donation,02/12/2025,07:00am,pending,passed
CE0010903,LP028266,Leukopak Donation,03/20/2025,08:00am,pending,passed
CE0010903,LP029230,Leukopak Donation,05/12/2025,06:15am,pending,passed
CE0010903,LP029839,Leukopak Donation,06/30/2025,06:15am,pending,passed
CE0010903,LP031718,Leukopak Donation,10/16/2025,07:00am,pending,passed
CE0010903,LP034093,Leukopak Donation,02/25/2026,10:15am,cancelled,cancelled by donor
CE0010903,LP034306,Leukopak Donation,03/12/2026,06:15am,pending,passed
CE0010903,LP036085,Leukopak Donation,06/25/2026,07:30am,pending,passed
CE0010904,LP027799,Leukopak Donation,02/24/2025,06:15am,pending,passed
CE0010907,LP027792,Leukopak Donation,02/12/2025,06:15am,pending,passed
CE0010907,LP028295,Leukopak Donation,03/24/2025,06:15am,pending,passed
CE0010907,LP028856,Leukopak Donation,04/28/2025,06:15am,pending,passed
CE0010907,LP030044,Leukopak Donation,06/18/2025,07:00am,pending,passed
CE0010907,LP030544,Leukopak Donation,08/11/2025,06:30am,pending,passed
CE0010907,LP031555,Leukopak Donation,10/07/2025,07:00am,pending,passed
CE0010907,LP032157,Leukopak Donation,11/12/2025,07:00am,pending,passed
CE0010907,LP033008,Leukopak Donation,01/07/2026,06:30am,pending,passed
CE0010907,LP033620,Leukopak Donation,02/11/2026,06:15am,pending,passed
CE0010909,LP027904,Leukopak Donation,02/04/2025,07:30am,no show,no show
CE0010909,LP027929,Leukopak Donation,02/12/2025,07:00am,cancelled,cancelled by donor
CE0010910,LP027870,Leukopak Donation,02/24/2025,08:00am,pending,passed
CE0010911,LP027856,Leukopak Donation,02/20/2025,06:15am,pending,passed
CE0010911,LP029741,Leukopak Donation,06/24/2025,06:15am,pending,passed
CE0010911,LP031641,Leukopak Donation,10/09/2025,06:15am,pending,passed
CE0010911,LP033178,Leukopak Donation,01/15/2026,06:15am,cancelled,cancelled by donor
CE0010911,LP034083,Leukopak Donation,03/12/2026,06:15am,pending,passed
CE0010911,LP034720,Leukopak Donation,04/16/2026,06:15am,pending,passed
CE0010912,LP027712,Leukopak Donation,02/06/2025,10:30am,pending,passed
CE0010912,LP028253,Leukopak Donation,03/13/2025,11:30am,pending,passed
CE0010912,LP028910,Leukopak Donation,04/24/2025,11:00am,pending,passed
CE0010912,LP030023,Leukopak Donation,07/09/2025,06:15am,pending,passed
CE0010912,LP030641,Leukopak Donation,08/13/2025,06:15am,cancelled,cancelled by donor
CE0010912,LP032196,Leukopak Donation,11/03/2025,11:00am,pending,passed
CE0010912,LP033167,Leukopak Donation,01/26/2026,07:00am,pending,passed
CE0010912,LP035027,Leukopak Donation,04/27/2026,10:30am,pending,passed
CE0010912,LP035587,Leukopak Donation,07/13/2026,06:15am,pending,passed
CE0010912,LP035976,Leukopak Donation,06/01/2026,06:15am,complete,passed
CE0010914,LP028157,Leukopak Donation,03/03/2025,08:00am,cancelled,cancelled by donor
CE0010915,LP027847,Leukopak Donation,02/19/2025,06:15am,pending,passed
CE0010916,LP027922,Leukopak Donation,02/05/2025,07:30am,pending,passed
CE0010918,LP027988,Leukopak Donation,03/06/2025,08:00am,pending,passed
CE0010918,LP030464,Leukopak Donation,07/22/2025,08:00am,pending,passed
CE0010920,LP027934,Leukopak Donation,02/26/2025,06:15am,pending,passed
CE0010920,LP028481,Leukopak Donation,04/02/2025,06:15am,pending,passed
CE0010920,LP029093,Leukopak Donation,05/15/2025,06:15am,cancelled,cancelled by donor
CE0010920,LP029487,Leukopak Donation,05/20/2025,10:30am,cancelled,cancelled by donor
CE0010920,LP029999,Leukopak Donation,07/03/2025,06:15am,pending,passed
CE0010920,LP030660,Leukopak Donation,08/18/2025,11:00am,cancelled,cancelled by canventa
CE0010920,LP031013,Leukopak Donation,09/02/2025,07:00am,pending,passed
CE0010920,LP031657,Leukopak Donation,10/14/2025,06:15am,cancelled,cancelled by donor
CE0010920,LP032555,Leukopak Donation,12/02/2025,11:00am,pending,passed
CE0010920,LP033273,Leukopak Donation,01/13/2026,06:30am,pending,passed
CE0010920,LP033632,Leukopak Donation,02/17/2026,06:15am,pending,passed
CE0010921,LP029242,Leukopak Donation,05/13/2025,10:30am,pending,passed
CE0010921,LP030313,Leukopak Donation,07/03/2025,07:30am,pending,passed
CE0010922,LP028753,Leukopak Donation,04/08/2025,08:00am,pending,passed
CE0010922,LP029941,Leukopak Donation,06/18/2025,06:15am,cancelled,cancelled by donor
CE0010922,LP030693,Leukopak Donation,08/19/2025,11:00am,pending,passed
CE0010924,LP028903,Leukopak Donation,04/23/2025,11:00am,pending,passed
CE0010924,LP032238,Leukopak Donation,11/10/2025,06:15am,no show,no show
CE0010924,LP035425,Leukopak Donation,04/29/2026,10:45am,pending,failed
CE0010929,LP027987,Leukopak Donation,02/12/2025,07:30am,pending,passed
CE0010929,LP029075,Leukopak Donation,05/01/2025,06:15am,pending,passed
CE0010929,LP029788,Leukopak Donation,06/26/2025,06:15am,pending,passed
CE0010929,LP031736,Leukopak Donation,10/16/2025,07:00am,pending,passed
CE0010929,LP032156,Leukopak Donation,11/20/2025,06:15am,pending,passed
CE0010929,LP033451,Leukopak Donation,02/02/2026,06:30am,pending,passed
CE0010929,LP034408,Leukopak Donation,03/13/2026,07:30am,pending,passed
CE0010929,LP035266,Leukopak Donation,04/20/2026,06:15am,pending,passed
CE0010929,LP035542,Leukopak Donation,05/27/2026,06:15am,pending,passed
CE0010930,LP028279,Leukopak Donation,03/11/2025,10:30am,pending,passed
CE0010930,LP028859,Leukopak Donation,04/29/2025,06:15am,cancelled,cancelled by donor
CE0010930,LP029500,Leukopak Donation,06/03/2025,08:00am,pending,passed
CE0010930,LP030109,Leukopak Donation,07/15/2025,07:00am,pending,passed
CE0010930,LP035675,Leukopak Donation,06/02/2026,10:30am,pending,passed
CE0010930,LP036285,Leukopak Donation,07/09/2026,11:00am,pending,passed
CE0010934,LP028140,Leukopak Donation,03/04/2025,10:30am,pending,passed
CE0010934,LP028813,Leukopak Donation,04/24/2025,11:00am,pending,passed
CE0010934,LP031676,Leukopak Donation,10/24/2025,06:15am,cancelled,cancelled by donor
CE0010935,LP028301,Leukopak Donation,03/06/2025,06:15am,cancelled,cancelled by donor
CE0010936,LP028409,Leukopak Donation,03/20/2025,10:30am,pending,passed
CE0010936,LP029273,Leukopak Donation,05/08/2025,08:00am,pending,passed
CE0010940,LP028114,Leukopak Donation,03/04/2025,08:00am,pending,passed
CE0010940,LP028466,Leukopak Donation,04/08/2025,06:30am,pending,passed
CE0010940,LP029376,Leukopak Donation,05/13/2025,11:00am,pending,passed
CE0010940,LP030156,Leukopak Donation,07/01/2025,06:15am,pending,passed
CE0010940,LP030799,Leukopak Donation,08/13/2025,08:00am,pending,passed
CE0010940,LP031216,Leukopak Donation,09/17/2025,11:00am,pending,passed
CE0010940,LP032618,Leukopak Donation,12/09/2025,07:00am,pending,passed
CE0010940,LP033303,Leukopak Donation,01/20/2026,06:15am,pending,failed
CE0010940,LP033754,Leukopak Donation,02/24/2026,06:15am,pending,passed
CE0010941,LP028176,Leukopak Donation,03/03/2025,08:00am,pending,passed
CE0010941,LP028670,Leukopak Donation,04/09/2025,06:30am,cancelled,cancelled by donor
CE0010941,LP028937,Leukopak Donation,04/23/2025,11:00am,pending,passed
CE0010943,LP029335,Leukopak Donation,05/28/2025,08:00am,pending,passed
CE0010943,LP030814,Leukopak Donation,08/25/2025,11:00am,pending,passed
CE0010943,LP033024,Leukopak Donation,01/06/2026,06:15am,cancelled,cancelled by donor
CE0010943,LP036031,Leukopak Donation,06/17/2026,08:00am,pending,passed
CE0010945,LP028589,Leukopak Donation,04/10/2025,11:00am,pending,passed
CE0010945,LP029182,Leukopak Donation,05/15/2025,11:00am,pending,passed
CE0010945,LP030117,Leukopak Donation,06/23/2025,07:30am,pending,passed
CE0010945,LP030263,Leukopak Donation,07/28/2025,06:15am,no show,no show
CE0010945,LP030702,Leukopak Donation,07/30/2025,06:30am,pending,passed
CE0010945,LP031476,Leukopak Donation,09/30/2025,08:00am,pending,passed
CE0010945,LP032336,Leukopak Donation,11/18/2025,08:00am,pending,passed
CE0010945,LP033443,Leukopak Donation,01/29/2026,11:00am,pending,failed
CE0010945,LP034174,Leukopak Donation,03/04/2026,06:15am,pending,passed
CE0010945,LP034875,Leukopak Donation,04/15/2026,06:30am,pending,passed
CE0010945,LP036015,Leukopak Donation,06/24/2026,07:00am,pending,passed
CE0010946,LP028293,Leukopak Donation,03/17/2025,06:15am,pending,passed
CE0010946,LP029140,Leukopak Donation,05/12/2025,11:00am,pending,passed
CE0010948,LP028358,Leukopak Donation,03/12/2025,06:30am,pending,passed
CE0010949,LP028361,Leukopak Donation,03/17/2025,11:00am,pending,failed
CE0010950,LP028298,Leukopak Donation,03/11/2025,08:00am,pending,passed
CE0010950,LP030541,Leukopak Donation,07/21/2025,06:15am,pending,passed
CE0010950,LP031384,Leukopak Donation,09/30/2025,06:15am,pending,passed
CE0010950,LP032773,Leukopak Donation,12/17/2025,06:15am,pending,passed
CE0010950,LP035319,Leukopak Donation,05/04/2026,08:00am,pending,passed
CE0010950,LP036435,Leukopak Donation,07/13/2026,08:00am,pending,passed
CE0010951,LP028340,Leukopak Donation,03/18/2025,06:15am,pending,passed
CE0010951,LP029467,Leukopak Donation,06/02/2025,06:15am,pending,passed
CE0010951,LP031795,Leukopak Donation,10/13/2025,06:15am,cancelled,cancelled by donor
CE0010954,LP028300,Leukopak Donation,03/12/2025,07:00am,cancelled,cancelled by donor
CE0010954,LP028384,Leukopak Donation,03/12/2025,08:00am,pending,passed
CE0010957,LP028198,Leukopak Donation,03/11/2025,06:15am,cancelled,cancelled by donor
CE0010957,LP028347,Leukopak Donation,03/20/2025,06:15am,pending,passed
CE0010957,LP029228,Leukopak Donation,05/07/2025,06:15am,pending,passed
CE0010957,LP029554,Leukopak Donation,06/11/2025,06:15am,pending,passed
CE0010957,LP030537,Leukopak Donation,08/11/2025,06:15am,pending,passed
CE0010957,LP031731,Leukopak Donation,10/07/2025,07:00am,pending,passed
CE0010957,LP032504,Leukopak Donation,12/02/2025,06:15am,pending,passed
CE0010957,LP033900,Leukopak Donation,02/26/2026,06:15am,pending,passed
CE0010957,LP034257,Leukopak Donation,04/02/2026,06:15am,pending,passed
CE0010957,LP035292,Leukopak Donation,05/08/2026,06:15am,pending,passed
CE0010957,LP035626,Leukopak Donation,06/18/2026,06:15am,pending,passed
CE0010957,LP036685,Leukopak Donation,08/12/2026,06:15am,pending,pending
CE0010958,LP028372,Leukopak Donation,03/18/2025,10:30am,pending,passed
CE0010958,LP028794,Leukopak Donation,04/22/2025,10:30am,pending,passed
CE0010959,LP029281,Leukopak Donation,05/21/2025,11:00am,pending,passed
CE0010962,LP028390,Leukopak Donation,03/18/2025,08:00am,pending,failed
CE0010962,LP029027,Leukopak Donation,05/06/2025,08:00am,pending,passed
CE0010965,LP028404,Leukopak Donation,03/27/2025,07:00am,pending,passed
CE0010965,LP030223,Leukopak Donation,07/09/2025,08:00am,pending,passed
CE0010966,LP028445,Leukopak Donation,03/25/2025,06:15am,cancelled,cancelled by donor
CE0010966,LP028694,Leukopak Donation,04/10/2025,06:15am,pending,passed
CE0010966,LP029161,Leukopak Donation,05/15/2025,08:00am,pending,passed
CE0010966,LP029751,Leukopak Donation,06/23/2025,08:00am,pending,passed
CE0010966,LP030259,Leukopak Donation,07/28/2025,06:15am,pending,passed
CE0010966,LP030961,Leukopak Donation,09/02/2025,06:15am,pending,passed
CE0010966,LP031576,Leukopak Donation,10/28/2025,06:15am,pending,passed
CE0010966,LP032635,Leukopak Donation,12/02/2025,06:15am,no show,no show
CE0010966,LP033465,Leukopak Donation,01/22/2026,10:15am,pending,passed
CE0010967,LP028323,Leukopak Donation,03/13/2025,10:30am,pending,passed
CE0010967,LP028725,Leukopak Donation,04/17/2025,11:00am,pending,passed
CE0010967,LP029304,Leukopak Donation,05/27/2025,10:30am,pending,passed
CE0010967,LP029898,Leukopak Donation,07/01/2025,10:30am,pending,passed
CE0010967,LP030475,Leukopak Donation,08/06/2025,11:00am,pending,passed
CE0010967,LP031080,Leukopak Donation,09/15/2025,11:00am,pending,passed
CE0010967,LP031819,Leukopak Donation,10/27/2025,11:00am,pending,passed
CE0010967,LP032689,Leukopak Donation,12/18/2025,10:30am,pending,passed
CE0010967,LP033675,Leukopak Donation,02/05/2026,11:00am,pending,passed
CE0010967,LP034070,Leukopak Donation,03/12/2026,11:00am,pending,passed
CE0010967,LP034887,Leukopak Donation,04/22/2026,11:00am,pending,passed
CE0010967,LP035561,Leukopak Donation,05/28/2026,11:00am,pending,passed
CE0010967,LP036207,Leukopak Donation,07/09/2026,11:00am,pending,passed
CE0010967,LP036692,Leukopak Donation,08/18/2026,11:00am,pending,pending
CE0010968,LP028373,Leukopak Donation,03/19/2025,10:30am,pending,passed
CE0010969,LP029063,Leukopak Donation,05/05/2025,10:30am,pending,passed
CE0010969,LP030431,Leukopak Donation,07/30/2025,06:15am,pending,passed
CE0010969,LP034803,Leukopak Donation,04/08/2026,06:15am,pending,passed
CE0010969,LP035165,Leukopak Donation,05/13/2026,06:15am,pending,passed
CE0010969,LP036336,Leukopak Donation,07/16/2026,06:15am,pending,passed
CE0010970,LP029499,Leukopak Donation,05/20/2025,11:00am,pending,failed
CE0010973,LP029016,Leukopak Donation,04/29/2025,08:00am,pending,passed
CE0010974,LP030416,Leukopak Donation,07/29/2025,08:00am,pending,passed
CE0010974,LP031705,Leukopak Donation,10/15/2025,10:15am,pending,passed
CE0010976,LP028512,Leukopak Donation,03/25/2025,08:00am,pending,passed
CE0010976,LP028922,Leukopak Donation,04/30/2025,10:45am,pending,passed
CE0010976,LP029546,Leukopak Donation,06/04/2025,11:00am,pending,passed
CE0010980,LP029173,Leukopak Donation,05/05/2025,11:00am,pending,passed
CE0010980,LP030754,Leukopak Donation,08/20/2025,08:00am,pending,passed
CE0010981,LP029123,Leukopak Donation,04/30/2025,11:00am,pending,passed
CE0010982,LP028441,Leukopak Donation,03/25/2025,08:00am,pending,passed
CE0010982,LP028620,Leukopak Donation,04/29/2025,08:00am,pending,passed
CE0010982,LP029527,Leukopak Donation,06/03/2025,11:00am,cancelled,cancelled by donor
CE0010982,LP029781,Leukopak Donation,06/16/2025,11:00am,pending,passed
CE0010982,LP030249,Leukopak Donation,07/24/2025,11:00am,pending,passed
CE0010982,LP031395,Leukopak Donation,09/26/2025,06:15am,pending,passed
CE0010982,LP033136,Leukopak Donation,01/12/2026,06:15am,no show,no show
CE0010982,LP033682,Leukopak Donation,02/04/2026,08:00am,pending,passed
CE0010982,LP036115,Leukopak Donation,07/02/2026,08:00am,pending,passed
CE0010984,LP028519,Leukopak Donation,03/25/2025,10:30am,pending,passed
CE0010984,LP029121,Leukopak Donation,05/01/2025,10:30am,pending,passed
CE0010984,LP031381,Leukopak Donation,09/16/2025,08:00am,pending,passed
CE0010984,LP032275,Leukopak Donation,11/26/2025,06:15am,cancelled,cancelled by donor
CE0010984,LP032985,Leukopak Donation,01/06/2026,06:15am,pending,passed
CE0010984,LP034486,Leukopak Donation,03/23/2026,10:30am,pending,passed
CE0010985,LP028587,Leukopak Donation,03/26/2025,07:00am,pending,passed
CE0010985,LP029439,Leukopak Donation,05/14/2025,07:30am,pending,passed
CE0010985,LP030519,Leukopak Donation,08/06/2025,06:15am,pending,passed
CE0010985,LP031777,Leukopak Donation,10/16/2025,06:15am,pending,passed
CE0010985,LP032666,Leukopak Donation,12/01/2025,10:30am,cancelled,cancelled by canventa
CE0010985,LP033822,Leukopak Donation,02/27/2026,06:15am,pending,passed
CE0010985,LP034671,Leukopak Donation,04/06/2026,06:15am,pending,passed
CE0010986,LP028821,Leukopak Donation,04/24/2025,06:30am,pending,passed
CE0010986,LP031634,Leukopak Donation,10/10/2025,06:15am,pending,passed
CE0010986,LP032230,Leukopak Donation,11/17/2025,08:00am,pending,passed
CE0010986,LP033538,Leukopak Donation,01/28/2026,07:00am,pending,passed
CE0010986,LP034017,Leukopak Donation,03/04/2026,06:15am,pending,passed
CE0010986,LP035677,Leukopak Donation,05/14/2026,08:30am,pending,passed
CE0010987,LP030107,Leukopak Donation,07/10/2025,08:00am,pending,passed
CE0010988,LP028667,Leukopak Donation,04/09/2025,08:00am,pending,passed
CE0010989,LP028858,Leukopak Donation,04/15/2025,06:15am,cancelled,cancelled by donor
CE0010989,LP028938,Leukopak Donation,04/24/2025,06:15am,pending,passed
CE0010989,LP029992,Leukopak Donation,07/01/2025,06:30am,pending,passed
CE0010989,LP032209,Leukopak Donation,11/04/2025,06:15am,pending,passed
CE0010989,LP032831,Leukopak Donation,12/23/2025,06:15am,pending,passed
CE0010989,LP033815,Leukopak Donation,02/11/2026,06:30am,cancelled,cancelled by donor
CE0010989,LP034805,Leukopak Donation,04/02/2026,07:00am,pending,passed
CE0010989,LP035597,Leukopak Donation,05/08/2026,06:15am,pending,passed
CE0010989,LP036013,Leukopak Donation,06/23/2026,06:15am,pending,passed
CE0010992,LP028787,Leukopak Donation,04/08/2025,10:45am,pending,passed
CE0010992,LP036391,Leukopak Donation,07/13/2026,08:00am,pending,passed
CE0010993,LP028654,Leukopak Donation,04/03/2025,10:30am,pending,passed
CE0010993,LP029096,Leukopak Donation,05/12/2025,10:30am,pending,passed
CE0010995,LP028596,Leukopak Donation,04/02/2025,11:00am,cancelled,cancelled by donor
CE0010995,LP028724,Leukopak Donation,04/10/2025,11:00am,pending,passed
CE0010996,LP028907,Leukopak Donation,04/16/2025,10:45am,pending,passed
CE0010998,LP028775,Leukopak Donation,04/07/2025,07:30am,pending,passed
CE0010998,LP029271,Leukopak Donation,05/13/2025,10:30am,pending,passed
CE0010998,LP030408,Leukopak Donation,07/23/2025,06:30am,no show,no show
CE0011000,LP028739,Leukopak Donation,04/09/2025,06:15am,pending,passed
CE0011000,LP029875,Leukopak Donation,06/18/2025,11:00am,pending,passed
CE0011000,LP034141,Leukopak Donation,03/02/2026,06:15am,pending,failed
CE0011004,LP033245,Leukopak Donation,01/26/2026,06:30am,pending,passed
CE0011005,LP030260,Leukopak Donation,07/17/2025,06:15am,cancelled,cancelled by canventa
CE0011005,LP030523,Leukopak Donation,08/06/2025,08:00am,pending,passed
CE0011005,LP033020,Leukopak Donation,12/16/2025,08:00am,pending,failed
CE0011006,LP028691,Leukopak Donation,04/30/2025,08:00am,pending,passed
CE0011006,LP030049,Leukopak Donation,07/03/2025,07:00am,pending,failed
CE0011007,LP028925,Leukopak Donation,04/21/2025,11:00am,pending,passed
CE0011007,LP034766,Leukopak Donation,04/06/2026,10:45am,pending,passed
CE0011007,LP035290,Leukopak Donation,05/11/2026,10:15am,pending,passed
CE0011009,LP028855,Leukopak Donation,04/21/2025,10:30am,pending,passed
CE0011009,LP029665,Leukopak Donation,06/09/2025,06:15am,pending,passed
CE0011009,LP030635,Leukopak Donation,08/06/2025,06:30am,pending,passed
CE0011011,LP028905,Leukopak Donation,04/23/2025,06:30am,pending,passed
CE0011011,LP029884,Leukopak Donation,06/18/2025,08:00am,pending,passed
CE0011012,LP033957,Leukopak Donation,02/10/2026,07:30am,pending,passed
CE0011012,LP034756,Leukopak Donation,04/02/2026,06:30am,pending,passed
CE0011012,LP036441,Leukopak Donation,07/29/2026,06:15am,pending,pending
CE0011013,LP029395,Leukopak Donation,06/02/2025,06:15am,pending,passed
CE0011013,LP031002,Leukopak Donation,09/08/2025,06:15am,pending,passed
CE0011013,LP032244,Leukopak Donation,11/18/2025,06:15am,pending,passed
CE0011013,LP032789,Leukopak Donation,12/23/2025,10:30am,pending,passed
CE0011014,LP029396,Leukopak Donation,06/02/2025,06:15am,pending,passed
CE0011014,LP031004,Leukopak Donation,09/08/2025,06:15am,pending,passed
CE0011014,LP032243,Leukopak Donation,11/18/2025,06:15am,pending,failed
CE0011016,LP028810,Leukopak Donation,04/22/2025,08:00am,cancelled,cancelled by donor
CE0011016,LP029246,Leukopak Donation,05/21/2025,06:30am,pending,passed
CE0011016,LP029824,Leukopak Donation,06/25/2025,11:00am,pending,passed
CE0011016,LP030441,Leukopak Donation,07/30/2025,08:00am,pending,passed
CE0011016,LP031397,Leukopak Donation,09/18/2025,08:00am,cancelled,cancelled by donor
CE0011016,LP036662,Leukopak Donation,08/10/2026,06:15am,pending,pending
CE0011017,LP028953,Leukopak Donation,04/22/2025,11:00am,cancelled,cancelled by donor
CE0011020,LP028962,Leukopak Donation,04/22/2025,06:30am,pending,passed
CE0011020,LP029914,Leukopak Donation,07/09/2025,07:00am,pending,passed
CE0011021,LP028963,Leukopak Donation,04/28/2025,11:00am,pending,passed
CE0011021,LP029569,Leukopak Donation,06/05/2025,06:15am,pending,passed
CE0011021,LP030037,Leukopak Donation,07/10/2025,08:00am,pending,passed
CE0011021,LP031099,Leukopak Donation,09/04/2025,11:00am,pending,passed
CE0011021,LP031741,Leukopak Donation,10/24/2025,07:00am,pending,passed
CE0011021,LP032625,Leukopak Donation,12/11/2025,07:00am,pending,passed
CE0011021,LP033461,Leukopak Donation,01/27/2026,11:00am,pending,passed
CE0011022,LP028935,Leukopak Donation,04/22/2025,10:30am,pending,passed
CE0011023,LP028936,Leukopak Donation,04/22/2025,10:45am,pending,passed
CE0011024,LP031072,Leukopak Donation,09/02/2025,10:30am,pending,passed
CE0011024,LP032025,Leukopak Donation,10/20/2025,08:00am,pending,passed
CE0011028,LP028967,Leukopak Donation,04/24/2025,08:00am,pending,passed
CE0011029,LP028970,Leukopak Donation,04/30/2025,08:00am,pending,passed
CE0011029,LP029553,Leukopak Donation,06/04/2025,11:15am,pending,passed
CE0011029,LP030435,Leukopak Donation,07/14/2025,07:30am,pending,passed
CE0011029,LP031127,Leukopak Donation,08/28/2025,08:00am,pending,passed
CE0011029,LP031797,Leukopak Donation,10/21/2025,08:00am,pending,passed
CE0011030,LP033440,Leukopak Donation,01/15/2026,06:15am,pending,passed
CE0011030,LP034177,Leukopak Donation,02/24/2026,08:30am,pending,passed
CE0011030,LP034910,Leukopak Donation,04/01/2026,08:15am,pending,passed
CE0011030,LP035719,Leukopak Donation,05/20/2026,08:00am,pending,passed
CE0011030,LP036405,Leukopak Donation,07/06/2026,07:30am,pending,passed
CE0011033,LP029198,Leukopak Donation,05/27/2025,08:00am,pending,passed
CE0011034,LP029460,Leukopak Donation,05/29/2025,06:15am,pending,passed
CE0011034,LP030053,Leukopak Donation,07/03/2025,07:00am,pending,passed
CE0011034,LP030999,Leukopak Donation,09/04/2025,06:15am,pending,passed
CE0011034,LP032125,Leukopak Donation,11/03/2025,06:15am,cancelled,cancelled by donor
CE0011034,LP032770,Leukopak Donation,12/18/2025,06:15am,pending,passed
CE0011034,LP034492,Leukopak Donation,03/25/2026,06:15am,pending,passed
CE0011034,LP035117,Leukopak Donation,05/04/2026,06:15am,cancelled,cancelled by donor
CE0011037,LP030405,Leukopak Donation,07/17/2025,07:00am,pending,passed
CE0011037,LP030938,Leukopak Donation,09/02/2025,08:00am,pending,passed
CE0011037,LP032849,Leukopak Donation,12/23/2025,10:30am,cancelled,cancelled by donor
CE0011042,LP032665,Leukopak Donation,12/10/2025,07:00am,pending,cancelled by donor
CE0011043,LP029133,Leukopak Donation,05/06/2025,06:15am,pending,passed
CE0011043,LP029725,Leukopak Donation,06/12/2025,08:00am,pending,passed
CE0011043,LP030371,Leukopak Donation,07/24/2025,08:00am,pending,passed
CE0011043,LP031545,Leukopak Donation,10/01/2025,08:00am,pending,passed
CE0011043,LP032332,Leukopak Donation,11/18/2025,06:15am,pending,passed
CE0011045,LP029049,Leukopak Donation,05/01/2025,08:00am,pending,passed
CE0011045,LP030387,Leukopak Donation,07/24/2025,06:15am,pending,passed
CE0011045,LP031237,Leukopak Donation,09/04/2025,08:00am,pending,passed
CE0011045,LP031566,Leukopak Donation,10/09/2025,07:00am,pending,passed
CE0011045,LP032329,Leukopak Donation,11/19/2025,08:00am,pending,passed
CE0011045,LP033948,Leukopak Donation,02/17/2026,07:00am,pending,failed
CE0011045,LP034539,Leukopak Donation,03/16/2026,08:00am,pending,passed
CE0011045,LP034929,Leukopak Donation,04/20/2026,07:30am,pending,passed
CE0011045,LP036195,Leukopak Donation,07/02/2026,06:15am,pending,passed
CE0011046,LP029135,Leukopak Donation,05/07/2025,11:00am,cancelled,cancelled by canventa
CE0011046,LP029308,Leukopak Donation,05/21/2025,11:00am,cancelled,cancelled by canventa
CE0011047,LP029253,Leukopak Donation,05/13/2025,11:00am,cancelled,cancelled by donor
CE0011047,LP029552,Leukopak Donation,06/03/2025,11:15am,pending,passed
CE0011048,LP029245,Leukopak Donation,05/20/2025,11:00am,pending,passed
CE0011048,LP029785,Leukopak Donation,06/24/2025,06:30am,pending,passed
CE0011048,LP030556,Leukopak Donation,08/07/2025,08:00am,pending,passed
CE0011048,LP031143,Leukopak Donation,09/15/2025,11:00am,pending,passed
CE0011048,LP032096,Leukopak Donation,11/07/2025,07:00am,pending,passed
CE0011049,LP029095,Leukopak Donation,05/15/2025,11:00am,pending,passed
CE0011049,LP030201,Leukopak Donation,07/17/2025,06:15am,pending,passed
CE0011049,LP031274,Leukopak Donation,09/18/2025,11:00am,pending,passed
CE0011049,LP032344,Leukopak Donation,11/20/2025,07:00am,pending,passed
CE0011049,LP034283,Leukopak Donation,03/11/2026,06:15am,pending,passed
CE0011049,LP035053,Leukopak Donation,04/15/2026,06:15am,pending,passed
CE0011049,LP035550,Leukopak Donation,05/21/2026,06:15am,pending,passed
CE0011050,LP029621,Leukopak Donation,06/12/2025,11:00am,pending,passed
CE0011050,LP031115,Leukopak Donation,08/25/2025,07:30am,pending,passed
CE0011050,LP031628,Leukopak Donation,10/07/2025,06:15am,pending,passed
CE0011050,LP032246,Leukopak Donation,11/13/2025,07:00am,pending,passed
CE0011050,LP033143,Leukopak Donation,01/22/2026,06:15am,pending,passed
CE0011050,LP034791,Leukopak Donation,04/02/2026,10:45am,pending,passed
CE0011051,LP029233,Leukopak Donation,05/22/2025,07:00am,cancelled,cancelled by donor
CE0011054,LP029264,Leukopak Donation,05/06/2025,08:30am,pending,passed
CE0011059,LP029332,Leukopak Donation,05/21/2025,06:15am,pending,passed
CE0011059,LP029639,Leukopak Donation,06/25/2025,06:30am,pending,passed
CE0011059,LP036320,Leukopak Donation,07/14/2026,08:00am,pending,passed
CE0011060,LP029433,Leukopak Donation,05/27/2025,07:00am,pending,passed
CE0011060,LP031867,Leukopak Donation,10/27/2025,06:15am,pending,passed
CE0011060,LP032776,Leukopak Donation,12/19/2025,06:15am,pending,passed
CE0011060,LP033847,Leukopak Donation,02/19/2026,08:00am,pending,passed
CE0011060,LP034498,Leukopak Donation,03/26/2026,06:15am,pending,passed
CE0011060,LP035679,Leukopak Donation,06/02/2026,06:15am,pending,passed
CE0011060,LP036293,Leukopak Donation,07/09/2026,06:15am,pending,passed
CE0011064,LP029226,Leukopak Donation,05/06/2025,06:15am,pending,failed
CE0011064,LP031141,Leukopak Donation,09/08/2025,11:00am,pending,failed
CE0011065,LP029327,Leukopak Donation,05/14/2025,06:15am,cancelled,cancelled by donor
CE0011065,LP029821,Leukopak Donation,06/11/2025,08:00am,pending,passed
CE0011065,LP030144,Leukopak Donation,07/16/2025,06:30am,pending,passed
CE0011065,LP036373,Leukopak Donation,07/22/2026,06:15am,no show,no show
CE0011066,LP029286,Leukopak Donation,05/20/2025,11:00am,cancelled,cancelled by donor
CE0011066,LP029852,Leukopak Donation,06/09/2025,06:15am,pending,passed
CE0011066,LP031144,Leukopak Donation,09/12/2025,06:15am,pending,passed
CE0011067,LP029401,Leukopak Donation,05/20/2025,06:15am,pending,passed
CE0011067,LP030051,Leukopak Donation,07/02/2025,06:15am,pending,failed
CE0011067,LP030706,Leukopak Donation,08/13/2025,10:45am,pending,passed
CE0011067,LP031327,Leukopak Donation,09/23/2025,06:15am,pending,passed
CE0011067,LP031681,Leukopak Donation,10/28/2025,06:15am,pending,passed
CE0011067,LP032407,Leukopak Donation,12/02/2025,07:00am,pending,passed
CE0011067,LP033573,Leukopak Donation,01/30/2026,06:15am,pending,passed
CE0011067,LP033939,Leukopak Donation,03/09/2026,07:00am,no show,no show
CE0011067,LP034501,Leukopak Donation,03/17/2026,08:00am,pending,passed
CE0011067,LP034884,Leukopak Donation,04/21/2026,07:30am,pending,passed
CE0011070,LP029448,Leukopak Donation,05/29/2025,08:00am,pending,passed
CE0011070,LP030694,Leukopak Donation,08/13/2025,11:00am,cancelled,cancelled by donor
CE0011073,LP029750,Leukopak Donation,06/25/2025,10:45am,pending,passed
CE0011073,LP031473,Leukopak Donation,09/30/2025,10:30am,pending,passed
CE0011073,LP032656,Leukopak Donation,12/17/2025,10:30am,pending,passed
CE0011073,LP033820,Leukopak Donation,02/25/2026,10:15am,pending,passed
CE0011073,LP035288,Leukopak Donation,05/06/2026,10:30am,pending,passed
CE0011073,LP035632,Leukopak Donation,06/11/2026,06:15am,pending,passed
CE0011073,LP036213,Leukopak Donation,07/16/2026,06:15am,pending,passed
CE0011074,LP030373,Leukopak Donation,07/31/2025,10:30am,pending,passed
CE0011074,LP032766,Leukopak Donation,12/08/2025,08:00am,pending,passed
CE0011074,LP033338,Leukopak Donation,01/20/2026,10:30am,cancelled,cancelled by donor
CE0011074,LP033659,Leukopak Donation,02/02/2026,08:00am,pending,passed
CE0011074,LP034314,Leukopak Donation,03/11/2026,08:00am,pending,passed
CE0011081,LP029633,Leukopak Donation,06/10/2025,06:30am,pending,passed
CE0011083,LP029619,Leukopak Donation,05/27/2025,11:00am,pending,passed
CE0011084,LP029594,Leukopak Donation,06/02/2025,08:00am,pending,passed
CE0011084,LP030108,Leukopak Donation,07/10/2025,11:00am,pending,passed
CE0011084,LP030928,Leukopak Donation,09/04/2025,10:30am,no show,no show
CE0011084,LP031810,Leukopak Donation,10/16/2025,10:15am,pending,passed
CE0011084,LP033265,Leukopak Donation,01/22/2026,06:15am,pending,passed
CE0011084,LP034769,Leukopak Donation,04/16/2026,11:00am,pending,passed
CE0011089,LP029540,Leukopak Donation,06/04/2025,06:30am,pending,passed
CE0011090,LP029620,Leukopak Donation,06/11/2025,07:00am,pending,passed
CE0011090,LP030546,Leukopak Donation,08/07/2025,06:15am,cancelled,no show
CE0011090,LP031149,Leukopak Donation,09/09/2025,11:00am,pending,passed
CE0011090,LP031854,Leukopak Donation,10/23/2025,08:00am,pending,passed
CE0011090,LP032514,Leukopak Donation,12/01/2025,11:00am,pending,passed
CE0011090,LP033528,Leukopak Donation,01/29/2026,11:00am,pending,passed
CE0011090,LP034180,Leukopak Donation,03/09/2026,06:15am,no show,no show
CE0011090,LP034728,Leukopak Donation,03/25/2026,10:30am,pending,failed
CE0011091,LP029570,Leukopak Donation,06/10/2025,08:00am,pending,passed
CE0011092,LP030383,Leukopak Donation,07/09/2025,07:30am,no show,no show
CE0011092,LP030862,Leukopak Donation,08/07/2025,07:30am,pending,passed
CE0011092,LP031459,Leukopak Donation,09/16/2025,10:30am,pending,passed
CE0011093,LP030535,Leukopak Donation,08/07/2025,10:45am,pending,passed
CE0011093,LP032296,Leukopak Donation,11/18/2025,08:00am,pending,passed
CE0011093,LP035109,Leukopak Donation,04/29/2026,10:45am,cancelled,cancelled by donor
CE0011093,LP035554,Leukopak Donation,05/22/2026,07:30am,pending,passed
CE0011093,LP035882,Leukopak Donation,06/29/2026,10:30am,pending,passed
CE0011093,LP036686,Leukopak Donation,08/11/2026,08:00am,pending,pending
CE0011095,LP030728,Leukopak Donation,07/30/2025,08:00am,pending,passed
CE0011095,LP034538,Leukopak Donation,03/30/2026,06:15am,pending,passed
CE0011095,LP035273,Leukopak Donation,05/04/2026,06:15am,pending,passed
CE0011095,LP035806,Leukopak Donation,06/08/2026,08:00am,pending,passed
CE0011095,LP036325,Leukopak Donation,07/14/2026,07:30am,pending,passed
CE0011096,LP029635,Leukopak Donation,06/10/2025,06:15am,cancelled,cancelled by donor
CE0011096,LP029908,Leukopak Donation,06/17/2025,06:15am,pending,passed
CE0011096,LP030243,Leukopak Donation,07/22/2025,08:00am,pending,passed
CE0011096,LP030958,Leukopak Donation,09/03/2025,08:00am,pending,passed
CE0011096,LP031825,Leukopak Donation,10/24/2025,06:15am,pending,passed
CE0011096,LP032659,Leukopak Donation,12/01/2025,06:15am,pending,passed
CE0011096,LP033684,Leukopak Donation,02/05/2026,06:15am,pending,passed
CE0011096,LP034749,Leukopak Donation,04/02/2026,06:15am,cancelled,cancelled by donor
CE0011096,LP035135,Leukopak Donation,04/23/2026,06:15am,pending,passed
CE0011097,LP032140,Leukopak Donation,11/04/2025,08:00am,pending,passed
CE0011097,LP033014,Leukopak Donation,01/07/2026,11:00am,pending,passed
CE0011097,LP034572,Leukopak Donation,03/30/2026,11:00am,cancelled,cancelled by donor
CE0011097,LP034864,Leukopak Donation,04/01/2026,10:30am,pending,passed
CE0011097,LP035450,Leukopak Donation,05/14/2026,08:00am,cancelled,cancelled by donor
CE0011097,LP035987,Leukopak Donation,06/16/2026,08:00am,cancelled,cancelled by donor
CE0011097,LP036355,Leukopak Donation,07/20/2026,07:30am,pending,passed
CE0011098,LP029617,Leukopak Donation,06/12/2025,11:00am,pending,passed
CE0011098,LP030348,Leukopak Donation,07/31/2025,11:00am,pending,passed
CE0011101,LP029673,Leukopak Donation,06/10/2025,08:00am,cancelled,cancelled by donor
CE0011102,LP029836,Leukopak Donation,06/16/2025,10:45am,pending,passed
CE0011102,LP030361,Leukopak Donation,08/04/2025,08:00am,pending,passed
CE0011102,LP031336,Leukopak Donation,09/23/2025,08:00am,pending,passed
CE0011102,LP033551,Leukopak Donation,02/09/2026,08:00am,cancelled,cancelled by donor
CE0011102,LP034405,Leukopak Donation,03/13/2026,07:30am,pending,passed
CE0011104,LP030698,Leukopak Donation,08/18/2025,10:45am,pending,passed
CE0011104,LP031638,Leukopak Donation,10/07/2025,06:15am,no show,no show
CE0011104,LP032102,Leukopak Donation,11/03/2025,06:15am,pending,passed
CE0011104,LP033120,Leukopak Donation,01/08/2026,11:00am,pending,passed
CE0011104,LP033969,Leukopak Donation,02/23/2026,08:00am,pending,passed
CE0011104,LP034596,Leukopak Donation,03/30/2026,07:00am,pending,passed
CE0011104,LP035430,Leukopak Donation,04/30/2026,10:30am,pending,passed
CE0011104,LP035791,Leukopak Donation,06/04/2026,06:15am,pending,passed
CE0011104,LP036206,Leukopak Donation,07/09/2026,07:30am,pending,passed
CE0011106,LP030559,Leukopak Donation,08/12/2025,08:00am,pending,passed
CE0011107,LP029728,Leukopak Donation,06/26/2025,10:30am,pending,passed
CE0011107,LP033323,Leukopak Donation,01/26/2026,11:00am,pending,passed
CE0011107,LP034337,Leukopak Donation,03/12/2026,08:00am,pending,passed
CE0011108,LP029727,Leukopak Donation,06/26/2025,10:30am,pending,passed
CE0011108,LP031254,Leukopak Donation,09/25/2025,10:30am,pending,passed
CE0011108,LP032337,Leukopak Donation,11/21/2025,06:15am,pending,passed
CE0011108,LP033719,Leukopak Donation,02/05/2026,07:00am,pending,passed
CE0011109,LP029729,Leukopak Donation,06/26/2025,11:00am,cancelled,cancelled by donor
CE0011109,LP030481,Leukopak Donation,08/05/2025,11:00am,cancelled,cancelled by donor
CE0011111,LP030091,Leukopak Donation,07/10/2025,11:00am,pending,passed
CE0011111,LP031165,Leukopak Donation,08/28/2025,06:15am,pending,passed
CE0011111,LP032132,Leukopak Donation,11/04/2025,06:30am,pending,failed
CE0011112,LP030333,Leukopak Donation,07/31/2025,08:00am,pending,passed
CE0011112,LP031733,Leukopak Donation,10/07/2025,08:00am,pending,passed
CE0011112,LP032748,Leukopak Donation,12/16/2025,08:00am,pending,passed
CE0011112,LP033925,Leukopak Donation,02/19/2026,11:00am,cancelled,cancelled by donor
CE0011112,LP034711,Leukopak Donation,03/31/2026,11:00am,pending,passed
CE0011112,LP035123,Leukopak Donation,05/11/2026,10:15am,pending,passed
CE0011113,LP030543,Leukopak Donation,08/06/2025,06:15am,pending,passed
CE0011113,LP033726,Leukopak Donation,02/05/2026,07:00am,pending,passed
CE0011113,LP034986,Leukopak Donation,04/07/2026,08:00am,pending,passed
CE0011113,LP036166,Leukopak Donation,06/22/2026,10:30am,pending,passed
CE0011117,LP030674,Leukopak Donation,08/20/2025,06:15am,pending,passed
CE0011120,LP030149,Leukopak Donation,06/25/2025,08:00am,pending,passed
CE0011120,LP031185,Leukopak Donation,09/09/2025,10:30am,pending,passed
CE0011120,LP032035,Leukopak Donation,11/06/2025,11:00am,pending,passed
CE0011120,LP033045,Leukopak Donation,01/07/2026,07:00am,pending,passed
CE0011120,LP033868,Leukopak Donation,02/17/2026,08:00am,pending,passed
CE0011120,LP034503,Leukopak Donation,03/24/2026,07:00am,pending,passed
CE0011120,LP035228,Leukopak Donation,04/28/2026,07:30am,pending,passed
CE0011120,LP035787,Leukopak Donation,06/04/2026,07:00am,cancelled,cancelled by donor
CE0011120,LP036150,Leukopak Donation,06/29/2026,08:00am,pending,passed
CE0011121,LP030392,Leukopak Donation,07/28/2025,08:00am,pending,passed
CE0011121,LP031228,Leukopak Donation,09/08/2025,06:30am,pending,passed
CE0011121,LP031647,Leukopak Donation,10/14/2025,06:15am,cancelled,cancelled by donor
CE0011121,LP032018,Leukopak Donation,10/20/2025,08:00am,pending,passed
CE0011121,LP032357,Leukopak Donation,11/24/2025,06:15am,pending,passed
CE0011121,LP033568,Leukopak Donation,02/03/2026,06:15am,pending,failed
CE0011122,LP031283,Leukopak Donation,09/16/2025,11:00am,pending,passed
CE0011122,LP032549,Leukopak Donation,12/17/2025,10:30am,pending,passed
CE0011122,LP034245,Leukopak Donation,03/02/2026,08:00am,pending,passed
CE0011122,LP035297,Leukopak Donation,05/11/2026,08:00am,pending,passed
CE0011122,LP036152,Leukopak Donation,06/15/2026,08:00am,pending,passed
CE0011123,LP029869,Leukopak Donation,06/25/2025,11:00am,pending,passed
CE0011124,LP029868,Leukopak Donation,06/23/2025,08:00am,cancelled,cancelled by donor
CE0011125,LP029918,Leukopak Donation,07/02/2025,08:00am,pending,passed
CE0011125,LP030503,Leukopak Donation,08/07/2025,08:00am,pending,passed
CE0011125,LP031865,Leukopak Donation,10/23/2025,08:00am,pending,passed
CE0011125,LP032903,Leukopak Donation,12/18/2025,07:00am,pending,passed
CE0011125,LP034541,Leukopak Donation,03/23/2026,11:00am,pending,passed
CE0011125,LP035831,Leukopak Donation,05/28/2026,11:00am,pending,passed
CE0011127,LP029991,Leukopak Donation,07/02/2025,06:15am,pending,passed
CE0011127,LP031085,Leukopak Donation,09/03/2025,11:00am,pending,passed
CE0011127,LP032552,Leukopak Donation,12/10/2025,07:00am,pending,passed
CE0011127,LP033858,Leukopak Donation,02/18/2026,11:00am,pending,passed
CE0011127,LP035055,Leukopak Donation,04/20/2026,11:00am,no show,no show
CE0011127,LP035496,Leukopak Donation,05/27/2026,10:45am,pending,passed
CE0011127,LP036476,Leukopak Donation,07/27/2026,10:45am,pending,pending
CE0011128,LP030151,Leukopak Donation,07/15/2025,08:00am,pending,passed
CE0011128,LP030884,Leukopak Donation,08/27/2025,08:00am,no show,no show
CE0011128,LP031240,Leukopak Donation,09/08/2025,10:30am,pending,passed
CE0011128,LP031938,Leukopak Donation,10/30/2025,08:00am,pending,passed
CE0011128,LP033030,Leukopak Donation,01/08/2026,06:15am,pending,passed
CE0011128,LP033635,Leukopak Donation,02/12/2026,06:15am,no show,no show
CE0011128,LP034087,Leukopak Donation,03/02/2026,06:15am,cancelled,no show
CE0011130,LP030247,Leukopak Donation,07/14/2025,10:30am,pending,passed
CE0011130,LP030998,Leukopak Donation,08/27/2025,06:15am,pending,passed
CE0011130,LP031518,Leukopak Donation,10/01/2025,06:15am,no show,no show
CE0011130,LP032349,Leukopak Donation,11/24/2025,06:30am,pending,passed
CE0011130,LP033710,Leukopak Donation,02/11/2026,06:15am,no show,no show
CE0011130,LP034037,Leukopak Donation,03/04/2026,06:15am,no show,no show
CE0011132,LP031252,Leukopak Donation,09/10/2025,06:30am,pending,passed
CE0011132,LP033332,Leukopak Donation,01/27/2026,07:00am,pending,passed
CE0011132,LP035020,Leukopak Donation,04/15/2026,07:30am,pending,passed
CE0011132,LP036380,Leukopak Donation,07/20/2026,11:00am,cancelled,cancelled by donor
CE0011133,LP030444,Leukopak Donation,08/04/2025,06:15am,no show,no show
CE0011133,LP031009,Leukopak Donation,08/26/2025,08:00am,pending,passed
CE0011133,LP031880,Leukopak Donation,10/09/2025,08:00am,pending,passed
CE0011133,LP032601,Leukopak Donation,12/09/2025,08:00am,pending,passed
CE0011133,LP033406,Leukopak Donation,01/15/2026,07:00am,pending,passed
CE0011133,LP034142,Leukopak Donation,02/23/2026,07:30am,pending,failed
CE0011133,LP034849,Leukopak Donation,03/30/2026,07:30am,pending,passed
CE0011133,LP035637,Leukopak Donation,05/12/2026,08:00am,pending,passed
CE0011133,LP035772,Leukopak Donation,06/16/2026,07:30am,pending,passed
CE0011133,LP036421,Leukopak Donation,07/21/2026,07:30am,pending,passed
CE0011137,LP030390,Leukopak Donation,07/21/2025,08:00am,pending,passed
CE0011139,LP030632,Leukopak Donation,08/18/2025,11:00am,cancelled,cancelled by canventa
CE0011139,LP031020,Leukopak Donation,09/08/2025,10:30am,pending,passed
CE0011139,LP031483,Leukopak Donation,10/22/2025,06:30am,pending,passed
CE0011140,LP030551,Leukopak Donation,08/07/2025,11:00am,pending,passed
CE0011140,LP031007,Leukopak Donation,09/11/2025,10:30am,pending,passed
CE0011140,LP031481,Leukopak Donation,10/22/2025,06:15am,pending,passed
CE0011140,LP032510,Leukopak Donation,12/01/2025,07:00am,cancelled,cancelled by donor
CE0011140,LP032602,Leukopak Donation,12/11/2025,07:00am,pending,passed
CE0011140,LP033293,Leukopak Donation,01/30/2026,06:15am,pending,passed
CE0011140,LP034172,Leukopak Donation,03/10/2026,07:00am,pending,passed
CE0011140,LP034746,Leukopak Donation,04/15/2026,06:15am,pending,passed
CE0011140,LP035578,Leukopak Donation,05/28/2026,07:00am,pending,passed
CE0011142,LP030196,Leukopak Donation,07/09/2025,06:30am,pending,passed
CE0011142,LP031697,Leukopak Donation,10/09/2025,08:00am,pending,passed
CE0011142,LP032383,Leukopak Donation,12/02/2025,06:30am,cancelled,cancelled by donor
CE0011143,LP030143,Leukopak Donation,07/15/2025,06:15am,pending,passed
CE0011143,LP033163,Leukopak Donation,01/13/2026,11:00am,pending,passed
CE0011143,LP033755,Leukopak Donation,02/17/2026,10:30am,pending,passed
CE0011143,LP034686,Leukopak Donation,03/26/2026,10:15am,pending,passed
CE0011143,LP035983,Leukopak Donation,06/11/2026,11:00am,pending,passed
CE0011143,LP036466,Leukopak Donation,07/30/2026,08:00am,pending,pending
CE0011144,LP030644,Leukopak Donation,08/12/2025,06:15am,pending,passed
CE0011144,LP031668,Leukopak Donation,10/06/2025,06:15am,pending,passed
CE0011145,LP030826,Leukopak Donation,08/05/2025,07:30am,pending,passed
CE0011145,LP032708,Leukopak Donation,12/09/2025,07:00am,pending,passed
CE0011146,LP030180,Leukopak Donation,07/24/2025,10:30am,pending,passed
CE0011146,LP033385,Leukopak Donation,01/30/2026,06:15am,pending,passed
CE0011146,LP034013,Leukopak Donation,03/09/2026,06:15am,pending,passed
CE0011146,LP035909,Leukopak Donation,06/01/2026,10:30am,pending,passed
CE0011150,LP030123,Leukopak Donation,07/10/2025,10:30am,pending,passed
CE0011150,LP031746,Leukopak Donation,10/27/2025,08:00am,pending,passed
CE0011150,LP033252,Leukopak Donation,01/07/2026,07:00am,pending,passed
CE0011151,LP030729,Leukopak Donation,08/20/2025,08:00am,pending,passed
CE0011155,LP030375,Leukopak Donation,07/17/2025,07:00am,pending,passed
CE0011155,LP030791,Leukopak Donation,08/20/2025,06:15am,pending,passed
CE0011157,LP031533,Leukopak Donation,10/02/2025,11:00am,pending,no show
CE0011160,LP031699,Leukopak Donation,10/21/2025,07:00am,pending,passed
CE0011161,LP030297,Leukopak Donation,07/14/2025,11:00am,no show,no show
CE0011162,LP030473,Leukopak Donation,08/04/2025,11:00am,pending,passed
CE0011162,LP031692,Leukopak Donation,10/20/2025,07:00am,pending,passed
CE0011163,LP030474,Leukopak Donation,08/04/2025,11:00am,pending,passed
CE0011163,LP031690,Leukopak Donation,10/20/2025,07:00am,pending,passed
CE0011166,LP030461,Leukopak Donation,08/05/2025,06:15am,pending,passed
CE0011166,LP031070,Leukopak Donation,09/09/2025,06:15am,pending,passed
CE0011166,LP031829,Leukopak Donation,10/20/2025,06:15am,pending,passed
CE0011166,LP032554,Leukopak Donation,12/10/2025,06:15am,pending,passed
CE0011166,LP033057,Leukopak Donation,01/14/2026,06:15am,pending,passed
CE0011166,LP036135,Leukopak Donation,07/02/2026,06:15am,pending,passed
CE0011167,LP031944,Leukopak Donation,10/30/2025,08:00am,pending,passed
CE0011167,LP032634,Leukopak Donation,12/17/2025,06:15am,pending,passed
CE0011167,LP033795,Leukopak Donation,02/10/2026,06:15am,pending,passed
CE0011171,LP030624,Leukopak Donation,08/12/2025,06:30am,pending,passed
CE0011171,LP032088,Leukopak Donation,11/05/2025,06:15am,pending,passed
CE0011171,LP033962,Leukopak Donation,02/25/2026,08:00am,pending,passed
CE0011171,LP035110,Leukopak Donation,04/22/2026,11:00am,pending,passed
CE0011171,LP036037,Leukopak Donation,06/25/2026,07:30am,cancelled,cancelled by donor
CE0011171,LP036323,Leukopak Donation,07/16/2026,11:00am,pending,failed
CE0011174,LP030462,Leukopak Donation,08/05/2025,06:15am,pending,passed
CE0011174,LP031831,Leukopak Donation,10/24/2025,06:15am,pending,passed
CE0011174,LP032505,Leukopak Donation,12/05/2025,06:15am,cancelled,cancelled by canventa
CE0011174,LP032925,Leukopak Donation,01/16/2026,06:15am,pending,passed
CE0011174,LP033692,Leukopak Donation,02/27/2026,06:15am,pending,passed
CE0011176,LP032266,Leukopak Donation,11/21/2025,06:15am,pending,passed
CE0011176,LP033359,Leukopak Donation,01/16/2026,06:15am,no show,no show
CE0011177,LP030953,Leukopak Donation,09/03/2025,07:00am,pending,passed
CE0011177,LP033475,Leukopak Donation,01/28/2026,06:30am,cancelled,cancelled by donor
CE0011178,LP030699,Leukopak Donation,07/28/2025,07:30am,pending,passed
CE0011178,LP032121,Leukopak Donation,10/20/2025,07:30am,pending,passed
CE0011178,LP033479,Leukopak Donation,02/04/2026,08:00am,pending,passed
CE0011180,LP030588,Leukopak Donation,08/13/2025,07:00am,pending,passed
CE0011180,LP031347,Leukopak Donation,09/24/2025,11:00am,pending,passed
CE0011180,LP032135,Leukopak Donation,11/12/2025,07:00am,pending,passed
CE0011180,LP032714,Leukopak Donation,12/17/2025,07:00am,pending,passed
CE0011180,LP033512,Leukopak Donation,01/27/2026,06:15am,pending,passed
CE0011180,LP034263,Leukopak Donation,03/04/2026,11:00am,pending,passed
CE0011180,LP034843,Leukopak Donation,04/13/2026,10:45am,pending,passed
CE0011180,LP035525,Leukopak Donation,05/28/2026,10:15am,pending,passed
CE0011180,LP036173,Leukopak Donation,07/06/2026,10:30am,pending,passed
CE0011181,LP030353,Leukopak Donation,07/23/2025,06:45am,pending,passed
CE0011181,LP031074,Leukopak Donation,08/27/2025,11:00am,pending,passed
CE0011181,LP032144,Leukopak Donation,10/22/2025,07:00am,pending,passed
CE0011181,LP032382,Leukopak Donation,11/26/2025,06:15am,pending,passed
CE0011182,LP030586,Leukopak Donation,08/18/2025,08:00am,pending,passed
CE0011182,LP031887,Leukopak Donation,10/27/2025,06:15am,no show,no show
CE0011182,LP032582,Leukopak Donation,12/02/2025,11:00am,pending,passed
CE0011182,LP033180,Leukopak Donation,01/13/2026,06:15am,pending,passed
CE0011182,LP033932,Leukopak Donation,02/17/2026,07:00am,pending,passed
CE0011182,LP034417,Leukopak Donation,03/24/2026,07:00am,pending,passed
CE0011182,LP035057,Leukopak Donation,04/28/2026,07:30am,pending,passed
CE0011182,LP035634,Leukopak Donation,06/02/2026,08:00am,pending,passed
CE0011182,LP036387,Leukopak Donation,07/23/2026,08:00am,pending,pending
CE0011186,LP030695,Leukopak Donation,08/28/2025,06:15am,cancelled,cancelled by donor
CE0011186,LP031578,Leukopak Donation,10/02/2025,06:15am,pending,passed
CE0011186,LP032402,Leukopak Donation,11/25/2025,08:00am,pending,passed
CE0011186,LP032951,Leukopak Donation,01/05/2026,06:15am,pending,passed
CE0011186,LP033623,Leukopak Donation,02/12/2026,06:15am,pending,passed
CE0011186,LP035260,Leukopak Donation,05/07/2026,07:30am,pending,passed
CE0011186,LP036372,Leukopak Donation,07/22/2026,08:00am,pending,passed
CE0011188,LP034278,Leukopak Donation,03/09/2026,08:00am,pending,passed
CE0011193,LP030547,Leukopak Donation,08/12/2025,10:45am,pending,passed
CE0011194,LP030757,Leukopak Donation,07/30/2025,08:30am,pending,passed
CE0011194,LP031684,Leukopak Donation,10/14/2025,07:00am,pending,passed
CE0011194,LP032851,Leukopak Donation,12/23/2025,08:00am,pending,passed
CE0011194,LP033731,Leukopak Donation,02/02/2026,06:15am,pending,passed
CE0011194,LP034526,Leukopak Donation,03/25/2026,11:00am,cancelled,cancelled by donor
CE0011194,LP035105,Leukopak Donation,04/23/2026,07:00am,pending,passed
CE0011194,LP035975,Leukopak Donation,07/09/2026,06:15am,pending,failed
CE0011197,LP030480,Leukopak Donation,08/05/2025,10:45am,pending,passed
CE0011202,LP030872,Leukopak Donation,08/27/2025,10:45am,pending,passed
CE0011202,LP031659,Leukopak Donation,10/14/2025,10:15am,cancelled,cancelled by donor
CE0011203,LP030553,Leukopak Donation,08/11/2025,10:45am,pending,passed
CE0011210,LP031403,Leukopak Donation,09/25/2025,06:15am,pending,passed
CE0011210,LP032671,Leukopak Donation,12/18/2025,06:15am,pending,passed
CE0011210,LP034049,Leukopak Donation,03/11/2026,08:00am,pending,passed
CE0011210,LP035427,Leukopak Donation,05/18/2026,07:00am,cancelled,cancelled by donor
CE0011211,LP030649,Leukopak Donation,08/12/2025,08:00am,no show,no show
CE0011212,LP035871,Leukopak Donation,06/10/2026,06:15am,pending,passed
CE0011212,LP036298,Leukopak Donation,07/15/2026,06:15am,pending,passed
CE0011213,LP032224,Leukopak Donation,11/05/2025,06:15am,pending,passed
CE0011216,LP030777,Leukopak Donation,07/31/2025,07:30am,pending,passed
CE0011216,LP031069,Leukopak Donation,09/08/2025,11:00am,pending,passed
CE0011216,LP032591,Leukopak Donation,12/04/2025,06:15am,pending,passed
CE0011216,LP034213,Leukopak Donation,03/05/2026,11:00am,pending,passed
CE0011219,LP030866,Leukopak Donation,08/26/2025,10:45am,pending,passed
CE0011219,LP031550,Leukopak Donation,10/01/2025,11:00am,pending,passed
CE0011219,LP034288,Leukopak Donation,03/04/2026,10:15am,pending,passed
CE0011219,LP035212,Leukopak Donation,05/14/2026,10:30am,pending,passed
CE0011219,LP036020,Leukopak Donation,06/23/2026,10:30am,pending,passed
CE0011219,LP036462,Leukopak Donation,07/28/2026,08:00am,pending,pending
CE0011220,LP030877,Leukopak Donation,08/11/2025,11:00am,pending,passed
CE0011220,LP031248,Leukopak Donation,09/15/2025,06:15am,cancelled,cancelled by donor
CE0011220,LP031639,Leukopak Donation,10/07/2025,06:15am,pending,passed
CE0011220,LP032315,Leukopak Donation,11/17/2025,06:15am,pending,passed
CE0011220,LP033084,Leukopak Donation,01/21/2026,06:15am,no show,no show
CE0011220,LP033757,Leukopak Donation,02/05/2026,06:15am,pending,passed
CE0011220,LP034404,Leukopak Donation,03/13/2026,07:00am,pending,passed
CE0011221,LP031947,Leukopak Donation,10/30/2025,11:00am,pending,passed
CE0011221,LP034271,Leukopak Donation,03/03/2026,06:15am,no show,no show
CE0011223,LP031353,Leukopak Donation,09/23/2025,06:15am,pending,passed
CE0011223,LP032637,Leukopak Donation,12/03/2025,06:15am,pending,passed
CE0011223,LP034106,Leukopak Donation,03/02/2026,06:15am,pending,passed
CE0011223,LP035481,Leukopak Donation,05/14/2026,06:15am,pending,passed
CE0011223,LP036235,Leukopak Donation,07/06/2026,06:15am,no show,no show
CE0011223,LP036498,Leukopak Donation,08/28/2026,06:15am,pending,pending
CE0011227,LP032276,Leukopak Donation,11/26/2025,11:00am,pending,passed
CE0011228,LP031067,Leukopak Donation,09/03/2025,10:30am,pending,passed
CE0011229,LP032784,Leukopak Donation,12/02/2025,07:30am,pending,passed
CE0011229,LP033364,Leukopak Donation,01/12/2026,07:30am,pending,passed
CE0011229,LP034810,Leukopak Donation,03/26/2026,07:30am,pending,passed
CE0011229,LP036329,Leukopak Donation,06/29/2026,09:00am,pending,passed
CE0011231,LP035912,Leukopak Donation,06/17/2026,07:00am,pending,passed
CE0011233,LP030904,Leukopak Donation,08/26/2025,08:00am,pending,passed
CE0011233,LP031672,Leukopak Donation,10/13/2025,06:15am,pending,passed
CE0011233,LP032341,Leukopak Donation,11/24/2025,06:15am,no show,no show
CE0011233,LP032907,Leukopak Donation,12/11/2025,06:30am,pending,passed
CE0011233,LP033011,Leukopak Donation,01/15/2026,06:15am,pending,passed
CE0011233,LP033841,Leukopak Donation,02/19/2026,06:15am,pending,passed
CE0011233,LP034340,Leukopak Donation,03/26/2026,06:15am,pending,passed
CE0011233,LP034922,Leukopak Donation,04/30/2026,06:15am,pending,passed
CE0011233,LP035718,Leukopak Donation,06/04/2026,06:15am,pending,passed
CE0011235,LP031293,Leukopak Donation,09/15/2025,06:15am,pending,passed
CE0011241,LP031295,Leukopak Donation,09/02/2025,07:30am,pending,failed
CE0011241,LP031588,Leukopak Donation,10/08/2025,06:15am,pending,passed
CE0011241,LP032712,Leukopak Donation,11/24/2025,07:30am,pending,passed
CE0011241,LP033104,Leukopak Donation,01/07/2026,07:00am,cancelled,cancelled by donor
CE0011243,LP032200,Leukopak Donation,11/04/2025,11:00am,pending,passed
CE0011244,LP031363,Leukopak Donation,09/29/2025,08:00am,pending,passed
CE0011248,LP032289,Leukopak Donation,11/12/2025,06:30am,pending,failed
CE0011250,LP031902,Leukopak Donation,10/21/2025,07:00am,pending,passed
CE0011250,LP033001,Leukopak Donation,01/07/2026,06:15am,pending,passed
CE0011250,LP034362,Leukopak Donation,03/18/2026,06:15am,pending,passed
CE0011250,LP035861,Leukopak Donation,06/15/2026,10:45am,pending,passed
CE0011251,LP031275,Leukopak Donation,09/22/2025,06:15am,pending,passed
CE0011251,LP031864,Leukopak Donation,10/27/2025,06:15am,pending,passed
CE0011251,LP032530,Leukopak Donation,12/03/2025,06:15am,pending,passed
CE0011251,LP033003,Leukopak Donation,01/07/2026,06:15am,pending,passed
CE0011251,LP033762,Leukopak Donation,02/11/2026,06:15am,pending,passed
CE0011251,LP035999,Leukopak Donation,06/22/2026,06:30am,pending,passed
CE0011251,LP036444,Leukopak Donation,07/29/2026,06:15am,pending,pending
CE0011253,LP031160,Leukopak Donation,08/27/2025,08:00am,pending,passed
CE0011253,LP032403,Leukopak Donation,11/25/2025,08:00am,pending,passed
CE0011253,LP033147,Leukopak Donation,01/12/2026,06:15am,pending,passed
CE0011255,LP031260,Leukopak Donation,09/22/2025,11:00am,pending,passed
CE0011255,LP033676,Leukopak Donation,02/09/2026,10:30am,pending,passed
CE0011255,LP036009,Leukopak Donation,06/22/2026,10:30am,pending,passed
CE0011255,LP036422,Leukopak Donation,07/27/2026,10:30am,pending,pending
CE0011256,LP031800,Leukopak Donation,10/02/2025,11:00am,pending,passed
CE0011256,LP032153,Leukopak Donation,11/06/2025,06:15am,pending,passed
CE0011256,LP032674,Leukopak Donation,12/16/2025,08:00am,pending,passed
CE0011256,LP033244,Leukopak Donation,01/26/2026,06:15am,cancelled,cancelled by canventa
CE0011256,LP033700,Leukopak Donation,02/05/2026,08:00am,pending,passed
CE0011256,LP034259,Leukopak Donation,03/12/2026,08:00am,pending,passed
CE0011256,LP035060,Leukopak Donation,04/21/2026,08:00am,pending,passed
CE0011256,LP035507,Leukopak Donation,05/27/2026,08:00am,pending,passed
CE0011256,LP036257,Leukopak Donation,07/07/2026,08:00am,pending,passed
CE0011258,LP031155,Leukopak Donation,09/02/2025,08:00am,pending,passed
CE0011258,LP032137,Leukopak Donation,11/12/2025,06:15am,pending,passed
CE0011258,LP033377,Leukopak Donation,01/26/2026,06:15am,pending,passed
CE0011259,LP031766,Leukopak Donation,10/07/2025,08:00am,pending,passed
CE0011260,LP033355,Leukopak Donation,01/26/2026,11:00am,pending,passed
CE0011260,LP034622,Leukopak Donation,03/30/2026,10:30am,pending,passed
CE0011261,LP032207,Leukopak Donation,10/29/2025,06:30am,pending,failed
CE0011261,LP032292,Leukopak Donation,11/13/2025,06:15am,pending,passed
CE0011261,LP033563,Leukopak Donation,01/27/2026,10:15am,pending,passed
CE0011261,LP034145,Leukopak Donation,03/03/2026,06:15am,pending,passed
CE0011261,LP035131,Leukopak Donation,04/15/2026,11:00am,pending,passed
CE0011261,LP036179,Leukopak Donation,07/01/2026,07:30am,pending,passed
CE0011268,LP031258,Leukopak Donation,09/16/2025,10:30am,pending,passed
CE0011272,LP033510,Leukopak Donation,01/28/2026,11:00am,pending,passed
CE0011272,LP034617,Leukopak Donation,03/23/2026,06:30am,pending,passed
CE0011272,LP035996,Leukopak Donation,06/11/2026,08:00am,pending,passed
CE0011273,LP031438,Leukopak Donation,10/02/2025,06:15am,pending,passed
CE0011273,LP032077,Leukopak Donation,11/06/2025,06:30am,pending,passed
CE0011273,LP032507,Leukopak Donation,12/19/2025,06:15am,cancelled,cancelled by canventa
CE0011273,LP033130,Leukopak Donation,01/08/2026,06:15am,pending,passed
CE0011273,LP033574,Leukopak Donation,02/13/2026,06:15am,pending,passed
CE0011273,LP034289,Leukopak Donation,03/23/2026,07:00am,pending,passed
CE0011273,LP034923,Leukopak Donation,04/30/2026,07:00am,pending,passed
CE0011273,LP035673,Leukopak Donation,06/09/2026,08:00am,pending,passed
CE0011273,LP036334,Leukopak Donation,07/15/2026,08:00am,pending,passed
CE0011274,LP036032,Leukopak Donation,06/24/2026,08:00am,cancelled,cancelled by donor
CE0011274,LP036226,Leukopak Donation,07/27/2026,06:30am,pending,pending
CE0011275,LP031401,Leukopak Donation,09/18/2025,06:15am,pending,passed
CE0011275,LP032379,Leukopak Donation,11/17/2025,06:15am,pending,passed
CE0011275,LP033770,Leukopak Donation,02/13/2026,06:15am,pending,passed
CE0011275,LP034593,Leukopak Donation,04/01/2026,06:15am,pending,passed
CE0011275,LP035170,Leukopak Donation,05/12/2026,06:15am,pending,passed
CE0011276,LP031809,Leukopak Donation,10/23/2025,11:00am,pending,passed
CE0011277,LP031406,Leukopak Donation,09/11/2025,10:30am,pending,passed
CE0011277,LP031509,Leukopak Donation,10/20/2025,11:00am,pending,passed
CE0011277,LP032369,Leukopak Donation,11/26/2025,11:00am,pending,passed
CE0011277,LP033715,Leukopak Donation,02/11/2026,08:00am,pending,passed
CE0011277,LP034759,Leukopak Donation,03/25/2026,07:00am,no show,no show
CE0011277,LP035798,Leukopak Donation,06/11/2026,11:00am,pending,passed
CE0011279,LP031600,Leukopak Donation,09/22/2025,07:30am,pending,passed
CE0011279,LP031799,Leukopak Donation,10/30/2025,06:15am,pending,passed
CE0011279,LP032829,Leukopak Donation,12/22/2025,06:15am,no show,no show
CE0011279,LP033195,Leukopak Donation,01/20/2026,06:15am,pending,passed
CE0011279,LP033955,Leukopak Donation,02/24/2026,06:30am,pending,passed
CE0011280,LP032147,Leukopak Donation,11/03/2025,11:00am,pending,passed
CE0011280,LP034312,Leukopak Donation,03/24/2026,10:15am,pending,passed
CE0011280,LP036041,Leukopak Donation,06/25/2026,06:15am,pending,passed
CE0011282,LP031683,Leukopak Donation,10/22/2025,11:00am,pending,passed
CE0011283,LP031435,Leukopak Donation,09/18/2025,10:30am,pending,passed
CE0011283,LP031983,Leukopak Donation,10/28/2025,08:00am,pending,passed
CE0011283,LP034014,Leukopak Donation,02/25/2026,06:15am,pending,passed
CE0011283,LP034662,Leukopak Donation,04/01/2026,06:15am,pending,passed
CE0011283,LP035494,Leukopak Donation,05/14/2026,07:00am,pending,passed
CE0011283,LP035903,Leukopak Donation,06/18/2026,06:30am,pending,passed
CE0011283,LP036650,Leukopak Donation,08/05/2026,06:15am,pending,pending
CE0011284,LP031646,Leukopak Donation,10/02/2025,08:00am,no show,no show
CE0011286,LP031413,Leukopak Donation,09/15/2025,06:15am,pending,passed
CE0011287,LP031643,Leukopak Donation,10/22/2025,11:00am,pending,passed
CE0011287,LP033487,Leukopak Donation,01/26/2026,07:00am,pending,passed
CE0011287,LP034547,Leukopak Donation,04/06/2026,08:00am,pending,passed
CE0011287,LP035712,Leukopak Donation,06/18/2026,08:00am,pending,passed
CE0011287,LP036376,Leukopak Donation,07/23/2026,06:15am,pending,pending
CE0011288,LP035479,Leukopak Donation,05/13/2026,06:15am,pending,passed
CE0011289,LP031709,Leukopak Donation,10/29/2025,07:00am,pending,passed
CE0011289,LP033083,Leukopak Donation,01/08/2026,07:00am,pending,passed
CE0011289,LP034211,Leukopak Donation,03/19/2026,06:15am,pending,passed
CE0011289,LP034774,Leukopak Donation,04/23/2026,06:15am,pending,passed
CE0011289,LP035968,Leukopak Donation,07/07/2026,06:15am,pending,passed
CE0011289,LP036675,Leukopak Donation,08/11/2026,06:15am,pending,pending
CE0011297,LP031582,Leukopak Donation,10/02/2025,06:15am,pending,passed
CE0011297,LP032287,Leukopak Donation,11/17/2025,06:30am,pending,passed
CE0011297,LP033797,Leukopak Donation,02/24/2026,08:00am,cancelled,cancelled by donor
CE0011297,LP034318,Leukopak Donation,03/10/2026,10:15am,pending,passed
CE0011297,LP035403,Leukopak Donation,05/06/2026,06:15am,pending,passed
CE0011297,LP036350,Leukopak Donation,07/16/2026,07:30am,pending,passed
CE0011300,LP031492,Leukopak Donation,09/18/2025,06:15am,pending,passed
CE0011300,LP031935,Leukopak Donation,10/29/2025,06:15am,cancelled,cancelled by donor
CE0011301,LP032129,Leukopak Donation,11/06/2025,11:00am,pending,passed
CE0011304,LP032567,Leukopak Donation,12/01/2025,08:00am,pending,passed
CE0011304,LP033570,Leukopak Donation,02/09/2026,08:00am,no show,no show
CE0011304,LP034295,Leukopak Donation,03/13/2026,06:15am,pending,passed
CE0011304,LP034661,Leukopak Donation,04/20/2026,08:00am,pending,passed
CE0011304,LP035602,Leukopak Donation,05/26/2026,07:00am,pending,passed
CE0011304,LP035944,Leukopak Donation,06/30/2026,06:15am,pending,passed
CE0011305,LP031599,Leukopak Donation,10/07/2025,11:00am,pending,passed
CE0011305,LP032161,Leukopak Donation,11/12/2025,08:00am,pending,passed
CE0011305,LP032738,Leukopak Donation,12/18/2025,10:15am,pending,passed
CE0011305,LP033605,Leukopak Donation,02/03/2026,08:00am,pending,passed
CE0011305,LP035925,Leukopak Donation,06/17/2026,10:30am,pending,passed
CE0011305,LP036431,Leukopak Donation,07/29/2026,11:00am,pending,pending
CE0011306,LP032002,Leukopak Donation,10/15/2025,07:00am,pending,passed
CE0011309,LP031911,Leukopak Donation,10/07/2025,07:30am,pending,passed
CE0011311,LP032072,Leukopak Donation,11/03/2025,07:00am,pending,passed
CE0011312,LP032291,Leukopak Donation,11/13/2025,06:15am,pending,passed
CE0011312,LP033242,Leukopak Donation,01/22/2026,06:15am,no show,no show
CE0011312,LP033775,Leukopak Donation,02/05/2026,10:30am,pending,passed
CE0011315,LP032235,Leukopak Donation,11/06/2025,06:15am,pending,passed
CE0011316,LP034273,Leukopak Donation,03/09/2026,10:30am,pending,passed
CE0011316,LP034748,Leukopak Donation,04/20/2026,06:15am,pending,passed
CE0011316,LP035700,Leukopak Donation,05/27/2026,07:00am,cancelled,cancelled by donor
CE0011316,LP036377,Leukopak Donation,07/23/2026,07:30am,pending,pending
CE0011319,LP031802,Leukopak Donation,10/23/2025,11:00am,pending,passed
CE0011319,LP032580,Leukopak Donation,12/02/2025,08:00am,pending,passed
CE0011319,LP033007,Leukopak Donation,01/07/2026,10:30am,pending,passed
CE0011319,LP033513,Leukopak Donation,02/17/2026,10:30am,pending,passed
CE0011319,LP034216,Leukopak Donation,03/24/2026,10:30am,pending,passed
CE0011319,LP034851,Leukopak Donation,04/28/2026,08:00am,pending,passed
CE0011319,LP035708,Leukopak Donation,06/03/2026,10:30am,pending,passed
CE0011319,LP036231,Leukopak Donation,07/09/2026,10:30am,pending,passed
CE0011320,LP031818,Leukopak Donation,10/22/2025,06:15am,pending,failed
CE0011320,LP032278,Leukopak Donation,11/13/2025,07:00am,pending,passed
CE0011320,LP033831,Leukopak Donation,02/10/2026,07:00am,pending,passed
CE0011320,LP034544,Leukopak Donation,03/25/2026,08:00am,pending,passed
CE0011320,LP035191,Leukopak Donation,05/04/2026,07:30am,pending,passed
CE0011320,LP035623,Leukopak Donation,06/08/2026,06:30am,pending,passed
CE0011323,LP032101,Leukopak Donation,11/17/2025,07:00am,pending,no show
CE0011323,LP032606,Leukopak Donation,12/22/2025,07:00am,pending,passed
CE0011326,LP031889,Leukopak Donation,10/20/2025,11:00am,pending,passed
CE0011326,LP032326,Leukopak Donation,11/24/2025,08:00am,pending,passed
CE0011326,LP032823,Leukopak Donation,01/05/2026,07:00am,pending,passed
CE0011326,LP033647,Leukopak Donation,02/09/2026,06:15am,pending,failed
CE0011326,LP034171,Leukopak Donation,03/16/2026,10:15am,pending,passed
CE0011326,LP035818,Leukopak Donation,06/08/2026,10:45am,pending,passed
CE0011328,LP032078,Leukopak Donation,10/21/2025,06:15am,pending,passed
CE0011328,LP033794,Leukopak Donation,02/02/2026,07:30am,pending,passed
CE0011328,LP034465,Leukopak Donation,03/10/2026,06:30am,pending,passed
CE0011328,LP035606,Leukopak Donation,05/11/2026,06:15am,pending,passed
CE0011330,LP032639,Leukopak Donation,12/08/2025,07:00am,pending,passed
CE0011330,LP035972,Leukopak Donation,06/22/2026,08:00am,pending,passed
CE0011331,LP032146,Leukopak Donation,11/03/2025,10:30am,pending,passed
CE0011331,LP033375,Leukopak Donation,01/21/2026,06:15am,pending,passed
CE0011331,LP034534,Leukopak Donation,03/23/2026,11:00am,pending,passed
CE0011332,LP032159,Leukopak Donation,11/10/2025,06:15am,pending,passed
CE0011332,LP033547,Leukopak Donation,01/26/2026,10:15am,pending,failed
CE0011332,LP034072,Leukopak Donation,03/02/2026,10:30am,pending,passed
CE0011332,LP035237,Leukopak Donation,04/27/2026,07:30am,pending,passed
CE0011332,LP036043,Leukopak Donation,06/29/2026,11:00am,pending,passed
CE0011332,LP036485,Leukopak Donation,08/03/2026,08:00am,pending,pending
CE0011334,LP031877,Leukopak Donation,10/27/2025,07:00am,pending,failed
CE0011334,LP032265,Leukopak Donation,11/20/2025,07:00am,pending,passed
CE0011335,LP032226,Leukopak Donation,11/06/2025,06:15am,pending,passed
CE0011335,LP032758,Leukopak Donation,12/16/2025,06:15am,pending,passed
CE0011335,LP034254,Leukopak Donation,03/11/2026,07:00am,pending,passed
CE0011337,LP032087,Leukopak Donation,10/20/2025,06:15am,no show,no show
CE0011338,LP032503,Leukopak Donation,12/10/2025,08:00am,pending,failed
CE0011338,LP033070,Leukopak Donation,01/21/2026,11:00am,pending,passed
CE0011339,LP032181,Leukopak Donation,11/07/2025,06:15am,pending,passed
CE0011339,LP034185,Leukopak Donation,02/25/2026,06:15am,pending,passed
CE0011339,LP035069,Leukopak Donation,04/22/2026,06:15am,pending,passed
CE0011342,LP033773,Leukopak Donation,02/05/2026,06:15am,pending,passed
CE0011342,LP034528,Leukopak Donation,03/18/2026,11:00am,pending,passed
CE0011342,LP035349,Leukopak Donation,05/06/2026,08:00am,pending,passed
CE0011342,LP036267,Leukopak Donation,07/15/2026,08:00am,pending,passed
CE0011343,LP032781,Leukopak Donation,12/23/2025,10:15am,pending,passed
CE0011343,LP034176,Leukopak Donation,03/05/2026,11:00am,pending,passed
CE0011343,LP035180,Leukopak Donation,04/29/2026,11:00am,cancelled,cancelled by donor
CE0011343,LP035545,Leukopak Donation,05/12/2026,10:45am,pending,passed
CE0011343,LP036148,Leukopak Donation,06/29/2026,08:00am,pending,passed
CE0011345,LP032818,Leukopak Donation,12/10/2025,06:30am,pending,passed
CE0011345,LP033072,Leukopak Donation,01/14/2026,06:15am,pending,passed
CE0011345,LP034266,Leukopak Donation,03/04/2026,08:00am,pending,passed
CE0011345,LP035681,Leukopak Donation,06/02/2026,06:15am,no show,no show
CE0011345,LP036095,Leukopak Donation,06/24/2026,06:15am,pending,passed
CE0011348,LP032134,Leukopak Donation,10/30/2025,06:15am,pending,passed
CE0011348,LP033908,Leukopak Donation,03/23/2026,06:15am,pending,passed
CE0011348,LP035321,Leukopak Donation,05/05/2026,06:30am,no show,no show
CE0011348,LP036159,Leukopak Donation,06/16/2026,10:30am,pending,passed
CE0011348,LP036443,Leukopak Donation,07/29/2026,06:15am,pending,pending
CE0011349,LP033452,Leukopak Donation,01/22/2026,11:00am,pending,passed
CE0011349,LP034115,Leukopak Donation,03/02/2026,11:00am,pending,passed
CE0011349,LP034844,Leukopak Donation,04/07/2026,11:00am,pending,passed
CE0011349,LP035324,Leukopak Donation,05/13/2026,08:00am,pending,passed
CE0011349,LP036210,Leukopak Donation,07/08/2026,07:30am,pending,failed
CE0011349,LP036440,Leukopak Donation,07/29/2026,08:00am,pending,pending
CE0011351,LP032352,Leukopak Donation,11/24/2025,08:00am,pending,passed
CE0011351,LP034085,Leukopak Donation,03/16/2026,08:00am,pending,passed
CE0011351,LP034894,Leukopak Donation,04/21/2026,08:00am,pending,passed
CE0011351,LP036218,Leukopak Donation,07/15/2026,06:15am,pending,passed
CE0011354,LP032368,Leukopak Donation,11/25/2025,11:00am,pending,passed
CE0011354,LP033182,Leukopak Donation,01/13/2026,06:15am,pending,passed
CE0011354,LP033954,Leukopak Donation,02/19/2026,11:00am,pending,passed
CE0011354,LP034882,Leukopak Donation,04/06/2026,06:15am,pending,passed
CE0011354,LP036046,Leukopak Donation,06/25/2026,06:15am,no show,no show
CE0011357,LP036408,Leukopak Donation,07/09/2026,10:45am,pending,passed
CE0011358,LP032801,Leukopak Donation,12/17/2025,07:00am,pending,passed
CE0011359,LP033728,Leukopak Donation,02/05/2026,10:15am,pending,passed
CE0011359,LP034831,Leukopak Donation,04/07/2026,08:00am,pending,passed
CE0011359,LP036228,Leukopak Donation,07/06/2026,07:00am,pending,passed
CE0011360,LP032303,Leukopak Donation,11/17/2025,06:15am,pending,passed
CE0011360,LP033289,Leukopak Donation,01/22/2026,06:15am,pending,passed
CE0011360,LP033658,Leukopak Donation,02/26/2026,06:15am,pending,passed
CE0011360,LP034587,Leukopak Donation,04/16/2026,06:15am,pending,passed
CE0011360,LP035801,Leukopak Donation,06/18/2026,06:15am,pending,passed
CE0011363,LP032354,Leukopak Donation,11/21/2025,07:00am,pending,passed
CE0011363,LP033203,Leukopak Donation,01/05/2026,07:30am,pending,passed
CE0011366,LP033760,Leukopak Donation,02/26/2026,11:00am,pending,passed
CE0011366,LP034981,Leukopak Donation,04/08/2026,08:00am,pending,passed
CE0011366,LP035769,Leukopak Donation,05/27/2026,08:00am,pending,passed
CE0011368,LP032681,Leukopak Donation,12/16/2025,07:00am,pending,passed
CE0011368,LP033379,Leukopak Donation,01/29/2026,07:00am,pending,passed
CE0011368,LP034034,Leukopak Donation,03/05/2026,07:00am,pending,passed
CE0011368,LP035162,Leukopak Donation,05/07/2026,06:15am,pending,passed
CE0011368,LP035847,Leukopak Donation,06/11/2026,08:00am,pending,passed
CE0011368,LP036509,Leukopak Donation,08/06/2026,08:00am,pending,pending
CE0011369,LP034360,Leukopak Donation,03/12/2026,10:15am,pending,passed
CE0011377,LP035835,Leukopak Donation,06/16/2026,11:00am,pending,passed
CE0011380,LP033305,Leukopak Donation,01/12/2026,07:00am,cancelled,cancelled by donor
CE0011380,LP035556,Leukopak Donation,05/26/2026,06:15am,pending,passed
CE0011382,LP032624,Leukopak Donation,12/09/2025,06:30am,pending,passed
CE0011382,LP036659,Leukopak Donation,08/05/2026,06:30am,pending,pending
CE0011383,LP032852,Leukopak Donation,12/22/2025,06:15am,pending,passed
CE0011383,LP033445,Leukopak Donation,01/28/2026,06:30am,pending,passed
CE0011383,LP034170,Leukopak Donation,03/04/2026,10:30am,pending,passed
CE0011383,LP034721,Leukopak Donation,04/08/2026,07:15am,pending,passed
CE0011383,LP035492,Leukopak Donation,05/14/2026,08:00am,pending,passed
CE0011384,LP033409,Leukopak Donation,01/28/2026,06:15am,pending,passed
CE0011384,LP035010,Leukopak Donation,04/15/2026,08:00am,no show,no show
CE0011384,LP035226,Leukopak Donation,04/22/2026,06:15am,pending,passed
CE0011384,LP035575,Leukopak Donation,05/28/2026,06:15am,no show,no show
CE0011391,LP033392,Leukopak Donation,01/21/2026,06:30am,cancelled,cancelled by donor
CE0011391,LP034416,Leukopak Donation,03/26/2026,10:30am,pending,passed
CE0011391,LP035652,Leukopak Donation,06/09/2026,10:30am,pending,passed
CE0011394,LP033159,Leukopak Donation,01/12/2026,06:30am,pending,passed
CE0011394,LP034097,Leukopak Donation,03/02/2026,06:15am,pending,passed
CE0011394,LP035112,Leukopak Donation,04/23/2026,07:00am,pending,passed
CE0011395,LP033781,Leukopak Donation,02/13/2026,06:15am,pending,passed
CE0011395,LP034822,Leukopak Donation,04/06/2026,07:00am,cancelled,cancelled by donor
CE0011396,LP033012,Leukopak Donation,01/06/2026,11:00am,pending,passed
CE0011396,LP033706,Leukopak Donation,02/10/2026,10:30am,cancelled,cancelled by donor
CE0011396,LP034246,Leukopak Donation,03/03/2026,11:00am,pending,passed
CE0011396,LP034832,Leukopak Donation,04/07/2026,11:00am,cancelled,cancelled by donor
CE0011396,LP035085,Leukopak Donation,04/21/2026,10:30am,pending,passed
CE0011396,LP036664,Leukopak Donation,08/11/2026,10:15am,pending,pending
CE0011397,LP033053,Leukopak Donation,01/13/2026,11:00am,pending,passed
CE0011397,LP033949,Leukopak Donation,02/17/2026,06:30am,pending,failed
CE0011397,LP034507,Leukopak Donation,03/24/2026,06:30am,pending,passed
CE0011397,LP035215,Leukopak Donation,04/28/2026,06:30am,pending,passed
CE0011397,LP035850,Leukopak Donation,06/10/2026,07:30am,pending,passed
CE0011397,LP036560,Leukopak Donation,08/10/2026,07:30am,pending,pending
CE0011402,LP033106,Leukopak Donation,01/29/2026,06:15am,pending,passed
CE0011403,LP033732,Leukopak Donation,02/05/2026,08:00am,pending,passed
CE0011405,LP032711,Leukopak Donation,12/17/2025,06:15am,pending,passed
CE0011405,LP033075,Leukopak Donation,01/21/2026,06:15am,pending,passed
CE0011405,LP033945,Leukopak Donation,02/25/2026,06:15am,cancelled,cancelled by donor
CE0011405,LP034669,Leukopak Donation,03/30/2026,06:15am,pending,passed
CE0011405,LP035625,Leukopak Donation,05/22/2026,06:15am,pending,passed
CE0011405,LP036398,Leukopak Donation,07/23/2026,06:15am,pending,pending
CE0011406,LP034004,Leukopak Donation,02/25/2026,07:00am,pending,passed
CE0011406,LP034620,Leukopak Donation,04/01/2026,11:00am,pending,passed
CE0011406,LP035756,Leukopak Donation,05/26/2026,08:00am,cancelled,cancelled by donor
CE0011410,LP032813,Leukopak Donation,12/19/2025,06:15am,pending,passed
CE0011410,LP033480,Leukopak Donation,01/28/2026,06:15am,pending,passed
CE0011410,LP034143,Leukopak Donation,03/04/2026,06:30am,pending,passed
CE0011410,LP034842,Leukopak Donation,04/08/2026,06:15am,pending,passed
CE0011410,LP035618,Leukopak Donation,05/19/2026,07:00am,cancelled,cancelled by donor
CE0011410,LP035852,Leukopak Donation,06/15/2026,06:15am,pending,passed
CE0011410,LP036427,Leukopak Donation,07/27/2026,06:15am,pending,pending
CE0011411,LP033111,Leukopak Donation,01/20/2026,11:00am,pending,passed
CE0011412,LP033112,Leukopak Donation,01/20/2026,11:00am,pending,failed
CE0011413,LP032955,Leukopak Donation,01/05/2026,06:15am,pending,passed
CE0011413,LP034847,Leukopak Donation,03/30/2026,08:00am,pending,passed
CE0011414,LP033777,Leukopak Donation,02/05/2026,11:00am,pending,failed
CE0011415,LP033183,Leukopak Donation,01/26/2026,06:15am,pending,failed
CE0011420,LP034615,Leukopak Donation,03/30/2026,11:00am,pending,passed
CE0011420,LP035411,Leukopak Donation,05/06/2026,06:15am,pending,passed
CE0011423,LP033901,Leukopak Donation,02/17/2026,08:00am,pending,passed
CE0011424,LP033160,Leukopak Donation,01/07/2026,06:15am,pending,passed
CE0011425,LP033436,Leukopak Donation,01/29/2026,07:00am,cancelled,cancelled by donor
CE0011425,LP035812,Leukopak Donation,06/08/2026,06:15am,pending,passed
CE0011425,LP036309,Leukopak Donation,07/13/2026,10:45am,pending,passed
CE0011426,LP033187,Leukopak Donation,01/08/2026,10:15am,cancelled,cancelled by donor
CE0011426,LP033550,Leukopak Donation,01/27/2026,10:15am,pending,failed
CE0011429,LP033733,Leukopak Donation,02/18/2026,08:00am,pending,passed
CE0011429,LP035947,Leukopak Donation,06/15/2026,07:00am,pending,passed
CE0011429,LP036456,Leukopak Donation,07/29/2026,07:30am,pending,pending
CE0011430,LP033356,Leukopak Donation,01/26/2026,11:00am,cancelled,cancelled by donor
CE0011431,LP033718,Leukopak Donation,02/03/2026,06:15am,pending,passed
CE0011431,LP035287,Leukopak Donation,05/05/2026,06:15am,pending,passed
CE0011433,LP033759,Leukopak Donation,02/23/2026,06:15am,pending,passed
CE0011433,LP035173,Leukopak Donation,05/05/2026,06:15am,pending,passed
CE0011433,LP036098,Leukopak Donation,06/30/2026,06:15am,pending,passed
CE0011434,LP033251,Leukopak Donation,01/08/2026,07:00am,pending,passed
CE0011434,LP035048,Leukopak Donation,04/15/2026,08:00am,pending,passed
CE0011436,LP033339,Leukopak Donation,01/20/2026,06:30am,pending,passed
CE0011436,LP034730,Leukopak Donation,04/06/2026,06:15am,pending,passed
CE0011436,LP036524,Leukopak Donation,08/03/2026,06:30am,pending,pending
CE0011438,LP033411,Leukopak Donation,01/26/2026,07:00am,pending,passed
CE0011439,LP033105,Leukopak Donation,01/13/2026,06:15am,pending,passed
CE0011439,LP034833,Leukopak Donation,04/08/2026,06:15am,pending,passed
CE0011439,LP036216,Leukopak Donation,07/14/2026,06:15am,pending,passed
CE0011440,LP033341,Leukopak Donation,01/20/2026,06:15am,cancelled,cancelled by donor
CE0011443,LP033494,Leukopak Donation,02/03/2026,11:00am,cancelled,cancelled by donor
CE0011443,LP034633,Leukopak Donation,04/01/2026,10:45am,cancelled,cancelled by donor
CE0011447,LP034373,Leukopak Donation,03/19/2026,06:15am,pending,passed
CE0011448,LP033730,Leukopak Donation,02/23/2026,08:00am,pending,passed
CE0011448,LP035148,Leukopak Donation,05/04/2026,08:00am,pending,passed
CE0011449,LP033576,Leukopak Donation,02/23/2026,06:15am,pending,passed
CE0011449,LP034928,Leukopak Donation,04/13/2026,06:30am,pending,passed
CE0011449,LP035788,Leukopak Donation,06/03/2026,07:30am,pending,passed
CE0011449,LP036249,Leukopak Donation,07/08/2026,07:00am,cancelled,cancelled by canventa
CE0011449,LP036676,Leukopak Donation,08/11/2026,08:00am,pending,pending
CE0011452,LP035460,Leukopak Donation,05/19/2026,08:00am,pending,passed
CE0011452,LP036059,Leukopak Donation,07/09/2026,06:15am,pending,passed
CE0011456,LP033344,Leukopak Donation,01/27/2026,07:00am,no show,no show
CE0011458,LP033610,Leukopak Donation,02/03/2026,08:00am,pending,passed
CE0011458,LP034818,Leukopak Donation,04/20/2026,07:30am,no show,no show
CE0011459,LP034055,Leukopak Donation,03/16/2026,10:30am,pending,passed
CE0011459,LP034737,Leukopak Donation,04/20/2026,11:00am,pending,passed
CE0011459,LP035380,Leukopak Donation,05/26/2026,11:00am,pending,passed
CE0011459,LP036637,Leukopak Donation,08/10/2026,10:15am,pending,pending
CE0011460,LP033648,Leukopak Donation,01/27/2026,07:35am,pending,passed
CE0011460,LP034742,Leukopak Donation,04/02/2026,07:00am,pending,passed
CE0011460,LP035617,Leukopak Donation,05/27/2026,06:30am,pending,passed
CE0011460,LP036453,Leukopak Donation,07/28/2026,08:00am,pending,pending
CE0011464,LP033752,Leukopak Donation,02/05/2026,10:15am,pending,passed
CE0011464,LP034482,Leukopak Donation,03/19/2026,10:15am,pending,passed
CE0011464,LP035163,Leukopak Donation,04/23/2026,08:00am,pending,passed
CE0011465,LP034722,Leukopak Donation,04/10/2026,06:15am,pending,passed
CE0011465,LP036056,Leukopak Donation,07/31/2026,06:15am,pending,pending
CE0011469,LP033693,Leukopak Donation,02/04/2026,10:30am,pending,passed
CE0011471,LP034431,Leukopak Donation,03/10/2026,08:00am,pending,passed
CE0011473,LP034031,Leukopak Donation,03/09/2026,06:15am,pending,passed
CE0011475,LP033842,Leukopak Donation,02/17/2026,06:15am,pending,passed
CE0011475,LP034252,Leukopak Donation,03/31/2026,06:15am,pending,passed
CE0011475,LP035523,Leukopak Donation,05/12/2026,08:00am,cancelled,cancelled by donor
CE0011475,LP035660,Leukopak Donation,06/01/2026,10:45am,pending,passed
CE0011476,LP033927,Leukopak Donation,03/05/2026,11:00am,pending,passed
CE0011476,LP034947,Leukopak Donation,04/16/2026,10:30am,pending,passed
CE0011476,LP035754,Leukopak Donation,06/04/2026,10:30am,pending,passed
CE0011477,LP034393,Leukopak Donation,03/05/2026,08:00am,pending,passed
CE0011477,LP036282,Leukopak Donation,07/13/2026,06:15am,pending,passed
CE0011481,LP034873,Leukopak Donation,04/14/2026,09:00am,pending,passed
CE0011481,LP036196,Leukopak Donation,07/02/2026,08:00am,pending,passed
CE0011481,LP036657,Leukopak Donation,08/10/2026,06:30am,pending,pending
CE0011482,LP033670,Leukopak Donation,02/03/2026,07:00am,pending,passed
CE0011482,LP034265,Leukopak Donation,03/17/2026,07:00am,pending,passed
CE0011482,LP036296,Leukopak Donation,07/07/2026,06:15am,pending,passed
CE0011483,LP033968,Leukopak Donation,02/23/2026,10:30am,pending,passed
CE0011483,LP035118,Leukopak Donation,04/27/2026,06:15am,pending,passed
CE0011483,LP036232,Leukopak Donation,07/06/2026,11:00am,no show,no show
CE0011483,LP036577,Leukopak Donation,08/03/2026,10:45am,pending,pending
CE0011485,LP033938,Leukopak Donation,02/23/2026,07:00am,pending,passed
CE0011485,LP034476,Leukopak Donation,03/31/2026,06:15am,cancelled,cancelled by donor
CE0011485,LP036204,Leukopak Donation,07/09/2026,06:15am,pending,passed
CE0011489,LP034148,Leukopak Donation,02/24/2026,07:00am,pending,failed
CE0011490,LP033830,Leukopak Donation,02/19/2026,06:15am,pending,passed
CE0011491,LP033829,Leukopak Donation,02/18/2026,11:00am,pending,passed
CE0011491,LP036291,Leukopak Donation,07/02/2026,08:30am,pending,passed
CE0011493,LP034509,Leukopak Donation,03/17/2026,06:15am,pending,passed
CE0011493,LP035235,Leukopak Donation,05/08/2026,06:15am,pending,passed
CE0011494,LP036321,Leukopak Donation,07/16/2026,11:00am,pending,passed
CE0011496,LP034069,Leukopak Donation,03/02/2026,10:30am,no show,no show
CE0011498,LP033916,Leukopak Donation,02/24/2026,06:15am,pending,passed
CE0011498,LP034536,Leukopak Donation,04/01/2026,06:15am,pending,passed
CE0011498,LP035293,Leukopak Donation,05/06/2026,06:15am,no show,no show
CE0011498,LP036198,Leukopak Donation,07/02/2026,07:30am,pending,passed
CE0011499,LP034168,Leukopak Donation,03/02/2026,06:15am,pending,passed
CE0011502,LP033980,Leukopak Donation,03/12/2026,06:15am,pending,passed
CE0011502,LP034881,Leukopak Donation,04/21/2026,06:15am,pending,passed
CE0011502,LP036027,Leukopak Donation,06/23/2026,11:00am,pending,passed
CE0011502,LP036493,Leukopak Donation,07/30/2026,06:15am,pending,pending
CE0011503,LP033981,Leukopak Donation,03/12/2026,06:15am,pending,passed
CE0011503,LP034880,Leukopak Donation,04/21/2026,06:15am,pending,passed
CE0011503,LP036025,Leukopak Donation,06/23/2026,11:00am,pending,passed
CE0011503,LP036494,Leukopak Donation,07/30/2026,07:00am,pending,pending
CE0011504,LP034203,Leukopak Donation,03/19/2026,11:00am,pending,passed
CE0011504,LP035711,Leukopak Donation,06/15/2026,06:30am,pending,passed
CE0011504,LP036306,Leukopak Donation,07/20/2026,06:15am,pending,passed
CE0011505,LP034230,Leukopak Donation,03/10/2026,08:00am,pending,passed
CE0011505,LP035378,Leukopak Donation,05/21/2026,08:00am,pending,passed
CE0011505,LP036281,Leukopak Donation,07/09/2026,08:00am,pending,passed
CE0011506,LP034032,Leukopak Donation,03/10/2026,06:15am,pending,passed
CE0011506,LP034817,Leukopak Donation,04/15/2026,06:15am,cancelled,cancelled by donor
CE0011506,LP035446,Leukopak Donation,05/27/2026,06:15am,pending,passed
CE0011507,LP034033,Leukopak Donation,03/10/2026,06:15am,pending,passed
CE0011507,LP034815,Leukopak Donation,04/15/2026,06:15am,cancelled,cancelled by donor
CE0011507,LP035445,Leukopak Donation,05/27/2026,06:15am,pending,passed
CE0011508,LP034229,Leukopak Donation,03/03/2026,10:30am,pending,passed
CE0011509,LP034189,Leukopak Donation,02/25/2026,08:00am,pending,passed
CE0011509,LP035414,Leukopak Donation,05/12/2026,08:00am,pending,passed
CE0011509,LP035414,Leukopak Donation,05/12/2026,08:00am,pending,passed
CE0011512,LP034200,Leukopak Donation,03/03/2026,10:15am,pending,passed
CE0011512,LP035328,Leukopak Donation,05/05/2026,08:00am,pending,passed
CE0011512,LP035963,Leukopak Donation,06/16/2026,11:00am,pending,passed
CE0011512,LP036340,Leukopak Donation,07/21/2026,08:00am,pending,passed
CE0011513,LP034430,Leukopak Donation,03/17/2026,06:15am,pending,passed
CE0011515,LP034375,Leukopak Donation,03/12/2026,08:00am,pending,passed
CE0011519,LP034440,Leukopak Donation,03/18/2026,07:00am,pending,passed
CE0011519,LP035706,Leukopak Donation,06/01/2026,07:00am,pending,passed
CE0011519,LP036425,Leukopak Donation,07/14/2026,06:15am,pending,passed
CE0011520,LP034214,Leukopak Donation,03/05/2026,10:15am,pending,passed
CE0011520,LP035722,Leukopak Donation,06/02/2026,06:30am,pending,passed
CE0011520,LP036626,Leukopak Donation,07/20/2026,06:30am,pending,passed
CE0011521,LP034543,Leukopak Donation,03/18/2026,08:00am,no show,no show
CE0011523,LP034814,Leukopak Donation,04/02/2026,11:00am,no show,no show
CE0011523,LP035128,Leukopak Donation,04/30/2026,10:45am,pending,passed
CE0011523,LP036294,Leukopak Donation,07/06/2026,06:15am,pending,passed
CE0011525,LP036576,Leukopak Donation,07/23/2026,10:30am,pending,pending
CE0011526,LP034300,Leukopak Donation,03/24/2026,08:00am,pending,passed
CE0011528,LP034355,Leukopak Donation,03/17/2026,10:30am,pending,passed
CE0011528,LP035752,Leukopak Donation,06/01/2026,07:30am,pending,passed
CE0011528,LP035982,Leukopak Donation,07/06/2026,07:30am,pending,passed
CE0011531,LP035345,Leukopak Donation,05/08/2026,07:00am,pending,passed
CE0011531,LP035941,Leukopak Donation,06/15/2026,06:15am,cancelled,cancelled by donor
CE0011533,LP034570,Leukopak Donation,03/17/2026,10:15am,pending,passed
CE0011533,LP035270,Leukopak Donation,04/30/2026,07:30am,pending,passed
CE0011533,LP035966,Leukopak Donation,06/16/2026,10:30am,cancelled,cancelled by donor
CE0011535,LP034529,Leukopak Donation,03/23/2026,06:15am,pending,passed
CE0011535,LP035176,Leukopak Donation,05/08/2026,06:15am,cancelled,cancelled by donor
CE0011535,LP035588,Leukopak Donation,05/19/2026,10:45am,pending,passed
CE0011536,LP034452,Leukopak Donation,03/19/2026,08:00am,cancelled,cancelled by donor
CE0011536,LP034836,Leukopak Donation,04/10/2026,06:15am,pending,passed
CE0011536,LP036248,Leukopak Donation,07/31/2026,12:00pm,pending,pending
CE0011537,LP034649,Leukopak Donation,03/18/2026,07:30am,pending,passed
CE0011537,LP035355,Leukopak Donation,04/24/2026,07:30am,pending,passed
CE0011537,LP036029,Leukopak Donation,06/03/2026,09:00am,pending,passed
CE0011537,LP036522,Leukopak Donation,07/16/2026,08:00am,pending,passed
CE0011538,LP034591,Leukopak Donation,03/16/2026,07:30am,pending,passed
CE0011538,LP035130,Leukopak Donation,04/22/2026,07:30am,pending,passed
CE0011538,LP035896,Leukopak Donation,05/28/2026,06:15am,pending,passed
CE0011539,LP034552,Leukopak Donation,03/23/2026,06:15am,pending,passed
CE0011540,LP034517,Leukopak Donation,03/26/2026,07:00am,cancelled,cancelled by donor
CE0011540,LP034962,Leukopak Donation,04/16/2026,10:30am,pending,passed
CE0011540,LP036121,Leukopak Donation,06/29/2026,07:00am,cancelled,cancelled by donor
CE0011542,LP034565,Leukopak Donation,03/30/2026,06:15am,no show,no show
CE0011543,LP034637,Leukopak Donation,03/26/2026,08:00am,pending,no show
CE0011545,LP035478,Leukopak Donation,05/27/2026,10:30am,pending,passed
CE0011545,LP036070,Leukopak Donation,07/06/2026,10:30am,pending,passed
CE0011545,LP036592,Leukopak Donation,08/11/2026,10:30am,pending,pending
CE0011546,LP034813,Leukopak Donation,04/02/2026,08:00am,cancelled,cancelled by donor
CE0011546,LP034871,Leukopak Donation,04/14/2026,09:00am,pending,passed
CE0011546,LP035569,Leukopak Donation,05/26/2026,07:30am,cancelled,cancelled by donor
CE0011549,LP034812,Leukopak Donation,04/02/2026,08:00am,pending,passed
CE0011549,LP035630,Leukopak Donation,05/27/2026,06:15am,pending,passed
CE0011555,LP034741,Leukopak Donation,04/02/2026,11:00am,pending,passed
CE0011555,LP035483,Leukopak Donation,05/14/2026,06:45am,pending,passed
CE0011555,LP035725,Leukopak Donation,05/20/2026,09:00am,cancelled,cancelled by canventa
CE0011555,LP035914,Leukopak Donation,06/18/2026,06:15am,pending,passed
CE0011556,LP034745,Leukopak Donation,04/13/2026,11:00am,cancelled,cancelled by donor
CE0011556,LP035168,Leukopak Donation,04/29/2026,11:00am,pending,passed
CE0011556,LP035826,Leukopak Donation,06/11/2026,10:45am,pending,passed
CE0011558,LP034804,Leukopak Donation,04/07/2026,08:00am,cancelled,cancelled by donor
CE0011558,LP035269,Leukopak Donation,04/22/2026,08:00am,pending,passed
CE0011560,LP034982,Leukopak Donation,04/16/2026,08:00am,pending,passed
CE0011560,LP036690,Leukopak Donation,08/28/2026,07:00am,pending,pending
CE0011561,LP034862,Leukopak Donation,04/13/2026,08:00am,pending,passed
CE0011561,LP035961,Leukopak Donation,06/29/2026,06:15am,pending,passed
CE0011563,LP035354,Leukopak Donation,04/27/2026,10:30am,pending,failed
CE0011564,LP034984,Leukopak Donation,04/06/2026,07:00am,pending,passed
CE0011564,LP035758,Leukopak Donation,06/18/2026,10:30am,pending,passed
CE0011564,LP036632,Leukopak Donation,08/05/2026,10:30am,pending,pending
CE0011566,LP035042,Leukopak Donation,04/15/2026,07:30am,pending,passed
CE0011566,LP035946,Leukopak Donation,06/03/2026,06:15am,pending,passed
CE0011568,LP036614,Leukopak Donation,07/20/2026,06:15am,pending,passed
CE0011569,LP035054,Leukopak Donation,04/15/2026,11:00am,cancelled,cancelled by donor
CE0011569,LP035362,Leukopak Donation,05/06/2026,08:00am,pending,passed
CE0011569,LP036050,Leukopak Donation,06/23/2026,10:45am,pending,passed
CE0011569,LP036363,Leukopak Donation,07/29/2026,10:30am,pending,pending
CE0011570,LP035441,Leukopak Donation,05/11/2026,06:15am,cancelled,cancelled by donor
CE0011570,LP036299,Leukopak Donation,07/13/2026,06:15am,pending,passed
CE0011571,LP034979,Leukopak Donation,04/14/2026,11:00am,pending,passed
CE0011571,LP035338,Leukopak Donation,05/19/2026,06:15am,pending,passed
CE0011571,LP035841,Leukopak Donation,06/23/2026,06:30am,pending,passed
CE0011571,LP036434,Leukopak Donation,07/28/2026,06:15am,pending,pending
CE0011573,LP035223,Leukopak Donation,04/15/2026,08:45am,pending,passed
CE0011574,LP035129,Leukopak Donation,05/07/2026,06:15am,cancelled,cancelled by donor
CE0011576,LP035094,Leukopak Donation,04/22/2026,08:00am,pending,passed
CE0011577,LP035111,Leukopak Donation,04/22/2026,11:00am,pending,passed
CE0011577,LP035878,Leukopak Donation,06/17/2026,06:30am,pending,passed
CE0011577,LP036595,Leukopak Donation,08/05/2026,06:15am,pending,pending
CE0011580,LP035298,Leukopak Donation,04/21/2026,06:15am,no show,no show
CE0011580,LP035348,Leukopak Donation,05/05/2026,10:30am,cancelled,cancelled by canventa
CE0011580,LP035537,Leukopak Donation,05/18/2026,06:15am,no show,no show
CE0011582,LP035865,Leukopak Donation,06/17/2026,11:00am,pending,passed
CE0011584,LP035473,Leukopak Donation,05/12/2026,07:30am,pending,passed
CE0011584,LP036012,Leukopak Donation,06/23/2026,08:00am,pending,passed
CE0011585,LP036432,Leukopak Donation,07/29/2026,10:15am,pending,pending
CE0011586,LP035399,Leukopak Donation,04/27/2026,06:15am,pending,passed
CE0011586,LP035836,Leukopak Donation,06/03/2026,06:15am,pending,passed
CE0011586,LP036417,Leukopak Donation,07/14/2026,11:00am,pending,passed
CE0011587,LP036273,Leukopak Donation,07/07/2026,06:15am,no show,no show
CE0011587,LP036428,Leukopak Donation,07/27/2026,10:15am,pending,pending
CE0011591,LP035642,Leukopak Donation,05/22/2026,07:30am,no show,no show
CE0011591,LP036097,Leukopak Donation,06/29/2026,11:00am,pending,passed
CE0011592,LP035506,Leukopak Donation,05/18/2026,06:15am,cancelled,cancelled by donor
CE0011592,LP036460,Leukopak Donation,07/23/2026,10:45am,pending,pending
CE0011593,LP035395,Leukopak Donation,05/06/2026,06:15am,pending,passed
CE0011593,LP036113,Leukopak Donation,06/29/2026,06:30am,cancelled,cancelled by donor
CE0011595,LP035952,Leukopak Donation,06/04/2026,08:00am,pending,passed
CE0011596,LP035397,Leukopak Donation,05/11/2026,07:00am,pending,passed
CE0011597,LP035419,Leukopak Donation,05/13/2026,08:00am,pending,passed
CE0011598,LP035534,Leukopak Donation,05/07/2026,06:15am,pending,passed
CE0011598,LP036445,Leukopak Donation,07/29/2026,06:30am,pending,pending
CE0011599,LP035416,Leukopak Donation,05/13/2026,06:15am,pending,passed
CE0011599,LP035923,Leukopak Donation,06/17/2026,07:30am,pending,passed
CE0011599,LP036630,Leukopak Donation,08/03/2026,06:30am,pending,pending
CE0011601,LP035628,Leukopak Donation,06/01/2026,08:00am,pending,passed
CE0011602,LP035491,Leukopak Donation,05/21/2026,07:30am,pending,passed
CE0011602,LP036311,Leukopak Donation,07/08/2026,08:00am,pending,passed
CE0011603,LP035622,Leukopak Donation,05/22/2026,07:00am,pending,passed
CE0011603,LP035906,Leukopak Donation,06/29/2026,06:15am,pending,passed
CE0011603,LP036655,Leukopak Donation,08/03/2026,06:15am,pending,pending
CE0011604,LP035547,Leukopak Donation,05/26/2026,07:00am,pending,passed
CE0011604,LP036286,Leukopak Donation,07/09/2026,06:15am,pending,passed
CE0011604,LP036638,Leukopak Donation,08/13/2026,06:30am,pending,pending
CE0011605,LP035519,Leukopak Donation,05/18/2026,06:15am,pending,passed
CE0011605,LP035955,Leukopak Donation,06/22/2026,07:00am,pending,passed
CE0011608,LP035535,Leukopak Donation,05/21/2026,07:00am,cancelled,cancelled by donor
CE0011608,LP036310,Leukopak Donation,07/14/2026,10:30am,pending,passed
CE0011609,LP035714,Leukopak Donation,06/09/2026,11:00am,pending,passed
CE0011609,LP036343,Leukopak Donation,07/16/2026,10:30am,pending,passed
CE0011610,LP035659,Leukopak Donation,05/19/2026,08:00am,pending,passed
CE0011610,LP036361,Leukopak Donation,07/27/2026,07:00am,pending,pending
CE0011611,LP035749,Leukopak Donation,05/20/2026,09:00am,pending,passed
CE0011611,LP035957,Leukopak Donation,06/24/2026,11:00am,pending,passed
CE0011613,LP035674,Leukopak Donation,05/18/2026,10:30am,pending,passed
CE0011614,LP036251,Leukopak Donation,07/06/2026,06:30am,pending,passed
CE0011615,LP035678,Leukopak Donation,06/02/2026,07:30am,pending,passed
CE0011615,LP036359,Leukopak Donation,07/20/2026,06:15am,pending,passed
CE0011616,LP035943,Leukopak Donation,06/17/2026,10:45am,pending,passed
CE0011616,LP036404,Leukopak Donation,07/23/2026,10:30am,pending,pending
CE0011619,LP035863,Leukopak Donation,06/02/2026,06:15am,pending,passed
CE0011621,LP036367,Leukopak Donation,07/20/2026,10:45am,pending,passed
CE0011623,LP035873,Leukopak Donation,06/23/2026,07:00am,pending,passed
CE0011624,LP035960,Leukopak Donation,06/22/2026,06:15am,pending,passed
CE0011624,LP036400,Leukopak Donation,07/27/2026,07:30am,pending,pending
CE0011625,LP035747,Leukopak Donation,06/03/2026,10:45am,pending,passed
CE0011626,LP035763,Leukopak Donation,06/03/2026,08:00am,pending,passed
CE0011626,LP036284,Leukopak Donation,07/08/2026,06:15am,pending,passed
CE0011628,LP035823,Leukopak Donation,06/10/2026,08:00am,pending,passed
CE0011628,LP036389,Leukopak Donation,07/22/2026,06:15am,pending,passed
CE0011629,LP036263,Leukopak Donation,07/01/2026,07:00am,pending,passed
CE0011630,LP036258,Leukopak Donation,07/23/2026,08:00am,pending,pending
CE0011631,LP036222,Leukopak Donation,07/13/2026,07:00am,pending,passed
CE0011632,LP035822,Leukopak Donation,06/10/2026,08:00am,pending,passed
CE0011632,LP036279,Leukopak Donation,07/20/2026,08:00am,pending,failed
CE0011632,LP036658,Leukopak Donation,08/05/2026,08:00am,pending,pending
CE0011634,LP035874,Leukopak Donation,06/17/2026,06:15am,pending,passed
CE0011635,LP035875,Leukopak Donation,06/17/2026,06:15am,pending,passed
CE0011636,LP035872,Leukopak Donation,06/15/2026,11:00am,no show,no show
CE0011637,LP036254,Leukopak Donation,07/28/2026,07:30am,pending,pending
CE0011640,LP036353,Leukopak Donation,07/14/2026,10:45am,pending,passed
CE0011641,LP036090,Leukopak Donation,06/29/2026,07:30am,pending,passed
CE0011644,LP036314,Leukopak Donation,07/14/2026,08:00am,pending,passed
CE0011652,LP036379,Leukopak Donation,07/31/2026,06:30am,pending,pending
CE0011656,LP036450,Leukopak Donation,07/30/2026,10:30am,pending,pending
CE0011657,LP036333,Leukopak Donation,06/30/2026,06:15am,pending,passed
CE0011659,LP036365,Leukopak Donation,07/22/2026,07:30am,pending,passed
CE0011663,LP036401,Leukopak Donation,07/08/2026,06:30am,pending,passed
CE0011665,LP036458,Leukopak Donation,07/13/2026,10:30am,pending,passed
CE0011667,LP036406,Leukopak Donation,07/23/2026,06:15am,pending,pending
CE0011670,LP036455,Leukopak Donation,08/04/2026,10:30am,pending,pending
CE0011675,LP036369,Leukopak Donation,07/22/2026,06:15am,pending,passed
CE0011676,LP036413,Leukopak Donation,07/23/2026,11:00am,pending,pending
CE0011677,LP036680,Leukopak Donation,08/20/2026,08:00am,pending,pending
CE0011678,LP036629,Leukopak Donation,07/20/2026,07:30am,pending,passed
