Full Name,Description,Type,Created Date,Status,Donor ID,Draw Date,SSN,Details
Anthony Braden,LP026931,Leukopak Donation,11/25/2024 9:19 am,Passed,CE0010762,11/26/2024,307-94-1536,
Aaron Domingo,LP028183,Leukopak Donation,02/27/2025 10:23 am,Passed,CE0006864,03/19/2025,611-40-7353,
Aaron Elliott,LP029556,Leukopak Donation,05/21/2025 9:32 am,Passed,CE0005604,06/05/2025,624-78-4883,
Aaron Elliott,LP030691,Leukopak Donation,07/24/2025 1:43 pm,Passed,CE0005604,08/19/2025,624-78-4883,
Aaron Elliott,LP032098,Leukopak Donation,10/15/2025 4:06 pm,Passed,CE0005604,11/05/2025,624-78-4883,
Aaron Elliott,LP026079,Leukopak Donation,10/02/2024 7:59 am,Passed,CE0005604,10/02/2024,624-78-4883,
Aaron Elliott,LP026624,Leukopak Donation,11/08/2024 10:43 am,Passed,CE0005604,11/20/2024,624-78-4883,
Aaron Elliott,LP028328,Leukopak Donation,03/06/2025 3:10 pm,Passed,CE0005604,03/19/2025,624-78-4883,
Aaron Elliott,LP034201,Leukopak Donation,02/24/2026 3:48 pm,Passed,CE0005604,03/04/2026,624-78-4883,
Aaron Gold,LP036576,Leukopak Donation,07/15/2026 2:01 pm,Pending,CE0011525,,205-80-0568,
Aaron Leung,LP026510,Leukopak Donation,10/31/2024 10:19 am,Passed,CE0010497,11/25/2024,613-53-6929,
Aaron Leung,LP027431,Leukopak Donation,01/07/2025 12:47 pm,Passed,CE0010497,01/08/2025,613-53-6929,
Abby Rubin,LP036578,Leukopak Donation,07/15/2026 3:19 pm,Pending,CE0009923,,571-99-6058,
Abdullah Alomari,LP027624,Leukopak Donation,01/22/2025 8:04 am,Passed,CE0010895,02/10/2025,607-73-9742,
Abdullah Alomari,LP028097,Leukopak Donation,02/21/2025 12:07 pm,Passed,CE0010895,03/17/2025,607-73-9742,
Abdullah Alomari,LP036426,Leukopak Donation,07/07/2026 10:14 am,Pending,CE0010895,,607-73-9742,
Abdullah Alomari,LP035995,Leukopak Donation,06/02/2026 9:16 am,Passed,CE0010895,06/22/2026,607-73-9742,
Abdullah Alomari,LP030589,Leukopak Donation,07/21/2025 8:51 am,Passed,CE0010895,08/11/2025,607-73-9742,
Abdullah Alomari,LP031078,Leukopak Donation,08/20/2025 1:24 pm,Passed,CE0010895,09/15/2025,607-73-9742,
Abdullah Alomari,LP032014,Leukopak Donation,10/14/2025 7:23 am,Passed,CE0010895,11/03/2025,607-73-9742,
Abdullah Alomari,LP029247,Leukopak Donation,05/05/2025 9:58 am,Passed,CE0010895,05/27/2025,607-73-9742,
Abdullah Alomari,LP028590,Leukopak Donation,03/25/2025 6:58 am,Passed,CE0010895,04/21/2025,607-73-9742,
Abdullah Alomari,LP029920,Leukopak Donation,06/10/2025 11:10 am,Passed,CE0010895,07/07/2025,607-73-9742,
Abdullah Alomari,LP032572,Leukopak Donation,11/13/2025 12:52 pm,Cancelled by Canventa,CE0010895,,607-73-9742,not eligible for LP until 12/8/25
Abdullah Alomari,LP032762,Leukopak Donation,11/26/2025 2:25 pm,Passed,CE0010895,12/08/2025,607-73-9742,
Abdullah Alomari,LP035341,Leukopak Donation,04/21/2026 2:07 pm,Passed,CE0010895,05/11/2026,607-73-9742,
Abdullah Alomari,LP034772,Leukopak Donation,03/24/2026 3:40 pm,Cancelled by Canventa,CE0010895,,607-73-9742,staffing issue-04/20/2026
Adam Pagle,LP032231,Leukopak Donation,10/28/2025 7:01 am,Cancelled by Donor,CE0010452,,572-49-0648,
Adam Pagle,LP036385,Leukopak Donation,07/02/2026 8:44 am,Pending,CE0010452,,572-49-0648,
Adam Pagle,LP034705,Leukopak Donation,03/20/2026 10:03 am,Passed,CE0010452,03/24/2026,572-49-0648,
Addi Gaxiola,LP036293,Leukopak Donation,06/24/2026 3:17 pm,Passed,CE0011060,07/09/2026,607-51-1005,
Addi Gaxiola,LP029433,Leukopak Donation,05/13/2025 3:19 pm,Passed,CE0011060,05/27/2025,607-51-1005,
Addi Gaxiola,LP031867,Leukopak Donation,10/02/2025 4:08 pm,Passed,CE0011060,10/27/2025,607-51-1005,
Addi Gaxiola,LP034498,Leukopak Donation,03/10/2026 7:14 am,Passed,CE0011060,03/26/2026,607-51-1005,132 minutes Runtime d/t donor reaction
Addi Gaxiola,LP035679,Leukopak Donation,05/14/2026 9:39 am,Passed,CE0011060,06/02/2026,607-51-1005,
Addi Gaxiola,LP032776,Leukopak Donation,12/01/2025 1:22 pm,Passed,CE0011060,12/19/2025,607-51-1005,
Addi Gaxiola,LP033847,Leukopak Donation,02/03/2026 12:55 pm,Passed,CE0011060,02/19/2026,607-51-1005,
Adolfo Garcia,LP034637,Leukopak Donation,03/17/2026 2:33 pm,No Show,CE0011543,,613-53-6342,no show per fy26 sti sheet -sj
Adrian Cowherd,LP027549,Leukopak Donation,01/14/2025 8:32 am,Failed,CE0010345,,613-86-1387,did not donate. Donor thought he was doing bone marrow
Adrian Paul,LP029228,Leukopak Donation,05/02/2025 9:35 am,Passed,CE0010957,05/07/2025,112-70-4840,
Adrian Paul,LP029554,Leukopak Donation,05/21/2025 9:23 am,Passed,CE0010957,06/11/2025,112-70-4840,
Adrian Paul,LP031731,Leukopak Donation,09/25/2025 11:33 am,Passed,CE0010957,10/07/2025,112-70-4840,
Adrian Paul,LP030537,Leukopak Donation,07/16/2025 4:19 pm,Passed,CE0010957,08/11/2025,112-70-4840,
Adrian Paul,LP028347,Leukopak Donation,03/10/2025 9:21 am,Passed,CE0010957,03/20/2025,112-70-4840,
Adrian Paul,LP028198,Leukopak Donation,02/27/2025 3:07 pm,Cancelled by Donor,CE0010957,,112-70-4840,03/11/2025
Adrian Paul,LP036685,Leukopak Donation,07/23/2026 6:21 am,Pending,CE0010957,,112-70-4840,
Adrian Paul,LP035626,Leukopak Donation,05/08/2026 10:24 am,Passed,CE0010957,06/18/2026,112-70-4840,
Adrian Paul,LP032504,Leukopak Donation,11/10/2025 9:52 am,Passed,CE0010957,12/02/2025,112-70-4840,
Adrian Paul,LP034257,Leukopak Donation,02/26/2026 10:17 am,Passed,CE0010957,04/02/2026,112-70-4840,
Adrian Paul,LP033900,Leukopak Donation,02/05/2026 9:16 am,Passed,CE0010957,02/26/2026,112-70-4840,
Adrian Paul,LP035292,Leukopak Donation,04/17/2026 10:58 am,Passed,CE0010957,05/08/2026,112-70-4840,
Agustina Santa-Cruz,LP028976,Leukopak Donation,04/21/2025 7:37 am,Passed,CE0006842,04/21/2025,624-35-3837,
Agustina Santa-Cruz,LP027147,Leukopak Donation,12/09/2024 10:31 am,Passed,CE0006842,12/11/2024,624-35-3837,
Agustina Santa-Cruz,LP028343,Leukopak Donation,03/10/2025 6:49 am,Passed,CE0006842,03/10/2025,624-35-3837,
Ahmed Sabirov,LP028813,Leukopak Donation,04/08/2025 12:51 pm,Passed,CE0010934,04/24/2025,626-69-4644,
Ahmed Sabirov,LP031676,Leukopak Donation,09/23/2025 3:20 pm,Cancelled by Donor,CE0010934,,626-69-4644,
Ahmed Sabirov,LP028140,Leukopak Donation,02/25/2025 1:55 pm,Passed,CE0010934,03/04/2025,626-69-4644,
Ailun Shi,LP028157,Leukopak Donation,02/26/2025 9:14 am,Cancelled by Donor,CE0010914,,,3/3/2025
Ajanique Raven,LP028066,Leukopak Donation,02/20/2025 10:37 am,Failed,CE0010189,,615-80-8007,Donor had bone graft procedure done (dental procedure 2/17/2025). Defer donor for 12 months. OK to come back for RIDS after 2/17/2026. Donor made aware.
Ajanique Raven,LP027884,Leukopak Donation,01/31/2025 10:06 am,Cancelled by Donor,CE0010189,,615-80-8007,
Ajanique Raven,LP027024,Leukopak Donation,12/04/2024 9:44 am,Cancelled by Donor,CE0010189,,615-80-8007,12/10
Alaysia Springer,LP035946,Leukopak Donation,05/28/2026 12:01 pm,Passed,CE0011566,06/03/2026,366-25-2190,
Alaysia Springer,LP035042,Leukopak Donation,04/07/2026 11:58 am,Passed,CE0011566,04/15/2026,366-25-2190,
Albert Tsui,LP029173,Leukopak Donation,04/30/2025 3:35 pm,Passed,CE0010980,05/05/2025,620-55-4825,
Albert Tsui,LP030754,Leukopak Donation,07/30/2025 7:50 am,Passed,CE0010980,08/20/2025,620-55-4825,
Alejandro Pazzi Cerda,LP031468,Leukopak Donation,09/15/2025 6:22 am,Passed,CE0010724,09/30/2025,614-45-8993,
Alejandro Pazzi Cerda,LP031985,Leukopak Donation,10/10/2025 9:51 am,Passed,CE0010724,11/04/2025,614-45-8993,
Alejandro Pazzi Cerda,LP028793,Leukopak Donation,04/07/2025 10:49 am,Passed,CE0010724,04/16/2025,614-45-8993,
Alejandro Pazzi Cerda,LP030229,Leukopak Donation,06/26/2025 10:26 am,Passed,CE0010724,07/14/2025,614-45-8993,
Alejandro Pazzi Cerda,LP026497,Leukopak Donation,10/30/2024 9:19 am,Passed,CE0010724,11/06/2024,614-45-8993,
Alejandro Pazzi Cerda,LP027019,Leukopak Donation,12/04/2024 9:20 am,Passed,CE0010724,12/11/2024,614-45-8993,
Alejandro Pazzi Cerda,LP028098,Leukopak Donation,02/24/2025 6:29 am,Passed,CE0010724,03/05/2025,614-45-8993,
Alejandro Pazzi Cerda,LP027457,Leukopak Donation,01/08/2025 1:08 pm,Passed,CE0010724,01/15/2025,614-45-8993,
Alejandro Pazzi Cerda,LP029408,Leukopak Donation,05/13/2025 10:53 am,Passed,CE0010724,05/22/2025,614-45-8993,
Alek Picardal,LP028450,Leukopak Donation,03/17/2025 8:54 am,Passed,CE0010861,03/27/2025,614-68-1488,
Alek Picardal,LP029119,Leukopak Donation,04/28/2025 6:50 am,Passed,CE0010861,05/05/2025,614-68-1488,
Alek Picardal,LP030132,Leukopak Donation,06/23/2025 12:48 pm,Passed,CE0010861,07/14/2025,614-68-1488,
Alek Picardal,LP029733,Leukopak Donation,06/02/2025 6:15 am,Passed,CE0010861,06/09/2025,614-68-1488,
Alek Picardal,LP030703,Leukopak Donation,07/28/2025 9:19 am,Passed,CE0010861,08/19/2025,614-68-1488,
Alek Picardal,LP031661,Leukopak Donation,09/23/2025 1:12 pm,Passed,CE0010861,10/13/2025,614-68-1488,
Alek Picardal,LP031371,Leukopak Donation,09/04/2025 12:17 pm,Cancelled by Donor,CE0010861,,614-68-1488,09/23/2025
Alek Picardal,LP032228,Leukopak Donation,10/28/2025 6:40 am,Passed,CE0010861,11/17/2025,614-68-1488,"Per CRM notes, donor showed up 30 mins late @6:46am"
Alek Picardal,LP028316,Leukopak Donation,03/06/2025 10:48 am,Cancelled by Donor,CE0010861,,614-68-1488,03/13/2025
Alek Picardal,LP027642,Leukopak Donation,01/22/2025 12:31 pm,Passed,CE0010861,02/04/2025,614-68-1488,.
Alek Picardal,LP035856,Leukopak Donation,05/26/2026 10:41 am,Passed,CE0010861,06/11/2026,614-68-1488,
Alek Picardal,LP033835,Leukopak Donation,02/03/2026 6:17 am,Passed,CE0010861,02/11/2026,614-68-1488,
Alek Picardal,LP032769,Leukopak Donation,12/01/2025 11:46 am,No Show,CE0010861,,614-68-1488,12/22/2025
Alek Picardal,LP035224,Leukopak Donation,04/15/2026 9:12 am,Passed,CE0010861,05/04/2026,614-68-1488,
Alek Picardal,LP034647,Leukopak Donation,03/18/2026 6:52 am,Passed,CE0010861,03/26/2026,614-68-1488,
Alex Dang,LP036400,Leukopak Donation,07/02/2026 12:11 pm,Pending,CE0011624,,624-37-5805,
Alex Dang,LP035960,Leukopak Donation,06/01/2026 6:08 am,Passed,CE0011624,06/22/2026,624-37-5805,
Alexa Chavez,LP026339,Leukopak Donation,10/18/2024 4:05 pm,Passed,CE0010690,10/22/2024,617-42-0189,
"Alexander ""Alex"" Drake",LP036630,Leukopak Donation,07/20/2026 8:26 am,Pending,CE0011599,,167-70-3012,
"Alexander ""Alex"" Drake",LP035923,Leukopak Donation,05/28/2026 9:35 am,Passed,CE0011599,06/17/2026,167-70-3012,
"Alexander ""Alex"" Drake",LP035416,Leukopak Donation,04/27/2026 1:10 pm,Passed,CE0011599,05/13/2026,167-70-3012,
"Alexander ""Ash"" Ivanov",LP027007,Leukopak Donation,12/03/2024 4:33 pm,Passed,CE0009866,12/19/2024,617-31-8744,
Alexander Felix,LP036363,Leukopak Donation,07/01/2026 10:57 am,Pending,CE0011569,,605-96-0735,
Alexander Felix,LP036050,Leukopak Donation,06/03/2026 12:51 pm,Passed,CE0011569,06/23/2026,605-96-0735,
Alexander Felix,LP035054,Leukopak Donation,04/08/2026 8:45 am,Cancelled by Donor,CE0011569,,605-96-0735,"04/15/2026- canceled, sick."
Alexander Felix,LP035362,Leukopak Donation,04/22/2026 3:55 pm,Passed,CE0011569,05/06/2026,605-96-0735,
Alexander Mok,LP026375,Leukopak Donation,10/23/2024 6:00 am,Passed,CE0010793,11/12/2024,621-86-3279,
Alexander Rutner,LP027192,Leukopak Donation,12/10/2024 10:38 am,Passed,CE0010797,01/08/2025,616-36-0423,
Alexander Rutner,LP026458,Leukopak Donation,10/28/2024 3:17 pm,Passed,CE0010797,11/07/2024,616-36-0423,
Alexander Rutner,LP028202,Leukopak Donation,02/28/2025 7:24 am,Passed,CE0010797,03/05/2025,616-36-0423,"171"" due to family emergency"
Alexander Rutner,LP028816,Leukopak Donation,04/08/2025 1:18 pm,Cancelled by Donor,CE0010797,,616-36-0423,04/30/2025
Alexander Rutner,LP029583,Leukopak Donation,05/22/2025 9:50 am,Passed,CE0010797,06/11/2025,616-36-0423,
Alexander Rutner,LP030255,Leukopak Donation,06/30/2025 2:05 pm,Passed,CE0010797,07/23/2025,616-36-0423,
Alexander Rutner,LP031603,Leukopak Donation,09/22/2025 7:47 am,Cancelled by Donor,CE0010797,,616-36-0423,10/10/2025
Alexander Rutner,LP032298,Leukopak Donation,10/29/2025 9:50 am,Passed,CE0010797,11/19/2025,616-36-0423,
Alexander Rutner,LP033188,Leukopak Donation,12/23/2025 11:33 am,Cancelled by Donor,CE0010797,,616-36-0423,01/16/2026
Alexander Rutner,LP034952,Leukopak Donation,04/01/2026 4:21 pm,Cancelled by Donor,CE0010797,,616-36-0423,04/23/2026
"Alexandra ""Alex"" Olivas",LP032159,Leukopak Donation,10/22/2025 1:00 pm,Passed,CE0011332,11/10/2025,624-51-6119,
"Alexandra ""Alex"" Olivas",LP035237,Leukopak Donation,04/15/2026 10:51 am,Passed,CE0011332,04/28/2026,624-51-6119,
"Alexandra ""Alex"" Olivas",LP036043,Leukopak Donation,06/03/2026 11:28 am,Passed,CE0011332,06/29/2026,624-51-6119,
"Alexandra ""Alex"" Olivas",LP036485,Leukopak Donation,07/09/2026 9:47 am,Pending,CE0011332,,624-51-6119,
"Alexandra ""Alex"" Olivas",LP033547,Leukopak Donation,01/21/2026 11:25 am,Failed,CE0011332,,624-51-6119,Failed LP due to loss of access
"Alexandra ""Alex"" Olivas",LP034072,Leukopak Donation,02/17/2026 2:01 pm,Passed,CE0011332,03/02/2026,624-51-6119,
Alexandria Martinez,LP027426,Leukopak Donation,01/07/2025 9:28 am,Passed,CE0010584,01/22/2025,622-19-0578,
Alexandria Martinez,LP026631,Leukopak Donation,11/08/2024 12:49 pm,Passed,CE0010584,11/21/2024,622-19-0578,
Alexandria Martinez,LP028092,Leukopak Donation,02/21/2025 11:03 am,Passed,CE0010584,03/31/2025,622-19-0578,
Alexandria Martinez,LP036517,Leukopak Donation,07/13/2026 11:30 am,Pending,CE0010584,,622-19-0578,
Alexandria Martinez,LP035726,Leukopak Donation,05/18/2026 11:30 am,Failed,CE0010584,06/15/2026,622-19-0578,Late entry from 6/15/26. Donor passed screening but failed access. DC
Alexandria Martinez,LP035964,Leukopak Donation,06/01/2026 7:45 am,Passed,CE0010584,06/22/2026,622-19-0578,
Alexandria Martinez,LP029538,Leukopak Donation,05/20/2025 1:08 pm,Passed,CE0010584,06/04/2025,622-19-0578,
Alexandria Martinez,LP031670,Leukopak Donation,09/23/2025 3:07 pm,Passed,CE0010584,10/08/2025,622-19-0578,
Alexandria Martinez,LP034747,Leukopak Donation,03/24/2026 6:36 am,Passed,CE0010584,04/13/2026,622-19-0578,
Alexandria Martinez,LP033721,Leukopak Donation,01/29/2026 6:39 am,Passed,CE0010584,02/04/2026,622-19-0578,
Alexis Rojas,LP030446,Leukopak Donation,07/14/2025 11:52 am,Passed,CE0010627,08/04/2025,617-23-1021,
Alexis Rojas,LP028957,Leukopak Donation,04/17/2025 11:47 am,Passed,CE0010627,05/05/2025,617-23-1021,
Alexis Rojas,LP029984,Leukopak Donation,06/13/2025 8:47 am,Passed,CE0010627,06/16/2025,617-23-1021,
Alexis Rojas,LP027340,Leukopak Donation,01/02/2025 8:24 am,Cancelled by Donor,CE0010627,,617-23-1021,01/15/2025
Alexis Rojas,LP028271,Leukopak Donation,03/03/2025 3:00 pm,Passed,CE0010627,03/11/2025,617-23-1021,
Alexis Rojas,LP026271,Leukopak Donation,10/15/2024 7:23 am,Passed,CE0010627,10/24/2024,617-23-1021,
Alice Kwok,LP032383,Leukopak Donation,11/04/2025 10:57 am,Cancelled by Donor,CE0011142,,620-36-8582,Same Day
Alice Kwok,LP031697,Leukopak Donation,09/24/2025 11:22 am,Passed,CE0011142,10/09/2025,620-36-8582,
Alice Kwok,LP030196,Leukopak Donation,06/25/2025 7:18 am,Passed,CE0011142,07/09/2025,620-36-8582,
Alicia K Garcia,LP030045,Leukopak Donation,06/17/2025 9:37 am,Pending,CE0005559,,,
Aliya Earley,LP033760,Leukopak Donation,01/30/2026 10:02 am,Passed,CE0011366,02/26/2026,604-31-7403,
Aliya Earley,LP034981,Leukopak Donation,04/02/2026 2:00 pm,Passed,CE0011366,04/08/2026,604-31-7403,
Aliya Earley,LP035769,Leukopak Donation,05/19/2026 3:48 pm,Passed,CE0011366,05/27/2026,604-31-7403,
Allison Mitchell,LP034031,Leukopak Donation,02/13/2026 6:41 am,Passed,CE0011473,03/09/2026,613-57-1533,
Allison Neves,LP029190,Leukopak Donation,05/01/2025 8:12 am,Passed,CE0008528,05/15/2025,619-10-1608,
Alyssa Huang,LP036369,Leukopak Donation,07/01/2026 1:40 pm,Passed,CE0011675,,617-04-8982,passed per FY27 STI sheet -SJ 7/23/26
Amanda Dubose,LP029759,Leukopak Donation,06/02/2025 12:51 pm,Passed,CE0010640,06/17/2025,621-56-8390,
Amanda Dubose,LP029174,Leukopak Donation,04/30/2025 3:40 pm,Passed,CE0010640,05/12/2025,621-56-8390,
Amanda Dubose,LP028823,Leukopak Donation,04/08/2025 1:47 pm,No Show,CE0010640,,621-56-8390,04/28/2025- See CRM notes
Amanda Dubose,LP028518,Leukopak Donation,03/20/2025 6:44 am,Passed,CE0010640,03/24/2025,621-56-8390,
Amanda Dubose,LP030457,Leukopak Donation,07/14/2025 2:01 pm,No Show,CE0010640,,621-56-8390,8/5/2025
Amanda Dubose,LP026596,Leukopak Donation,11/06/2024 12:15 pm,Passed,CE0010640,11/12/2024,621-56-8390,Muscle cramp in foot after rinseback
Amanda Dubose,LP027066,Leukopak Donation,12/05/2024 8:33 am,Passed,CE0010640,12/19/2024,621-56-8390,
Amanda Dubose,LP027421,Leukopak Donation,01/06/2025 1:51 pm,Failed,CE0010640,01/23/2025,621-56-8390,Collection Failure
Amanda Dubose,LP028259,Leukopak Donation,03/03/2025 1:17 pm,No Show,CE0010640,,621-56-8390,03/17/2025
Amanda Dubose,LP027717,Leukopak Donation,01/24/2025 1:27 pm,Passed,CE0010640,02/10/2025,621-56-8390,
Amber Abbott,LP027008,Leukopak Donation,12/03/2024 4:34 pm,Passed,CE0010759,12/19/2024,553-85-7719,
Amber Abbott,LP027374,Leukopak Donation,01/03/2025 8:33 am,Passed,CE0010759,01/27/2025,553-85-7719,
Amber Abbott,LP028194,Leukopak Donation,02/27/2025 1:36 pm,Passed,CE0010759,03/10/2025,553-85-7719,
Amber Abbott,LP026376,Leukopak Donation,10/23/2024 8:56 am,Passed,CE0010759,11/14/2024,553-85-7719,
Amber Abbott,LP026087,Leukopak Donation,10/02/2024 11:52 am,Passed,CE0010759,10/10/2024,553-85-7719,
Amber Abbott,LP036478,Leukopak Donation,07/09/2026 8:32 am,Pending,CE0010759,,553-85-7719,
Amber Abbott,LP029434,Leukopak Donation,05/13/2025 4:00 pm,Passed,CE0010759,05/20/2025,553-85-7719,
Amber Abbott,LP028603,Leukopak Donation,03/25/2025 11:59 am,Passed,CE0010759,04/15/2025,553-85-7719,
Amber Abbott,LP034707,Leukopak Donation,03/20/2026 10:18 am,Passed,CE0010759,03/24/2026,553-85-7719,
Amber Abbott,LP035767,Leukopak Donation,05/19/2026 3:44 pm,Cancelled by Donor,CE0010759,,553-85-7719,06/09/2026
Amber Abbott,LP032968,Leukopak Donation,12/09/2025 3:13 pm,Passed,CE0010759,01/06/2026,553-85-7719,
Amber Abbott,LP033883,Leukopak Donation,02/04/2026 12:18 pm,Cancelled by Donor,CE0010759,,553-85-7719,
Amber Abbott,LP033999,Leukopak Donation,02/11/2026 7:14 am,Cancelled by Donor,CE0010759,,553-85-7719,
Ami Felson,LP031406,Leukopak Donation,09/09/2025 9:42 am,Passed,CE0011277,09/11/2025,608-02-6017,
Ami Felson,LP031509,Leukopak Donation,09/16/2025 8:24 am,Passed,CE0011277,10/20/2025,608-02-6017,
Ami Felson,LP035798,Leukopak Donation,05/20/2026 11:25 am,Passed,CE0011277,06/11/2026,608-02-6017,
Ami Felson,LP034759,Leukopak Donation,03/24/2026 3:02 pm,No Show,CE0011277,,608-02-6017,3/25/2026 No show
Ami Felson,LP033715,Leukopak Donation,01/28/2026 3:23 pm,Passed,CE0011277,02/11/2026,608-02-6017,
Ami Felson,LP032369,Leukopak Donation,11/03/2025 1:36 pm,Passed,CE0011277,11/26/2025,608-02-6017,
Amir Hassanpour,LP036046,Leukopak Donation,06/03/2026 12:09 pm,No Show,CE0011354,,648-55-5963,
Amir Hassanpour,LP032368,Leukopak Donation,11/03/2025 1:33 pm,Passed,CE0011354,11/25/2025,648-55-5963,
Amir Hassanpour,LP033182,Leukopak Donation,12/23/2025 10:14 am,Passed,CE0011354,01/13/2026,648-55-5963,
Amir Hassanpour,LP033954,Leukopak Donation,02/09/2026 3:57 pm,Passed,CE0011354,02/19/2026,648-55-5963,
Amir Hassanpour,LP034882,Leukopak Donation,03/31/2026 10:38 am,Passed,CE0011354,04/06/2026,648-55-5963,
Amy Dinh,LP029140,Leukopak Donation,04/29/2025 9:25 am,Passed,CE0010946,05/12/2025,621-32-9596,
Amy Dinh,LP028293,Leukopak Donation,03/05/2025 7:35 am,Passed,CE0010946,03/17/2025,621-32-9596,
Anastasia Herrera,LP027017,Leukopak Donation,12/04/2024 9:01 am,Passed,CE0010585,12/11/2024,445-15-3689,
Andre Deleon,LP029335,Leukopak Donation,05/08/2025 10:25 am,Passed,CE0010943,05/28/2025,603-57-3431,
Andre Deleon,LP030814,Leukopak Donation,08/04/2025 2:13 pm,Passed,CE0010943,08/25/2025,603-57-3431,
Andre Deleon,LP036031,Leukopak Donation,06/03/2026 8:57 am,Passed,CE0010943,06/17/2026,603-57-3431,
Andre Deleon,LP033024,Leukopak Donation,12/15/2025 6:45 am,Cancelled by Donor,CE0010943,,603-57-3431,Cancelled 1/6/2026
Andrea Gomez,LP026269,Leukopak Donation,10/15/2024 7:21 am,Passed,CE0010615,10/24/2024,604-21-1242,
Andrea Gomez,LP028223,Leukopak Donation,02/28/2025 11:43 am,Passed,CE0010615,03/05/2025,604-21-1242,
Andrea Martin,LP026088,Leukopak Donation,10/02/2024 12:07 pm,Cancelled by Donor,CE0006394,,622-01-2985,10/10
Andrea Robertson,LP028731,Leukopak Donation,04/02/2025 9:43 am,Passed,CE0005849,04/14/2025,624-58-4442,
Andrea Robertson,LP027497,Leukopak Donation,01/09/2025 5:02 pm,Passed,CE0005849,01/23/2025,624-58-4442,
Andres Mota,LP033843,Leukopak Donation,02/03/2026 10:06 am,Passed,CE0010127,02/10/2026,178-30-9944,
Andres Mota,LP026896,Leukopak Donation,11/21/2024 10:45 am,Passed,CE0010127,12/16/2024,178-30-9944,
Andres Mota,LP028149,Leukopak Donation,02/25/2025 4:31 pm,Passed,CE0010127,03/24/2025,178-30-9944,
Andres Tinajero,LP034148,Leukopak Donation,02/23/2026 9:17 am,Failed,CE0011489,02/24/2026,608-23-7880,
Andrew Dang,LP036333,Leukopak Donation,06/29/2026 9:46 am,Passed,CE0011657,06/30/2026,610-67-2994,
Andrew Morehead,LP028358,Leukopak Donation,03/10/2025 1:25 pm,Passed,CE0010948,03/12/2025,610-33-3163,
Andreya Camacho,LP035865,Leukopak Donation,05/26/2026 12:19 pm,Passed,CE0011582,06/17/2026,626-78-9119,
Angel Cerritos,LP029552,Leukopak Donation,05/21/2025 9:20 am,Passed,CE0011047,06/03/2025,617-19-8073,
Angel Cerritos,LP029253,Leukopak Donation,05/05/2025 11:12 am,Cancelled by Donor,CE0011047,,617-19-8073,5/13/2025
Angel Diaz,LP028126,Leukopak Donation,02/25/2025 10:25 am,Passed,CE0010792,03/04/2025,614-37-6368,
Angel Diaz,LP027354,Leukopak Donation,01/02/2025 11:00 am,Passed,CE0010792,01/23/2025,614-37-6368,
Angel Diaz,LP026530,Leukopak Donation,11/01/2024 2:41 pm,Passed,CE0010792,11/06/2024,614-37-6368,
Angel Diaz,LP031232,Leukopak Donation,08/27/2025 4:23 pm,No Show,CE0010792,,614-37-6368,No Show 9/16
Angel Diaz,LP029181,Leukopak Donation,04/30/2025 3:54 pm,Passed,CE0010792,05/14/2025,614-37-6368,"Lost access at 135"""
Angel Diaz,LP028516,Leukopak Donation,03/19/2025 3:09 pm,Passed,CE0010792,04/09/2025,614-37-6368,
Angel Wilson,LP034984,Leukopak Donation,04/03/2026 8:54 am,Passed,CE0011564,04/06/2026,557-85-9338,
Angel Wilson,LP035758,Leukopak Donation,05/19/2026 12:24 pm,Passed,CE0011564,06/18/2026,557-85-9338,
Angel Wilson,LP036632,Leukopak Donation,07/20/2026 9:29 am,Pending,CE0011564,,557-85-9338,
Angela Chen,LP032582,Leukopak Donation,11/13/2025 2:43 pm,Passed,CE0011182,12/02/2025,765-16-4784,
Angela Chen,LP033180,Leukopak Donation,12/23/2025 10:03 am,Passed,CE0011182,01/13/2026,765-16-4784,
Angela Chen,LP033932,Leukopak Donation,02/06/2026 8:53 am,Passed,CE0011182,02/17/2026,765-16-4784,
Angela Chen,LP035057,Leukopak Donation,04/08/2026 9:51 am,Passed,CE0011182,04/28/2026,765-16-4784,
Angela Chen,LP034417,Leukopak Donation,03/05/2026 7:46 am,Passed,CE0011182,03/24/2026,765-16-4784,
Angela Chen,LP031887,Leukopak Donation,10/06/2025 1:16 pm,No Show,CE0011182,,765-16-4784,10/27/2025 No Show
Angela Chen,LP030586,Leukopak Donation,07/21/2025 8:00 am,Passed,CE0011182,08/18/2025,765-16-4784,
Angela Chen,LP035634,Leukopak Donation,05/11/2026 10:45 am,Passed,CE0011182,06/02/2026,765-16-4784,
Angela Chen,LP036387,Leukopak Donation,07/02/2026 8:46 am,Pending,CE0011182,,765-16-4784,
Angela Lagrone,LP032200,Leukopak Donation,10/27/2025 8:58 am,Passed,CE0011243,11/04/2025,382-90-8247,
Angelica Carolino,LP036279,Leukopak Donation,06/23/2026 3:03 pm,Failed,CE0011632,,619-43-6262,Failed access/loss of access.
Angelica Carolino,LP036658,Leukopak Donation,07/20/2026 2:28 pm,Pending,CE0011632,,619-43-6262,
Angelica Carolino,LP035822,Leukopak Donation,05/21/2026 1:14 pm,Passed,CE0011632,06/10/2026,619-43-6262,
Angelina Little,LP027452,Leukopak Donation,01/08/2025 10:36 am,Passed,CE0006759,01/23/2025,611-19-4245,
Angelina Little,LP028352,Leukopak Donation,03/10/2025 10:12 am,Passed,CE0006759,03/27/2025,611-19-4245,
Angelina Little,LP029024,Leukopak Donation,04/23/2025 6:37 am,Cancelled by Donor,CE0006759,,611-19-4245,05/06/2025
Angelina Little,LP030672,Leukopak Donation,07/24/2025 7:48 am,Passed,CE0006759,08/11/2025,611-19-4245,
Angelina Little,LP032547,Leukopak Donation,11/12/2025 7:34 am,Passed,CE0006759,12/23/2025,611-19-4245,
Angelina Mercurio,LP028151,Leukopak Donation,02/25/2025 4:32 pm,Passed,CE0010129,03/24/2025,602-45-3767,
Angelina Mercurio,LP026894,Leukopak Donation,11/21/2024 10:43 am,Passed,CE0010129,12/16/2024,602-45-3767,
Angelique Ibarra,LP031293,Leukopak Donation,09/02/2025 6:24 am,Passed,CE0011235,09/15/2025,616-37-2757,
Angelo Gastello,LP030582,Leukopak Donation,07/18/2025 3:04 pm,Passed,CE0010102,08/12/2025,616-94-6800,
Angelo Gastello,LP031649,Leukopak Donation,09/23/2025 10:55 am,Cancelled by Donor,CE0010102,,616-94-6800,10/8/2025
Angelo Gastello,LP027023,Leukopak Donation,12/04/2024 9:28 am,Failed,CE0010102,,616-94-6800,
Angelo Gastello,LP027860,Leukopak Donation,01/30/2025 11:27 am,Passed,CE0010102,02/18/2025,616-94-6800,
Angelo Gastello,LP028243,Leukopak Donation,03/03/2025 8:31 am,Passed,CE0010102,03/25/2025,616-94-6800,
Angelo Gastello,LP036661,Leukopak Donation,07/21/2026 8:25 am,Pending,CE0010102,,616-94-6800,
Angelo Gastello,LP036654,Leukopak Donation,07/20/2026 2:03 pm,Cancelled by Donor,CE0010102,,616-94-6800,
Angelo Gastello,LP032616,Leukopak Donation,11/17/2025 1:07 pm,Passed,CE0010102,12/11/2025,616-94-6800,
Angelo Gastello,LP036057,Leukopak Donation,06/03/2026 1:19 pm,Passed,CE0010102,06/25/2026,616-94-6800,
Angelo Gastello,LP034456,Leukopak Donation,03/06/2026 9:49 am,Passed,CE0010102,03/17/2026,616-94-6800,
Angelo Gastello,LP033567,Leukopak Donation,01/21/2026 3:49 pm,Cancelled by Donor,CE0010102,,616-94-6800,Rescheduled from 2/2/2026 to 2/3/2026
Angelo Gastello,LP033672,Leukopak Donation,01/27/2026 1:50 pm,Passed,CE0010102,02/03/2026,616-94-6800,
Anja Lugn,LP029027,Leukopak Donation,04/23/2025 7:15 am,Passed,CE0010962,05/06/2025,617-29-3957,
Anja Lugn,LP028390,Leukopak Donation,03/12/2025 6:15 am,Failed,CE0010962,03/18/2025,617-29-3957,no product. Kit malfunction
Anjelica Vance,LP032634,Leukopak Donation,11/18/2025 1:01 pm,Passed,CE0011167,12/17/2025,532-41-4134,
Anjelica Vance,LP033795,Leukopak Donation,02/02/2026 7:29 am,Passed,CE0011167,02/10/2026,532-41-4134,
Anjelica Vance,LP031944,Leukopak Donation,10/08/2025 10:43 am,Passed,CE0011167,10/30/2025,532-41-4134,
Ann Wenzell,LP033692,Leukopak Donation,01/28/2026 8:53 am,Passed,CE0011174,02/27/2026,552-87-5625,
Ann Wenzell,LP032505,Leukopak Donation,11/10/2025 9:58 am,Cancelled by Canventa,CE0011174,,552-87-5625,12/05/2025- Canceled by Canventa
Ann Wenzell,LP032925,Leukopak Donation,12/09/2025 12:26 pm,Passed,CE0011174,01/16/2026,552-87-5625,
Ann Wenzell,LP030462,Leukopak Donation,07/15/2025 6:17 am,Passed,CE0011174,08/05/2025,552-87-5625,
Ann Wenzell,LP031831,Leukopak Donation,10/01/2025 9:15 am,Passed,CE0011174,10/24/2025,552-87-5625,
Anna Garcia-Carrera,LP028922,Leukopak Donation,04/15/2025 4:51 pm,Passed,CE0010976,04/30/2025,642-18-4641,
Anna Garcia-Carrera,LP028512,Leukopak Donation,03/19/2025 1:48 pm,Passed,CE0010976,03/25/2025,642-18-4641,
Anna Garcia-Carrera,LP029546,Leukopak Donation,05/20/2025 3:50 pm,Passed,CE0010976,06/04/2025,642-18-4641,
Anna Manley,LP029918,Leukopak Donation,06/10/2025 10:46 am,Passed,CE0011125,07/02/2025,538-43-0802,
Anna Manley,LP031865,Leukopak Donation,10/02/2025 4:06 pm,Passed,CE0011125,10/23/2025,538-43-0802,
Anna Manley,LP030503,Leukopak Donation,07/15/2025 4:44 pm,Passed,CE0011125,08/07/2025,538-43-0802,
Anna Manley,LP035831,Leukopak Donation,05/22/2026 8:57 am,Passed,CE0011125,05/28/2026,538-43-0802,"180"" due to lab request"
Anna Manley,LP034541,Leukopak Donation,03/12/2026 9:20 am,Passed,CE0011125,03/23/2026,538-43-0802,
Anna Manley,LP032903,Leukopak Donation,12/09/2025 6:25 am,Passed,CE0011125,12/18/2025,538-43-0802,
Annabelle McCutcheon,LP026142,Leukopak Donation,10/07/2024 11:23 am,Passed,CE0008136,10/21/2024,610-25-2187,
Annabelle McCutcheon,LP027398,Leukopak Donation,01/06/2025 10:47 am,Cancelled by Donor,CE0008136,,610-25-2187,1/27
Annabelle McCutcheon,LP026797,Leukopak Donation,11/18/2024 10:19 am,Passed,CE0008136,12/04/2024,610-25-2187,
Annabelle McCutcheon,LP028093,Leukopak Donation,02/21/2025 11:26 am,Cancelled by Donor,CE0008136,,610-25-2187,"  3/10/25"
Annabelle McCutcheon,LP028707,Leukopak Donation,04/01/2025 11:06 am,Passed,CE0008136,04/16/2025,610-25-2187,
Annabelle McCutcheon,LP031146,Leukopak Donation,08/25/2025 2:39 pm,Cancelled by Donor,CE0008136,,610-25-2187,9/12/2025
Annabelle McCutcheon,LP030317,Leukopak Donation,07/03/2025 10:04 am,Cancelled by Donor,CE0008136,,610-25-2187,7/30/2025
Anne Vega,LP035888,Leukopak Donation,05/26/2026 3:56 pm,Passed,CE0008542,06/16/2026,390-86-9897,
Anne Vega,LP036580,Leukopak Donation,07/15/2026 3:25 pm,Pending,CE0008542,,390-86-9897,
Anne Vega,LP031212,Leukopak Donation,08/26/2025 5:02 pm,Passed,CE0008542,09/29/2025,390-86-9897,
Anne Vega,LP034437,Leukopak Donation,03/05/2026 11:44 am,Passed,CE0008542,03/25/2026,390-86-9897,
Anne Vega,LP034799,Leukopak Donation,03/25/2026 2:06 pm,Passed,CE0008542,04/29/2026,390-86-9897,
Anne Vega,LP033685,Leukopak Donation,01/28/2026 6:25 am,Passed,CE0008542,02/18/2026,390-86-9897,
Anne Vega,LP032321,Leukopak Donation,10/30/2025 9:11 am,Passed,CE0008542,11/19/2025,390-86-9897,
Annika Greenawalt,LP032406,Leukopak Donation,11/05/2025 9:21 am,Passed,CE0008638,12/02/2025,609-15-9861,
Annika Greenawalt,LP033227,Leukopak Donation,01/05/2026 12:49 pm,Passed,CE0008638,01/13/2026,609-15-9861,
Annika Greenawalt,LP033780,Leukopak Donation,01/30/2026 12:29 pm,Passed,CE0008638,02/27/2026,609-15-9861,
Annika Greenawalt,LP034760,Leukopak Donation,03/24/2026 3:17 pm,Passed,CE0008638,04/07/2026,609-15-9861,
Annika Greenawalt,LP036111,Leukopak Donation,06/08/2026 3:19 pm,Passed,CE0008638,06/22/2026,609-15-9861,
Annika Greenawalt,LP036567,Leukopak Donation,07/15/2026 9:43 am,Pending,CE0008638,,609-15-9861,
Annika Greenawalt,LP030184,Leukopak Donation,06/24/2025 2:58 pm,Passed,CE0008638,07/15/2025,609-15-9861,
Annika Greenawalt,LP030752,Leukopak Donation,07/30/2025 6:11 am,Passed,CE0008638,08/26/2025,609-15-9861,
Annika Greenawalt,LP031716,Leukopak Donation,09/24/2025 3:58 pm,Passed,CE0008638,10/21/2025,609-15-9861,
Anntaylor Nguyen,LP028361,Leukopak Donation,03/10/2025 2:09 pm,Failed,CE0010949,,624-94-0910,Unable to proceed with collection d/t dryness/rashes on bilateral arm.
Anthony Bollack-Renevitz,LP028935,Leukopak Donation,04/16/2025 3:55 pm,Passed,CE0011022,04/22/2025,604-82-2149,
Anthony Ketcham,LP027870,Leukopak Donation,01/30/2025 1:42 pm,Passed,CE0010910,02/24/2025,625-36-2560,
Anthony Madrigal,LP032627,Leukopak Donation,11/18/2025 11:41 am,Passed,CE0010458,11/20/2025,614-06-8719,
Anthony Stevens,LP034517,Leukopak Donation,03/10/2026 1:45 pm,Cancelled by Donor,CE0011540,,618-65-8519,"cancelled, sick."
Anthony Stevens,LP034962,Leukopak Donation,04/02/2026 9:25 am,Passed,CE0011540,04/16/2026,618-65-8519,
Anthony Stevens,LP036121,Leukopak Donation,06/09/2026 3:45 pm,Cancelled by Donor,CE0011540,,618-65-8519,"canceled, sick."
Antion Huey,LP030410,Leukopak Donation,07/10/2025 10:29 am,No Show,CE0010831,,616-31-3515,07/28/2025
Antoine Rivers,LP031072,Leukopak Donation,08/20/2025 9:26 am,Passed,CE0011024,09/02/2025,608-28-5638,
Antoine Rivers,LP032025,Leukopak Donation,10/14/2025 1:29 pm,Passed,CE0011024,10/20/2025,608-28-5638,planned deviation; ok to proceed per Dr. Bauer
Antoine Rufus,LP036441,Leukopak Donation,07/08/2026 9:05 am,Pending,CE0011012,,331-86-1383,
Antoine Rufus,LP034756,Leukopak Donation,03/24/2026 2:05 pm,Passed,CE0011012,04/02/2026,331-86-1383,
Antoine Rufus,LP033957,Leukopak Donation,02/10/2026 6:26 am,Passed,CE0011012,02/10/2026,331-86-1383,
Antoine Young,LP032793,Leukopak Donation,12/02/2025 9:44 am,Passed,CE0010372,12/15/2025,569-87-9893,
Antoine Young,LP026396,Leukopak Donation,10/23/2024 3:10 pm,Passed,CE0010372,11/05/2024,569-87-9893,
Antoine Young,LP027505,Leukopak Donation,01/10/2025 12:08 pm,Cancelled by Donor,CE0010372,,569-87-9893,
Antoine Young,LP031418,Leukopak Donation,09/11/2025 6:46 am,Passed,CE0010372,09/30/2025,569-87-9893,
Antoine Young,LP029670,Leukopak Donation,05/27/2025 4:07 pm,Passed,CE0010372,05/29/2025,569-87-9893,
Antoine Young,LP030076,Leukopak Donation,06/17/2025 1:48 pm,Passed,CE0010372,07/07/2025,569-87-9893,
Antoine Young,LP028723,Leukopak Donation,04/01/2025 2:27 pm,Passed,CE0010372,04/17/2025,569-87-9893,
Anton Seaton,LP029637,Leukopak Donation,05/27/2025 9:04 am,Passed,CE0005779,06/11/2025,545-49-2528,
Anton Seaton,LP028806,Leukopak Donation,04/08/2025 9:02 am,Passed,CE0005779,04/30/2025,545-49-2528,
Anton Seaton,LP028396,Leukopak Donation,03/12/2025 9:52 am,Passed,CE0005779,03/26/2025,545-49-2528,
Anton Seaton,LP031006,Leukopak Donation,08/18/2025 9:07 am,Passed,CE0005779,09/03/2025,545-49-2528,
Anton Seaton,LP030284,Leukopak Donation,07/01/2025 1:11 pm,Passed,CE0005779,,545-49-2528,passed 07/23/2025 per STI sheet -sj
Anton Seaton,LP031470,Leukopak Donation,09/15/2025 6:34 am,Passed,CE0005779,10/08/2025,545-49-2528,
Anton Seaton,LP026432,Leukopak Donation,10/25/2024 11:59 am,Passed,CE0005779,11/13/2024,545-49-2528,
Anton Seaton,LP027218,Leukopak Donation,12/11/2024 11:47 am,Passed,CE0005779,01/08/2025,545-49-2528,
Anton Seaton,LP027830,Leukopak Donation,01/30/2025 6:24 am,Passed,CE0005779,02/18/2025,545-49-2528,
Anton Seaton,LP034888,Leukopak Donation,03/31/2026 10:42 am,Passed,CE0005779,04/29/2026,545-49-2528,
Anton Seaton,LP036123,Leukopak Donation,06/10/2026 6:12 am,Passed,CE0005779,07/08/2026,545-49-2528,
Anton Seaton,LP036470,Leukopak Donation,07/09/2026 6:33 am,Pending,CE0005779,,545-49-2528,
Anton Seaton,LP034513,Leukopak Donation,03/10/2026 1:18 pm,Passed,CE0005779,03/25/2026,545-49-2528,
Anton Seaton,LP035589,Leukopak Donation,05/07/2026 10:26 am,Passed,CE0005779,06/03/2026,545-49-2528,
Anton Seaton,LP032372,Leukopak Donation,11/03/2025 1:47 pm,Passed,CE0005779,11/26/2025,545-49-2528,
Anton Seaton,LP033189,Leukopak Donation,12/23/2025 11:37 am,Passed,CE0005779,01/05/2026,545-49-2528,
Anton Seaton,LP033499,Leukopak Donation,01/20/2026 6:59 am,Passed,CE0005779,02/09/2026,545-49-2528,
April Lewis,LP036404,Leukopak Donation,07/02/2026 3:12 pm,Pending,CE0011616,,046-02-1088,
April Lewis,LP035943,Leukopak Donation,05/28/2026 11:24 am,Passed,CE0011616,06/17/2026,046-02-1088,
Aracely Orozco,LP026595,Leukopak Donation,11/06/2024 12:09 pm,Passed,CE0010812,11/14/2024,621-45-1431,
Aracely Orozco,LP027755,Leukopak Donation,01/27/2025 1:01 pm,Passed,CE0010812,02/18/2025,621-45-1431,
Aracely Orozco,LP031250,Leukopak Donation,08/28/2025 2:34 pm,Passed,CE0010812,09/22/2025,621-45-1431,
Aracely Orozco,LP028874,Leukopak Donation,04/11/2025 9:33 am,Passed,CE0010812,04/21/2025,621-45-1431,
Aracely Orozco,LP034715,Leukopak Donation,03/20/2026 1:01 pm,Passed,CE0010812,04/01/2026,621-45-1431,
Aracely Orozco,LP033663,Leukopak Donation,01/27/2026 10:02 am,Passed,CE0010812,02/04/2026,621-45-1431,
Arielle Hamilton,LP036168,Leukopak Donation,06/15/2026 1:56 pm,Passed,CE0009915,07/01/2026,606-60-6890,
Armando Cole,LP035914,Leukopak Donation,05/27/2026 2:07 pm,Passed,CE0011555,06/18/2026,545-71-9638,
Armando Cole,LP035725,Leukopak Donation,05/18/2026 11:03 am,Cancelled by Canventa,CE0011555,,545-71-9638,
Armando Cole,LP034741,Leukopak Donation,03/23/2026 1:50 pm,Passed,CE0011555,04/02/2026,545-71-9638,
Armando Cole,LP035483,Leukopak Donation,04/30/2026 11:19 am,Passed,CE0011555,05/14/2026,545-71-9638,
Armando Martinez,LP031535,Leukopak Donation,09/16/2025 2:12 pm,Passed,CE0006691,10/10/2025,610-64-9310,
Armando Martinez,LP032695,Leukopak Donation,11/20/2025 1:05 pm,Passed,CE0006691,12/11/2025,610-64-9310,
Armani Bolmer,LP028298,Leukopak Donation,03/05/2025 10:13 am,Passed,CE0010950,03/11/2025,621-10-8378,
Armani Bolmer,LP036435,Leukopak Donation,07/07/2026 2:36 pm,Passed,CE0010950,07/13/2026,621-10-8378,
Armani Bolmer,LP031384,Leukopak Donation,09/08/2025 7:09 am,Passed,CE0010950,09/30/2025,621-10-8378,
Armani Bolmer,LP030541,Leukopak Donation,07/17/2025 9:18 am,Passed,CE0010950,07/21/2025,621-10-8378,
Armani Bolmer,LP035319,Leukopak Donation,04/21/2026 9:38 am,Passed,CE0010950,05/04/2026,621-10-8378,
Armani Bolmer,LP032773,Leukopak Donation,12/01/2025 1:06 pm,Passed,CE0010950,12/17/2025,621-10-8378,
Armani Cole-Cash,LP033111,Leukopak Donation,12/17/2025 3:35 pm,Passed,CE0011411,01/20/2026,603-55-3749,180min due to MFG request
Armon Lampley-Saffarian,LP027836,Leukopak Donation,01/30/2025 7:19 am,Passed,CE0010873,02/24/2025,615-66-5068,
Armon Lampley-Saffarian,LP036088,Leukopak Donation,06/04/2026 3:37 pm,No Show,CE0010873,,615-66-5068,no show per fy26 sti sheet -sj
Armon Lampley-Saffarian,LP028709,Leukopak Donation,04/01/2025 11:46 am,Passed,CE0010873,04/02/2025,615-66-5068,
Armon Lampley-Saffarian,LP030867,Leukopak Donation,08/07/2025 9:13 am,Passed,CE0010873,08/26/2025,615-66-5068,
Armon Lampley-Saffarian,LP031893,Leukopak Donation,10/06/2025 1:32 pm,Passed,CE0010873,10/29/2025,615-66-5068,
Armon Lampley-Saffarian,LP031554,Leukopak Donation,09/17/2025 10:05 am,Cancelled by Donor,CE0010873,,615-66-5068,10/2/2025
Armon Lampley-Saffarian,LP033383,Leukopak Donation,01/12/2026 12:01 pm,Passed,CE0010873,01/15/2026,615-66-5068,
Armon Lampley-Saffarian,LP032863,Leukopak Donation,12/05/2025 6:48 am,Cancelled by Donor,CE0010873,,615-66-5068,01/05/2026
Arron Jiron,LP035173,Leukopak Donation,04/14/2026 8:20 am,Passed,CE0011433,05/05/2026,523-23-9880,
Arron Jiron,LP033759,Leukopak Donation,01/30/2026 9:56 am,Passed,CE0011433,02/23/2026,523-23-9880,
Arron Jiron,LP036098,Leukopak Donation,06/08/2026 8:44 am,Passed,CE0011433,06/30/2026,523-23-9880,
Arsalaan Hernandez,LP029547,Leukopak Donation,05/20/2025 4:08 pm,Cancelled by Donor,CE0009478,,622-49-7556,5/22/2025
Ashleigh Chand,LP028994,Leukopak Donation,04/22/2025 8:37 am,Passed,CE0009514,05/01/2025,550-89-3201,
Ashley Gau,LP027634,Leukopak Donation,01/22/2025 10:22 am,Passed,CE0006486,02/11/2025,158-92-4943,
Ashley Laney,LP029989,Leukopak Donation,06/16/2025 6:33 am,Passed,CE0010163,07/10/2025,608-32-1741,
Ashley Laney,LP028229,Leukopak Donation,02/28/2025 12:42 pm,Passed,CE0010163,03/05/2025,608-32-1741,
Ashley Laney,LP027439,Leukopak Donation,01/08/2025 8:08 am,Cancelled by Donor,CE0010163,,608-32-1741,01/28/2025
Ashley Pascual,LP027045,Leukopak Donation,12/04/2024 1:29 pm,Cancelled by Donor,CE0008196,,621-35-3297,
Ashley Pascual,LP026262,Leukopak Donation,10/14/2024 4:19 pm,Passed,CE0008196,10/22/2024,621-35-3297,
Ashley Quezada,LP036389,Leukopak Donation,07/02/2026 8:52 am,Passed,CE0011628,07/22/2026,610-37-8297,
Ashley Quezada,LP035823,Leukopak Donation,05/21/2026 1:19 pm,Passed,CE0011628,06/10/2026,610-37-8297,
"Audrick ""Jedd"" Flores",LP026412,Leukopak Donation,10/24/2024 4:17 pm,Passed,CE0010725,11/06/2024,615-11-9212,
"Audrick ""Jedd"" Flores",LP036354,Leukopak Donation,06/30/2026 10:20 am,Passed,CE0010725,07/14/2026,615-11-9212,no rinseback. Protocol dev
"Audrick ""Jedd"" Flores",LP029885,Leukopak Donation,06/09/2025 10:16 am,Passed,CE0010725,07/01/2025,615-11-9212,
Ava Lara,LP034143,Leukopak Donation,02/23/2026 7:36 am,Passed,CE0011410,03/04/2026,612-51-4935,
Ava Lara,LP033480,Leukopak Donation,01/15/2026 1:39 pm,Passed,CE0011410,01/28/2026,612-51-4935,
Ava Lara,LP032813,Leukopak Donation,12/02/2025 12:37 pm,Passed,CE0011410,12/19/2025,612-51-4935,
Ava Lara,LP034842,Leukopak Donation,03/27/2026 10:03 am,Passed,CE0011410,04/08/2026,612-51-4935,
Ava Lara,LP035618,Leukopak Donation,05/08/2026 8:56 am,Cancelled by Donor,CE0011410,,612-51-4935,05/19/2026
Ava Lara,LP036427,Leukopak Donation,07/07/2026 10:56 am,Pending,CE0011410,,612-51-4935,
Ava Lara,LP035852,Leukopak Donation,05/26/2026 10:36 am,Passed,CE0011410,06/15/2026,612-51-4935,
Awki Banda,LP027644,Leukopak Donation,01/22/2025 2:58 pm,Passed,CE0010850,02/04/2025,612-04-7381,
Aya Harel,LP026647,Leukopak Donation,11/12/2024 7:59 am,Cancelled by Donor,CE0010693,,664-93-3807,11/25
Aya Harel,LP027740,Leukopak Donation,01/27/2025 10:33 am,Passed,CE0010693,02/11/2025,664-93-3807,
Aya Harel,LP026264,Leukopak Donation,10/15/2024 6:17 am,Passed,CE0010693,10/22/2024,664-93-3807,
Babak Zohrabi,LP026445,Leukopak Donation,10/28/2024 10:54 am,Cancelled by Donor,CE0005997,,619-48-2403,11/5/2024
Bailey Kirkeby,LP028164,Leukopak Donation,02/26/2025 12:47 pm,Passed,CE0010896,03/04/2025,602-31-6910,
Bailey Kirkeby,LP027655,Leukopak Donation,01/22/2025 4:35 pm,Passed,CE0010896,01/27/2025,602-31-6910,
Bao Trinh,LP028264,Leukopak Donation,03/03/2025 1:55 pm,Passed,CE0008801,03/12/2025,606-11-4689,
Beatrice Hall,LP028179,Leukopak Donation,02/27/2025 9:27 am,Cancelled by Donor,CE0010031,,568-11-0390,03/04/2025
Beatrice Hall,LP028674,Leukopak Donation,03/31/2025 11:04 am,Cancelled by Donor,CE0010031,,568-11-0390,04/09/2025
Beatriz Estrada,LP028646,Leukopak Donation,03/27/2025 10:33 am,No Show,CE0010860,,613-66-8089,
Ben Lanyadoo,LP026491,Leukopak Donation,10/30/2024 7:15 am,Passed,CE0010800,10/30/2024,618-08-4675,
Ben Lanyadoo,LP027248,Leukopak Donation,12/16/2024 8:04 am,Failed,CE0010800,,618-08-4675,Donor refused to due to LP due to finals.
Ben Lanyadoo,LP028144,Leukopak Donation,02/25/2025 3:26 pm,Failed,CE0010800,,618-08-4675,Arrived dehydrated and not having eaten anything since yesterday. Veins flat. Unable to obtain venous access.
Ben Lanyadoo,LP027463,Leukopak Donation,01/08/2025 2:33 pm,Passed,CE0010800,01/22/2025,618-08-4675,donor late. shortened collection time
"Benjamin ""Cora"" Wartelle",LP028724,Leukopak Donation,04/01/2025 3:50 pm,Passed,CE0010995,04/10/2025,605-86-5600,
"Benjamin ""Cora"" Wartelle",LP028596,Leukopak Donation,03/25/2025 9:50 am,Cancelled by Donor,CE0010995,,605-86-5600,04/02/2025
Benjamin Altman,LP030547,Leukopak Donation,07/17/2025 10:11 am,Passed,CE0011193,08/12/2025,637-42-9669,
Benjamin Elias-Ochoa,LP029868,Leukopak Donation,06/06/2025 12:40 pm,Cancelled by Donor,CE0011124,,625-17-3203,6/23/2025
Benjamin Lundberg,LP028373,Leukopak Donation,03/11/2025 8:38 am,Passed,CE0010968,03/19/2025,462-99-5921,
Bernard Greer,LP033732,Leukopak Donation,01/29/2026 9:51 am,Passed,CE0011403,02/05/2026,618-24-0010,
Bethania Frota,LP036095,Leukopak Donation,06/05/2026 1:01 pm,Passed,CE0011345,06/24/2026,608-80-3072,
Bethania Frota,LP035681,Leukopak Donation,05/14/2026 9:47 am,No Show,CE0011345,,608-80-3072,no show 06/02/2026
Bethania Frota,LP033072,Leukopak Donation,12/16/2025 2:46 pm,Passed,CE0011345,01/14/2026,608-80-3072,
Bethania Frota,LP032818,Leukopak Donation,12/02/2025 1:51 pm,Passed,CE0011345,12/10/2025,608-80-3072,
Bethania Frota,LP034266,Leukopak Donation,02/26/2026 12:41 pm,Passed,CE0011345,03/04/2026,608-80-3072,
Bethany Auclair,LP026888,Leukopak Donation,11/21/2024 10:04 am,Passed,CE0010770,12/09/2024,621-94-8773,
Billy Lumas,LP031130,Leukopak Donation,08/25/2025 1:32 pm,Passed,CE0010888,09/24/2025,166-71-7141,
Billy Lumas,LP030158,Leukopak Donation,06/24/2025 9:38 am,Passed,CE0010888,07/16/2025,166-71-7141,170 min run time. Bathroom
Billy Lumas,LP028772,Leukopak Donation,04/07/2025 6:13 am,Passed,CE0010888,05/07/2025,166-71-7141,
Billy Lumas,LP027604,Leukopak Donation,01/17/2025 8:39 am,Passed,CE0010888,02/26/2025,166-71-7141,
Billy Lumas,LP035862,Leukopak Donation,05/26/2026 11:29 am,Passed,CE0010888,06/18/2026,166-71-7141,
Billy Lumas,LP036234,Leukopak Donation,06/22/2026 10:21 am,Pending,CE0010888,,166-71-7141,
Billy Lumas,LP033457,Leukopak Donation,01/15/2026 9:23 am,Passed,CE0010888,02/11/2026,166-71-7141,
Billy Lumas,LP032532,Leukopak Donation,11/10/2025 11:15 am,Passed,CE0010888,12/03/2025,166-71-7141,
Bipin Sabnis,LP036629,Leukopak Donation,07/20/2026 7:08 am,Passed,CE0011678,07/20/2026,860-21-3011,
Biruk Temelso,LP028421,Leukopak Donation,03/13/2025 1:57 pm,Passed,CE0010373,03/25/2025,565-83-7034,
Biruk Temelso,LP034248,Leukopak Donation,02/26/2026 8:52 am,Passed,CE0010373,03/18/2026,565-83-7034,
Biruk Temelso,LP033994,Leukopak Donation,02/11/2026 6:24 am,Passed,CE0010373,02/11/2026,565-83-7034,
Biruk Temelso,LP035070,Leukopak Donation,04/08/2026 12:37 pm,Passed,CE0010373,04/22/2026,565-83-7034,
Brady Goodwin,LP026234,Leukopak Donation,10/14/2024 6:36 am,Passed,CE0006266,10/29/2024,615-50-2760,
Brandon Bamer,LP030592,Leukopak Donation,07/21/2025 10:10 am,Passed,CE0007122,,622-32-6775,passed 08/12/2025 per STI sheet -sj
Brandon Bamer,LP031558,Leukopak Donation,09/17/2025 11:30 am,Passed,CE0007122,10/01/2025,622-32-6775,
Brandon Bamer,LP028912,Leukopak Donation,04/15/2025 1:48 pm,Passed,CE0007122,04/22/2025,622-32-6775,
Brandon Bamer,LP029542,Leukopak Donation,05/20/2025 1:14 pm,Passed,CE0007122,06/05/2025,622-32-6775,
Brandon Bamer,LP034163,Leukopak Donation,02/23/2026 2:01 pm,Passed,CE0007122,02/24/2026,622-32-6775,
Brandon Bamer,LP033176,Leukopak Donation,12/23/2025 8:31 am,Passed,CE0007122,01/05/2026,622-32-6775,Run cut 65 minutes short due to loss of access
Brandy Mendoza,LP031655,Leukopak Donation,09/23/2025 12:19 pm,Passed,CE0006623,10/15/2025,547-83-6741,
Brandy Mendoza,LP034225,Leukopak Donation,02/25/2026 12:40 pm,Passed,CE0006623,03/09/2026,547-83-6741,
Brandy Mendoza,LP033460,Leukopak Donation,01/15/2026 9:54 am,Passed,CE0006623,01/27/2026,547-83-6741,
Brandy Mendoza,LP032643,Leukopak Donation,11/18/2025 1:20 pm,Passed,CE0006623,12/17/2025,547-83-6741,
Brayden Jensen,LP033344,Leukopak Donation,01/08/2026 1:12 pm,No Show,CE0011456,,519-57-4056,No show 1/27/2026
Breanna Martinez,LP030904,Leukopak Donation,08/12/2025 11:43 am,Passed,CE0011233,08/26/2025,611-98-8827,
Breanna Martinez,LP031672,Leukopak Donation,09/23/2025 3:10 pm,Passed,CE0011233,10/13/2025,611-98-8827,
Breanna Martinez,LP034922,Leukopak Donation,04/01/2026 9:51 am,Passed,CE0011233,04/30/2026,611-98-8827,
Breanna Martinez,LP034339,Leukopak Donation,03/02/2026 11:56 am,Cancelled by Canventa,CE0011233,,611-98-8827,Duplicate
Breanna Martinez,LP034340,Leukopak Donation,03/02/2026 12:00 pm,Passed,CE0011233,03/26/2026,611-98-8827,
Breanna Martinez,LP035718,Leukopak Donation,05/18/2026 8:32 am,Passed,CE0011233,06/04/2026,611-98-8827,
Breanna Martinez,LP033011,Leukopak Donation,12/11/2025 10:41 am,Passed,CE0011233,12/11/2025,611-98-8827,
Breanna Martinez,LP032907,Leukopak Donation,12/09/2025 9:32 am,Passed,CE0011233,01/15/2026,611-98-8827,
Breanna Martinez,LP032341,Leukopak Donation,10/30/2025 3:33 pm,No Show,CE0011233,,611-98-8827,11/24/2025
Breanna Martinez,LP033841,Leukopak Donation,02/03/2026 9:38 am,Passed,CE0011233,02/19/2026,611-98-8827,
Brenna Michener,LP028300,Leukopak Donation,03/05/2025 11:45 am,Cancelled by Donor,CE0010954,,616-32-8028,
Brenna Michener,LP028384,Leukopak Donation,03/11/2025 1:19 pm,Passed,CE0010954,03/12/2025,616-32-8028,
Breonna Williams,LP032357,Leukopak Donation,11/03/2025 10:03 am,Passed,CE0011121,11/24/2025,607-02-4800,
Breonna Williams,LP033568,Leukopak Donation,01/21/2026 3:51 pm,Failed,CE0011121,,607-02-4800,Failed screening due to donor currently taking antibiotics
Breonna Williams,LP032018,Leukopak Donation,10/14/2025 10:37 am,Passed,CE0011121,10/20/2025,607-02-4800,
Breonna Williams,LP031647,Leukopak Donation,09/23/2025 10:49 am,Cancelled by Donor,CE0011121,,607-02-4800,10/14/2025
Breonna Williams,LP031228,Leukopak Donation,08/27/2025 4:06 pm,Passed,CE0011121,09/08/2025,607-02-4800,
Breonna Williams,LP030392,Leukopak Donation,07/09/2025 10:55 am,Passed,CE0011121,07/28/2025,607-02-4800,
Brett Locklear,LP035537,Leukopak Donation,05/05/2026 2:26 pm,No Show,CE0011580,,614-92-7738,5/18/2026
Brett Locklear,LP035348,Leukopak Donation,04/22/2026 6:37 am,Cancelled by Canventa,CE0011580,,614-92-7738,"05/05/2026 -cancelled, ETA kept extending"
Brett Locklear,LP035298,Leukopak Donation,04/20/2026 9:27 am,No Show,CE0011580,,614-92-7738,04/21/2026
Brian Smith,LP026704,Leukopak Donation,11/13/2024 7:59 am,Passed,CE0008717,12/09/2024,606-40-4483,
Brian Smith,LP029184,Leukopak Donation,04/30/2025 3:57 pm,Passed,CE0008717,05/19/2025,606-40-4483,
Brian Smith,LP031507,Leukopak Donation,09/16/2025 6:56 am,Passed,CE0008717,09/16/2025,606-40-4483,
Brian Smith,LP030415,Leukopak Donation,07/10/2025 10:44 am,Cancelled by Donor,CE0008717,,606-40-4483,8/4/2025
Brian Smith,LP032997,Leukopak Donation,12/11/2025 6:29 am,Passed,CE0008717,01/20/2026,606-40-4483,
Brian Toro,LP028082,Leukopak Donation,02/20/2025 1:54 pm,Passed,CE0009863,03/06/2025,143-94-5213,
Brian Toro,LP036547,Leukopak Donation,07/14/2026 1:15 pm,Pending,CE0009863,,143-94-5213,
Brian Toro,LP028623,Leukopak Donation,03/26/2025 6:09 am,Passed,CE0009863,04/10/2025,143-94-5213,
Brian Toro,LP029215,Leukopak Donation,05/01/2025 11:29 am,Passed,CE0009863,05/29/2025,143-94-5213,
Brian Toro,LP030608,Leukopak Donation,07/21/2025 3:29 pm,Passed,CE0009863,08/28/2025,143-94-5213,
Brian Toro,LP035584,Leukopak Donation,05/07/2026 9:35 am,Passed,CE0009863,05/13/2026,143-94-5213,
Brian Toro,LP033885,Leukopak Donation,02/04/2026 12:22 pm,Passed,CE0009863,02/09/2026,143-94-5213,
Brian Toro,LP034210,Leukopak Donation,02/25/2026 7:29 am,Passed,CE0009863,03/16/2026,143-94-5213,
Brianeshia Burns,LP032955,Leukopak Donation,12/09/2025 2:09 pm,Passed,CE0011413,01/05/2026,626-36-1538,
Brianeshia Burns,LP034847,Leukopak Donation,03/27/2026 12:10 pm,Passed,CE0011413,03/30/2026,626-36-1538,
Brianna Hickerson,LP027013,Leukopak Donation,12/04/2024 8:13 am,Passed,CE0010581,12/10/2024,612-56-6181,
Bridgette Ferran,LP026342,Leukopak Donation,10/21/2024 8:47 am,Passed,CE0010740,06/17/2025,623-64-1734,
Bridgette Ferran,LP027638,Leukopak Donation,01/22/2025 12:03 pm,Passed,CE0010740,01/27/2025,623-64-1734,"160"" due to bathroom"
Bridgette Ferran,LP028281,Leukopak Donation,03/04/2025 7:42 am,Passed,CE0010740,03/17/2025,623-64-1734,
Bridgette Ferran,LP028592,Leukopak Donation,03/25/2025 8:00 am,Cancelled by Donor,CE0010740,,623-64-1734,4/28/2025
Bridgette Ferran,LP029199,Leukopak Donation,05/01/2025 9:48 am,Passed,CE0010740,05/13/2025,623-64-1734,
Bridgette Ferran,LP029758,Leukopak Donation,06/02/2025 12:51 pm,Passed,CE0010740,,623-64-1734,pass per notes -sj
Britta Hanson,LP029489,Leukopak Donation,05/16/2025 10:54 am,Passed,CE0010253,06/03/2025,475-31-3518,
Britta Hanson,LP028458,Leukopak Donation,03/17/2025 11:37 am,Passed,CE0010253,04/08/2025,475-31-3518,
Britta Hanson,LP030319,Leukopak Donation,07/03/2025 10:09 am,Passed,CE0010253,08/05/2025,475-31-3518,
Britta Hanson,LP031580,Leukopak Donation,09/18/2025 10:20 am,Passed,CE0010253,10/02/2025,475-31-3518,
Britta Hanson,LP027518,Leukopak Donation,01/13/2025 11:35 am,Failed,CE0010253,02/04/2025,475-31-3518,NO PRODUCT COLLECTED DUE TO INSTRUMENT FAILURE
Britta Hanson,LP026738,Leukopak Donation,11/13/2024 4:32 pm,Passed,CE0010253,12/03/2024,475-31-3518,
Brittany Kulusich,LP034252,Leukopak Donation,02/26/2026 9:52 am,Passed,CE0011475,03/31/2026,614-92-6887,
Brittany Kulusich,LP033842,Leukopak Donation,02/03/2026 10:01 am,Passed,CE0011475,02/17/2026,614-92-6887,
Brittany Kulusich,LP035523,Leukopak Donation,05/04/2026 3:06 pm,Cancelled by Donor,CE0011475,,614-92-6887,05/12/2026
Brittany Kulusich,LP035660,Leukopak Donation,05/12/2026 4:30 pm,Passed,CE0011475,06/01/2026,614-92-6887,
Brittany Waldon,LP028970,Leukopak Donation,04/17/2025 3:05 pm,Passed,CE0011029,04/30/2025,623-45-9839,
Brittany Waldon,LP029553,Leukopak Donation,05/21/2025 9:21 am,Passed,CE0011029,06/04/2025,623-45-9839,
Brittany Waldon,LP031797,Leukopak Donation,09/30/2025 9:21 am,Passed,CE0011029,10/21/2025,623-45-9839,
Brittany Waldon,LP031127,Leukopak Donation,08/25/2025 1:10 pm,Passed,CE0011029,08/28/2025,623-45-9839,
Brittany Waldon,LP030435,Leukopak Donation,07/14/2025 6:47 am,Passed,CE0011029,07/14/2025,623-45-9839,
Brittney Kim,LP027125,Leukopak Donation,12/06/2024 11:51 am,Cancelled by Donor,CE0010856,,153-04-0486,
Brittney Kim,LP027253,Leukopak Donation,12/16/2024 10:57 am,,CE0010856,,153-04-0486," 01/13/2025  was this a completed donation ??"
Brittney Kim,LP028169,Leukopak Donation,02/26/2025 3:10 pm,Passed,CE0010856,03/04/2025,153-04-0486,
Brittney Kim,LP028556,Leukopak Donation,03/24/2025 6:56 am,Passed,CE0010856,04/10/2025,153-04-0486,
Brittney Kim,LP029504,Leukopak Donation,05/19/2025 9:59 am,Passed,CE0010856,05/21/2025,153-04-0486,
Brittney Kim,LP030614,Leukopak Donation,07/22/2025 9:38 am,Passed,CE0010856,08/04/2025,153-04-0486,
Bronagh Elzy,LP029869,Leukopak Donation,06/06/2025 12:41 pm,Passed,CE0011123,06/25/2025,608-53-4098,
Bruce Nguyen,LP035063,Leukopak Donation,04/08/2026 10:20 am,Passed,CE0008179,04/27/2026,623-39-0726,
Bruce Nguyen,LP035819,Leukopak Donation,05/21/2026 11:53 am,Passed,CE0008179,,623-39-0726,pass per fy26 sti sheet -sj
Bryan Cherry,LP036680,Leukopak Donation,07/22/2026 11:58 am,Pending,CE0011677,,220-94-7910,
Bryan Ramos,LP028770,Leukopak Donation,04/03/2025 2:50 pm,Passed,CE0010203,04/30/2025,625-17-4104,
Bryan Ramos,LP031556,Leukopak Donation,09/17/2025 10:55 am,Passed,CE0010203,10/07/2025,625-17-4104,
Bryan Ramos,LP030314,Leukopak Donation,07/03/2025 9:10 am,Passed,CE0010203,07/24/2025,625-17-4104,
Bryan Ramos,LP035950,Leukopak Donation,05/28/2026 12:29 pm,Passed,CE0010203,06/16/2026,625-17-4104,
Bryan Ramos,LP035146,Leukopak Donation,04/13/2026 1:23 pm,Passed,CE0010203,04/28/2026,625-17-4104,
Bryan Ramos,LP034192,Leukopak Donation,02/24/2026 1:41 pm,Passed,CE0010203,03/03/2026,625-17-4104,
Bryan Ramos,LP032386,Leukopak Donation,11/04/2025 12:50 pm,No Show,CE0010203,,625-17-4104,No show 11/25/2025
Bryan Ramos,LP033169,Leukopak Donation,12/22/2025 3:26 pm,Passed,CE0010203,01/27/2026,625-17-4104,
Bryce Igawa,LP033781,Leukopak Donation,01/30/2026 12:31 pm,Passed,CE0011395,02/13/2026,621-25-4257,
Bryce Igawa,LP034822,Leukopak Donation,03/26/2026 12:08 pm,Cancelled by Donor,CE0011395,,621-25-4257,04/06/2026
Bryce Kerrigan,LP026459,Leukopak Donation,10/28/2024 3:18 pm,Passed,CE0010750,11/07/2024,602-24-2898,
Byron Agu,LP034069,Leukopak Donation,02/17/2026 1:46 pm,No Show,CE0011496,,611-90-5625,
Caitlyn Johnson,LP035112,Leukopak Donation,04/10/2026 3:03 pm,Passed,CE0011394,04/23/2026,645-68-5746,
Caitlyn Johnson,LP033159,Leukopak Donation,12/22/2025 11:21 am,Passed,CE0011394,01/12/2026,645-68-5746,
Caitlyn Johnson,LP034097,Leukopak Donation,02/18/2026 12:26 pm,Passed,CE0011394,03/02/2026,645-68-5746,
Caleb Bradford,LP036428,Leukopak Donation,07/07/2026 10:59 am,Pending,CE0011587,,610-67-8669,
Caleb Bradford,LP036273,Leukopak Donation,06/23/2026 12:51 pm,No Show,CE0011587,,610-67-8669,no show-07/07/2026
Calvin Polvorosa,LP027753,Leukopak Donation,01/27/2025 1:00 pm,Passed,CE0010625,02/27/2025,621-06-8557,
Calvin Polvorosa,LP026637,Leukopak Donation,11/08/2024 12:56 pm,Passed,CE0010625,11/13/2024,621-06-8557,
Calvin Polvorosa,LP027040,Leukopak Donation,12/04/2024 12:43 pm,Passed,CE0010625,12/18/2024,621-06-8557,
Calvin Polvorosa,LP027346,Leukopak Donation,01/02/2025 8:56 am,Passed,CE0010625,01/23/2025,621-06-8557,
Calvin Polvorosa,LP029574,Leukopak Donation,05/21/2025 4:01 pm,Passed,CE0010625,06/12/2025,621-06-8557,
Calvin Polvorosa,LP028470,Leukopak Donation,03/18/2025 6:13 am,Passed,CE0010625,04/03/2025,621-06-8557,
Calvin Polvorosa,LP030630,Leukopak Donation,07/22/2025 12:06 pm,Passed,CE0010625,07/29/2025,621-06-8557,
Calvin Polvorosa,LP031215,Leukopak Donation,08/27/2025 9:07 am,Passed,CE0010625,09/17/2025,621-06-8557,
Calvin Polvorosa,LP031881,Leukopak Donation,10/06/2025 12:10 pm,Passed,CE0010625,10/29/2025,621-06-8557,
Calvin Polvorosa,LP034527,Leukopak Donation,03/11/2026 11:22 am,Passed,CE0010625,03/17/2026,621-06-8557,
Calvin Polvorosa,LP028944,Leukopak Donation,04/16/2025 4:17 pm,Passed,CE0010625,05/08/2025,621-06-8557,
Calvin Polvorosa,LP033298,Leukopak Donation,01/07/2026 10:48 am,Passed,CE0010625,01/12/2026,621-06-8557,
Cameron Patterson,LP036390,Leukopak Donation,07/02/2026 8:55 am,Passed,CE0005719,07/21/2026,626-42-8389,
Cameron Patterson,LP035848,Leukopak Donation,05/26/2026 10:23 am,Passed,CE0005719,06/11/2026,626-42-8389,
Cameron Patterson,LP034743,Leukopak Donation,03/23/2026 1:52 pm,Passed,CE0005719,04/27/2026,626-42-8389,
Cameron Patterson,LP032577,Leukopak Donation,11/13/2025 1:23 pm,Passed,CE0005719,12/03/2025,626-42-8389,
Cameron Patterson,LP033747,Leukopak Donation,01/29/2026 3:11 pm,Passed,CE0005719,02/12/2026,626-42-8389,
Camila Osorio,LP036379,Leukopak Donation,07/01/2026 2:21 pm,Pending,CE0011652,,626-42-0197,
Camilo Hernandez-Garcia,LP028409,Leukopak Donation,03/12/2025 4:07 pm,Passed,CE0010936,03/20/2025,616-19-9379,
Camilo Hernandez-Garcia,LP029273,Leukopak Donation,05/06/2025 11:56 am,Passed,CE0010936,05/08/2025,616-19-9379,
Carles Straughter,LP036128,Leukopak Donation,06/10/2026 11:46 am,Passed,CE0010569,06/25/2026,555-69-3162,
Carles Straughter,LP035080,Leukopak Donation,04/09/2026 10:48 am,Passed,CE0010569,04/22/2026,555-69-3162,
Carlos Casas,LP027041,Leukopak Donation,12/04/2024 12:52 pm,Passed,CE0010515,12/16/2024,618-84-9741,
Carlotta Wright,LP035569,Leukopak Donation,05/06/2026 3:27 pm,Cancelled by Donor,CE0011546,,111-91-5086,sick relative
Carlotta Wright,LP034813,Leukopak Donation,03/26/2026 10:14 am,Cancelled by Donor,CE0011546,,111-91-5086,04/02/2026
Carlotta Wright,LP034871,Leukopak Donation,03/31/2026 10:18 am,Passed,CE0011546,04/14/2026,111-91-5086,
Carolina Perez,LP026685,Leukopak Donation,11/12/2024 1:17 pm,Passed,CE0010518,11/20/2024,613-41-4589,"Aborted after 76"" due to clotted circuit"
Carolina Perez,LP027871,Leukopak Donation,01/30/2025 1:47 pm,Passed,CE0010518,02/05/2025,613-41-4589,
Carolina Perez,LP026178,Leukopak Donation,10/09/2024 8:50 am,Passed,CE0010518,10/16/2024,613-41-4589,
Carolina Perez,LP036378,Leukopak Donation,07/01/2026 2:18 pm,Cancelled by Donor,CE0010518,,613-41-4589,
Carolina Perez,LP035795,Leukopak Donation,05/20/2026 10:37 am,Passed,CE0010518,06/04/2026,613-41-4589,
Carolina Perez,LP028653,Leukopak Donation,03/27/2025 1:59 pm,Passed,CE0010518,04/03/2025,613-41-4589,
Carolina Perez,LP029128,Leukopak Donation,04/28/2025 12:10 pm,Passed,CE0010518,05/08/2025,613-41-4589,
Carolina Perez,LP031788,Leukopak Donation,09/30/2025 8:22 am,Passed,CE0010518,10/08/2025,613-41-4589,
Carolina Perez,LP030403,Leukopak Donation,07/10/2025 7:51 am,Passed,CE0010518,07/30/2025,613-41-4589,
Carolina Perez,LP030952,Leukopak Donation,08/13/2025 1:54 pm,Passed,CE0010518,09/03/2025,613-41-4589,
Carolina Perez,LP034869,Leukopak Donation,03/31/2026 9:39 am,Passed,CE0010518,04/08/2026,613-41-4589,Standing deviation already in donors chart for PLT up to 500k
Carolina Perez,LP033250,Leukopak Donation,01/06/2026 9:51 am,Passed,CE0010518,01/27/2026,613-41-4589,
Carolina Perez,LP033943,Leukopak Donation,02/09/2026 10:59 am,Passed,CE0010518,03/03/2026,613-41-4589,
Carrie Gray,LP030674,Leukopak Donation,07/24/2025 7:57 am,Passed,CE0011117,08/20/2025,569-63-5199,
Ccarlos Gonzalez,LP026266,Leukopak Donation,10/15/2024 6:22 am,Passed,CE0006371,10/24/2024,607-72-0808,
Ccarlos Gonzalez,LP036312,Leukopak Donation,06/25/2026 11:29 am,Passed,CE0006371,07/16/2026,607-72-0808,
Ccarlos Gonzalez,LP028261,Leukopak Donation,03/03/2025 1:28 pm,Passed,CE0006371,03/11/2025,607-72-0808,
Ccarlos Gonzalez,LP027366,Leukopak Donation,01/03/2025 7:36 am,Passed,CE0006371,01/14/2025,607-72-0808,
Ccarlos Gonzalez,LP026927,Leukopak Donation,11/25/2024 6:27 am,Passed,CE0006371,12/04/2024,607-72-0808,
Ccarlos Gonzalez,LP028788,Leukopak Donation,04/07/2025 9:56 am,Passed,CE0006371,04/15/2025,607-72-0808,
Ccarlos Gonzalez,LP035590,Leukopak Donation,05/07/2026 10:40 am,Passed,CE0006371,05/21/2026,607-72-0808,passed per notes -sj
Ccarlos Gonzalez,LP034950,Leukopak Donation,04/01/2026 4:20 pm,Passed,CE0006371,04/14/2026,607-72-0808,
Cesar Mendoza,LP034036,Leukopak Donation,02/13/2026 8:39 am,Passed,CE0006435,03/05/2026,608-84-7246,
Cesar Mendoza,LP033380,Leukopak Donation,01/12/2026 11:48 am,Passed,CE0006435,01/29/2026,608-84-7246,
Cesar Mendoza,LP035158,Leukopak Donation,04/13/2026 2:39 pm,Passed,CE0006435,05/07/2026,608-84-7246,
Cesar Mendoza,LP030195,Leukopak Donation,06/25/2025 7:15 am,Passed,CE0006435,06/26/2025,608-84-7246,
Cesar Mendoza,LP029009,Leukopak Donation,04/22/2025 1:07 pm,Passed,CE0006435,05/15/2025,608-84-7246,
Cesar Mendoza,LP031000,Leukopak Donation,08/18/2025 8:03 am,Passed,CE0006435,09/11/2025,608-84-7246,
Cesar Mendoza,LP030328,Leukopak Donation,07/03/2025 10:44 am,Passed,CE0006435,07/31/2025,608-84-7246,
Cesar Mendoza,LP031433,Leukopak Donation,09/11/2025 1:36 pm,Passed,CE0006435,10/16/2025,608-84-7246,
Cesar Mendoza,LP032204,Leukopak Donation,10/27/2025 10:07 am,Passed,CE0006435,11/20/2025,608-84-7246,
Cesar Mendoza,LP027229,Leukopak Donation,12/12/2024 11:08 am,Passed,CE0006435,01/16/2025,608-84-7246,
Cesar Mendoza,LP028241,Leukopak Donation,03/03/2025 7:13 am,Passed,CE0006435,03/27/2025,608-84-7246,
Cesar Mendoza,LP027764,Leukopak Donation,01/27/2025 1:26 pm,Passed,CE0006435,02/20/2025,608-84-7246,
Cesar Mendoza,LP036506,Leukopak Donation,07/10/2026 9:27 am,Pending,CE0006435,,608-84-7246,
Cesar Mendoza,LP035844,Leukopak Donation,05/26/2026 9:52 am,Passed,CE0006435,06/11/2026,608-84-7246,
Chad Evans Hinton,LP030864,Leukopak Donation,08/07/2025 9:10 am,Passed,CE0006628,08/26/2025,551-87-5843,
Chantal Tom,LP036460,Leukopak Donation,07/08/2026 12:32 pm,Pending,CE0011592,,624-60-5313,
Chantal Tom,LP035506,Leukopak Donation,05/04/2026 8:54 am,Cancelled by Donor,CE0011592,,624-60-5313,sick-05/18/2026
Charity Ray,LP032088,Leukopak Donation,10/15/2025 2:52 pm,Passed,CE0011171,11/05/2025,278-74-6492,
Charity Ray,LP030624,Leukopak Donation,07/22/2025 11:04 am,Passed,CE0011171,08/12/2025,278-74-6492,
Charity Ray,LP036323,Leukopak Donation,06/26/2026 9:11 am,Failed,CE0011171,07/16/2026,278-74-6492,94 min runtime. d/t bathroom
Charity Ray,LP036037,Leukopak Donation,06/03/2026 9:48 am,Cancelled by Donor,CE0011171,,278-74-6492,
Charity Ray,LP033962,Leukopak Donation,02/10/2026 8:19 am,Passed,CE0011171,02/25/2026,278-74-6492,
Charity Ray,LP035110,Leukopak Donation,04/10/2026 1:55 pm,Passed,CE0011171,04/22/2026,278-74-6492,
Charles  Payne,LP034849,Leukopak Donation,03/30/2026 7:19 am,Passed,CE0011133,03/30/2026,612-42-7165,
Charles  Payne,LP032601,Leukopak Donation,11/17/2025 9:32 am,Passed,CE0011133,12/09/2025,612-42-7165,
Charles  Payne,LP034142,Leukopak Donation,02/23/2026 6:48 am,Failed,CE0011133,02/23/2026,612-42-7165,failed collection
Charles  Payne,LP033406,Leukopak Donation,01/13/2026 9:39 am,Passed,CE0011133,01/15/2026,612-42-7165,
Charles  Payne,LP035637,Leukopak Donation,05/11/2026 11:03 am,Passed,CE0011133,05/12/2026,612-42-7165,
Charles  Payne,LP036421,Leukopak Donation,07/07/2026 7:25 am,Passed,CE0011133,07/21/2026,612-42-7165,
Charles  Payne,LP035772,Leukopak Donation,05/20/2026 6:09 am,Passed,CE0011133,06/16/2026,612-42-7165,
Charles  Payne,LP031009,Leukopak Donation,08/18/2025 9:45 am,Passed,CE0011133,08/26/2025,612-42-7165,
Charles  Payne,LP030444,Leukopak Donation,07/14/2025 10:07 am,No Show,CE0011133,,612-42-7165,8/4/2025
Charles  Payne,LP031880,Leukopak Donation,10/06/2025 12:05 pm,Passed,CE0011133,10/09/2025,612-42-7165,
Chase Silveira,LP031338,Leukopak Donation,09/03/2025 9:48 am,Passed,CE0010119,09/08/2025,614-43-2952,
Chike Ujuagu,LP026830,Leukopak Donation,11/19/2024 7:22 am,Passed,CE0010719,12/04/2024,444-94-0105,
Chloe Sykes,LP027576,Leukopak Donation,01/15/2025 10:28 am,Passed,CE0010891,02/03/2025,626-21-0746,
Chloe Sykes,LP028096,Leukopak Donation,02/21/2025 11:45 am,Passed,CE0010891,03/10/2025,626-21-0746,
Chloe Sykes,LP028563,Leukopak Donation,03/24/2025 9:31 am,Passed,CE0010891,04/16/2025,626-21-0746,
Chloe Sykes,LP029125,Leukopak Donation,04/28/2025 11:57 am,Passed,CE0010891,05/28/2025,626-21-0746,
Chloe Sykes,LP030605,Leukopak Donation,07/21/2025 3:24 pm,Cancelled by Donor,CE0010891,,626-21-0746,08/06/2025
Chris Komeily,LP026242,Leukopak Donation,10/14/2024 10:00 am,Passed,CE0008534,10/31/2024,615-36-4386,
Chris Komeily,LP036610,Leukopak Donation,07/17/2026 9:56 am,Pending,CE0008534,,615-36-4386,
Chris Komeily,LP035916,Leukopak Donation,05/27/2026 2:23 pm,Passed,CE0008534,06/16/2026,615-36-4386,
Chris Komeily,LP035285,Leukopak Donation,04/16/2026 4:14 pm,Passed,CE0008534,05/05/2026,615-36-4386,
Christian  Lopez Munguia,LP029647,Leukopak Donation,05/27/2025 10:18 am,Passed,CE0007625,06/16/2025,613-31-0711,
Christian  Lopez Munguia,LP028514,Leukopak Donation,03/19/2025 3:01 pm,Passed,CE0007625,04/01/2025,613-31-0711,
Christian  Lopez Munguia,LP029081,Leukopak Donation,04/24/2025 10:26 am,Passed,CE0007625,05/08/2025,613-31-0711,
Christian  Lopez Munguia,LP032026,Leukopak Donation,10/14/2025 1:42 pm,Passed,CE0007625,11/05/2025,613-31-0711,
Christian  Lopez Munguia,LP031688,Leukopak Donation,09/24/2025 9:50 am,No Show,CE0007625,,613-31-0711,10/06/2025
Christian  Lopez Munguia,LP035502,Leukopak Donation,05/01/2026 11:17 am,Passed,CE0007625,05/20/2026,613-31-0711,
Christian  Lopez Munguia,LP027866,Leukopak Donation,01/30/2025 12:43 pm,Passed,CE0007625,02/24/2025,613-31-0711,
Christian  Lopez Munguia,LP027101,Leukopak Donation,12/06/2024 9:00 am,Passed,CE0007625,12/23/2024,613-31-0711,
Christian  Lopez Munguia,LP026430,Leukopak Donation,10/25/2024 10:32 am,Passed,CE0007625,11/14/2024,613-31-0711,
Christian  Lopez Munguia,LP035024,Leukopak Donation,04/06/2026 1:11 pm,Passed,CE0007625,04/14/2026,613-31-0711,
Christian  Lopez Munguia,LP033872,Leukopak Donation,02/04/2026 10:43 am,Cancelled by Donor,CE0007625,,613-31-0711,cancel
Christian  Lopez Munguia,LP033049,Leukopak Donation,12/15/2025 4:10 pm,Passed,CE0007625,01/08/2026,613-31-0711,
Christian Turrini,LP026597,Leukopak Donation,11/06/2024 12:15 pm,Pending,CE0010143,11/18/2024,608-25-1961,
Christian Turrini,LP027625,Leukopak Donation,01/22/2025 8:08 am,Passed,CE0010143,02/04/2025,608-25-1961,
Christian Turrini,LP028811,Leukopak Donation,04/08/2025 11:14 am,Passed,CE0010143,04/21/2025,608-25-1961,
Christina Harvey,LP033183,Leukopak Donation,12/23/2025 10:23 am,Failed,CE0011415,,626470480,Donor stated she had surgery on 1/20/2026 for a broken fracture and stated she believed she may have phlebitis. Per donor she was going to make an appointment with her PCP and donor advised to follow up with her surgeons office 2 weeks following surgery. Donor advised she would be deferred for 8 weeks from 1/20/2026 and would need to call after 3/17/26 to speak to an RN. RN to verify all symptoms have resolved and donor is completely recovered prior to scheduling an appointment for donation.
Christine Claypoole,LP028400,Leukopak Donation,03/12/2025 12:06 pm,Passed,CE0006720,03/31/2025,340-52-8994,
Christine Parentela,LP033341,Leukopak Donation,01/08/2026 11:49 am,Cancelled by Donor,CE0011440,,624-14-6932,1/20/2026
Christopher Crowther,LP030535,Leukopak Donation,07/16/2025 1:53 pm,Passed,CE0011093,08/07/2025,230-23-7583,
Christopher Crowther,LP036686,Leukopak Donation,07/23/2026 6:37 am,Pending,CE0011093,,230-23-7583,
Christopher Crowther,LP035554,Leukopak Donation,05/06/2026 11:32 am,Passed,CE0011093,05/22/2026,230-23-7583,
Christopher Crowther,LP035882,Leukopak Donation,05/26/2026 2:44 pm,Passed,CE0011093,06/29/2026,230-23-7583,
Christopher Crowther,LP035109,Leukopak Donation,04/10/2026 1:21 pm,Cancelled by Donor,CE0011093,,230-23-7583,
Christopher Crowther,LP032296,Leukopak Donation,10/29/2025 9:48 am,Passed,CE0011093,11/18/2025,230-23-7583,
Christopher Iknoian,LP027586,Leukopak Donation,01/16/2025 10:53 am,Passed,CE0010880,02/03/2025,611-88-3811,
Christopher Iknoian,LP032185,Leukopak Donation,10/24/2025 9:22 am,Passed,CE0010880,10/29/2025,611-88-3811,
Christopher Iknoian,LP030899,Leukopak Donation,08/11/2025 4:08 pm,Passed,CE0010880,08/27/2025,611-88-3811,
Christopher Iknoian,LP028611,Leukopak Donation,03/25/2025 2:46 pm,Passed,CE0010880,04/03/2025,611-88-3811,
Christopher Iknoian,LP029771,Leukopak Donation,06/02/2025 1:44 pm,Passed,CE0010880,06/26/2025,611-88-3811,
Christopher Iknoian,LP033827,Leukopak Donation,02/02/2026 2:06 pm,Passed,CE0010880,02/23/2026,611-88-3811,
Christopher Kennedy,LP033610,Leukopak Donation,01/23/2026 12:33 pm,Passed,CE0011458,02/03/2026,613-39-8213,
Christopher Kennedy,LP034818,Leukopak Donation,03/26/2026 10:29 am,No Show,CE0011458,,613-39-8213,
Christopher Maynard,LP033618,Leukopak Donation,01/26/2026 8:40 am,Passed,CE0006205,02/18/2026,621-32-3588,passed 02/18 per STI sheet -sj
Christopher Maynard,LP034600,Leukopak Donation,03/16/2026 1:29 pm,Passed,CE0006205,03/27/2026,621-32-3588,
Christopher Maynard,LP035295,Leukopak Donation,04/17/2026 11:25 am,Passed,CE0006205,05/04/2026,621-32-3588,
Christopher Maynard,LP036436,Leukopak Donation,07/07/2026 2:51 pm,Pending,CE0006205,,621-32-3588,
Christopher Maynard,LP035833,Leukopak Donation,05/22/2026 10:56 am,Passed,CE0006205,06/10/2026,621-32-3588,
Christopher Maynard,LP028476,Leukopak Donation,03/18/2025 6:36 am,Passed,CE0006205,04/14/2025,621-32-3588,
Christopher Maynard,LP029857,Leukopak Donation,06/06/2025 8:48 am,Passed,CE0006205,06/24/2025,621-32-3588,
Christopher Maynard,LP032171,Leukopak Donation,10/23/2025 11:31 am,Passed,CE0006205,11/04/2025,621-32-3588,
Christopher Mendez,LP035883,Leukopak Donation,05/26/2026 3:06 pm,Passed,CE0007983,06/08/2026,389-96-8773,
Ciara Henry,LP030502,Leukopak Donation,07/15/2025 4:18 pm,No Show,CE0008161,,623-39-3191,No Show 8/5/2025
Ciara Henry,LP031898,Leukopak Donation,10/06/2025 1:40 pm,Failed,CE0008161,10/23/2025,623-39-3191,failed access
Ciara Henry,LP030001,Leukopak Donation,06/16/2025 9:54 am,Passed,CE0008161,07/01/2025,623-39-3191,
Ciara Henry,LP026218,Leukopak Donation,10/10/2024 1:13 pm,Passed,CE0008161,10/29/2024,623-39-3191,
Ciara Henry,LP032652,Leukopak Donation,11/19/2025 10:19 am,Cancelled by Donor,CE0008161,,623-39-3191,
Clarissa Ortega,LP036515,Leukopak Donation,07/13/2026 9:35 am,Pending,CE0008258,,615-90-9028,
Clarissa Ortega,LP035125,Leukopak Donation,04/13/2026 10:18 am,Passed,CE0008258,05/18/2026,615-90-9028,
Clarissa Ortega,LP033449,Leukopak Donation,01/14/2026 11:21 am,Passed,CE0008258,01/27/2026,615-90-9028,
Claudia Lee,LP033930,Leukopak Donation,02/05/2026 4:05 pm,Passed,CE0008678,02/26/2026,605-29-3270,
Claudia Lee,LP030690,Leukopak Donation,07/24/2025 1:30 pm,Passed,CE0008678,08/25/2025,605-29-3270,
Claudia Lee,LP032216,Leukopak Donation,10/27/2025 12:44 pm,Passed,CE0008678,11/10/2025,605-29-3270,
Claudia Lee,LP030010,Leukopak Donation,06/16/2025 12:22 pm,Passed,CE0008678,07/08/2025,605-29-3270,
Claudia Lee,LP028955,Leukopak Donation,04/17/2025 11:32 am,Cancelled by Donor,CE0008678,,605-29-3270,04/22/2025
Claudia Lee,LP028125,Leukopak Donation,02/25/2025 10:02 am,Passed,CE0008678,03/10/2025,605-29-3270,
Claudia Lee,LP027562,Leukopak Donation,01/14/2025 10:35 am,Passed,CE0008678,02/03/2025,605-29-3270,
Cobey Russell,LP028907,Leukopak Donation,04/15/2025 12:54 pm,Passed,CE0010996,04/16/2025,540-11-7731,
Cordillia Sellar,LP027922,Leukopak Donation,02/05/2025 6:46 am,Passed,CE0010916,02/05/2025,,
Corey Rowland,LP026616,Leukopak Donation,11/07/2024 11:44 am,Passed,CE0006775,11/18/2024,590-31-5055,
Cory Peters,LP027582,Leukopak Donation,01/16/2025 9:57 am,Passed,CE0010020,01/22/2025,624-54-3318,
Cory Peters,LP026728,Leukopak Donation,11/13/2024 11:26 am,Passed,CE0010020,12/05/2024,624-54-3318,
Courtney Wimberly,LP034432,Leukopak Donation,03/05/2026 11:26 am,Passed,CE0005821,03/18/2026,437-37-9390,
Cristian Escalante,LP031435,Leukopak Donation,09/11/2025 1:39 pm,Passed,CE0011283,09/18/2025,626-78-1231,
Cristian Escalante,LP031983,Leukopak Donation,10/10/2025 8:59 am,Passed,CE0011283,10/28/2025,626-78-1231,
Cristian Escalante,LP035903,Leukopak Donation,05/27/2026 11:10 am,Passed,CE0011283,06/18/2026,626-78-1231,
Cristian Escalante,LP036650,Leukopak Donation,07/20/2026 1:43 pm,Pending,CE0011283,,626-78-1231,
Cristian Escalante,LP034662,Leukopak Donation,03/18/2026 11:33 am,Passed,CE0011283,04/01/2026,626-78-1231,
Cristian Escalante,LP035494,Leukopak Donation,05/01/2026 9:49 am,Passed,CE0011283,05/14/2026,626-78-1231,
Cristian Escalante,LP034014,Leukopak Donation,02/12/2026 8:57 am,Passed,CE0011283,02/25/2026,626-78-1231,
Cristina Barragan,LP036254,Leukopak Donation,06/22/2026 1:03 pm,Pending,CE0011637,,605-37-0951,
Crystal Caracol,LP027026,Leukopak Donation,12/04/2024 10:02 am,Pending,CE0010686,,570-79-7753,
Crystal Caracol,LP026317,Leukopak Donation,10/17/2024 10:48 am,Passed,CE0010686,11/04/2024,570-79-7753,
Cullen Molitor,LP033718,Leukopak Donation,01/28/2026 4:22 pm,Passed,CE0011431,02/03/2026,318-90-9376,
Cullen Molitor,LP035287,Leukopak Donation,04/17/2026 9:06 am,Passed,CE0011431,05/05/2026,318-90-9376,
Cynthia Billings,LP036220,Leukopak Donation,06/18/2026 12:41 pm,Passed,CE0007814,07/07/2026,626-20-4853,
Daisy Quevedo,LP036310,Leukopak Donation,06/25/2026 9:58 am,Passed,CE0011608,07/14/2026,592-23-4460,
Daisy Quevedo,LP035535,Leukopak Donation,05/05/2026 1:12 pm,Cancelled by Donor,CE0011608,,592-23-4460,
Damascus Johnson,LP034360,Leukopak Donation,03/02/2026 2:55 pm,Passed,CE0011369,03/12/2026,382-044547,
Daniel Alexander Duran,LP026537,Leukopak Donation,11/04/2024 8:50 am,Passed,CE0010805,11/13/2024,602-52-2886,
Daniel Alexander Duran,LP027249,Leukopak Donation,12/16/2024 9:02 am,Passed,CE0010805,01/14/2025,602-52-2886,
Daniel Alexander Duran,LP028195,Leukopak Donation,02/27/2025 1:40 pm,Passed,CE0010805,03/05/2025,602-52-2886,
Daniel Alexander Duran,LP028040,Leukopak Donation,02/19/2025 9:46 am,Cancelled by Donor,CE0010805,,602-52-2886,03/03/2025
Daniel Alexander Duran,LP036101,Leukopak Donation,06/08/2026 12:11 pm,Passed,CE0010805,06/23/2026,602-52-2886,
Daniel Alexander Duran,LP029519,Leukopak Donation,05/19/2025 3:06 pm,Passed,CE0010805,06/03/2025,602-52-2886,
Daniel Alexander Duran,LP028790,Leukopak Donation,04/07/2025 10:02 am,Failed,CE0010805,,602-52-2886,4/15/2025
Daniel Alexander Duran,LP029209,Leukopak Donation,05/01/2025 10:51 am,No Show,CE0010805,,602-52-2886,05/13/2025
Daniel Alexander Duran,LP031885,Leukopak Donation,10/06/2025 1:07 pm,Passed,CE0010805,10/29/2025,602-52-2886,
Daniel Alexander Duran,LP030402,Leukopak Donation,07/10/2025 7:39 am,Passed,CE0010805,07/31/2025,602-52-2886,
Daniel Alexander Duran,LP034260,Leukopak Donation,02/26/2026 11:19 am,Passed,CE0010805,03/03/2026,602-52-2886,
Daniel Alexander Duran,LP033564,Leukopak Donation,01/21/2026 3:43 pm,Passed,CE0010805,01/26/2026,602-52-2886,
Daniel Alexander Duran,LP034957,Leukopak Donation,04/02/2026 7:12 am,Passed,CE0010805,04/15/2026,602-52-2886,
Daniel Chou,LP036626,Leukopak Donation,07/20/2026 6:30 am,Passed,CE0011520,07/20/2026,609-49-0875,
Daniel Chou,LP035722,Leukopak Donation,05/18/2026 10:09 am,Passed,CE0011520,06/02/2026,609-49-0875,
Daniel Chou,LP034214,Leukopak Donation,02/25/2026 7:49 am,Passed,CE0011520,03/05/2026,609-49-0875,
Daniel Iraheta,LP030958,Leukopak Donation,08/14/2025 8:52 am,Passed,CE0011096,09/03/2025,603-31-8684,
Daniel Iraheta,LP031825,Leukopak Donation,09/30/2025 4:31 pm,Passed,CE0011096,10/24/2025,603-31-8684,
Daniel Iraheta,LP029635,Leukopak Donation,05/27/2025 8:28 am,Cancelled by Donor,CE0011096,,603-31-8684,6/10/25
Daniel Iraheta,LP030243,Leukopak Donation,06/30/2025 6:48 am,Passed,CE0011096,07/22/2025,603-31-8684,
Daniel Iraheta,LP029908,Leukopak Donation,06/10/2025 7:04 am,Passed,CE0011096,06/17/2025,603-31-8684,
Daniel Iraheta,LP034749,Leukopak Donation,03/24/2026 10:32 am,Cancelled by Donor,CE0011096,,603-31-8684,04/02/2026
Daniel Iraheta,LP035135,Leukopak Donation,04/13/2026 12:17 pm,Passed,CE0011096,04/23/2026,603-31-8684,
Daniel Iraheta,LP032659,Leukopak Donation,11/19/2025 12:24 pm,Passed,CE0011096,12/01/2025,603-31-8684,
Daniel Iraheta,LP033684,Leukopak Donation,01/27/2026 3:54 pm,Passed,CE0011096,02/05/2026,603-31-8684,
Daniel Lee,LP027721,Leukopak Donation,01/27/2025 8:39 am,Cancelled by Donor,CE0008506,,612-60-0049,02/24/2025
Daniel Lee,LP027037,Leukopak Donation,12/04/2024 12:18 pm,Passed,CE0008506,12/16/2024,612-60-0049,
Daniel Lee,LP026385,Leukopak Donation,10/23/2024 10:22 am,Passed,CE0008506,11/04/2024,612-60-0049,
Daniel Locks,LP030375,Leukopak Donation,07/08/2025 12:10 pm,Passed,CE0011155,07/17/2025,602-29-3345,
Daniel Locks,LP030791,Leukopak Donation,08/01/2025 10:05 am,Passed,CE0011155,08/20/2025,602-29-3345,
Daniel Pena,LP035556,Leukopak Donation,05/06/2026 11:35 am,Passed,CE0011380,05/26/2026,097-39-3385,
Daniel Pena,LP033305,Leukopak Donation,01/07/2026 1:11 pm,Cancelled by Donor,CE0011380,,097-39-3385,1/12/2026
Daniela Arreola,LP026882,Leukopak Donation,11/21/2024 9:19 am,Cancelled by Donor,CE0010687,,620-43-4493,12/9
Daniela Meza Tinajero,LP027936,Leukopak Donation,02/06/2025 6:55 am,Cancelled by Donor,CE0010296,,860-98-5143,
Daniela Meza Tinajero,LP027954,Leukopak Donation,02/10/2025 10:18 am,Passed,CE0010296,02/11/2025,860-98-5143,
Daniela Nelms,LP036455,Leukopak Donation,07/08/2026 10:00 am,Pending,CE0011670,,574-63-2042,
Daniela Virgen Ruiz,LP033659,Leukopak Donation,01/27/2026 9:49 am,Passed,CE0011074,02/02/2026,615-39-1133,
Daniela Virgen Ruiz,LP032766,Leukopak Donation,12/01/2025 11:00 am,Passed,CE0011074,12/08/2025,615-39-1133,
Daniela Virgen Ruiz,LP033338,Leukopak Donation,01/08/2026 10:36 am,Cancelled by Donor,CE0011074,,615-39-1133,01/20/2026
Daniela Virgen Ruiz,LP034314,Leukopak Donation,03/02/2026 9:56 am,Passed,CE0011074,03/11/2026,615-39-1133,
Daniela Virgen Ruiz,LP030373,Leukopak Donation,07/08/2025 11:53 am,Passed,CE0011074,07/31/2025,615-39-1133,
Danielle Pettee,LP033777,Leukopak Donation,01/30/2026 10:56 am,Failed,CE0011414,02/05/2026,433-57-5181,"94 minute run, DC'd early due to multiple reactions and alarms."
Darrin Webster,LP031141,Leukopak Donation,08/25/2025 2:09 pm,Failed,CE0011064,,622-62-0136,failed screen 09/08/2025 per STI sheet -sj 6/3/26
Darrin Webster,LP029226,Leukopak Donation,05/01/2025 2:01 pm,Failed,CE0011064,05/06/2025,622-62-0136,loss of venous access
Daryl Brown,LP027673,Leukopak Donation,01/23/2025 9:37 am,Passed,CE0010493,02/06/2025,572-85-3529,
Daryl Brown,LP026866,Leukopak Donation,11/20/2024 10:14 am,Passed,CE0010493,12/10/2024,572-85-3529,
Daryl Brown,LP036673,Leukopak Donation,07/22/2026 8:52 am,Pending,CE0010493,,572-85-3529,
Daryl Brown,LP026402,Leukopak Donation,10/24/2024 12:02 pm,Passed,CE0010493,11/05/2024,572-85-3529,
Daryl Brown,LP035407,Leukopak Donation,04/27/2026 11:02 am,Passed,CE0010493,05/07/2026,572-85-3529,pass per fy26 sti sheet -sj
Daryl Brown,LP030495,Leukopak Donation,07/15/2025 2:55 pm,Passed,CE0010493,07/22/2025,572-85-3529,
Daryl Brown,LP032192,Leukopak Donation,10/27/2025 6:21 am,Passed,CE0010493,11/06/2025,572-85-3529,
Daryl Brown,LP031998,Leukopak Donation,10/13/2025 6:43 am,Cancelled by Canventa,CE0010493,,572-85-3529,
Daryl Brown,LP031531,Leukopak Donation,09/16/2025 1:49 pm,Passed,CE0010493,10/01/2025,572-85-3529,
Daryl Brown,LP029663,Leukopak Donation,05/27/2025 1:17 pm,Passed,CE0010493,06/03/2025,572-85-3529,
Daryl Brown,LP029006,Leukopak Donation,04/22/2025 11:31 am,Passed,CE0010493,04/29/2025,572-85-3529,
Daryl Brown,LP028391,Leukopak Donation,03/12/2025 6:44 am,Passed,CE0010493,03/18/2025,572-85-3529,
Daryl Brown,LP032817,Leukopak Donation,12/02/2025 1:48 pm,Passed,CE0010493,12/23/2025,572-85-3529,
Daryl Brown,LP034002,Leukopak Donation,02/11/2026 9:52 am,Passed,CE0010493,02/17/2026,572-85-3529,
Daryl Brown,LP034618,Leukopak Donation,03/17/2026 9:56 am,Passed,CE0010493,03/27/2026,572-85-3529,
Daryl Brown,LP035717,Leukopak Donation,05/18/2026 7:35 am,Passed,CE0010493,06/15/2026,572-85-3529,
Dasia Kirby,LP036059,Leukopak Donation,06/03/2026 1:22 pm,Passed,CE0011452,07/09/2026,382-31-4160,
Dasia Kirby,LP035460,Leukopak Donation,04/29/2026 11:25 am,Passed,CE0011452,05/19/2026,382-31-4160,
David Contreras,LP036657,Leukopak Donation,07/20/2026 2:27 pm,Pending,CE0011481,,602-86-8390,
David Contreras,LP036196,Leukopak Donation,06/17/2026 2:35 pm,Passed,CE0011481,07/02/2026,602-86-8390,
David Contreras,LP034873,Leukopak Donation,03/31/2026 10:23 am,Passed,CE0011481,04/14/2026,602-86-8390,
David Dorsagno,LP036471,Leukopak Donation,07/09/2026 6:35 am,No Show,CE0010298,,557-93-9221,no show per FY27 sti sheet -sj 7/22/26
David Dorsagno,LP032790,Leukopak Donation,12/02/2025 9:39 am,Passed,CE0010298,12/15/2025,557-93-9221,
David Glover,LP028739,Leukopak Donation,04/02/2025 12:58 pm,Passed,CE0011000,04/09/2025,562-45-3977,
David Glover,LP029875,Leukopak Donation,06/09/2025 7:38 am,Passed,CE0011000,06/18/2025,562-45-3977,
David Glover,LP034141,Leukopak Donation,02/20/2026 2:44 pm,Failed,CE0011000,03/02/2026,562-45-3977,"Donor had emergency, requested to end donation."
David Hoang,LP031911,Leukopak Donation,10/07/2025 6:55 am,Passed,CE0011309,10/07/2025,550-89-6481,
David McDonald,LP036211,Leukopak Donation,06/18/2026 7:30 am,Passed,CE0010661,07/06/2026,608-12-0045,
David McDonald,LP026869,Leukopak Donation,11/20/2024 10:36 am,Passed,CE0010661,12/03/2024,608-12-0045,
David McDonald,LP028094,Leukopak Donation,02/21/2025 11:34 am,Passed,CE0010661,03/03/2025,608-12-0045,
David McDonald,LP029440,Leukopak Donation,05/14/2025 7:54 am,Passed,CE0010661,05/21/2025,608-12-0045,
David McDonald,LP030203,Leukopak Donation,06/25/2025 8:36 am,Failed,CE0010661,,608-12-0045,"sick and sent home, per fy26 STI sheet -sj"
David McDonald,LP028809,Leukopak Donation,04/08/2025 9:57 am,Passed,CE0010661,04/09/2025,608-12-0045,
David McDonald,LP031562,Leukopak Donation,09/17/2025 12:44 pm,Passed,CE0010661,09/29/2025,608-12-0045,
David McDonald,LP033972,Leukopak Donation,02/10/2026 11:12 am,No Show,CE0010661,,608-12-0045,No show 2/24/2026
David McDonald,LP032988,Leukopak Donation,12/10/2025 8:45 am,Passed,CE0010661,01/06/2026,608-12-0045,
David McDonald,LP034301,Leukopak Donation,03/02/2026 7:44 am,Passed,CE0010661,03/02/2026,608-12-0045,
David McDonald,LP034998,Leukopak Donation,04/06/2026 8:17 am,Passed,CE0010661,04/07/2026,608-12-0045,
David McDonald,LP035568,Leukopak Donation,05/06/2026 2:03 pm,Passed,CE0010661,05/22/2026,608-12-0045,
David Stoeckle,LP034355,Leukopak Donation,03/02/2026 2:05 pm,Passed,CE0011528,03/17/2026,619-78-3988,
David Stoeckle,LP035752,Leukopak Donation,05/19/2026 10:51 am,Passed,CE0011528,06/01/2026,619-78-3988,
David Stoeckle,LP035982,Leukopak Donation,06/01/2026 11:21 am,Passed,CE0011528,07/06/2026,619-78-3988,
David Tomlinson,LP027783,Leukopak Donation,01/28/2025 10:07 am,Passed,CE0010780,02/12/2025,615-59-6357,
David Tomlinson,LP026772,Leukopak Donation,11/15/2024 12:13 pm,Passed,CE0010780,11/19/2024,615-59-6357,
David Tomlinson,LP026340,Leukopak Donation,10/21/2024 7:48 am,Cancelled by Donor,CE0010780,,615-59-6357,10/29
David Tomlinson,LP028520,Leukopak Donation,03/20/2025 7:58 am,Passed,CE0010780,03/20/2025,615-59-6357,
David Walters,LP036097,Leukopak Donation,06/05/2026 1:15 pm,Passed,CE0011591,06/29/2026,607-82-2361,
David Walters,LP035642,Leukopak Donation,05/11/2026 1:12 pm,No Show,CE0011591,,607-82-2361,no show 5/22/2026
Davonte Banks,LP030693,Leukopak Donation,07/24/2025 1:48 pm,Passed,CE0010922,08/19/2025,602-92-0783,
Davonte Banks,LP028753,Leukopak Donation,04/03/2025 9:34 am,Passed,CE0010922,04/08/2025,602-92-0783,
Davonte Banks,LP029941,Leukopak Donation,06/10/2025 4:14 pm,Cancelled by Donor,CE0010922,,602-92-0783,06/18/2025
Dean Partida,LP033775,Leukopak Donation,01/30/2026 10:53 am,Passed,CE0011312,02/05/2026,607-63-7299,
Dean Partida,LP032291,Leukopak Donation,10/29/2025 9:38 am,Passed,CE0011312,11/13/2025,607-63-7299,
Dean Partida,LP033242,Leukopak Donation,01/05/2026 3:34 pm,No Show,CE0011312,,607-63-7299,01/22/2026- No show
Dean Sampson,LP035957,Leukopak Donation,05/28/2026 3:40 pm,Passed,CE0011611,06/24/2026,548-93-3601,
Dean Sampson,LP035749,Leukopak Donation,05/18/2026 2:18 pm,Passed,CE0011611,05/20/2026,548-93-3601,
Deantrey Everett,LP032319,Leukopak Donation,10/30/2025 9:10 am,Passed,CE0008543,11/19/2025,618-92-8921,
Deantrey Everett,LP033073,Leukopak Donation,12/16/2025 3:24 pm,Passed,CE0008543,01/14/2026,618-92-8921,
Deantrey Everett,LP033687,Leukopak Donation,01/28/2026 6:27 am,Passed,CE0008543,02/18/2026,618-92-8921,
Deantrey Everett,LP034800,Leukopak Donation,03/25/2026 2:08 pm,Passed,CE0008543,04/29/2026,618-92-8921,
Deantrey Everett,LP034436,Leukopak Donation,03/05/2026 11:40 am,Passed,CE0008543,03/25/2026,618-92-8921,
Deantrey Everett,LP031211,Leukopak Donation,08/26/2025 5:01 pm,Passed,CE0008543,09/29/2025,618-92-8921,
Deantrey Everett,LP030765,Leukopak Donation,07/30/2025 10:03 am,Passed,CE0008543,08/25/2025,618-92-8921,
Deantrey Everett,LP036584,Leukopak Donation,07/15/2026 3:36 pm,Pending,CE0008543,,618-92-8921,
Deantrey Everett,LP035886,Leukopak Donation,05/26/2026 3:54 pm,Passed,CE0008543,06/16/2026,618-92-8921,
Dedrick Nakamura,LP032624,Leukopak Donation,11/18/2025 9:39 am,Passed,CE0011382,12/09/2025,606630319,
Dedrick Nakamura,LP036659,Leukopak Donation,07/21/2026 8:14 am,Pending,CE0011382,,606630319,
Deeletra Stroughter,LP029056,Leukopak Donation,04/23/2025 10:58 am,Passed,CE0010737,05/12/2025,562-27-5191,
Deeletra Stroughter,LP028585,Leukopak Donation,03/24/2025 1:31 pm,Passed,CE0010737,04/02/2025,562-27-5191,144min runtime d/t loss of venous access.
Deeletra Stroughter,LP026840,Leukopak Donation,11/19/2024 9:50 am,Cancelled by Canventa,CE0010737,,562-27-5191,12/05/2024
Deeletra Stroughter,LP026994,Leukopak Donation,12/03/2024 1:42 pm,Passed,CE0010737,12/18/2024,562-27-5191,
Deeletra Stroughter,LP027778,Leukopak Donation,01/28/2025 9:33 am,Passed,CE0010737,02/12/2025,562-27-5191,
Deeletra Stroughter,LP036415,Leukopak Donation,07/06/2026 2:16 pm,Pending,CE0010737,,562-27-5191,
Deina Lee,LP036577,Leukopak Donation,07/15/2026 2:16 pm,Pending,CE0011483,,622-37-1815,
Deina Lee,LP036232,Leukopak Donation,06/22/2026 9:09 am,No Show,CE0011483,,622-37-1815,no show
Deina Lee,LP033968,Leukopak Donation,02/10/2026 10:12 am,Passed,CE0011483,02/23/2026,622-37-1815,
Deina Lee,LP035118,Leukopak Donation,04/13/2026 6:14 am,Passed,CE0011483,04/27/2026,622-37-1815,
Dejuan Mims,LP030128,Leukopak Donation,06/23/2025 12:18 pm,Passed,CE0009942,06/25/2025,611-66-8142,
Dejuan Mims,LP029404,Leukopak Donation,05/13/2025 8:51 am,Passed,CE0009942,05/19/2025,611-66-8142,pass per notes -sj
Dejuan Mims,LP031479,Leukopak Donation,09/15/2025 8:33 am,Passed,CE0009942,09/15/2025,611-66-8142,
Dejuan Mims,LP028018,Leukopak Donation,02/18/2025 10:28 am,Passed,CE0009942,02/27/2025,611-66-8142,
Dejuan Mims,LP027047,Leukopak Donation,12/04/2024 1:41 pm,Passed,CE0009942,12/17/2024,611-66-8142,
Dejuan Mims,LP027370,Leukopak Donation,01/03/2025 7:57 am,Passed,CE0009942,01/22/2025,611-66-8142,
Dejuan Mims,LP035529,Leukopak Donation,05/05/2026 7:03 am,Passed,CE0009942,05/05/2026,611-66-8142,
Dejuan Mims,LP036034,Leukopak Donation,06/03/2026 9:23 am,Passed,CE0009942,06/09/2026,611-66-8142,
Dejuan Mims,LP036338,Leukopak Donation,06/29/2026 10:40 am,Passed,CE0009942,07/16/2026,611-66-8142,
Dejuan Mims,LP036612,Leukopak Donation,07/17/2026 10:17 am,Pending,CE0009942,,611-66-8142,
Dejuan Mims,LP026389,Leukopak Donation,10/23/2024 11:12 am,Passed,CE0009942,11/12/2024,611-66-8142,
Dejuan Mims,LP026128,Leukopak Donation,10/07/2024 7:09 am,Passed,CE0009942,10/07/2024,611-66-8142,
Dejuan Mims,LP033521,Leukopak Donation,01/20/2026 1:35 pm,Passed,CE0009942,02/24/2026,611-66-8142,
Dejuan Mims,LP032509,Leukopak Donation,11/10/2025 10:51 am,Passed,CE0009942,12/01/2025,611-66-8142,
Dejuan Mims,LP033226,Leukopak Donation,01/05/2026 12:47 pm,Passed,CE0009942,01/20/2026,611-66-8142,
Dejuan Mims,LP034548,Leukopak Donation,03/12/2026 11:42 am,Passed,CE0009942,03/31/2026,611-66-8142,
De'Marcus McKinney,LP035945,Leukopak Donation,05/28/2026 11:57 am,Passed,CE0006808,06/18/2026,625-26-4150,
De'Marcus McKinney,LP031786,Leukopak Donation,09/30/2025 6:05 am,Passed,CE0006808,10/16/2025,625-26-4150,
De'Marcus McKinney,LP035271,Leukopak Donation,04/16/2026 11:56 am,Passed,CE0006808,04/29/2026,625-26-4150,
Denice Richards,LP026131,Leukopak Donation,10/07/2024 8:15 am,Passed,CE0006705,10/16/2024,523-25-2810,
Denice Richards,LP027090,Leukopak Donation,12/05/2024 1:09 pm,Passed,CE0006705,12/10/2024,523-25-2810,
Dennis Biles,LP033398,Leukopak Donation,01/12/2026 2:38 pm,Passed,CE0005742,02/10/2026,610-07-1136,
Dennis Biles,LP032268,Leukopak Donation,10/28/2025 10:42 am,Passed,CE0005742,11/24/2025,610-07-1136,
Dennis Biles,LP034811,Leukopak Donation,03/26/2026 8:03 am,Passed,CE0005742,03/31/2026,610-07-1136,
Dennis Biles,LP035531,Leukopak Donation,05/05/2026 10:29 am,Passed,CE0005742,05/18/2026,610-07-1136,
Dennis Biles,LP026593,Leukopak Donation,11/06/2024 11:25 am,Passed,CE0005742,11/20/2024,610-07-1136,
Dennis Biles,LP029362,Leukopak Donation,05/09/2025 10:22 am,Passed,CE0005742,05/19/2025,610-07-1136,
Dennis Biles,LP029866,Leukopak Donation,06/06/2025 10:50 am,Passed,CE0005742,06/23/2025,610-07-1136,
Derek Krause,LP034832,Leukopak Donation,03/27/2026 7:01 am,Cancelled by Donor,CE0011396,,435-83-4668,04/07/2026
Derek Krause,LP035085,Leukopak Donation,04/09/2026 11:24 am,Passed,CE0011396,04/21/2026,435-83-4668,
Derek Krause,LP033706,Leukopak Donation,01/28/2026 2:32 pm,Cancelled by Donor,CE0011396,,435-83-4668,cancelled 2/10/2026
Derek Krause,LP034246,Leukopak Donation,02/26/2026 8:49 am,Passed,CE0011396,03/03/2026,435-83-4668,
Derek Krause,LP033012,Leukopak Donation,12/11/2025 10:47 am,Passed,CE0011396,01/06/2026,435-83-4668,
Derek Krause,LP036664,Leukopak Donation,07/21/2026 10:26 am,Pending,CE0011396,,435-83-4668,
Derek Montejo,LP029327,Leukopak Donation,05/08/2025 8:59 am,Cancelled by Donor,CE0011065,,605-51-5204,5/14/2025
Derek Montejo,LP030144,Leukopak Donation,06/23/2025 2:22 pm,Passed,CE0011065,07/16/2025,605-51-5204,
Derek Montejo,LP029821,Leukopak Donation,06/05/2025 8:56 am,Passed,CE0011065,06/11/2025,605-51-5204,
Derek Montejo,LP036373,Leukopak Donation,07/01/2026 1:51 pm,No Show,CE0011065,,605-51-5204,No show
Desiree Castillo,LP035875,Leukopak Donation,05/26/2026 2:06 pm,Passed,CE0011635,06/17/2026,606-29-9661,
Desiree Greene,LP027142,Leukopak Donation,12/09/2024 9:10 am,Passed,CE0010849,12/17/2024,624-41-8392,
Desiree Greene,LP028220,Leukopak Donation,02/28/2025 10:16 am,Passed,CE0010849,03/10/2025,624-41-8392,
Desiree Greene,LP036208,Leukopak Donation,06/18/2026 7:22 am,Passed,CE0010849,07/06/2026,624-41-8392,
Desiree Greene,LP036644,Leukopak Donation,07/20/2026 11:51 am,Pending,CE0010849,,624-41-8392,
Desiree Greene,LP029571,Leukopak Donation,05/21/2025 3:45 pm,Passed,CE0010849,06/12/2025,624-41-8392,
Desiree Greene,LP031569,Leukopak Donation,09/17/2025 1:54 pm,Passed,CE0010849,10/07/2025,624-41-8392,
Desiree Greene,LP030580,Leukopak Donation,07/18/2025 3:02 pm,Passed,CE0010849,08/12/2025,624-41-8392,
Desiree Greene,LP035484,Leukopak Donation,04/30/2026 11:25 am,Cancelled by Donor,CE0010849,,624-41-8392,
Desiree Greene,LP028939,Leukopak Donation,04/16/2025 4:03 pm,Passed,CE0010849,04/30/2025,624-41-8392,
Desiree Greene,LP034850,Leukopak Donation,03/30/2026 8:13 am,Passed,CE0010849,04/15/2026,624-41-8392,
Desiree Greene,LP032519,Leukopak Donation,11/10/2025 11:02 am,Passed,CE0010849,12/01/2025,624-41-8392,
Desiree Greene,LP034284,Leukopak Donation,02/26/2026 2:44 pm,Passed,CE0010849,03/11/2026,624-41-8392,
Desiree Greene,LP033660,Leukopak Donation,01/27/2026 9:50 am,Passed,CE0010849,02/03/2026,624-41-8392,
Destiny Helems,LP027563,Leukopak Donation,01/14/2025 10:36 am,Passed,CE0010866,02/03/2025,603-37-5860,
Destiny Helems,LP036139,Leukopak Donation,06/11/2026 11:19 am,Passed,CE0010866,07/01/2026,603-37-5860,
Destiny Helems,LP030370,Leukopak Donation,07/08/2025 11:25 am,Passed,CE0010866,08/07/2025,603-37-5860,
Destiny Helems,LP030005,Leukopak Donation,06/16/2025 11:22 am,Passed,CE0010866,07/02/2025,603-37-5860,
Destiny Helems,LP028968,Leukopak Donation,04/17/2025 3:01 pm,Passed,CE0010866,04/29/2025,603-37-5860,
Destiny Helems,LP028430,Leukopak Donation,03/13/2025 2:44 pm,Passed,CE0010866,03/19/2025,603-37-5860,
Destiny Helems,LP035113,Leukopak Donation,04/10/2026 4:58 pm,Cancelled by Donor,CE0010866,,603-37-5860,04/27/2026
Destiny Helems,LP033753,Leukopak Donation,01/30/2026 6:40 am,Passed,CE0010866,02/04/2026,603-37-5860,
Destiny Jackson,LP027124,Leukopak Donation,12/06/2024 11:46 am,No Show,CE0010716,,606-25-9171,
Destiny Jackson,LP026316,Leukopak Donation,10/17/2024 10:47 am,Passed,CE0010716,11/04/2024,606-25-9171,
Detra McKinney,LP030461,Leukopak Donation,07/15/2025 6:11 am,Passed,CE0011166,08/05/2025,553-47-3170,
Detra McKinney,LP031070,Leukopak Donation,08/20/2025 7:26 am,Passed,CE0011166,09/09/2025,553-47-3170,
Detra McKinney,LP031829,Leukopak Donation,10/01/2025 6:12 am,Passed,CE0011166,10/20/2025,553-47-3170,
Detra McKinney,LP036135,Leukopak Donation,06/11/2026 10:05 am,Passed,CE0011166,07/02/2026,553-47-3170,
Detra McKinney,LP033057,Leukopak Donation,12/16/2025 6:29 am,Passed,CE0011166,01/14/2026,553-47-3170,"Run ended at 121"" due to citrate sensitivity"
Detra McKinney,LP032554,Leukopak Donation,11/12/2025 10:04 am,Passed,CE0011166,12/10/2025,553-47-3170,
Devin Begley,LP035443,Leukopak Donation,04/28/2026 1:53 pm,Passed,CE0006902,04/30/2026,610-42-0077,
Devin Begley,LP035832,Leukopak Donation,05/22/2026 10:13 am,Passed,CE0006902,06/08/2026,610-42-0077,
Devin Begley,LP034829,Leukopak Donation,03/26/2026 3:06 pm,Cancelled by Donor,CE0006902,,610-42-0077,04/02/2026
Devins Baker,LP036314,Leukopak Donation,06/25/2026 1:31 pm,Passed,CE0011644,07/14/2026,429-83-2431,
Deysi Saravia,LP030143,Leukopak Donation,06/23/2025 2:21 pm,Passed,CE0011143,07/15/2025,621-37-6245,
Deysi Saravia,LP035983,Leukopak Donation,06/01/2026 11:23 am,Passed,CE0011143,06/11/2026,621-37-6245,
Deysi Saravia,LP036466,Leukopak Donation,07/09/2026 6:19 am,Pending,CE0011143,,621-37-6245,
Deysi Saravia,LP033163,Leukopak Donation,12/22/2025 2:41 pm,Passed,CE0011143,01/13/2026,621-37-6245,
Deysi Saravia,LP033755,Leukopak Donation,01/30/2026 6:47 am,Passed,CE0011143,02/17/2026,621-37-6245,
Deysi Saravia,LP034686,Leukopak Donation,03/19/2026 8:33 am,Passed,CE0011143,03/26/2026,621-37-6245,
Diego Magallanez Rodriguez,LP028258,Leukopak Donation,03/03/2025 1:12 pm,Passed,CE0010632,03/18/2025,624-66-2739,
Diego Magallanez Rodriguez,LP027742,Leukopak Donation,01/27/2025 10:50 am,Passed,CE0010632,02/11/2025,624-66-2739,
Diego Magallanez Rodriguez,LP027221,Leukopak Donation,12/11/2024 1:01 pm,Passed,CE0010632,01/07/2025,624-66-2739,
Diego Magallanez Rodriguez,LP026645,Leukopak Donation,11/12/2024 7:43 am,Passed,CE0010632,11/20/2024,624-66-2739,
Diego Magallanez Rodriguez,LP036242,Leukopak Donation,06/22/2026 11:32 am,Passed,CE0010632,06/25/2026,624-66-2739,
Diego Magallanez Rodriguez,LP026171,Leukopak Donation,10/08/2024 1:29 pm,Passed,CE0010632,10/16/2024,624-66-2739,
Diego Magallanez Rodriguez,LP030264,Leukopak Donation,07/01/2025 6:57 am,Passed,CE0010632,07/08/2025,624-66-2739,
Diego Magallanez Rodriguez,LP029461,Leukopak Donation,05/15/2025 7:01 am,Passed,CE0010632,05/27/2025,624-66-2739,
Diego Magallanez Rodriguez,LP028848,Leukopak Donation,04/09/2025 2:06 pm,Passed,CE0010632,04/22/2025,624-66-2739,
Diego Magallanez Rodriguez,LP030916,Leukopak Donation,08/13/2025 6:22 am,Passed,CE0010632,08/13/2025,624-66-2739,
Diego Magallanez Rodriguez,LP031869,Leukopak Donation,10/06/2025 6:25 am,Passed,CE0010632,10/28/2025,624-66-2739,
Diego Magallanez Rodriguez,LP031471,Leukopak Donation,09/15/2025 6:39 am,Cancelled by Donor,CE0010632,,624-66-2739,
Diego Magallanez Rodriguez,LP035586,Leukopak Donation,05/07/2026 9:49 am,Passed,CE0010632,05/12/2026,624-66-2739,
Diego Magallanez Rodriguez,LP034504,Leukopak Donation,03/10/2026 9:46 am,Passed,CE0010632,03/17/2026,624-66-2739,
Dominic Roliz,LP029281,Leukopak Donation,05/06/2025 1:27 pm,Passed,CE0010959,05/21/2025,620-32-0190,
Donato Gomez,LP026177,Leukopak Donation,10/09/2024 7:12 am,Passed,CE0010196,10/10/2024,550-87-4377,
Donavon Moore,LP036137,Leukopak Donation,06/11/2026 10:45 am,Passed,CE0010628,07/01/2026,607-53-2085,
Donavon Moore,LP027500,Leukopak Donation,01/10/2025 11:46 am,Passed,CE0010628,01/29/2025,607-53-2085,
Donavon Moore,LP026697,Leukopak Donation,11/12/2024 4:04 pm,Passed,CE0010628,11/21/2024,607-53-2085,"171"" run due to need to use bathroom"
Donavon Moore,LP029435,Leukopak Donation,05/13/2025 4:16 pm,Passed,CE0010628,05/27/2025,607-53-2085,
Donavon Moore,LP028365,Leukopak Donation,03/10/2025 2:24 pm,Cancelled by Donor,CE0010628,,607-53-2085,03/24/2025
Donavon Moore,LP028562,Leukopak Donation,03/24/2025 9:04 am,Passed,CE0010628,04/01/2025,607-53-2085,
Donavon Moore,LP030425,Leukopak Donation,07/10/2025 2:32 pm,Cancelled by Donor,CE0010628,,607-53-2085,
Donavon Moore,LP031268,Leukopak Donation,08/29/2025 10:19 am,Passed,CE0010628,09/24/2025,607-53-2085,
Donavon Moore,LP032355,Leukopak Donation,11/03/2025 9:37 am,Passed,CE0010628,11/10/2025,607-53-2085,188min runtime; bathroom
Donavon Moore,LP033401,Leukopak Donation,01/12/2026 4:11 pm,Passed,CE0010628,01/22/2026,607-53-2085,"154"" due to BM."
Donna Spinola,LP032730,Leukopak Donation,11/25/2025 9:11 am,Passed,CE0008487,12/16/2025,567-43-0076,
Donna Spinola,LP033065,Leukopak Donation,12/16/2025 10:16 am,Passed,CE0008487,01/20/2026,567-43-0076,
Donna Spinola,LP033656,Leukopak Donation,01/27/2026 9:16 am,Passed,CE0008487,02/24/2026,567-43-0076,
Donna Spinola,LP035291,Leukopak Donation,04/17/2026 10:28 am,Passed,CE0008487,05/19/2026,567-43-0076,
Donna Spinola,LP034762,Leukopak Donation,03/24/2026 3:19 pm,Passed,CE0008487,04/07/2026,567-43-0076,
Donna Spinola,LP031135,Leukopak Donation,08/25/2025 2:01 pm,Passed,CE0008487,09/24/2025,567-43-0076,
Donna Spinola,LP030681,Leukopak Donation,07/24/2025 9:25 am,Passed,CE0008487,08/20/2025,567-43-0076,
Donna Spinola,LP031710,Leukopak Donation,09/24/2025 3:50 pm,Passed,CE0008487,10/29/2025,567-43-0076,
Donna Spinola,LP029754,Leukopak Donation,06/02/2025 12:45 pm,Passed,CE0008487,06/09/2025,567-43-0076,
Donna Spinola,LP029320,Leukopak Donation,05/07/2025 3:47 pm,Cancelled by Donor,CE0008487,,567-43-0076,05/20/2025
Donna Spinola,LP030083,Leukopak Donation,06/18/2025 9:04 am,Passed,CE0008487,07/15/2025,567-43-0076,
Donna Spinola,LP028468,Leukopak Donation,03/17/2025 4:33 pm,Passed,CE0008487,04/15/2025,567-43-0076,
Donna Spinola,LP036451,Leukopak Donation,07/08/2026 9:42 am,Pending,CE0008487,,567-43-0076,
Donna Spinola,LP035965,Leukopak Donation,06/01/2026 8:11 am,Passed,CE0008487,06/23/2026,567-43-0076,
Donna Spinola,LP026857,Leukopak Donation,11/19/2024 12:57 pm,Passed,CE0008487,12/17/2024,567-43-0076,
Donna Spinola,LP026460,Leukopak Donation,10/28/2024 3:20 pm,Passed,CE0008487,11/12/2024,567-43-0076,
Donna Spinola,LP028115,Leukopak Donation,02/25/2025 9:22 am,Passed,CE0008487,03/11/2025,567-43-0076,
Donna Spinola,LP027523,Leukopak Donation,01/13/2025 12:27 pm,Passed,CE0008487,02/03/2025,567-43-0076,
Drew McCurley,LP035266,Leukopak Donation,04/16/2026 8:16 am,Passed,CE0010929,04/20/2026,574-68-0837,
Drew McCurley,LP034408,Leukopak Donation,03/04/2026 2:42 pm,Passed,CE0010929,03/13/2026,574-68-0837,
Drew McCurley,LP033451,Leukopak Donation,01/14/2026 11:58 am,Passed,CE0010929,02/02/2026,574-68-0837,
Drew McCurley,LP032156,Leukopak Donation,10/22/2025 10:47 am,Passed,CE0010929,11/20/2025,574-68-0837,
Drew McCurley,LP031736,Leukopak Donation,09/25/2025 11:41 am,Passed,CE0010929,10/16/2025,574-68-0837,
Drew McCurley,LP029075,Leukopak Donation,04/24/2025 8:17 am,Passed,CE0010929,05/01/2025,574-68-0837,
Drew McCurley,LP029788,Leukopak Donation,06/03/2025 3:51 pm,Passed,CE0010929,06/26/2025,574-68-0837,
Drew McCurley,LP027987,Leukopak Donation,02/12/2025 7:07 am,Passed,CE0010929,02/12/2025,574-68-0837,
Drew McCurley,LP035542,Leukopak Donation,05/06/2026 9:20 am,Passed,CE0010929,05/27/2026,574-68-0837,
Eamon Doyle,LP032051,Leukopak Donation,10/14/2025 4:35 pm,Passed,CE0010126,11/10/2025,602-72-0997,
Eamon Doyle,LP027086,Leukopak Donation,12/05/2024 12:30 pm,Pending,CE0010126,12/23/2024,602-72-0997,
Eamon Doyle,LP026488,Leukopak Donation,10/29/2024 4:36 pm,Passed,CE0010126,11/18/2024,602-72-0997,
Eamon Doyle,LP035409,Leukopak Donation,04/27/2026 11:19 am,Passed,CE0010126,05/26/2026,602-72-0997,
Eamon Doyle,LP035904,Leukopak Donation,05/27/2026 11:22 am,Passed,CE0010126,06/30/2026,602-72-0997,
Eamon Doyle,LP036648,Leukopak Donation,07/20/2026 1:29 pm,Pending,CE0010126,,602-72-0997,
Eamon Doyle,LP033489,Leukopak Donation,01/16/2026 8:19 am,Passed,CE0010126,02/03/2026,602-72-0997,
Eamon Doyle,LP034679,Leukopak Donation,03/18/2026 2:27 pm,Passed,CE0010126,04/20/2026,602-72-0997,
Edward Martinez,LP026533,Leukopak Donation,11/04/2024 6:28 am,Passed,CE0010181,11/21/2024,554-81-2593,
Edward Martinez,LP036087,Leukopak Donation,06/04/2026 3:31 pm,Passed,CE0010181,06/24/2026,554-81-2593,
Edward Martinez,LP034890,Leukopak Donation,03/31/2026 10:48 am,Passed,CE0010181,04/29/2026,554-81-2593,
Edward Martinez,LP028901,Leukopak Donation,04/15/2025 7:44 am,Passed,CE0010181,04/15/2025,554-81-2593,
Edward Martinez,LP029907,Leukopak Donation,06/10/2025 6:29 am,Passed,CE0010181,07/03/2025,554-81-2593,
Edward Martinez,LP031098,Leukopak Donation,08/21/2025 10:06 am,Passed,CE0010181,09/24/2025,554-81-2593,
Edward Martinez,LP033616,Leukopak Donation,01/26/2026 7:39 am,Passed,CE0010181,02/12/2026,554-81-2593,
Edward Martinez,LP032506,Leukopak Donation,11/10/2025 10:02 am,Cancelled by Canventa,CE0010181,,554-81-2593,12/05/2025-Canceled by Canventa
Eileen Ruiz,LP028297,Leukopak Donation,03/05/2025 10:12 am,Passed,CE0010653,03/17/2025,606-45-4812,
Eileen Ruiz,LP031848,Leukopak Donation,10/02/2025 6:45 am,Passed,CE0010653,10/28/2025,606-45-4812,
Eileen Ruiz,LP028819,Leukopak Donation,04/08/2025 1:40 pm,Passed,CE0010653,04/23/2025,606-45-4812,
Eileen Ruiz,LP034631,Leukopak Donation,03/17/2026 1:33 pm,Cancelled by Donor,CE0010653,,606-45-4812,04/01/2026
Eileen Ruiz,LP033874,Leukopak Donation,02/04/2026 10:48 am,Passed,CE0010653,02/23/2026,606-45-4812,
Elaine Gabriel,LP032731,Leukopak Donation,11/25/2025 9:23 am,Passed,CE0010782,12/16/2025,624-72-3519,
Elaine Gabriel,LP033604,Leukopak Donation,01/23/2026 9:47 am,Passed,CE0010782,02/05/2026,624-72-3519,
Elaine Gabriel,LP035475,Leukopak Donation,04/30/2026 8:50 am,Passed,CE0010782,05/14/2026,624-72-3519,
Elaine Gabriel,LP034699,Leukopak Donation,03/19/2026 3:57 pm,Passed,CE0010782,03/24/2026,624-72-3519,
Elaine Gabriel,LP027234,Leukopak Donation,12/12/2024 1:03 pm,Passed,CE0010782,01/13/2025,624-72-3519,
Elaine Gabriel,LP026587,Leukopak Donation,11/06/2024 6:11 am,Passed,CE0010782,11/14/2024,624-72-3519,
Elaine Gabriel,LP036237,Leukopak Donation,06/22/2026 11:02 am,Passed,CE0010782,07/06/2026,624-72-3519,
Elaine Gabriel,LP030870,Leukopak Donation,08/07/2025 9:17 am,Cancelled by Donor,CE0010782,,624-72-3519,08/27/2025
Elaine Gabriel,LP031309,Leukopak Donation,09/02/2025 10:11 am,Cancelled by Donor,CE0010782,,624-72-3519,9/22/2025
Elaine Gabriel,LP030227,Leukopak Donation,06/26/2025 10:04 am,Passed,CE0010782,07/01/2025,624-72-3519,
Elaine Gabriel,LP028576,Leukopak Donation,03/24/2025 11:06 am,Cancelled by Donor,CE0010782,,624-72-3519,04/17/2025
Elan Samuel,LP031283,Leukopak Donation,08/29/2025 1:24 pm,Passed,CE0011122,09/16/2025,614-44-7653,
Elan Samuel,LP036152,Leukopak Donation,06/12/2026 12:10 pm,Passed,CE0011122,06/15/2026,614-44-7653,
Elan Samuel,LP034245,Leukopak Donation,02/26/2026 8:42 am,Passed,CE0011122,03/02/2026,614-44-7653,
Elan Samuel,LP032549,Leukopak Donation,11/12/2025 8:50 am,Passed,CE0011122,12/17/2025,614-44-7653,VS missing on  screwening form
Elan Samuel,LP035297,Leukopak Donation,04/17/2026 11:30 am,Passed,CE0011122,05/11/2026,614-44-7653,
Elida Guzman,LP030632,Leukopak Donation,07/22/2025 12:12 pm,Cancelled by Canventa,CE0011139,,619-36-5237,08/18/2025- Canceled by Canventa
Elida Guzman,LP031020,Leukopak Donation,08/18/2025 10:12 am,Passed,CE0011139,09/08/2025,619-36-5237,
Elida Guzman,LP031483,Leukopak Donation,09/15/2025 11:13 am,Passed,CE0011139,10/22/2025,619-36-5237,
Elisa Aquino,LP027856,Leukopak Donation,01/30/2025 10:25 am,Passed,CE0010911,02/20/2025,617-76-9229,
Elisa Aquino,LP029741,Leukopak Donation,06/02/2025 10:21 am,Passed,CE0010911,06/24/2025,617-76-9229,
Elisa Aquino,LP031641,Leukopak Donation,09/23/2025 9:09 am,Passed,CE0010911,10/09/2025,617-76-9229,
Elisa Aquino,LP033178,Leukopak Donation,12/23/2025 9:56 am,Cancelled by Donor,CE0010911,,617-76-9229,1/15/2026
Elisa Aquino,LP034083,Leukopak Donation,02/17/2026 4:39 pm,Passed,CE0010911,03/12/2026,617-76-9229,
Elisa Aquino,LP034720,Leukopak Donation,03/23/2026 9:22 am,Passed,CE0010911,04/16/2026,617-76-9229,
Elisa Cordova,LP033545,Leukopak Donation,01/21/2026 11:20 am,Passed,CE0010768,01/28/2026,617-39-0299,
Elisa Cordova,LP034379,Leukopak Donation,03/04/2026 7:12 am,Passed,CE0010768,,617-39-0299,pass per fy26 sti sheet-sj
Elisa Cordova,LP030850,Leukopak Donation,08/06/2025 10:55 am,Cancelled by Donor,CE0010768,,617-39-0299,8/27/2025
Elisa Cordova,LP031484,Leukopak Donation,09/15/2025 11:33 am,Passed,CE0010768,09/18/2025,617-39-0299,
Elisa Cordova,LP028982,Leukopak Donation,04/21/2025 11:08 am,Passed,CE0010768,04/30/2025,617-39-0299,
Elisa Cordova,LP026845,Leukopak Donation,11/19/2024 11:13 am,Passed,CE0010768,12/04/2024,617-39-0299,
Elisa Cordova,LP028174,Leukopak Donation,02/26/2025 3:26 pm,Passed,CE0010768,03/06/2025,617-39-0299,
Elisa Cordova,LP027786,Leukopak Donation,01/28/2025 10:15 am,Passed,CE0010768,01/30/2025,617-39-0299,
Elisa Duenas Urrutia,LP029448,Leukopak Donation,05/14/2025 9:33 am,Passed,CE0011070,05/29/2025,834-99-6547,
Elisa Duenas Urrutia,LP030694,Leukopak Donation,07/24/2025 2:35 pm,Cancelled by Donor,CE0011070,,834-99-6547,
Elisabeth Zeier,LP030416,Leukopak Donation,07/10/2025 10:47 am,Passed,CE0010974,07/29/2025,357-82-0710,
Elisabeth Zeier,LP031705,Leukopak Donation,09/24/2025 3:35 pm,Passed,CE0010974,10/15/2025,357-82-0710,
Elise Young,LP027984,Leukopak Donation,02/11/2025 3:44 pm,Cancelled by Donor,CE0010827,,444-21-8830,02/13/2025
Elise Young,LP026926,Leukopak Donation,11/25/2024 6:16 am,Cancelled by Donor,CE0010827,,444-21-8830,12/10
Elizabeth Brown,LP036413,Leukopak Donation,07/06/2026 1:49 pm,Pending,CE0011676,,613-56-4652,
Elizabeth Dausch,LP029424,Leukopak Donation,05/13/2025 1:24 pm,Cancelled by Donor,CE0010777,,216-23-4744,6/9/2025
Elizabeth Dausch,LP028251,Leukopak Donation,03/03/2025 10:09 am,Passed,CE0010777,03/10/2025,216-23-4744,
Elizabeth Dausch,LP027232,Leukopak Donation,12/12/2024 12:50 pm,Passed,CE0010777,01/13/2025,216-23-4744,
Elizabeth Dausch,LP026202,Leukopak Donation,10/10/2024 9:08 am,Passed,CE0010777,10/17/2024,216-23-4744,
Elizabeth Nichols,LP027182,Leukopak Donation,12/10/2024 9:53 am,Passed,CE0010828,01/06/2025,470-98-9713,
Elizabeth Nichols,LP026690,Leukopak Donation,11/12/2024 1:36 pm,Passed,CE0010828,11/20/2024,470-98-9713,
Elizabeth Nichols,LP027909,Leukopak Donation,02/04/2025 11:18 am,Cancelled by Donor,CE0010828,,470-98-9713,02/25/2025
Elizabeth Nichols,LP028474,Leukopak Donation,03/18/2025 6:26 am,Cancelled by Donor,CE0010828,,470-98-9713,04/01/2025
Elizabeth Oldknow,LP029263,Leukopak Donation,05/06/2025 7:56 am,Cancelled by Donor,CE0010166,,604-68-6112,05/28/2025
Elizabeth Oldknow,LP028627,Leukopak Donation,03/26/2025 7:56 am,Cancelled by Donor,CE0010166,,604-68-6112,03/31/2025
Elizabeth Oldknow,LP026649,Leukopak Donation,11/12/2024 8:22 am,Pending,CE0010166,11/19/2024,604-68-6112,
Elizabeth Oldknow,LP026552,Leukopak Donation,11/04/2024 1:44 pm,No Show,CE0010166,,604-68-6112,11/12
Elizabeth Oldknow,LP027510,Leukopak Donation,01/13/2025 7:12 am,Cancelled by Canventa,CE0010166,,604-68-6112,
Elizabeth Oldknow,LP027834,Leukopak Donation,01/30/2025 7:16 am,Passed,CE0010166,02/24/2025,604-68-6112,
Elliott Coydell Mapp,LP032194,Leukopak Donation,10/27/2025 6:51 am,Passed,CE0008436,10/27/2025,570-65-9540,
Elliott Coydell Mapp,LP028883,Leukopak Donation,04/14/2025 7:38 am,Passed,CE0008436,04/14/2025,570-65-9540,
Elliott Coydell Mapp,LP027718,Leukopak Donation,01/27/2025 6:35 am,Passed,CE0008436,01/27/2025,570-65-9540,
Elliott Coydell Mapp,LP026852,Leukopak Donation,11/19/2024 12:23 pm,Cancelled by Donor,CE0008436,,570-65-9540,
Elliott Coydell Mapp,LP026928,Leukopak Donation,11/25/2024 7:04 am,Passed,CE0008436,12/11/2024,570-65-9540,
Elliott Coydell Mapp,LP036240,Leukopak Donation,06/22/2026 11:27 am,Passed,CE0008436,06/24/2026,570-65-9540,
Elliott Coydell Mapp,LP035715,Leukopak Donation,05/18/2026 6:37 am,Passed,CE0008436,05/18/2026,570-65-9540,
Elliott Coydell Mapp,LP034221,Leukopak Donation,02/25/2026 11:23 am,Passed,CE0008436,03/02/2026,570-65-9540,
Elliott Coydell Mapp,LP033498,Leukopak Donation,01/20/2026 6:52 am,Passed,CE0008436,01/20/2026,570-65-9540,
Elyse Jordyn Bagon,LP030501,Leukopak Donation,07/15/2025 4:17 pm,Passed,CE0008675,07/21/2025,622-88-6430,
Elyse Jordyn Bagon,LP034315,Leukopak Donation,03/02/2026 9:59 am,Cancelled by Donor,CE0008675,,622-88-6430,"cancelled, sick 3/5"
Emerita Padilla,LP034309,Leukopak Donation,03/02/2026 9:32 am,Passed,CE0010638,03/12/2026,613-08-2656,
Emerita Padilla,LP035182,Leukopak Donation,04/14/2026 11:49 am,Passed,CE0010638,04/29/2026,613-08-2656,
Emerita Padilla,LP033808,Leukopak Donation,02/02/2026 11:38 am,Cancelled by Donor,CE0010638,,613-08-2656,cancelled 2/10/2026
Emerita Padilla,LP032293,Leukopak Donation,10/29/2025 9:43 am,Passed,CE0010638,11/13/2025,613-08-2656,
Emerita Padilla,LP032725,Leukopak Donation,11/24/2025 1:49 pm,Passed,CE0010638,12/18/2025,613-08-2656,
Emerita Padilla,LP031632,Leukopak Donation,09/22/2025 4:09 pm,Passed,CE0010638,10/09/2025,613-08-2656,
Emerita Padilla,LP031088,Leukopak Donation,08/21/2025 8:24 am,Passed,CE0010638,09/04/2025,613-08-2656,
Emerita Padilla,LP029019,Leukopak Donation,04/22/2025 2:53 pm,Cancelled by Donor,CE0010638,,613-08-2656,4/30/2025
Emerita Padilla,LP029252,Leukopak Donation,05/05/2025 11:05 am,Passed,CE0010638,05/14/2025,613-08-2656,
Emerita Padilla,LP029761,Leukopak Donation,06/02/2025 12:55 pm,Passed,CE0010638,06/24/2025,613-08-2656,
Emerita Padilla,LP036092,Leukopak Donation,06/05/2026 12:09 pm,Passed,CE0010638,06/22/2026,613-08-2656,
Emerita Padilla,LP026531,Leukopak Donation,11/01/2024 2:44 pm,Passed,CE0010638,11/07/2024,613-08-2656,
Emerita Padilla,LP026884,Leukopak Donation,11/21/2024 9:23 am,Passed,CE0010638,12/12/2024,613-08-2656,
Emerita Padilla,LP028294,Leukopak Donation,03/05/2025 10:04 am,Passed,CE0010638,03/12/2025,613-08-2656,
Emerita Padilla,LP028059,Leukopak Donation,02/20/2025 9:21 am,Cancelled by Donor,CE0010638,,613-08-2656,3/4/2025
Emilio Lara,LP030649,Leukopak Donation,07/23/2025 9:05 am,No Show,CE0011211,,608-08-8505,8/12/2025 No show
"Emily ""Corbin"" Hantz",LP027118,Leukopak Donation,12/06/2024 11:10 am,Passed,CE0010732,12/23/2024,017-64-3415,
"Emily ""Corbin"" Hantz",LP028116,Leukopak Donation,02/25/2025 9:25 am,Passed,CE0010732,03/13/2025,017-64-3415,
"Emily ""Corbin"" Hantz",LP036331,Leukopak Donation,06/29/2026 9:36 am,Cancelled by Donor,CE0010732,,017-64-3415,
"Emily ""Corbin"" Hantz",LP035615,Leukopak Donation,05/08/2026 6:41 am,Passed,CE0010732,05/28/2026,017-64-3415,
"Emily ""Corbin"" Hantz",LP034204,Leukopak Donation,02/24/2026 3:59 pm,Cancelled by Donor,CE0010732,,017-64-3415,03/26/2026- Canceled at reminder text on 3/25.
"Emily ""Corbin"" Hantz",LP034970,Leukopak Donation,04/02/2026 11:37 am,Passed,CE0010732,04/13/2026,017-64-3415,
Emily Adamski,LP030826,Leukopak Donation,08/05/2025 7:26 am,Passed,CE0011145,08/05/2025,593-86-6186,
Emily Adamski,LP032708,Leukopak Donation,11/21/2025 11:26 am,Passed,CE0011145,12/09/2025,593-86-6186,
Emily Ehrlich,LP030699,Leukopak Donation,07/28/2025 7:06 am,Passed,CE0011178,07/28/2025,602-92-3285,
Emily Ehrlich,LP032121,Leukopak Donation,10/20/2025 6:59 am,Passed,CE0011178,10/20/2025,602-92-3285,
Emily Ehrlich,LP033479,Leukopak Donation,01/15/2026 1:37 pm,Passed,CE0011178,02/04/2026,602-92-3285,94 min runtime
Emily Gonzales Garcia,LP033908,Leukopak Donation,02/05/2026 10:03 am,Passed,CE0011348,03/23/2026,605-29-7480,
Emily Gonzales Garcia,LP035321,Leukopak Donation,04/21/2026 9:41 am,No Show,CE0011348,,605-29-7480,05/05/2026
Emily Gonzales Garcia,LP036159,Leukopak Donation,06/15/2026 10:13 am,Passed,CE0011348,06/16/2026,605-29-7480,
Emily Gonzales Garcia,LP036443,Leukopak Donation,07/08/2026 9:15 am,Pending,CE0011348,,605-29-7480,
Emily Gonzales Garcia,LP032134,Leukopak Donation,10/20/2025 11:54 am,Passed,CE0011348,10/30/2025,605-29-7480,
Emmanuel Flores,LP034509,Leukopak Donation,03/10/2026 11:22 am,Passed,CE0011493,03/17/2026,604-43-7788,
Emmanuel Flores,LP035235,Leukopak Donation,04/15/2026 10:42 am,Passed,CE0011493,05/08/2026,604-43-7788,
Emmanuel Otoah-Gyasi,LP034986,Leukopak Donation,04/03/2026 10:32 am,Passed,CE0011113,04/07/2026,668-14-0693,
Emmanuel Otoah-Gyasi,LP033726,Leukopak Donation,01/29/2026 9:24 am,Passed,CE0011113,02/05/2026,668-14-0693,
Emmanuel Otoah-Gyasi,LP036166,Leukopak Donation,06/15/2026 1:25 pm,Passed,CE0011113,06/22/2026,668-14-0693,
Emmanuel Otoah-Gyasi,LP030543,Leukopak Donation,07/17/2025 9:52 am,Passed,CE0011113,08/06/2025,668-14-0693,
Eric Armstrong,LP028370,Leukopak Donation,03/11/2025 8:35 am,Passed,CE0010775,03/18/2025,555-39-6427,
Eric Armstrong,LP026438,Leukopak Donation,10/25/2024 3:04 pm,Passed,CE0010775,10/28/2024,555-39-6427,
Eric Freeman,LP029049,Leukopak Donation,04/23/2025 9:35 am,Passed,CE0011045,05/01/2025,548-65-6363,
Eric Freeman,LP031566,Leukopak Donation,09/17/2025 1:17 pm,Passed,CE0011045,10/09/2025,548-65-6363,
Eric Freeman,LP030387,Leukopak Donation,07/09/2025 9:50 am,Passed,CE0011045,07/24/2025,548-65-6363,
Eric Freeman,LP031237,Leukopak Donation,08/28/2025 8:11 am,Passed,CE0011045,09/04/2025,548-65-6363,
Eric Freeman,LP036195,Leukopak Donation,06/17/2026 2:22 pm,Passed,CE0011045,07/02/2026,548-65-6363,
Eric Freeman,LP033948,Leukopak Donation,02/09/2026 1:29 pm,Failed,CE0011045,,548-65-6363,Failed screen; febrile
Eric Freeman,LP034539,Leukopak Donation,03/12/2026 7:39 am,Passed,CE0011045,03/16/2026,548-65-6363,
Eric Freeman,LP034929,Leukopak Donation,04/01/2026 10:39 am,Passed,CE0011045,04/20/2026,548-65-6363,
Eric Freeman,LP032329,Leukopak Donation,10/30/2025 2:02 pm,Passed,CE0011045,11/19/2025,548-65-6363,
Eric Larson,LP031585,Leukopak Donation,09/18/2025 12:52 pm,Passed,CE0008608,10/09/2025,545-81-8992,
Eric Larson,LP030315,Leukopak Donation,07/03/2025 9:44 am,Passed,CE0008608,07/29/2025,545-81-8992,
Eric Larson,LP031126,Leukopak Donation,08/25/2025 12:45 pm,Passed,CE0008608,09/04/2025,545-81-8992,
Eric Larson,LP029141,Leukopak Donation,04/29/2025 10:05 am,Passed,CE0008608,05/13/2025,545-81-8992,
Eric Larson,LP026248,Leukopak Donation,10/14/2024 11:14 am,Passed,CE0008608,10/22/2024,545-81-8992,
Eric Larson,LP026787,Leukopak Donation,11/18/2024 8:44 am,Passed,CE0008608,12/05/2024,545-81-8992,
Eric Larson,LP028233,Leukopak Donation,02/28/2025 1:06 pm,Passed,CE0008608,03/04/2025,545-81-8992,
Eric Martinez,LP030154,Leukopak Donation,06/24/2025 8:23 am,Passed,CE0010566,07/15/2025,620-04-6417,
Eric Pollock,LP026521,Leukopak Donation,11/01/2024 9:18 am,Passed,CE0010741,11/13/2024,621-51-4147,
Eric Pollock,LP026084,Leukopak Donation,10/02/2024 10:07 am,Passed,CE0010741,10/09/2024,621-51-4147,
Erich Martinez,LP033901,Leukopak Donation,02/05/2026 9:28 am,Passed,CE0011423,02/17/2026,611-19-0463,
Erik Garcia,LP028858,Leukopak Donation,04/10/2025 9:34 am,Cancelled by Donor,CE0010989,,625-72-0629,4/15/2025
Erik Garcia,LP029992,Leukopak Donation,06/16/2025 7:53 am,Passed,CE0010989,07/01/2025,625-72-0629,
Erik Garcia,LP032209,Leukopak Donation,10/27/2025 11:28 am,Passed,CE0010989,11/04/2025,625-72-0629,
Erik Garcia,LP036013,Leukopak Donation,06/02/2026 12:30 pm,Passed,CE0010989,06/23/2026,625-72-0629,
Erik Garcia,LP035597,Leukopak Donation,05/07/2026 12:10 pm,Passed,CE0010989,05/08/2026,625-72-0629,
Erik Garcia,LP028938,Leukopak Donation,04/16/2025 4:00 pm,Passed,CE0010989,04/24/2025,625-72-0629,
Erik Garcia,LP034805,Leukopak Donation,03/25/2026 2:59 pm,Passed,CE0010989,04/02/2026,625-72-0629,
Erik Garcia,LP033815,Leukopak Donation,02/02/2026 12:33 pm,Cancelled by Donor,CE0010989,,625-72-0629,cancelled/sick 2/11/2026
Erik Garcia,LP032831,Leukopak Donation,12/03/2025 9:32 am,Passed,CE0010989,12/23/2025,625-72-0629,
Erin Jamison,LP032276,Leukopak Donation,10/28/2025 11:19 am,Passed,CE0011227,11/26/2025,613-49-1577,
Esmeralda Abundis,LP031889,Leukopak Donation,10/06/2025 1:19 pm,Passed,CE0011326,10/20/2025,626-50-0678,
Esmeralda Abundis,LP032823,Leukopak Donation,12/03/2025 7:00 am,Passed,CE0011326,01/05/2026,626-50-0678,
Esmeralda Abundis,LP033647,Leukopak Donation,01/27/2026 6:03 am,Failed,CE0011326,02/09/2026,626-50-0678,"run time 109 min, Optia shut down, inaccurate collection bag, unable to clamp bag before unloading."
Esmeralda Abundis,LP034171,Leukopak Donation,02/24/2026 7:43 am,Passed,CE0011326,03/16/2026,626-50-0678,
Esmeralda Abundis,LP032326,Leukopak Donation,10/30/2025 12:36 pm,Passed,CE0011326,11/24/2025,626-50-0678,
Esmeralda Abundis,LP035818,Leukopak Donation,05/21/2026 11:41 am,Passed,CE0011326,06/08/2026,626-50-0678,protocol dev for high PLT
Esteban Rosas Bolden,LP035996,Leukopak Donation,06/02/2026 9:18 am,Passed,CE0011272,06/11/2026,616-54-4222,
Esteban Rosas Bolden,LP033510,Leukopak Donation,01/20/2026 10:02 am,Passed,CE0011272,01/28/2026,616-54-4222,
Esteban Rosas Bolden,LP034617,Leukopak Donation,03/17/2026 9:51 am,Passed,CE0011272,03/23/2026,616-54-4222,
Estefania Rodelo,LP034530,Leukopak Donation,03/11/2026 1:07 pm,Cancelled by Donor,CE0008846,,615-33-8312,03/25/26
Estefania Rodelo,LP032269,Leukopak Donation,10/28/2025 10:43 am,Passed,CE0008846,11/25/2025,615-33-8312,
Estefania Rodelo,LP027801,Leukopak Donation,01/28/2025 12:03 pm,Passed,CE0008846,02/19/2025,615-33-8312,
Estefania Rodelo,LP035453,Leukopak Donation,04/28/2026 3:55 pm,Passed,CE0008846,05/20/2026,615-33-8312,
Estefania Rodelo,LP036181,Leukopak Donation,06/17/2026 10:42 am,Passed,CE0008846,07/01/2026,615-33-8312,
Estefania Rodelo,LP028678,Leukopak Donation,03/31/2025 11:30 am,Passed,CE0008846,04/09/2025,615-33-8312,
Estefania Rodelo,LP030197,Leukopak Donation,06/25/2025 7:36 am,Passed,CE0008846,07/16/2025,615-33-8312,
Ethan Colmar,LP031363,Leukopak Donation,09/04/2025 9:40 am,Passed,CE0011244,09/29/2025,614-39-4097,
Ethan Liu,LP035397,Leukopak Donation,04/24/2026 2:15 pm,Passed,CE0011596,05/11/2026,621-39-2496,
Evan Kartheiser,LP030123,Leukopak Donation,06/23/2025 11:23 am,Passed,CE0011150,07/10/2025,392-13-4380,
Evan Kartheiser,LP031746,Leukopak Donation,09/25/2025 3:40 pm,Passed,CE0011150,10/27/2025,392-13-4380,
Evan Kartheiser,LP033252,Leukopak Donation,01/06/2026 9:55 am,Passed,CE0011150,01/07/2026,392-13-4380,
Eve Uriarte,LP035014,Leukopak Donation,04/06/2026 10:25 am,Cancelled by Donor,CE0010039,,621-23-6684,04/16/2026
Eve Uriarte,LP034765,Leukopak Donation,03/24/2026 3:24 pm,Cancelled by Donor,CE0010039,,621-23-6684,04/07/2026
Eve Uriarte,LP026377,Leukopak Donation,10/23/2024 8:59 am,Cancelled by Canventa,CE0010039,,621-23-6684,11/14/2024
Eve Uriarte,LP026152,Leukopak Donation,10/07/2024 1:28 pm,Passed,CE0010039,10/10/2024,621-23-6684,
Eve Uriarte,LP028246,Leukopak Donation,03/03/2025 9:27 am,Passed,CE0010039,03/17/2025,621-23-6684,
Eve Uriarte,LP027682,Leukopak Donation,01/23/2025 10:36 am,Passed,CE0010039,02/10/2025,621-23-6684,
Eve Uriarte,LP026695,Leukopak Donation,11/12/2024 3:58 pm,Passed,CE0010039,11/19/2024,621-23-6684,
Ezra Gonzalez,LP036146,Leukopak Donation,06/11/2026 1:23 pm,Passed,CE0005796,06/24/2026,620-64-2880,
Faith N. De Amaral,LP029709,Leukopak Donation,05/29/2025 9:44 am,Cancelled by Donor,CE0009479,,619-66-5873,06/16/2025
Faith N. De Amaral,LP028655,Leukopak Donation,03/27/2025 2:06 pm,Passed,CE0009479,04/24/2025,619-66-5873,
Faith N. De Amaral,LP027393,Leukopak Donation,01/06/2025 10:16 am,Passed,CE0009479,01/21/2025,619-66-5873,
Faith N. De Amaral,LP028291,Leukopak Donation,03/04/2025 2:37 pm,Passed,CE0009479,03/18/2025,619-66-5873,
Fernando Bernal Aispuro,LP033105,Leukopak Donation,12/17/2025 3:27 pm,Passed,CE0011439,01/13/2026,622-97-6054,
Fernando Bernal Aispuro,LP034833,Leukopak Donation,03/27/2026 7:02 am,Passed,CE0011439,04/08/2026,622-97-6054,
Fernando Bernal Aispuro,LP036216,Leukopak Donation,06/18/2026 10:31 am,Passed,CE0011439,07/14/2026,622-97-6054,
Fevn Cintron,LP035999,Leukopak Donation,06/02/2026 9:39 am,Passed,CE0011251,06/22/2026,610-52-6588,
Fevn Cintron,LP036444,Leukopak Donation,07/08/2026 9:21 am,Pending,CE0011251,,610-52-6588,
Fevn Cintron,LP031864,Leukopak Donation,10/02/2025 3:58 pm,Passed,CE0011251,10/27/2025,610-52-6588,
Fevn Cintron,LP031275,Leukopak Donation,08/29/2025 11:07 am,Passed,CE0011251,09/22/2025,610-52-6588,
Fevn Cintron,LP033003,Leukopak Donation,12/11/2025 8:26 am,Passed,CE0011251,01/07/2026,610-52-6588,
Fevn Cintron,LP032530,Leukopak Donation,11/10/2025 11:13 am,Passed,CE0011251,12/03/2025,610-52-6588,
Fevn Cintron,LP033762,Leukopak Donation,01/30/2026 10:09 am,Passed,CE0011251,02/11/2026,610-52-6588,
Francis Bencik,LP028089,Leukopak Donation,02/21/2025 9:28 am,Passed,CE0010233,03/03/2025,607-12-4669,
Francis Bencik,LP030572,Leukopak Donation,07/18/2025 10:21 am,Cancelled by Donor,CE0010233,,607-12-4669,08/11/2025
Francis Bencik,LP031128,Leukopak Donation,08/25/2025 1:19 pm,Passed,CE0010233,09/10/2025,607-12-4669,
Francis Bencik,LP028588,Leukopak Donation,03/25/2025 6:20 am,Passed,CE0010233,04/14/2025,607-12-4669,
Francis Bencik,LP029902,Leukopak Donation,06/09/2025 2:00 pm,Cancelled by Donor,CE0010233,,607-12-4669,7/1/25
Francis Bencik,LP033716,Leukopak Donation,01/28/2026 3:25 pm,Passed,CE0010233,02/11/2026,607-12-4669,
Francis Bencik,LP034714,Leukopak Donation,03/20/2026 12:59 pm,Cancelled by Donor,CE0010233,,607-12-4669,04/01/2026
Francisco Gomez Maldonado,LP026103,Leukopak Donation,10/03/2024 11:00 am,Passed,CE0010381,10/08/2024,621-31-1369,
Francisco Gomez Maldonado,LP026640,Leukopak Donation,11/08/2024 1:42 pm,Passed,CE0010381,11/18/2024,621-31-1369,
Francisco Gomez Maldonado,LP029718,Leukopak Donation,05/29/2025 12:23 pm,Failed,CE0010381,,621-31-1369,low WBC.
Frank Wells,LP035763,Leukopak Donation,05/19/2026 1:54 pm,Passed,CE0011626,06/03/2026,607-80-0425,
Frank Wells,LP036284,Leukopak Donation,06/24/2026 9:31 am,Passed,CE0011626,07/08/2026,607-80-0425,
Frederick Jordan,LP035873,Leukopak Donation,05/26/2026 2:03 pm,Passed,CE0011623,06/23/2026,563-81-2685,
Frieden Stone,LP027713,Leukopak Donation,01/24/2025 10:02 am,Cancelled by Donor,CE0010893,,621-44-8695,
Gabriel Yamaguchi-Layman,LP031650,Leukopak Donation,09/23/2025 11:56 am,Passed,CE0006634,10/08/2025,217-43-6243,
Gabriel Yamaguchi-Layman,LP031298,Leukopak Donation,09/02/2025 9:01 am,Passed,CE0006634,09/03/2025,217-43-6243,
Gabriel Yamaguchi-Layman,LP030047,Leukopak Donation,06/17/2025 9:56 am,Passed,CE0006634,07/01/2025,217-43-6243,M.S.G note- 49mins late. 11:49am arrival
Gabriel Yamaguchi-Layman,LP028915,Leukopak Donation,04/15/2025 2:35 pm,Passed,CE0006634,04/24/2025,217-43-6243,
Gabriel Yamaguchi-Layman,LP028388,Leukopak Donation,03/11/2025 4:16 pm,Passed,CE0006634,03/20/2025,217-43-6243,
Gabriel Yamaguchi-Layman,LP027794,Leukopak Donation,01/28/2025 11:08 am,Passed,CE0006634,02/13/2025,217-43-6243,"158"" due to nausea"
Gabriel Yamaguchi-Layman,LP026848,Leukopak Donation,11/19/2024 11:36 am,Passed,CE0006634,12/04/2024,217-43-6243,
Gabriel Yamaguchi-Layman,LP026159,Leukopak Donation,10/08/2024 10:01 am,Passed,CE0006634,10/15/2024,217-43-6243,
Gabriel Yamaguchi-Layman,LP035728,Leukopak Donation,05/18/2026 11:59 am,Passed,CE0006634,06/22/2026,217-43-6243,
Gabriel Yamaguchi-Layman,LP033744,Leukopak Donation,01/29/2026 1:38 pm,Passed,CE0006634,02/04/2026,217-43-6243,
Gabriel Yamaguchi-Layman,LP032698,Leukopak Donation,11/20/2025 1:31 pm,Passed,CE0006634,12/11/2025,217-43-6243,
Gabriela DeFranco,LP032349,Leukopak Donation,10/30/2025 4:28 pm,Passed,CE0011130,11/24/2025,617-70-2333,
Gabriela DeFranco,LP033710,Leukopak Donation,01/28/2026 2:34 pm,No Show,CE0011130,,617-70-2333,02/11/2026
Gabriela DeFranco,LP034037,Leukopak Donation,02/13/2026 9:25 am,No Show,CE0011130,,617-70-2333,no show 3/4
Gabriela DeFranco,LP031518,Leukopak Donation,09/16/2025 11:34 am,No Show,CE0011130,,617-70-2333,10/01/2025
Gabriela DeFranco,LP030998,Leukopak Donation,08/18/2025 6:31 am,Passed,CE0011130,08/27/2025,617-70-2333,
Gabriela DeFranco,LP030247,Leukopak Donation,06/30/2025 9:37 am,Passed,CE0011130,07/14/2025,617-70-2333,
Gabriella Cornejo,LP036263,Leukopak Donation,06/23/2026 11:27 am,Passed,CE0011629,07/01/2026,613-67-9350,
Gabrielle Chan,LP034982,Leukopak Donation,04/02/2026 2:15 pm,Passed,CE0011560,04/16/2026,689-07-6064,
Gabrielle Chan,LP036690,Leukopak Donation,07/23/2026 6:53 am,Pending,CE0011560,,689-07-6064,
Garrett Stoner,LP029150,Leukopak Donation,04/29/2025 1:04 pm,Passed,CE0010658,04/30/2025,603-27-6483,
Garrett Stoner,LP030079,Leukopak Donation,06/18/2025 6:15 am,No Show,CE0010658,,603-27-6483,07/08/2025
Garrett Stoner,LP029518,Leukopak Donation,05/19/2025 1:46 pm,No Show,CE0010658,,603-27-6483,6/4/2
Garrett Stoner,LP028327,Leukopak Donation,03/06/2025 3:08 pm,Passed,CE0010658,03/18/2025,603-27-6483,
Garrett Stoner,LP027686,Leukopak Donation,01/23/2025 10:53 am,Passed,CE0010658,02/10/2025,603-27-6483,
Garrett Stoner,LP027141,Leukopak Donation,12/09/2024 8:57 am,Passed,CE0010658,12/19/2024,603-27-6483,
Garrett Stoner,LP026275,Leukopak Donation,10/15/2024 9:28 am,Passed,CE0010658,10/29/2024,603-27-6483,
Gayle Boyd,LP034375,Leukopak Donation,03/03/2026 2:24 pm,Passed,CE0011515,03/12/2026,653-16-7485,
Genevieve Rohe,LP036638,Leukopak Donation,07/20/2026 11:10 am,Pending,CE0011604,,615-34-7691,
Genevieve Rohe,LP036286,Leukopak Donation,06/24/2026 10:36 am,Passed,CE0011604,07/09/2026,615-34-7691,
Genevieve Rohe,LP035547,Leukopak Donation,05/06/2026 9:27 am,Passed,CE0011604,05/26/2026,615-34-7691,
George Quilca,LP034278,Leukopak Donation,02/26/2026 1:41 pm,Passed,CE0011188,03/09/2026,057-80-6387,
"Georgenia ""Genia"" Gilbert",LP032235,Leukopak Donation,10/28/2025 9:13 am,Passed,CE0011315,11/06/2025,624-20-7054,
Geovany Rojas,LP035479,Leukopak Donation,04/30/2026 11:05 am,Passed,CE0011288,05/13/2026,611-50-7831,
Giovanni Gomez-Garcia,LP030199,Leukopak Donation,06/25/2025 7:38 am,Passed,CE0008847,07/16/2025,622-31-3257,
Giovanni Gomez-Garcia,LP028680,Leukopak Donation,03/31/2025 11:32 am,Passed,CE0008847,04/09/2025,622-31-3257,
Giovanni Gomez-Garcia,LP036182,Leukopak Donation,06/17/2026 10:43 am,Passed,CE0008847,,622-31-3257,pass per fy27 STI sheet -sj
Giovanni Gomez-Garcia,LP027800,Leukopak Donation,01/28/2025 12:01 pm,Passed,CE0008847,02/19/2025,622-31-3257,
Giovanni Gomez-Garcia,LP032271,Leukopak Donation,10/28/2025 10:46 am,Passed,CE0008847,11/25/2025,622-31-3257,
Giovanni Gomez-Garcia,LP033496,Leukopak Donation,01/16/2026 3:10 pm,Passed,CE0008847,01/28/2026,622-31-3257,
Giovanni Gomez-Garcia,LP034532,Leukopak Donation,03/11/2026 1:10 pm,Cancelled by Donor,CE0008847,,622-31-3257,03/25/2026
Giovanni Gomez-Garcia,LP035451,Leukopak Donation,04/28/2026 3:50 pm,Passed,CE0008847,05/20/2026,622-31-3257,
Gisselle Sanchez,LP034258,Leukopak Donation,02/26/2026 10:45 am,Cancelled by Donor,CE0009335,,618-21-2094,
Gloria Olvera,LP027282,Leukopak Donation,12/17/2024 1:19 pm,Passed,CE0007624,12/23/2024,624-29-1650,
Gloria Olvera,LP027854,Leukopak Donation,01/30/2025 10:21 am,Passed,CE0007624,02/26/2025,624-29-1650,
Gloria Olvera,LP026387,Leukopak Donation,10/23/2024 10:28 am,Passed,CE0007624,10/24/2024,624-29-1650,
Gloria Olvera,LP028508,Leukopak Donation,03/19/2025 10:16 am,Passed,CE0007624,04/01/2025,624-29-1650,
Gloria Olvera,LP029894,Leukopak Donation,06/09/2025 1:03 pm,Passed,CE0007624,07/07/2025,624-29-1650,
Gracy Mora,LP028404,Leukopak Donation,03/12/2025 12:52 pm,Passed,CE0010965,03/27/2025,626-39-7564,
Gracy Mora,LP030223,Leukopak Donation,06/26/2025 6:40 am,Passed,CE0010965,07/09/2025,626-39-7564,
Grazia Vaughan,LP033411,Leukopak Donation,01/13/2026 11:31 am,Passed,CE0011438,01/26/2026,662-47-2110,
Gregory Jones,LP031252,Leukopak Donation,08/28/2025 2:53 pm,Passed,CE0011132,09/10/2025,604-36-5130,
Gregory Jones,LP036380,Leukopak Donation,07/01/2026 3:05 pm,Cancelled by Donor,CE0011132,,604-36-5130,
Gregory Jones,LP033332,Leukopak Donation,01/08/2026 9:46 am,Passed,CE0011132,01/27/2026,604-36-5130,
Gregory Jones,LP035020,Leukopak Donation,04/06/2026 12:03 pm,Passed,CE0011132,04/15/2026,604-36-5130,
Gustavo Acension,LP036307,Leukopak Donation,06/25/2026 9:46 am,Passed,CE0006666,07/13/2026,551-87-6863,
Gustavo Acension,LP028617,Leukopak Donation,03/25/2025 4:05 pm,Passed,CE0006666,04/08/2025,551-87-6863,
Hailey Johnson,LP032002,Leukopak Donation,10/13/2025 8:12 am,Passed,CE0011306,10/15/2025,619-21-8070,
"Haleigh ""Sam"" Ashman",LP028232,Leukopak Donation,02/28/2025 12:50 pm,Cancelled by Donor,CE0009482,,575-81-9581,03/10/2025
"Haleigh ""Sam"" Ashman",LP028521,Leukopak Donation,03/20/2025 9:10 am,Passed,CE0009482,03/25/2025,575-81-9581,
"Haleigh ""Sam"" Ashman",LP029822,Leukopak Donation,06/05/2025 9:24 am,Passed,CE0009482,06/30/2025,575-81-9581,
"Haleigh ""Sam"" Ashman",LP031272,Leukopak Donation,08/29/2025 10:52 am,Passed,CE0009482,09/30/2025,575-81-9581,
"Haleigh ""Sam"" Ashman",LP030852,Leukopak Donation,08/06/2025 11:03 am,Passed,CE0009482,08/26/2025,575-81-9581,
"Haleigh ""Sam"" Ashman",LP034788,Leukopak Donation,03/25/2026 10:26 am,Passed,CE0009482,03/26/2026,575-81-9581,
"Haleigh ""Sam"" Ashman",LP034426,Leukopak Donation,03/05/2026 8:32 am,Cancelled by Donor,CE0009482,,575-81-9581,cancelled sick. 3/18
"Haleigh ""Sam"" Ashman",LP035247,Leukopak Donation,04/15/2026 1:46 pm,Passed,CE0009482,05/04/2026,575-81-9581,
Hanitpal Singh,LP028463,Leukopak Donation,03/17/2025 1:21 pm,Passed,CE0010753,03/24/2025,603-78-2664,
Hanitpal Singh,LP026076,Leukopak Donation,10/02/2024 6:50 am,Passed,CE0010753,10/09/2024,603-78-2664,
Hank Johnson,LP026562,Leukopak Donation,11/05/2024 6:58 am,Passed,CE0007987,11/05/2024,603-43-8772,
Hank Johnson,LP029953,Leukopak Donation,06/11/2025 7:52 am,Passed,CE0007987,06/11/2025,603-43-8772,
Hank Johnson,LP030584,Leukopak Donation,07/21/2025 7:41 am,Cancelled by Donor,CE0007987,,603-43-8772,7/23/2025
"Hannah ""Jack"" Thorbjornson",LP031646,Leukopak Donation,09/23/2025 10:16 am,No Show,CE0011284,,610-35-4123,No show 10/2/2025
"Hannah ""Parker"" Symons",LP030523,Leukopak Donation,07/16/2025 10:47 am,Passed,CE0011005,08/06/2025,610-23-9248,
"Hannah ""Parker"" Symons",LP030260,Leukopak Donation,07/01/2025 6:21 am,Cancelled by Canventa,CE0011005,,610-23-9248,
"Hannah ""Parker"" Symons",LP033020,Leukopak Donation,12/11/2025 1:59 pm,Failed,CE0011005,,610-23-9248,Platelet and WBC counts too high
Harrison Avery,LP031413,Leukopak Donation,09/10/2025 9:49 am,Passed,CE0011286,09/15/2025,,
Harry Huynh,LP026313,Leukopak Donation,10/16/2024 4:12 pm,Passed,CE0010784,10/29/2024,604-80-1864,
Hasan Page,LP032224,Leukopak Donation,10/27/2025 2:13 pm,Passed,CE0011213,11/05/2025,551-55-6501,
Hassan Jones,LP026335,Leukopak Donation,10/18/2024 2:13 pm,Passed,CE0010606,10/30/2024,606-21-6009,
Hassan Jones,LP035576,Leukopak Donation,05/06/2026 4:14 pm,Passed,CE0010606,05/13/2026,606-21-6009,
Hassan Jones,LP027529,Leukopak Donation,01/13/2025 12:49 pm,Passed,CE0010606,01/29/2025,606-21-6009,
Hassan Jones,LP028330,Leukopak Donation,03/06/2025 3:27 pm,Passed,CE0010606,03/13/2025,606-21-6009,
Hassan Jones,LP031757,Leukopak Donation,09/29/2025 7:15 am,Passed,CE0010606,10/07/2025,606-21-6009,
Hassan Jones,LP032242,Leukopak Donation,10/28/2025 9:31 am,Passed,CE0010606,11/12/2025,606-21-6009,
Hassan Jones,LP030570,Leukopak Donation,07/18/2025 10:05 am,Passed,CE0010606,08/18/2025,606-21-6009,
Hassan Jones,LP029295,Leukopak Donation,05/07/2025 9:54 am,Passed,CE0010606,05/19/2025,606-21-6009,
Hassan Jones,LP030116,Leukopak Donation,06/23/2025 7:31 am,Passed,CE0010606,07/14/2025,606-21-6009,
Hassan Jones,LP033911,Leukopak Donation,02/05/2026 11:28 am,Passed,CE0010606,02/18/2026,606-21-6009,
Hassan Jones,LP032954,Leukopak Donation,12/09/2025 2:07 pm,Passed,CE0010606,01/05/2026,606-21-6009,
Hassan Jones,LP034827,Leukopak Donation,03/26/2026 1:11 pm,Passed,CE0010606,04/02/2026,606-21-6009,
Haylee Bushey,LP026414,Leukopak Donation,10/24/2024 4:20 pm,Passed,CE0009127,11/12/2024,622-47-9217,
Heaven Grant,LP035534,Leukopak Donation,05/05/2026 1:05 pm,Passed,CE0011598,05/07/2026,622-08-6034,
Heaven Grant,LP036445,Leukopak Donation,07/08/2026 9:27 am,Pending,CE0011598,,622-08-6034,
Henry Gin,LP030091,Leukopak Donation,06/20/2025 7:24 am,Passed,CE0011111,07/10/2025,613-32-0013,
Henry Gin,LP031165,Leukopak Donation,08/26/2025 10:42 am,Passed,CE0011111,08/28/2025,613-32-0013,
Henry Gin,LP032132,Leukopak Donation,10/20/2025 11:14 am,Failed,CE0011111,,613-32-0013,Taking Lisinopril
Henry Lopez,LP028301,Leukopak Donation,03/05/2025 12:26 pm,Cancelled by Donor,CE0010935,,602-08-2008,03/06/2025
Hillary Yoder,LP026678,Leukopak Donation,11/12/2024 12:14 pm,Passed,CE0010139,12/02/2024,543-33-4410,
Hillary Yoder,LP026098,Leukopak Donation,10/02/2024 3:22 pm,Cancelled by Donor,CE0010139,,543-33-4410,10/09/2024
Hubert Tidwell,LP033143,Leukopak Donation,12/18/2025 4:11 pm,Passed,CE0011050,01/22/2026,555-65-4952,
Hubert Tidwell,LP034791,Leukopak Donation,03/25/2026 11:48 am,Passed,CE0011050,04/02/2026,555-65-4952,
Hubert Tidwell,LP029621,Leukopak Donation,05/23/2025 7:44 am,Passed,CE0011050,06/12/2025,555-65-4952,
Hubert Tidwell,LP031628,Leukopak Donation,09/22/2025 3:01 pm,Passed,CE0011050,10/07/2025,555-65-4952,
Hubert Tidwell,LP032246,Leukopak Donation,10/28/2025 9:54 am,Passed,CE0011050,11/13/2025,555-65-4952,
Hubert Tidwell,LP031115,Leukopak Donation,08/25/2025 7:23 am,Passed,CE0011050,08/25/2025,555-65-4952,
Hugh Rutherford,LP029728,Leukopak Donation,05/29/2025 3:01 pm,Passed,CE0011107,06/26/2025,652-62-3044,
Hugh Rutherford,LP034337,Leukopak Donation,03/02/2026 11:53 am,Passed,CE0011107,03/12/2026,652-62-3044,
Hugh Rutherford,LP033323,Leukopak Donation,01/08/2026 9:36 am,Passed,CE0011107,01/26/2026,652-62-3044,
Humberto Calderon,LP033355,Leukopak Donation,01/08/2026 4:16 pm,Passed,CE0011260,01/26/2026,571-85-9453,
Humberto Calderon,LP034622,Leukopak Donation,03/17/2026 12:06 pm,Passed,CE0011260,03/30/2026,571-85-9453,
Iain Peattie,LP033251,Leukopak Donation,01/06/2026 9:53 am,Passed,CE0011434,01/08/2026,556-99-3645,
Iain Peattie,LP035048,Leukopak Donation,04/07/2026 4:34 pm,Passed,CE0011434,04/15/2026,556-99-3645,
Ian McMahan,LP030480,Leukopak Donation,07/15/2025 12:23 pm,Passed,CE0011197,08/05/2025,603-45-5513,Lost access.
Iban Avila,LP035952,Leukopak Donation,05/28/2026 12:44 pm,Passed,CE0011595,06/04/2026,620-27-5032,
Inigo Macey,LP035966,Leukopak Donation,06/01/2026 9:05 am,Cancelled by Donor,CE0011533,,606-43-2842,06/16/2026
Inigo Macey,LP035270,Leukopak Donation,04/16/2026 11:16 am,Passed,CE0011533,04/30/2026,606-43-2842,
Inigo Macey,LP034570,Leukopak Donation,03/13/2026 10:05 am,Passed,CE0011533,03/17/2026,606-43-2842,
Iris Lin,LP031809,Leukopak Donation,09/30/2025 11:12 am,Passed,CE0011276,10/23/2025,155-98-0762,
Iris Valadez Tello,LP030417,Leukopak Donation,07/10/2025 11:56 am,Passed,CE0010083,08/01/2025,604-31-0167,
Irvin Reyes,LP035264,Leukopak Donation,04/16/2026 8:12 am,Passed,CE0008703,04/28/2026,606-50-1908,
Irvin Reyes,LP034475,Leukopak Donation,03/09/2026 9:04 am,Passed,CE0008703,03/19/2026,606-50-1908,
Irvin Reyes,LP032888,Leukopak Donation,12/08/2025 10:58 am,Passed,CE0008703,01/06/2026,606-50-1908,
Irvin Reyes,LP033869,Leukopak Donation,02/04/2026 10:11 am,Passed,CE0008703,02/10/2026,606-50-1908,
Irvin Reyes,LP030802,Leukopak Donation,08/04/2025 11:10 am,Passed,CE0008703,08/25/2025,606-50-1908,
Irvin Reyes,LP031837,Leukopak Donation,10/01/2025 10:31 am,Passed,CE0008703,10/23/2025,606-50-1908,
Irvin Reyes,LP030096,Leukopak Donation,06/20/2025 9:33 am,Passed,CE0008703,07/09/2025,606-50-1908,
Irvin Reyes,LP029053,Leukopak Donation,04/23/2025 10:14 am,Passed,CE0008703,05/14/2025,606-50-1908,
Irvin Reyes,LP036383,Leukopak Donation,07/02/2026 7:15 am,Pending,CE0008703,,606-50-1908,
Irvin Reyes,LP026321,Leukopak Donation,10/17/2024 12:18 pm,Passed,CE0008703,11/06/2024,606-50-1908,
Irvin Reyes,LP035860,Leukopak Donation,05/26/2026 11:09 am,Passed,CE0008703,06/11/2026,606-50-1908,
Irvin Reyes,LP027038,Leukopak Donation,12/04/2024 12:22 pm,Passed,CE0008703,12/16/2024,606-50-1908,
Isaac Armstrong,LP026812,Leukopak Donation,11/18/2024 12:57 pm,Passed,CE0009827,12/12/2024,623-94-2912,
Isaac Contreras,LP033980,Leukopak Donation,02/10/2026 2:24 pm,Passed,CE0011502,03/12/2026,607-57-8443,
Isaac Contreras,LP034881,Leukopak Donation,03/31/2026 10:38 am,Passed,CE0011502,04/21/2026,607-57-8443,
Isaac Contreras,LP036027,Leukopak Donation,06/02/2026 3:00 pm,Passed,CE0011502,06/23/2026,607-57-8443,
Isaac Contreras,LP036493,Leukopak Donation,07/09/2026 11:04 am,Pending,CE0011502,,607-57-8443,
Isabel Kaplan,LP032289,Leukopak Donation,10/29/2025 9:32 am,Failed,CE0011248,,608-19-2000,Failed due to donor reaction during lab draw
Isabela Dos Santos Pedroso,LP027059,Leukopak Donation,12/04/2024 5:01 pm,Passed,CE0010833,12/12/2024,783-44-6469,
Isabela Dos Santos Pedroso,LP027737,Leukopak Donation,01/27/2025 9:51 am,Passed,CE0010833,02/11/2025,783-44-6469,
Isabela Dos Santos Pedroso,LP031666,Leukopak Donation,09/23/2025 3:02 pm,Passed,CE0010833,10/02/2025,783-44-6469,
Isabela Dos Santos Pedroso,LP028609,Leukopak Donation,03/25/2025 2:16 pm,Passed,CE0010833,04/02/2025,783-44-6469,
Isabela Dos Santos Pedroso,LP029726,Leukopak Donation,05/29/2025 2:57 pm,Passed,CE0010833,06/25/2025,783-44-6469,
Isabela Dos Santos Pedroso,LP029472,Leukopak Donation,05/15/2025 12:12 pm,Passed,CE0010833,05/19/2025,783-44-6469,
Isabela Dos Santos Pedroso,LP029302,Leukopak Donation,05/07/2025 10:51 am,Cancelled by Canventa,CE0010833,05/15/2025,783-44-6469,incorrect data entry
Isabela Dos Santos Pedroso,LP034316,Leukopak Donation,03/02/2026 10:03 am,No Show,CE0010833,,783-44-6469,No show 3/13/2026
Isabela Dos Santos Pedroso,LP034603,Leukopak Donation,03/16/2026 2:02 pm,Passed,CE0010833,03/19/2026,783-44-6469,
Isabela Dos Santos Pedroso,LP035449,Leukopak Donation,04/28/2026 3:24 pm,Passed,CE0010833,05/11/2026,783-44-6469,
Isabella Abetong,LP035223,Leukopak Donation,04/15/2026 8:29 am,Passed,CE0011573,04/15/2026,624-47-6168,
Isabella De Souza,LP029074,Leukopak Donation,04/24/2025 6:19 am,Passed,CE0010781,04/24/2025,024-88-4411,
Isabella De Souza,LP029794,Leukopak Donation,06/04/2025 8:01 am,Passed,CE0010781,06/04/2025,024-88-4411,
Isabella De Souza,LP031623,Leukopak Donation,09/22/2025 1:56 pm,Passed,CE0010781,10/06/2025,024-88-4411,
Isabella De Souza,LP030508,Leukopak Donation,07/16/2025 8:43 am,Passed,CE0010781,07/16/2025,024-88-4411,
Isabella De Souza,LP026258,Leukopak Donation,10/14/2024 1:25 pm,Passed,CE0010781,10/23/2024,024-88-4411,
Isabella De Souza,LP027078,Leukopak Donation,12/05/2024 10:59 am,Passed,CE0010781,12/12/2024,024-88-4411,
Isabella De Souza,LP027675,Leukopak Donation,01/23/2025 9:45 am,Passed,CE0010781,02/06/2025,024-88-4411,
Isabella De Souza,LP028273,Leukopak Donation,03/03/2025 3:09 pm,Passed,CE0010781,03/17/2025,024-88-4411,
Isabella De Souza,LP032522,Leukopak Donation,11/10/2025 11:07 am,Passed,CE0010781,12/08/2025,024-88-4411,passed 12/08/2025 per STI sheet -sj 6/2/26
Isabella Mcilvaine-Lopez,LP033830,Leukopak Donation,02/02/2026 2:11 pm,Passed,CE0011490,02/19/2026,620-08-8389,
Isabella Premo,LP027690,Leukopak Donation,01/23/2025 11:56 am,Cancelled by Donor,CE0010834,,610-29-4406,02/06/2025
Isabella Premo,LP026858,Leukopak Donation,11/19/2024 1:10 pm,Passed,CE0010834,12/02/2024,610-29-4406,
Isabelle Price,LP027313,Leukopak Donation,12/19/2024 8:36 am,Passed,CE0010187,12/19/2024,612-06-6544,
Isabelle Price,LP028061,Leukopak Donation,02/20/2025 9:54 am,Cancelled by Donor,CE0010187,,612-06-6544,2/25/2025
Isahi Barahona,LP030706,Leukopak Donation,07/28/2025 10:10 am,Passed,CE0011067,08/13/2025,611-45-3718,
Isahi Barahona,LP031681,Leukopak Donation,09/23/2025 3:30 pm,Passed,CE0011067,10/28/2025,611-45-3718,
Isahi Barahona,LP031327,Leukopak Donation,09/03/2025 6:51 am,Passed,CE0011067,09/23/2025,611-45-3718,
Isahi Barahona,LP029401,Leukopak Donation,05/12/2025 4:34 pm,Passed,CE0011067,05/20/2025,611-45-3718,
Isahi Barahona,LP030051,Leukopak Donation,06/17/2025 10:02 am,Failed,CE0011067,,611-45-3718,elevated WBC
Isahi Barahona,LP033939,Leukopak Donation,02/09/2026 10:27 am,No Show,CE0011067,,611-45-3718,no show 3/9/2026
Isahi Barahona,LP033573,Leukopak Donation,01/22/2026 8:50 am,Passed,CE0011067,01/30/2026,611-45-3718,
Isahi Barahona,LP032407,Leukopak Donation,11/05/2025 9:24 am,Passed,CE0011067,12/02/2025,611-45-3718,"Run time 159"" due to donor request to leave due to emergency at home"
Isahi Barahona,LP034501,Leukopak Donation,03/10/2026 9:28 am,Passed,CE0011067,03/17/2026,611-45-3718,
Isahi Barahona,LP034884,Leukopak Donation,03/31/2026 10:40 am,Passed,CE0011067,04/21/2026,611-45-3718,
Isiah Harvey,LP033195,Leukopak Donation,12/23/2025 12:43 pm,Passed,CE0011279,01/20/2026,624-58-7100,
Isiah Harvey,LP032829,Leukopak Donation,12/03/2025 9:23 am,No Show,CE0011279,,624-58-7100,12/22/2025
Isiah Harvey,LP033955,Leukopak Donation,02/09/2026 4:25 pm,Passed,CE0011279,02/24/2026,624-58-7100,
Isiah Harvey,LP031785,Leukopak Donation,09/29/2025 2:30 pm,Pending,CE0011279,,624-58-7100,
Isiah Harvey,LP031600,Leukopak Donation,09/22/2025 6:39 am,Passed,CE0011279,09/22/2025,624-58-7100,
Isiah Harvey,LP031799,Leukopak Donation,09/30/2025 9:23 am,Passed,CE0011279,10/30/2025,624-58-7100,Failed access. 45 Minutes runtime
Isita Talukdar,LP027181,Leukopak Donation,12/10/2024 9:51 am,Passed,CE0010862,01/06/2025,607431921,
Ivonne Park,LP031238,Leukopak Donation,08/28/2025 8:16 am,Passed,CE0009139,09/24/2025,614-47-8002,
Jack Viani,LP027157,Leukopak Donation,12/09/2024 2:08 pm,Passed,CE0010794,01/02/2025,,
Jacob Lamont,LP032332,Leukopak Donation,10/30/2025 3:18 pm,Passed,CE0011043,11/18/2025,616-60-9153,
Jacob Lamont,LP030371,Leukopak Donation,07/08/2025 11:51 am,Passed,CE0011043,07/24/2025,616-60-9153,
Jacob Lamont,LP031545,Leukopak Donation,09/16/2025 3:14 pm,Passed,CE0011043,10/01/2025,616-60-9153,
Jacob Lamont,LP029725,Leukopak Donation,05/29/2025 2:09 pm,Passed,CE0011043,06/12/2025,616-60-9153,
Jacob Lamont,LP029133,Leukopak Donation,04/28/2025 12:46 pm,Passed,CE0011043,05/06/2025,616-60-9153,
Jacob Padilla-Sanchez,LP033916,Leukopak Donation,02/05/2026 12:46 pm,Passed,CE0011498,02/24/2026,621-52-1765,
Jacob Padilla-Sanchez,LP034536,Leukopak Donation,03/11/2026 1:25 pm,Passed,CE0011498,04/01/2026,621-52-1765,
Jacob Padilla-Sanchez,LP035293,Leukopak Donation,04/17/2026 11:02 am,No Show,CE0011498,,621-52-1765,05/06/26-no show
Jacob Padilla-Sanchez,LP036198,Leukopak Donation,06/17/2026 2:46 pm,Passed,CE0011498,07/02/2026,621-52-1765,
Jaime Contreras,LP031668,Leukopak Donation,09/23/2025 3:05 pm,Passed,CE0011144,10/06/2025,611-78-8139,
Jaime Contreras,LP030644,Leukopak Donation,07/23/2025 6:46 am,Passed,CE0011144,08/12/2025,611-78-8139,
Jake Bourdages,LP030107,Leukopak Donation,06/23/2025 6:10 am,Passed,CE0010987,07/10/2025,621-25-2026,
Jalen Carson,LP027272,Leukopak Donation,12/17/2024 11:45 am,Passed,CE0006756,01/08/2025,615-06-5403,
Jamal Hammond,LP034816,Leukopak Donation,03/26/2026 10:21 am,Passed,CE0010799,04/08/2026,603-78-7431,
Jamal Hammond,LP035508,Leukopak Donation,05/04/2026 9:40 am,Passed,CE0010799,05/20/2026,603-78-7431,
Jamal Hammond,LP033123,Leukopak Donation,12/18/2025 10:46 am,Passed,CE0010799,01/21/2026,603-78-7431,
Jamal Hammond,LP032358,Leukopak Donation,11/03/2025 10:50 am,Passed,CE0010799,11/05/2025,603-78-7431,
Jamal Hammond,LP034190,Leukopak Donation,02/24/2026 12:36 pm,Passed,CE0010799,02/25/2026,603-78-7431,
Jamal Hammond,LP031414,Leukopak Donation,09/10/2025 10:22 am,Passed,CE0010799,09/29/2025,603-78-7431,
Jamal Hammond,LP030236,Leukopak Donation,06/26/2025 1:44 pm,Passed,CE0010799,07/23/2025,603-78-7431,
Jamal Hammond,LP030060,Leukopak Donation,06/17/2025 11:36 am,Passed,CE0010799,06/18/2025,603-78-7431,
Jamal Hammond,LP026536,Leukopak Donation,11/04/2024 7:01 am,Passed,CE0010799,11/07/2024,603-78-7431,
Jamal Hammond,LP036030,Leukopak Donation,06/03/2026 8:54 am,Passed,CE0010799,06/25/2026,603-78-7431,
Jamana Lenoir,LP035836,Leukopak Donation,05/22/2026 2:41 pm,Passed,CE0011586,06/03/2026,623-24-1835,
Jamana Lenoir,LP036417,Leukopak Donation,07/06/2026 3:18 pm,Passed,CE0011586,07/14/2026,623-24-1835,
Jamana Lenoir,LP035399,Leukopak Donation,04/24/2026 2:53 pm,Passed,CE0011586,04/27/2026,623-24-1835,
Jamari Devertevil,LP030141,Leukopak Donation,06/23/2025 2:18 pm,No Show,CE0010426,,622-02-2761,07/09/2025
Jamari Devertevil,LP028851,Leukopak Donation,04/10/2025 6:41 am,Passed,CE0010426,04/16/2025,622-02-2761,
Jamari Devertevil,LP030625,Leukopak Donation,07/22/2025 11:09 am,Passed,CE0010426,08/12/2025,622-02-2761,
Jamari Devertevil,LP036177,Leukopak Donation,06/16/2026 2:11 pm,Passed,CE0010426,06/18/2026,622-02-2761,
Jamari Devertevil,LP026967,Leukopak Donation,12/02/2024 10:01 am,Passed,CE0010426,12/10/2024,622-02-2761,
Jamari Devertevil,LP034459,Leukopak Donation,03/06/2026 9:55 am,Passed,CE0010426,03/12/2026,622-02-2761,
Jamari Devertevil,LP032334,Leukopak Donation,10/30/2025 3:21 pm,No Show,CE0010426,,622-02-2761,No Show 11/18/2025
James Pyle,LP031643,Leukopak Donation,09/23/2025 9:13 am,Passed,CE0011287,10/22/2025,612-21-1468,
James Pyle,LP036376,Leukopak Donation,07/01/2026 2:05 pm,Pending,CE0011287,,612-21-1468,
James Pyle,LP033487,Leukopak Donation,01/15/2026 3:22 pm,Passed,CE0011287,01/26/2026,612-21-1468,"72"" run due to mild reaction and loss of access"
James Pyle,LP035712,Leukopak Donation,05/15/2026 9:58 am,Passed,CE0011287,06/18/2026,612-21-1468,
James Pyle,LP034547,Leukopak Donation,03/12/2026 11:34 am,Passed,CE0011287,04/06/2026,612-21-1468,
Jane Knoll,LP027077,Leukopak Donation,12/05/2024 10:53 am,Passed,CE0010779,12/17/2024,603-88-4063,
Jane Knoll,LP027888,Leukopak Donation,01/31/2025 10:57 am,Passed,CE0010779,02/26/2025,603-88-4063,
Janet Chun,LP026146,Leukopak Donation,10/07/2024 12:26 pm,Passed,CE0008118,10/14/2024,622-12-9705,
Jared Alford,LP027095,Leukopak Donation,12/05/2024 3:55 pm,Passed,CE0010807,12/18/2024,432-77-9710,
Jared Alford,LP028525,Leukopak Donation,03/20/2025 10:21 am,Failed,CE0010807,,432-77-9710,Unable to start access. No product collected.
Jared Romero,LP026907,Leukopak Donation,11/21/2024 1:53 pm,Failed,CE0010766,,257-83-3152,12/09/2024; failed screen with sx of painful toothache and elevated WBC
Jarrett Corrow,LP028948,Leukopak Donation,04/16/2025 4:42 pm,Passed,CE0010463,04/22/2025,172-66-7253,
Jarrett Corrow,LP031774,Leukopak Donation,09/29/2025 1:24 pm,Passed,CE0010463,10/14/2025,172-66-7253,
Jarrett Corrow,LP026921,Leukopak Donation,11/22/2024 1:55 pm,Passed,CE0010463,12/09/2024,172-66-7253,
Jarrett Corrow,LP034428,Leukopak Donation,03/05/2026 8:36 am,Passed,CE0010463,03/19/2026,172-66-7253,
Jarrod Jones,LP035854,Leukopak Donation,05/26/2026 10:37 am,No Show,CE0009183,,547-93-7764,no show
Jarrod Jones,LP034628,Leukopak Donation,03/17/2026 1:13 pm,Passed,CE0009183,03/30/2026,547-93-7764,
Jason Diaz,LP027461,Leukopak Donation,01/08/2025 1:42 pm,Passed,CE0009590,01/28/2025,603-36-1997,
Jason Diaz,LP035566,Leukopak Donation,05/06/2026 1:38 pm,Passed,CE0009590,06/09/2026,603-36-1997,
Jason Diaz,LP036169,Leukopak Donation,06/16/2026 11:09 am,Cancelled by Donor,CE0009590,,603-36-1997,07/15/2026
Jason Diaz,LP036574,Leukopak Donation,07/15/2026 12:12 pm,Pending,CE0009590,,603-36-1997,
Jason Diaz,LP031429,Leukopak Donation,09/11/2025 1:26 pm,Passed,CE0009590,09/30/2025,603-36-1997,
Jason Diaz,LP028686,Leukopak Donation,03/31/2025 12:21 pm,Passed,CE0009590,04/16/2025,603-36-1997,
Jason Diaz,LP032511,Leukopak Donation,11/10/2025 10:56 am,Passed,CE0009590,12/10/2025,603-36-1997,
Jason Diaz,LP033785,Leukopak Donation,01/30/2026 12:57 pm,Passed,CE0009590,03/05/2026,603-36-1997,
Jason Ficklin,LP031582,Leukopak Donation,09/18/2025 12:20 pm,Passed,CE0011297,10/02/2025,618-72-2867,
Jason Ficklin,LP036350,Leukopak Donation,06/30/2026 9:22 am,Passed,CE0011297,07/16/2026,618-72-2867,passed per fy27 sti sheet -sj
Jason Ficklin,LP032287,Leukopak Donation,10/28/2025 4:24 pm,Passed,CE0011297,11/17/2025,618-72-2867,
Jason Ficklin,LP033797,Leukopak Donation,02/02/2026 7:55 am,Cancelled by Donor,CE0011297,,618-72-2867,02/24/2026
Jason Ficklin,LP034318,Leukopak Donation,03/02/2026 10:06 am,Passed,CE0011297,03/10/2026,618-72-2867,
Jason Ficklin,LP035403,Leukopak Donation,04/27/2026 7:24 am,Passed,CE0011297,05/06/2026,618-72-2867,
Jason Gonzalez,LP035944,Leukopak Donation,05/28/2026 11:52 am,Passed,CE0011304,06/30/2026,624-92-6830,
Jason Gonzalez,LP035602,Leukopak Donation,05/07/2026 1:03 pm,Passed,CE0011304,05/26/2026,624-92-6830,
Jason Gonzalez,LP034295,Leukopak Donation,02/27/2026 1:04 pm,Passed,CE0011304,03/13/2026,624-92-6830,
Jason Gonzalez,LP034661,Leukopak Donation,03/18/2026 11:25 am,Passed,CE0011304,04/20/2026,624-92-6830,
Jason Gonzalez,LP033570,Leukopak Donation,01/21/2026 3:53 pm,No Show,CE0011304,,624-92-6830,No show 2/9/2026
Jason Gonzalez,LP032567,Leukopak Donation,11/13/2025 8:51 am,Passed,CE0011304,12/01/2025,624-92-6830,
Jason Goode,LP029135,Leukopak Donation,04/28/2025 1:34 pm,Cancelled by Canventa,CE0011046,,623-72-9470,DC short staffed- 05/07/2025
Jason Goode,LP029308,Leukopak Donation,05/07/2025 11:15 am,Cancelled by Canventa,CE0011046,,623-72-9470,
Jason Lee,LP027881,Leukopak Donation,01/31/2025 9:10 am,Passed,CE0009454,02/25/2025,573-89-1131,
Jason Lee,LP027251,Leukopak Donation,12/16/2024 9:56 am,Passed,CE0009454,01/13/2025,573-89-1131,
Jason Lee,LP026824,Leukopak Donation,11/18/2024 1:45 pm,Passed,CE0009454,12/02/2024,573-89-1131,
Jason Lee,LP029283,Leukopak Donation,05/06/2025 1:34 pm,Passed,CE0009454,05/21/2025,573-89-1131,
Jason Lee,LP030003,Leukopak Donation,06/16/2025 10:49 am,Failed,CE0009454,07/22/2025,573-89-1131,"failed access, no product collected."
Jason Lee,LP028575,Leukopak Donation,03/24/2025 11:04 am,Passed,CE0009454,04/14/2025,573-89-1131,
Jason Rhodes,LP032137,Leukopak Donation,10/20/2025 1:17 pm,Passed,CE0011258,11/12/2025,552-83-8383,
Jason Rhodes,LP031155,Leukopak Donation,08/26/2025 8:11 am,Passed,CE0011258,09/02/2025,552-83-8383,
Jason Rhodes,LP033377,Leukopak Donation,01/12/2026 10:47 am,Passed,CE0011258,01/26/2026,552-83-8383,
Jason Rougeau,LP028654,Leukopak Donation,03/27/2025 2:00 pm,Passed,CE0010993,04/03/2025,602-98-4152,
Jason Rougeau,LP029096,Leukopak Donation,04/24/2025 3:51 pm,Passed,CE0010993,05/12/2025,602-98-4152,
Jason Wong,LP034722,Leukopak Donation,03/23/2026 9:40 am,Passed,CE0011465,04/10/2026,625-80-3487,
Jason Wong,LP036056,Leukopak Donation,06/03/2026 1:15 pm,Pending,CE0011465,,625-80-3487,
Jay Starling,LP035835,Leukopak Donation,05/22/2026 2:01 pm,Passed,CE0011377,06/16/2026,620-19-5581,
Jaymie Redman,LP035714,Leukopak Donation,05/18/2026 6:12 am,Passed,CE0011609,06/09/2026,533-27-9702,
Jaymie Redman,LP036343,Leukopak Donation,06/29/2026 1:26 pm,Passed,CE0011609,07/16/2026,533-27-9702,
Jeff Galaviz,LP030465,Leukopak Donation,07/15/2025 10:01 am,Passed,CE0008579,08/18/2025,553-93-1090,
Jeff Galaviz,LP031678,Leukopak Donation,09/23/2025 3:23 pm,Passed,CE0008579,10/27/2025,553-93-1090,
Jenifer  Rodriguez Garibay,LP031185,Leukopak Donation,08/26/2025 2:55 pm,Passed,CE0011120,09/09/2025,606-13-7518,
Jenifer  Rodriguez Garibay,LP032035,Leukopak Donation,10/14/2025 2:24 pm,Passed,CE0011120,11/06/2025,606-13-7518,
Jenifer  Rodriguez Garibay,LP030149,Leukopak Donation,06/23/2025 4:12 pm,Passed,CE0011120,06/25/2025,606-13-7518,
Jenifer  Rodriguez Garibay,LP036150,Leukopak Donation,06/12/2026 9:26 am,Passed,CE0011120,06/29/2026,606-13-7518,
Jenifer  Rodriguez Garibay,LP035787,Leukopak Donation,05/20/2026 8:33 am,Cancelled by Donor,CE0011120,,606-13-7518,
Jenifer  Rodriguez Garibay,LP033868,Leukopak Donation,02/04/2026 9:46 am,Passed,CE0011120,02/17/2026,606-13-7518,
Jenifer  Rodriguez Garibay,LP033045,Leukopak Donation,12/15/2025 3:47 pm,Passed,CE0011120,01/07/2026,606-13-7518,
Jenifer  Rodriguez Garibay,LP034503,Leukopak Donation,03/10/2026 9:43 am,Passed,CE0011120,03/24/2026,606-13-7518,
Jenifer  Rodriguez Garibay,LP035228,Leukopak Donation,04/15/2026 9:43 am,Passed,CE0011120,04/28/2026,606-13-7518,
Jenna Norris,LP026990,Leukopak Donation,12/03/2024 11:37 am,Passed,CE0010751,12/09/2024,605-39-9397,
Jenna Norris,LP027544,Leukopak Donation,01/13/2025 1:53 pm,Passed,CE0010751,01/15/2025,605-39-9397,
Jenna Norris,LP028100,Leukopak Donation,02/24/2025 7:32 am,Passed,CE0010751,02/24/2025,605-39-9397,
Jenna Norris,LP026240,Leukopak Donation,10/14/2024 9:16 am,Passed,CE0010751,10/28/2024,605-39-9397,
Jenna Norris,LP028662,Leukopak Donation,03/31/2025 6:28 am,Passed,CE0010751,03/31/2025,605-39-9397,
Jenna Norris,LP029447,Leukopak Donation,05/14/2025 9:06 am,Passed,CE0010751,05/28/2025,605-39-9397,
Jenna Norris,LP032198,Leukopak Donation,10/27/2025 8:50 am,Passed,CE0010751,11/04/2025,605-39-9397,
Jenna Norris,LP031296,Leukopak Donation,09/02/2025 8:18 am,Passed,CE0010751,09/22/2025,605-39-9397,
Jenna Norris,LP032906,Leukopak Donation,12/09/2025 9:05 am,Passed,CE0010751,12/10/2025,605-39-9397,
Jenna Norris,LP033612,Leukopak Donation,01/23/2026 3:12 pm,Failed,CE0010751,,605-39-9397,Screening failed due to donor weight under 54.5kg.
Jennifer Depew,LP033375,Leukopak Donation,01/12/2026 10:45 am,Passed,CE0011331,01/21/2026,395-15-5171,
Jennifer Depew,LP034534,Leukopak Donation,03/11/2026 1:16 pm,Passed,CE0011331,03/23/2026,395-15-5171,
Jennifer Depew,LP032146,Leukopak Donation,10/21/2025 3:20 pm,Passed,CE0011331,11/03/2025,395-15-5171,
Jennifer Monson-Vadney,LP026119,Leukopak Donation,10/03/2024 3:00 pm,Passed,CE0010676,10/22/2024,563-83-1641,
Jennifer Monson-Vadney,LP027304,Leukopak Donation,12/18/2024 11:55 am,Failed,CE0010676,,563-83-1641,WBC count too low
Jennifer Pinzon,LP036353,Leukopak Donation,06/30/2026 10:16 am,Passed,CE0011640,07/14/2026,626-65-4681,
Jenny Cho,LP036281,Leukopak Donation,06/24/2026 6:36 am,Passed,CE0011505,07/09/2026,606-48-5737,
Jenny Cho,LP035378,Leukopak Donation,04/23/2026 3:12 pm,Passed,CE0011505,05/21/2026,606-48-5737,
Jenny Cho,LP034230,Leukopak Donation,02/25/2026 1:06 pm,Passed,CE0011505,03/10/2026,606-48-5737,
Jenny Chung,LP033693,Leukopak Donation,01/28/2026 9:15 am,Passed,CE0011469,02/04/2026,059-90-7827,pass per fy26 sti sheet -sj
Jeremiah Hernandez,LP028855,Leukopak Donation,04/10/2025 8:52 am,Passed,CE0011009,04/21/2025,623-36-5142,
Jeremiah Hernandez,LP029665,Leukopak Donation,05/27/2025 1:21 pm,Passed,CE0011009,06/09/2025,623-36-5142,
Jeremiah Hernandez,LP030635,Leukopak Donation,07/22/2025 12:45 pm,Passed,CE0011009,08/06/2025,623-36-5142,
Jeremiah Pfeffer,LP030037,Leukopak Donation,06/17/2025 8:03 am,Passed,CE0011021,07/10/2025,625-42-4275,
Jeremiah Pfeffer,LP029569,Leukopak Donation,05/21/2025 3:30 pm,Passed,CE0011021,06/05/2025,625-42-4275,
Jeremiah Pfeffer,LP028963,Leukopak Donation,04/17/2025 2:02 pm,Passed,CE0011021,04/28/2025,625-42-4275,
Jeremiah Pfeffer,LP031741,Leukopak Donation,09/25/2025 3:30 pm,Passed,CE0011021,10/24/2025,625-42-4275,
Jeremiah Pfeffer,LP031099,Leukopak Donation,08/21/2025 10:39 am,Passed,CE0011021,09/04/2025,625-42-4275,
Jeremiah Pfeffer,LP032625,Leukopak Donation,11/18/2025 9:56 am,Passed,CE0011021,12/11/2025,625-42-4275,
Jeremiah Pfeffer,LP033461,Leukopak Donation,01/15/2026 10:45 am,Passed,CE0011021,01/27/2026,625-42-4275,
Jeremy Howard,LP035445,Leukopak Donation,04/28/2026 2:44 pm,Passed,CE0011507,05/27/2026,608-50-9998,
Jeremy Howard,LP034815,Leukopak Donation,03/26/2026 10:20 am,Cancelled by Donor,CE0011507,,608-50-9998,
Jeremy Howard,LP034033,Leukopak Donation,02/13/2026 6:47 am,Passed,CE0011507,03/10/2026,608-50-9998,
Jessica Byrum,LP026200,Leukopak Donation,10/10/2024 9:02 am,Passed,CE0010435,10/22/2024,626-23-7073,
Jessica Byrum,LP027416,Leukopak Donation,01/06/2025 1:28 pm,Passed,CE0010435,01/14/2025,626-23-7073,
Jessica Byrum,LP028485,Leukopak Donation,03/18/2025 9:30 am,Passed,CE0010435,03/25/2025,626-23-7073,
Jessica Forest,LP033971,Leukopak Donation,02/10/2026 10:54 am,Passed,CE0010557,02/18/2026,620-84-4081,
Jessica Forest,LP029891,Leukopak Donation,06/09/2025 12:50 pm,Passed,CE0010557,07/01/2025,620-84-4081,
Jessica Forest,LP029097,Leukopak Donation,04/24/2025 4:18 pm,Cancelled by Canventa,CE0010557,,620-84-4081,DC short staffed- 05/07/2025
Jessica Forest,LP028552,Leukopak Donation,03/24/2025 6:52 am,Passed,CE0010557,04/02/2025,620-84-4081,
Jessica Forest,LP031158,Leukopak Donation,08/26/2025 9:19 am,Passed,CE0010557,09/23/2025,620-84-4081,
Jessica Forest,LP030705,Leukopak Donation,07/28/2025 9:43 am,Passed,CE0010557,08/19/2025,620-84-4081,
Jessica Forest,LP032074,Leukopak Donation,10/15/2025 10:21 am,Passed,CE0010557,10/28/2025,620-84-4081,Late entry from donation on 10/28/2025
Jessica Forest,LP028019,Leukopak Donation,02/18/2025 10:38 am,Passed,CE0010557,02/26/2025,620-84-4081,
Jessica Forest,LP027243,Leukopak Donation,12/16/2024 7:21 am,Passed,CE0010557,01/13/2025,620-84-4081,
Jessica Perkey,LP031067,Leukopak Donation,08/19/2025 2:38 pm,Passed,CE0011228,09/03/2025,629-14-4520,
Jessica Peters,LP028453,Leukopak Donation,03/17/2025 10:38 am,Passed,CE0008649,03/25/2025,474-04-9290,
Jessica Peters,LP026284,Leukopak Donation,10/15/2024 11:35 am,Passed,CE0008649,10/31/2024,474-04-9290,ended early at 167' d/t inlet failure
Jessica Peters,LP027911,Leukopak Donation,02/04/2025 11:30 am,Passed,CE0008649,02/18/2025,474-04-9290,
Jessica Peters,LP026794,Leukopak Donation,11/18/2024 9:33 am,Cancelled by Donor,CE0008649,,474-04-9290,12/9
Jessica Peters,LP027159,Leukopak Donation,12/09/2024 2:15 pm,Passed,CE0008649,01/06/2025,474-04-9290,
Jessica Ruffner,LP034814,Leukopak Donation,03/26/2026 10:15 am,No Show,CE0011523,,617-45-0652,04/02/2026-No show
Jessica Ruffner,LP035128,Leukopak Donation,04/13/2026 10:43 am,Passed,CE0011523,04/30/2026,617-45-0652,
Jessica Ruffner,LP036294,Leukopak Donation,06/24/2026 4:11 pm,Passed,CE0011523,07/06/2026,617-45-0652,
Jesus Ulloa,LP030467,Leukopak Donation,07/15/2025 10:29 am,Passed,CE0009009,08/05/2025,553-87-9217,
Jesus Ulloa,LP028720,Leukopak Donation,04/01/2025 2:18 pm,Passed,CE0009009,04/17/2025,553-87-9217,
Jesus Ulloa,LP029579,Leukopak Donation,05/22/2025 8:29 am,Passed,CE0009009,06/04/2025,553-87-9217,
Jesus Ulloa,LP028173,Leukopak Donation,02/26/2025 3:25 pm,Passed,CE0009009,03/05/2025,553-87-9217,
Jillian Freiheit,LP036311,Leukopak Donation,06/25/2026 10:19 am,Passed,CE0011602,07/08/2026,604-84-3666,
Jillian Freiheit,LP035491,Leukopak Donation,04/30/2026 2:04 pm,Passed,CE0011602,05/21/2026,604-84-3666,
Jim Martinez,LP035094,Leukopak Donation,04/09/2026 3:02 pm,Passed,CE0011576,04/22/2026,567-65-3723,
Jimena Fajardo-Sepulveda,LP027032,Leukopak Donation,12/04/2024 11:51 am,Passed,CE0010699,12/19/2024,615-43-7034,
Jimena Fajardo-Sepulveda,LP029687,Leukopak Donation,05/28/2025 9:51 am,Passed,CE0010699,06/17/2025,615-43-7034,
Jimena Fajardo-Sepulveda,LP030129,Leukopak Donation,06/23/2025 12:35 pm,Passed,CE0010699,07/22/2025,615-43-7034,
Jimena Fajardo-Sepulveda,LP028628,Leukopak Donation,03/26/2025 9:08 am,Passed,CE0010699,04/08/2025,615-43-7034,
Jimena Fajardo-Sepulveda,LP029026,Leukopak Donation,04/23/2025 7:04 am,Passed,CE0010699,05/13/2025,615-43-7034,
Jimena Fajardo-Sepulveda,LP031234,Leukopak Donation,08/27/2025 4:54 pm,Passed,CE0010699,09/10/2025,615-43-7034,
Joel Cusumano,LP034440,Leukopak Donation,03/05/2026 11:55 am,Passed,CE0011519,03/18/2026,215-13-9835,
Joel Cusumano,LP035706,Leukopak Donation,05/15/2026 8:02 am,Passed,CE0011519,06/01/2026,215-13-9835,
Joel Cusumano,LP036425,Leukopak Donation,07/07/2026 10:09 am,Passed,CE0011519,07/14/2026,215-13-9835,
John Chuku,LP026082,Leukopak Donation,10/02/2024 9:38 am,Passed,CE0010466,10/15/2024,955-94-3634,
John Fox,LP035955,Leukopak Donation,05/28/2026 1:23 pm,Passed,CE0011605,06/22/2026,215-33-5038,
John Fox,LP035519,Leukopak Donation,05/04/2026 1:18 pm,Passed,CE0011605,05/18/2026,215-33-5038,
Jolene Guerin,LP028466,Leukopak Donation,03/17/2025 4:12 pm,Passed,CE0010940,04/08/2025,612-94-2028,
Jolene Guerin,LP029376,Leukopak Donation,05/12/2025 9:58 am,Passed,CE0010940,05/13/2025,612-94-2028,
Jolene Guerin,LP030156,Leukopak Donation,06/24/2025 8:52 am,Passed,CE0010940,07/01/2025,612-94-2028,
Jolene Guerin,LP031216,Leukopak Donation,08/27/2025 10:39 am,Passed,CE0010940,09/17/2025,612-94-2028,
Jolene Guerin,LP030799,Leukopak Donation,08/04/2025 10:22 am,Passed,CE0010940,08/13/2025,612-94-2028,
Jolene Guerin,LP028114,Leukopak Donation,02/25/2025 8:54 am,Passed,CE0010940,03/04/2025,612-94-2028,
Jolene Guerin,LP033754,Leukopak Donation,01/30/2026 6:44 am,Passed,CE0010940,02/24/2026,612-94-2028,
Jolene Guerin,LP032618,Leukopak Donation,11/17/2025 1:13 pm,Passed,CE0010940,12/09/2025,612-94-2028,
Jolene Guerin,LP033303,Leukopak Donation,01/07/2026 12:59 pm,Failed,CE0010940,01/20/2026,612-94-2028,
Jolene Guerin,LP034307,Leukopak Donation,03/02/2026 9:23 am,Failed,CE0010940,,612-94-2028,OK to rescreen in 8 weeks. Low HGB.
Jonas Tichenor,LP030002,Leukopak Donation,06/16/2025 9:58 am,Passed,CE0010332,07/10/2025,308724427,
Jonas Tichenor,LP029541,Leukopak Donation,05/20/2025 1:12 pm,Passed,CE0010332,06/05/2025,308724427,
Jonas Tichenor,LP031276,Leukopak Donation,08/29/2025 11:18 am,Passed,CE0010332,09/11/2025,308724427,
Jonas Tichenor,LP030796,Leukopak Donation,08/04/2025 9:01 am,Cancelled by Donor,CE0010332,,308724427,
Jonas Tichenor,LP032340,Leukopak Donation,10/30/2025 3:32 pm,Passed,CE0010332,11/21/2025,308724427,
Jonathan Cheung,LP026628,Leukopak Donation,11/08/2024 12:45 pm,Cancelled by Donor,CE0006970,,087-72-6372,11/14
Jonathan Cheung,LP027946,Leukopak Donation,02/10/2025 6:32 am,Passed,CE0006970,02/10/2025,087-72-6372,
Jonathan Cheung,LP028325,Leukopak Donation,03/06/2025 3:05 pm,Passed,CE0006970,03/17/2025,087-72-6372,
Jonathan Cheung,LP035662,Leukopak Donation,05/13/2026 6:10 am,Cancelled by Donor,CE0006970,,087-72-6372,
Jonathan Cheung,LP036678,Leukopak Donation,07/22/2026 10:48 am,Pending,CE0006970,,087-72-6372,
Jonathan Cheung,LP029705,Leukopak Donation,05/29/2025 8:41 am,Passed,CE0006970,06/16/2025,087-72-6372,
Jonathan Cheung,LP029044,Leukopak Donation,04/23/2025 9:21 am,Passed,CE0006970,05/07/2025,087-72-6372,
Jonathan Cheung,LP031042,Leukopak Donation,08/19/2025 8:14 am,Passed,CE0006970,09/08/2025,087-72-6372,
Jonathan Cheung,LP030439,Leukopak Donation,07/14/2025 8:23 am,Passed,CE0006970,08/01/2025,087-72-6372,
Jonathan Cheung,LP032123,Leukopak Donation,10/20/2025 7:11 am,Passed,CE0006970,11/19/2025,087-72-6372,
Jonathan Cheung,LP031640,Leukopak Donation,09/23/2025 8:39 am,Passed,CE0006970,10/15/2025,087-72-6372,
Jonathan Cheung,LP035438,Leukopak Donation,04/28/2026 10:56 am,Passed,CE0006970,05/12/2026,087-72-6372,
Jonathan Cheung,LP033629,Leukopak Donation,01/26/2026 9:32 am,Passed,CE0006970,02/18/2026,087-72-6372,
Jonathan E Garcia,LP035666,Leukopak Donation,05/13/2026 8:54 am,Failed,CE0007060,,626-24-3962,failed per notes and STI sheet -sj
Jonathan E Garcia,LP031986,Leukopak Donation,10/10/2025 9:52 am,Passed,CE0007060,10/30/2025,626-24-3962,
Jonathan E Garcia,LP029797,Leukopak Donation,06/04/2025 9:33 am,Cancelled by Donor,CE0007060,,626-24-3962,6/25/2025
Jonathan E Garcia,LP026265,Leukopak Donation,10/15/2024 6:18 am,Passed,CE0007060,10/24/2024,626-24-3962,
Jonathan E Garcia,LP028350,Leukopak Donation,03/10/2025 10:07 am,Passed,CE0007060,03/24/2025,626-24-3962,
Jonathan E Garcia,LP026922,Leukopak Donation,11/22/2024 2:03 pm,Cancelled by Canventa,CE0007060,,626-24-3962,12/05/2024
Jonathan Escobar,LP026666,Leukopak Donation,11/12/2024 9:31 am,Passed,CE0010357,11/27/2024,615-21-9889,
Jonathan Escobar,LP036447,Leukopak Donation,07/08/2026 9:31 am,Pending,CE0010357,,615-21-9889,
Jonathan Escobar,LP033078,Leukopak Donation,12/17/2025 9:56 am,Passed,CE0010357,01/12/2026,615-21-9889,
Jonathan Hayes,LP031295,Leukopak Donation,09/02/2025 6:54 am,Failed,CE0011241,09/02/2025,620-49-9114,
Jonathan Hayes,LP031588,Leukopak Donation,09/18/2025 12:53 pm,Passed,CE0011241,10/08/2025,620-49-9114,
Jonathan Hayes,LP032712,Leukopak Donation,11/24/2025 6:30 am,Passed,CE0011241,11/24/2025,620-49-9114,
Jonathan Hayes,LP033104,Leukopak Donation,12/17/2025 3:25 pm,Cancelled by Donor,CE0011241,,620-49-9114,01/07/2026
Jonathan Jackson,LP035872,Leukopak Donation,05/26/2026 1:39 pm,No Show,CE0011636,,020-78-0783,06/15/2026
Jordan King,LP036672,Leukopak Donation,07/22/2026 7:46 am,Pending,CE0009476,,008-62-1921,
Jordan King,LP036047,Leukopak Donation,06/03/2026 12:37 pm,Passed,CE0009476,06/24/2026,008-62-1921,
Jordan King,LP034879,Leukopak Donation,03/31/2026 10:36 am,Cancelled by Donor,CE0009476,,008-62-1921,04/21/2026
Jordan Landes,LP035659,Leukopak Donation,05/12/2026 3:50 pm,Passed,CE0011610,05/19/2026,536-37-4844,
Jordan Landes,LP036361,Leukopak Donation,07/01/2026 10:36 am,Pending,CE0011610,,536-37-4844,
Jordan Lenney,LP034265,Leukopak Donation,02/26/2026 12:38 pm,Passed,CE0011482,03/17/2026,616-37-2874,
Jordan Lenney,LP033670,Leukopak Donation,01/27/2026 1:29 pm,Passed,CE0011482,02/03/2026,616-37-2874,
Jordan Lenney,LP036296,Leukopak Donation,06/24/2026 4:17 pm,Passed,CE0011482,07/07/2026,616-37-2874,
Jorge Pacheco,LP034203,Leukopak Donation,02/24/2026 3:57 pm,Passed,CE0011504,03/19/2026,614-42-5059,
Jorge Pacheco,LP035711,Leukopak Donation,05/15/2026 9:57 am,Passed,CE0011504,06/15/2026,614-42-5059,
Jorge Pacheco,LP036306,Leukopak Donation,06/25/2026 9:45 am,Passed,CE0011504,07/20/2026,614-42-5059,
Jorge Rojo Miramontes,LP026067,Leukopak Donation,10/01/2024 4:36 pm,Passed,CE0010612,10/14/2024,608-23-0048,
Jose Fuentes,LP029734,Leukopak Donation,06/02/2025 6:20 am,Passed,CE0007599,06/12/2025,612-82-7977,
Jose Fuentes,LP028828,Leukopak Donation,04/09/2025 6:31 am,Passed,CE0007599,04/16/2025,612-82-7977,
Jose Fuentes,LP032063,Leukopak Donation,10/15/2025 9:09 am,Passed,CE0007599,11/07/2025,612-82-7977,
Jose Fuentes,LP030433,Leukopak Donation,07/14/2025 6:43 am,Passed,CE0007599,07/31/2025,612-82-7977,
Jose Fuentes,LP030944,Leukopak Donation,08/13/2025 1:18 pm,Passed,CE0007599,09/04/2025,612-82-7977,
Jose Fuentes,LP036063,Leukopak Donation,06/03/2026 2:48 pm,Passed,CE0007599,06/24/2026,612-82-7977,
Jose Fuentes,LP027511,Leukopak Donation,01/13/2025 7:36 am,Passed,CE0007599,01/30/2025,612-82-7977,
Jose Fuentes,LP028056,Leukopak Donation,02/20/2025 9:09 am,Passed,CE0007599,03/06/2025,612-82-7977,
Jose Fuentes,LP026541,Leukopak Donation,11/04/2024 11:19 am,Passed,CE0007599,11/14/2024,612-82-7977,
Jose Fuentes,LP033982,Leukopak Donation,02/10/2026 3:03 pm,Passed,CE0007599,03/13/2026,612-82-7977,
Jose Fuentes,LP035363,Leukopak Donation,04/22/2026 3:56 pm,Passed,CE0007599,05/07/2026,612-82-7977,
Joseline Castillo Saravia,LP033385,Leukopak Donation,01/12/2026 12:05 pm,Passed,CE0011146,01/30/2026,604-51-7820,
Joseline Castillo Saravia,LP034013,Leukopak Donation,02/12/2026 8:52 am,Passed,CE0011146,03/09/2026,604-51-7820,
Joseline Castillo Saravia,LP030180,Leukopak Donation,06/24/2025 2:52 pm,Passed,CE0011146,07/24/2025,604-51-7820,
Joseline Castillo Saravia,LP035909,Leukopak Donation,05/27/2026 1:17 pm,Passed,CE0011146,06/01/2026,604-51-7820,
Joseph Allen,LP035458,Leukopak Donation,04/29/2026 10:41 am,Passed,CE0010041,05/18/2026,563-55-7958,
Joseph Allen,LP035870,Leukopak Donation,05/26/2026 12:58 pm,Failed,CE0010041,,563-55-7958,low WBC
Joseph Allen,LP034516,Leukopak Donation,03/10/2026 1:40 pm,Passed,CE0010041,03/17/2026,563-55-7958,
Joseph Allen,LP034838,Leukopak Donation,03/27/2026 7:34 am,Cancelled by Canventa,CE0010041,,563-55-7958,staffing issue
Joseph Allen,LP033002,Leukopak Donation,12/11/2025 8:06 am,No Show,CE0010041,,563-55-7958,12/15/2025
Joseph Allen,LP033636,Leukopak Donation,01/26/2026 10:59 am,Passed,CE0010041,02/03/2026,563-55-7958,
Joseph Burns,LP032606,Leukopak Donation,11/17/2025 11:19 am,Passed,CE0011323,11/17/2025,609-18-2855,
Joseph Burns,LP032101,Leukopak Donation,10/16/2025 9:28 am,No Show,CE0011323,,609-18-2855,
Joseph Cheng,LP033106,Leukopak Donation,12/17/2025 3:31 pm,Passed,CE0011402,01/29/2026,609-53-8739,
Joseph Hassna,LP036627,Leukopak Donation,07/20/2026 6:58 am,Pending,CE0009911,,623-22-4942,
Joseph Hassna,LP036006,Leukopak Donation,06/02/2026 11:23 am,Passed,CE0009911,06/24/2026,623-22-4942,
Joseph Hassna,LP030936,Leukopak Donation,08/13/2025 11:59 am,Passed,CE0009911,09/08/2025,623-22-4942,
Joseph Hassna,LP032249,Leukopak Donation,10/28/2025 9:58 am,Passed,CE0009911,,623-22-4942,passed 11/17/2025 per STI sheet. -sj 6/2/26
Joseph Hassna,LP033166,Leukopak Donation,12/22/2025 3:20 pm,Passed,CE0009911,01/28/2026,623-22-4942,
Joseph Hassna,LP034724,Leukopak Donation,03/23/2026 10:26 am,Passed,CE0009911,04/13/2026,623-22-4942,
Joseph Kim,LP032849,Leukopak Donation,12/04/2025 9:45 am,Cancelled by Donor,CE0011037,,603-01-0745,12/23/2025
Joseph Kim,LP030938,Leukopak Donation,08/13/2025 12:02 pm,Passed,CE0011037,09/02/2025,603-01-0745,
Joseph Kim,LP030405,Leukopak Donation,07/10/2025 8:20 am,Passed,CE0011037,07/17/2025,603-01-0745,167 min run time. Loss of access out of chair to void
Joseph Rosenfeld,LP032801,Leukopak Donation,12/02/2025 10:10 am,Passed,CE0011358,12/17/2025,670-09-6878,
Joshua Gatto,LP036226,Leukopak Donation,06/18/2026 1:14 pm,Pending,CE0011274,,616-09-5793,
Joshua Gatto,LP036032,Leukopak Donation,06/03/2026 9:20 am,Cancelled by Donor,CE0011274,,616-09-5793,06/24/2026
Joshua Iraheta,LP034538,Leukopak Donation,03/11/2026 3:07 pm,Passed,CE0011095,03/30/2026,605-49-8299,
Joshua Iraheta,LP035273,Leukopak Donation,04/16/2026 12:03 pm,Passed,CE0011095,05/04/2026,605-49-8299,
Joshua Iraheta,LP035806,Leukopak Donation,05/20/2026 1:32 pm,Passed,CE0011095,06/08/2026,605-49-8299,
Joshua Iraheta,LP036324,Leukopak Donation,06/26/2026 9:44 am,Pending,CE0011095,,605-49-8299,
Joshua Iraheta,LP036325,Leukopak Donation,06/26/2026 9:44 am,Passed,CE0011095,07/14/2026,605-49-8299,
Joshua Iraheta,LP030728,Leukopak Donation,07/29/2025 8:49 am,Passed,CE0011095,07/30/2025,605-49-8299,
Joshua Kim,LP028925,Leukopak Donation,04/16/2025 9:12 am,Passed,CE0011007,04/21/2025,153-06-8362,"108"" run due to bathroom  needs"
Joshua Kim,LP034766,Leukopak Donation,03/24/2026 3:26 pm,Passed,CE0011007,04/06/2026,153-06-8362,
Joshua Kim,LP035290,Leukopak Donation,04/17/2026 10:22 am,Passed,CE0011007,05/11/2026,153-06-8362,
Joshua Merry,LP034552,Leukopak Donation,03/12/2026 1:07 pm,Passed,CE0011539,03/23/2026,635-92-2179,
Joshua Pascua,LP030259,Leukopak Donation,07/01/2025 6:16 am,Passed,CE0010966,07/28/2025,561-93-1265,
Joshua Pascua,LP029751,Leukopak Donation,06/02/2025 12:22 pm,Passed,CE0010966,06/23/2025,561-93-1265,
Joshua Pascua,LP028445,Leukopak Donation,03/17/2025 6:09 am,Cancelled by Donor,CE0010966,,561-93-1265,03/25/2025
Joshua Pascua,LP028694,Leukopak Donation,04/01/2025 6:06 am,Passed,CE0010966,04/10/2025,561-93-1265,
Joshua Pascua,LP029161,Leukopak Donation,04/29/2025 3:44 pm,Passed,CE0010966,05/15/2025,561-93-1265,
Joshua Pascua,LP030961,Leukopak Donation,08/14/2025 10:32 am,Passed,CE0010966,09/02/2025,561-93-1265,
Joshua Pascua,LP031576,Leukopak Donation,09/18/2025 9:03 am,Passed,CE0010966,10/28/2025,561-93-1265,
Joshua Pascua,LP033465,Leukopak Donation,01/15/2026 10:53 am,Passed,CE0010966,01/22/2026,561-93-1265,
Joshua Pascua,LP032635,Leukopak Donation,11/18/2025 1:02 pm,No Show,CE0010966,,561-93-1265,No Show 12/2/25
Joshua Velazquez Lemus,LP030414,Leukopak Donation,07/10/2025 10:39 am,Passed,CE0009991,07/28/2025,609-32-3001,
Joshua Velazquez Lemus,LP027715,Leukopak Donation,01/24/2025 1:24 pm,Passed,CE0009991,01/30/2025,609-32-3001,
Joshua Velazquez Lemus,LP035503,Leukopak Donation,05/01/2026 11:26 am,Passed,CE0009991,05/14/2026,609-32-3001,
Joshua Velazquez Lemus,LP036608,Leukopak Donation,07/17/2026 9:26 am,Pending,CE0009991,,609-32-3001,
Joshua Velazquez Lemus,LP036393,Leukopak Donation,07/02/2026 10:10 am,Passed,CE0009991,07/07/2026,609-32-3001,
Joshua Velazquez Lemus,LP033608,Leukopak Donation,01/23/2026 11:58 am,Passed,CE0009991,02/02/2026,609-32-3001,
Joshua Velazquez Lemus,LP034856,Leukopak Donation,03/30/2026 10:43 am,Passed,CE0009991,04/01/2026,609-32-3001,
Josiah Fregoso,LP035628,Leukopak Donation,05/08/2026 11:37 am,Passed,CE0011601,06/01/2026,624-29-5838,
Josiaha Baltrip-Stevenson,LP033112,Leukopak Donation,12/17/2025 3:36 pm,Failed,CE0011412,,610-57-2329,Failed screen; WBC 2.82
Juan Arredin Verdin,LP034035,Leukopak Donation,02/13/2026 8:37 am,Passed,CE0006481,03/05/2026,626-66-9262,
Juan Arredin Verdin,LP033382,Leukopak Donation,01/12/2026 11:51 am,Passed,CE0006481,01/29/2026,626-66-9262,
Juan Arredin Verdin,LP035160,Leukopak Donation,04/13/2026 2:43 pm,Passed,CE0006481,05/07/2026,626-66-9262,
Juan Arredin Verdin,LP029767,Leukopak Donation,06/02/2025 1:19 pm,Passed,CE0006481,06/26/2025,626-66-9262,
Juan Arredin Verdin,LP029011,Leukopak Donation,04/22/2025 1:12 pm,Passed,CE0006481,05/15/2025,626-66-9262,
Juan Arredin Verdin,LP031001,Leukopak Donation,08/18/2025 8:05 am,Passed,CE0006481,09/11/2025,626-66-9262,
Juan Arredin Verdin,LP030327,Leukopak Donation,07/03/2025 10:42 am,Passed,CE0006481,07/31/2025,626-66-9262,
Juan Arredin Verdin,LP031431,Leukopak Donation,09/11/2025 1:33 pm,Passed,CE0006481,10/16/2025,626-66-9262,
Juan Arredin Verdin,LP032206,Leukopak Donation,10/27/2025 10:09 am,Passed,CE0006481,11/20/2025,626-66-9262,
Juan Arredin Verdin,LP027226,Leukopak Donation,12/12/2024 9:49 am,Passed,CE0006481,01/16/2025,626-66-9262,
Juan Arredin Verdin,LP028240,Leukopak Donation,03/03/2025 7:11 am,Passed,CE0006481,03/27/2025,626-66-9262,
Juan Arredin Verdin,LP027763,Leukopak Donation,01/27/2025 1:25 pm,Passed,CE0006481,02/20/2025,626-66-9262,
Juan Arredin Verdin,LP036507,Leukopak Donation,07/10/2026 9:30 am,Pending,CE0006481,,626-66-9262,
Juan Arredin Verdin,LP035846,Leukopak Donation,05/26/2026 9:54 am,Passed,CE0006481,06/11/2026,626-66-9262,
Juan Carlos Heredia Arredin,LP036509,Leukopak Donation,07/10/2026 9:32 am,Pending,CE0011368,,612-61-9974,
Juan Carlos Heredia Arredin,LP035847,Leukopak Donation,05/26/2026 9:55 am,Passed,CE0011368,06/11/2026,612-61-9974,
Juan Carlos Heredia Arredin,LP035162,Leukopak Donation,04/13/2026 2:45 pm,Passed,CE0011368,05/07/2026,612-61-9974,
Juan Carlos Heredia Arredin,LP034034,Leukopak Donation,02/13/2026 8:35 am,Passed,CE0011368,03/05/2026,612-61-9974,
Juan Carlos Heredia Arredin,LP033379,Leukopak Donation,01/12/2026 11:42 am,Passed,CE0011368,01/29/2026,612-61-9974,
Juan Carlos Heredia Arredin,LP032681,Leukopak Donation,11/20/2025 9:15 am,Passed,CE0011368,12/16/2025,612-61-9974,
Juan Luna,LP028953,Leukopak Donation,04/17/2025 9:01 am,Cancelled by Donor,CE0011017,,569-49-0050,04/22/2025
Juan Martinez-Hernandez,LP034688,Leukopak Donation,03/19/2026 9:54 am,Passed,CE0010855,03/24/2026,622-90-5870,
Juan Martinez-Hernandez,LP027160,Leukopak Donation,12/09/2024 2:16 pm,Passed,CE0010855,01/02/2025,622-90-5870,
Juanita Watkins,LP032059,Leukopak Donation,10/15/2025 6:08 am,Passed,CE0010675,11/12/2025,617-27-6706,
Judah Lampkin,LP026198,Leukopak Donation,10/10/2024 8:52 am,Passed,CE0010055,10/16/2024,675-07-7588,
Judah Lampkin,LP027301,Leukopak Donation,12/18/2024 10:52 am,No Show,CE0010055,,675-07-7588,1/13
Judah Lampkin,LP031803,Leukopak Donation,09/30/2025 10:49 am,Passed,CE0010055,10/21/2025,675-07-7588,
Judah Lampkin,LP032215,Leukopak Donation,10/27/2025 12:16 pm,Passed,CE0010055,11/25/2025,675-07-7588,
Judah Lampkin,LP034424,Leukopak Donation,03/05/2026 8:28 am,Cancelled by Donor,CE0010055,,675-07-7588,"cancelled, sick"
"Judith ""Ruth"" Bolanos",LP035551,Leukopak Donation,05/06/2026 10:58 am,Passed,CE0007898,05/14/2026,623-33-4624,
"Judith ""Ruth"" Bolanos",LP036344,Leukopak Donation,06/30/2026 8:47 am,No Show,CE0007898,,623-33-4624,no show
"Judith ""Ruth"" Bolanos",LP032853,Leukopak Donation,12/04/2025 12:20 pm,Passed,CE0007898,01/05/2026,623-33-4624,
"Judith ""Ruth"" Bolanos",LP032502,Leukopak Donation,11/10/2025 9:10 am,Passed,CE0007898,12/01/2025,623-33-4624,
"Judith ""Ruth"" Bolanos",LP034065,Leukopak Donation,02/17/2026 1:24 pm,Passed,CE0007898,03/16/2026,623-33-4624,
"Judith ""Ruth"" Bolanos",LP033542,Leukopak Donation,01/21/2026 9:58 am,Passed,CE0007898,02/09/2026,623-33-4624,
Jules Damey-Fernandez,LP033475,Leukopak Donation,01/15/2026 12:50 pm,Cancelled by Donor,CE0011177,,617-50-4384,1/28/2026
Jules Damey-Fernandez,LP030953,Leukopak Donation,08/13/2025 1:57 pm,Passed,CE0011177,09/03/2025,617-50-4384,
Juliana Roper,LP036424,Leukopak Donation,07/07/2026 8:16 am,Pending,CE0010701,,608-23-6058,
Julianna Mcneil,LP032182,Leukopak Donation,10/23/2025 1:59 pm,Failed,CE0010630,,562-99-9814,low WBC
Julianna Mcneil,LP030769,Leukopak Donation,07/31/2025 6:12 am,Passed,CE0010630,08/28/2025,562-99-9814,
Julianna Mcneil,LP028927,Leukopak Donation,04/16/2025 10:36 am,Failed,CE0010630,,562-99-9814,OK to do LP in 4 weeks.
Julianna Mcneil,LP029496,Leukopak Donation,05/16/2025 12:13 pm,Cancelled by Donor,CE0010630,,562-99-9814,06/03/2025
Julianna Mcneil,LP029879,Leukopak Donation,06/09/2025 9:17 am,Passed,CE0010630,06/18/2025,562-99-9814,
Julianna Mcneil,LP030265,Leukopak Donation,07/01/2025 7:08 am,Passed,CE0010630,07/24/2025,562-99-9814,
Julianna Mcneil,LP026522,Leukopak Donation,11/01/2024 9:25 am,Passed,CE0010630,11/06/2024,562-99-9814,
Julianna Mcneil,LP027337,Leukopak Donation,01/02/2025 8:07 am,Passed,CE0010630,01/21/2025,562-99-9814,
Julianna Mcneil,LP027018,Leukopak Donation,12/04/2024 9:11 am,Passed,CE0010630,12/12/2024,562-99-9814,
Julianna Mcneil,LP027863,Leukopak Donation,01/30/2025 12:33 pm,Failed,CE0010630,,562-99-9814,unable to establish return line
Julianna Mcneil,LP028376,Leukopak Donation,03/11/2025 10:15 am,Passed,CE0010630,03/18/2025,562-99-9814,
"Julie ""Atlantis"" Beckham",LP034613,Leukopak Donation,03/17/2026 9:25 am,Passed,CE0010551,03/27/2026,255-59-9249,
"Julie ""Atlantis"" Beckham",LP033387,Leukopak Donation,01/12/2026 12:37 pm,Passed,CE0010551,01/28/2026,255-59-9249,
"Julie ""Atlantis"" Beckham",LP032626,Leukopak Donation,11/18/2025 10:31 am,Passed,CE0010551,12/11/2025,255-59-9249,
"Julie ""Atlantis"" Beckham",LP029462,Leukopak Donation,05/15/2025 7:52 am,Passed,CE0010551,05/19/2025,255-59-9249,
"Julie ""Atlantis"" Beckham",LP029137,Leukopak Donation,04/29/2025 8:25 am,Cancelled by Canventa,CE0010551,,255-59-9249,DC short staffed- 05/07/2025
"Julie ""Atlantis"" Beckham",LP029035,Leukopak Donation,04/23/2025 8:59 am,Cancelled by Donor,CE0010551,,255-59-9249,4/24/2024
"Julie ""Atlantis"" Beckham",LP030573,Leukopak Donation,07/18/2025 10:48 am,Passed,CE0010551,08/11/2025,255-59-9249,"175"" run time due to MFG request to pick up product at 1445."
"Julie ""Atlantis"" Beckham",LP031997,Leukopak Donation,10/13/2025 6:28 am,Cancelled by Donor,CE0010551,,255-59-9249,11/05/2025
"Julie ""Atlantis"" Beckham",LP028161,Leukopak Donation,02/26/2025 11:59 am,Passed,CE0010551,03/05/2025,255-59-9249,
"Julie ""Atlantis"" Beckham",LP026219,Leukopak Donation,10/10/2024 1:18 pm,Passed,CE0010551,10/21/2024,255-59-9249,
"Julie ""Atlantis"" Beckham",LP035857,Leukopak Donation,05/26/2026 10:51 am,Cancelled by Donor,CE0010551,,255-59-9249,
Julie Marco,LP028967,Leukopak Donation,04/17/2025 2:24 pm,Passed,CE0011028,04/24/2025,626-17-4513,
Julio Pineda,LP033969,Leukopak Donation,02/10/2026 10:15 am,Passed,CE0011104,02/23/2026,116-84-3719,
Julio Pineda,LP033120,Leukopak Donation,12/18/2025 8:59 am,Passed,CE0011104,,116-84-3719,"M.S.G note- Canventa RN please ""pass"" donation ID- LP033120. Donor came in 01/08 for LP."
Julio Pineda,LP034596,Leukopak Donation,03/16/2026 12:41 pm,Passed,CE0011104,03/30/2026,116-84-3719,
Julio Pineda,LP035430,Leukopak Donation,04/27/2026 3:23 pm,Passed,CE0011104,04/30/2026,116-84-3719,
Julio Pineda,LP035791,Leukopak Donation,05/20/2026 9:25 am,Passed,CE0011104,06/04/2026,116-84-3719,
Julio Pineda,LP031638,Leukopak Donation,09/23/2025 8:00 am,No Show,CE0011104,,116-84-3719,No show 10/7/2025
Julio Pineda,LP032102,Leukopak Donation,10/16/2025 11:33 am,Passed,CE0011104,11/03/2025,116-84-3719,
Julio Pineda,LP030698,Leukopak Donation,07/24/2025 2:46 pm,Passed,CE0011104,08/18/2025,116-84-3719,"165"" run due to lab request for product early"
Julio Pineda,LP036206,Leukopak Donation,06/18/2026 7:06 am,Passed,CE0011104,07/09/2026,116-84-3719,
Justin Lankford,LP034730,Leukopak Donation,03/23/2026 11:37 am,Passed,CE0011436,04/06/2026,561-63-7101,
Justin Lankford,LP033339,Leukopak Donation,01/08/2026 10:53 am,Passed,CE0011436,01/20/2026,561-63-7101,
Justin Lankford,LP036524,Leukopak Donation,07/13/2026 1:07 pm,Pending,CE0011436,,561-63-7101,
Justin Lavender,LP030473,Leukopak Donation,07/15/2025 11:02 am,Passed,CE0011162,08/04/2025,594-25-9809,
Justin Lavender,LP031692,Leukopak Donation,09/24/2025 10:18 am,Passed,CE0011162,10/20/2025,594-25-9809,
Justin Maher,LP034615,Leukopak Donation,03/17/2026 9:27 am,Passed,CE0011420,03/30/2026,556-89-7552,
Justin Maher,LP035411,Leukopak Donation,04/27/2026 11:55 am,Passed,CE0011420,05/06/2026,556-89-7552,
Kaeleigh Forbes,LP031403,Leukopak Donation,09/09/2025 7:18 am,Passed,CE0011210,09/25/2025,619-80-5012,
Kaeleigh Forbes,LP035427,Leukopak Donation,04/27/2026 2:19 pm,Cancelled by Donor,CE0011210,,619-80-5012,05/18/2026- Canceled morning of
Kaeleigh Forbes,LP032671,Leukopak Donation,11/20/2025 7:39 am,Passed,CE0011210,12/18/2025,619-80-5012,
Kaeleigh Forbes,LP034049,Leukopak Donation,02/17/2026 8:41 am,Passed,CE0011210,03/11/2026,619-80-5012,
Kailey Rutherford,LP032337,Leukopak Donation,10/30/2025 3:29 pm,Passed,CE0011108,11/21/2025,625-66-5987,
Kailey Rutherford,LP033719,Leukopak Donation,01/28/2026 4:26 pm,Passed,CE0011108,02/05/2026,625-66-5987,
Kailey Rutherford,LP029727,Leukopak Donation,05/29/2025 2:59 pm,Passed,CE0011108,06/26/2025,625-66-5987,
Kailey Rutherford,LP031254,Leukopak Donation,08/28/2025 3:17 pm,Passed,CE0011108,09/25/2025,625-66-5987,
Kaitlyn Lindblom,LP036495,Leukopak Donation,07/09/2026 11:24 am,Pending,CE0006423,,605-58-4764,
Kaitlyn Lindblom,LP027303,Leukopak Donation,12/18/2024 11:06 am,Passed,CE0006423,01/21/2025,605-58-4764,
Kaitlyn Lindblom,LP026557,Leukopak Donation,11/04/2024 4:00 pm,Passed,CE0006423,11/13/2024,605-58-4764,
Kaitlyn Lindblom,LP031156,Leukopak Donation,08/26/2025 9:07 am,Passed,CE0006423,09/10/2025,605-58-4764,
Kaitlyn Lindblom,LP028684,Leukopak Donation,03/31/2025 12:11 pm,Passed,CE0006423,04/15/2025,605-58-4764,
Kaitlyn Lindblom,LP029427,Leukopak Donation,05/13/2025 1:32 pm,Passed,CE0006423,06/02/2025,605-58-4764,
Kaitlyn Lindblom,LP032305,Leukopak Donation,10/29/2025 10:41 am,Passed,CE0006423,11/19/2025,605-58-4764,
Kaitlyn Lindblom,LP033737,Leukopak Donation,01/29/2026 11:50 am,Passed,CE0006423,02/09/2026,605-58-4764,
Kapone Gray,LP036453,Leukopak Donation,07/08/2026 9:50 am,Pending,CE0011460,,603-55--7350,
Kapone Gray,LP035617,Leukopak Donation,05/08/2026 7:32 am,Passed,CE0011460,05/27/2026,603-55--7350,
Kapone Gray,LP033648,Leukopak Donation,01/27/2026 7:34 am,Passed,CE0011460,01/27/2026,603-55--7350,
Kapone Gray,LP034742,Leukopak Donation,03/23/2026 1:51 pm,Passed,CE0011460,04/02/2026,603-55--7350,
Kara Keefe,LP035027,Leukopak Donation,04/06/2026 1:20 pm,Passed,CE0010912,04/27/2026,139-68-0896,
Kara Keefe,LP035587,Leukopak Donation,05/07/2026 10:06 am,Passed,CE0010912,07/13/2026,139-68-0896,
Kara Keefe,LP033167,Leukopak Donation,12/22/2025 3:24 pm,Passed,CE0010912,01/26/2026,139-68-0896,
Kara Keefe,LP032196,Leukopak Donation,10/27/2025 8:47 am,Passed,CE0010912,11/03/2025,139-68-0896,
Kara Keefe,LP030641,Leukopak Donation,07/23/2025 6:30 am,Cancelled by Donor,CE0010912,,139-68-0896,
Kara Keefe,LP030023,Leukopak Donation,06/16/2025 1:49 pm,Passed,CE0010912,07/09/2025,139-68-0896,
Kara Keefe,LP028910,Leukopak Donation,04/15/2025 1:44 pm,Passed,CE0010912,04/24/2025,139-68-0896,
Kara Keefe,LP027712,Leukopak Donation,01/24/2025 9:57 am,Passed,CE0010912,02/06/2025,139-68-0896,
Kara Keefe,LP028253,Leukopak Donation,03/03/2025 11:14 am,Passed,CE0010912,03/13/2025,139-68-0896,Ok per Dr. Ho elevated PLT
Kara Keefe,LP035976,Leukopak Donation,06/01/2026 10:25 am,Passed,CE0010912,06/01/2026,139-68-0896,
Karen Diaz,LP028314,Leukopak Donation,03/06/2025 10:25 am,Cancelled by Donor,CE0008162,,605-84-4030,03/11/2025
Karen Diaz,LP026827,Leukopak Donation,11/19/2024 6:39 am,Passed,CE0008162,12/10/2024,605-84-4030,"181"" run"
Karen Diaz,LP027379,Leukopak Donation,01/03/2025 11:03 am,Passed,CE0008162,01/28/2025,605-84-4030,
Karen Diaz,LP030040,Leukopak Donation,06/17/2025 8:59 am,Cancelled by Donor,CE0008162,,605-84-4030,07/14/2025
Karen Diaz,LP029485,Leukopak Donation,05/16/2025 9:14 am,Cancelled by Donor,CE0008162,,605-84-4030,06/09/2025
Karen Diaz,LP028642,Leukopak Donation,03/27/2025 9:52 am,Cancelled by Donor,CE0008162,,605-84-4030,04/15/2025
Karen Diaz,LP028934,Leukopak Donation,04/16/2025 3:30 pm,Passed,CE0008162,04/21/2025,605-84-4030,
Karen Penaloza,LP028636,Leukopak Donation,03/26/2025 12:12 pm,Passed,CE0009371,04/17/2025,622-67-0090,
Karen Penaloza,LP029652,Leukopak Donation,05/27/2025 10:33 am,Cancelled by Donor,CE0009371,,622-67-0090,6/4/2025
Karen Penaloza,LP028308,Leukopak Donation,03/06/2025 8:38 am,Passed,CE0009371,03/13/2025,622-67-0090,
Karen Ramos Servin De La Mora,LP036458,Leukopak Donation,07/08/2026 10:22 am,Passed,CE0011665,07/13/2026,614-57-5954,
Karina Gomez,LP028587,Leukopak Donation,03/24/2025 1:54 pm,Passed,CE0010985,03/26/2025,621-62-0211,
Karina Gomez,LP029439,Leukopak Donation,05/14/2025 6:45 am,Passed,CE0010985,05/14/2025,621-62-0211,
Karina Gomez,LP031777,Leukopak Donation,09/29/2025 1:49 pm,Passed,CE0010985,10/16/2025,621-62-0211,
Karina Gomez,LP030519,Leukopak Donation,07/16/2025 10:23 am,Passed,CE0010985,08/06/2025,621-62-0211,
Karina Gomez,LP034671,Leukopak Donation,03/18/2026 1:29 pm,Passed,CE0010985,04/06/2026,621-62-0211,
Karina Gomez,LP032666,Leukopak Donation,11/20/2025 7:25 am,Cancelled by Canventa,CE0010985,,621-62-0211,Appt was cancelled by MFG
Karina Gomez,LP033822,Leukopak Donation,02/02/2026 1:10 pm,Passed,CE0010985,02/27/2026,621-62-0211,
"Kasanita ""Kassie"" Tui",LP034185,Leukopak Donation,02/24/2026 9:51 am,Passed,CE0011339,02/25/2026,647-76-2917,
"Kasanita ""Kassie"" Tui",LP035069,Leukopak Donation,04/08/2026 12:06 pm,Passed,CE0011339,04/22/2026,647-76-2917,
"Kasanita ""Kassie"" Tui",LP032181,Leukopak Donation,10/23/2025 1:33 pm,Passed,CE0011339,11/07/2025,647-76-2917,
Kasey Downing,LP036052,Leukopak Donation,06/03/2026 1:03 pm,Passed,CE0010788,06/24/2026,140-98-5711,
Kasey Downing,LP026512,Leukopak Donation,10/31/2024 10:30 am,Passed,CE0010788,11/07/2024,140-98-5711,
Kasey Downing,LP027056,Leukopak Donation,12/04/2024 3:53 pm,No Show,CE0010788,,140-98-5711,12/19/2024
Kasey Downing,LP027793,Leukopak Donation,01/28/2025 11:08 am,Passed,CE0010788,02/13/2025,140-98-5711,
Kasey Downing,LP028465,Leukopak Donation,03/17/2025 4:10 pm,Passed,CE0010788,03/26/2025,140-98-5711,
Kasey Downing,LP028988,Leukopak Donation,04/21/2025 1:12 pm,Passed,CE0010788,04/30/2025,140-98-5711,
Kasey Downing,LP029731,Leukopak Donation,05/29/2025 3:47 pm,Passed,CE0010788,06/09/2025,140-98-5711,
Kasey Downing,LP031768,Leukopak Donation,09/29/2025 1:06 pm,Passed,CE0010788,10/15/2025,140-98-5711,
Kasey Downing,LP031102,Leukopak Donation,08/21/2025 12:02 pm,Passed,CE0010788,09/10/2025,140-98-5711,
Kasey Downing,LP030477,Leukopak Donation,07/15/2025 11:24 am,Passed,CE0010788,07/29/2025,140-98-5711,
Kasey Downing,LP034899,Leukopak Donation,03/31/2026 1:02 pm,Passed,CE0010788,04/02/2026,140-98-5711,
Kasey Downing,LP035571,Leukopak Donation,05/06/2026 3:36 pm,Passed,CE0010788,05/19/2026,140-98-5711,
Kasey Downing,LP032569,Leukopak Donation,11/13/2025 9:22 am,Cancelled by Donor,CE0010788,,140-98-5711,12/1/2025
Katelyn Chacon,LP035111,Leukopak Donation,04/10/2026 2:03 pm,Passed,CE0011577,04/22/2026,609-47-1344,
Katelyn Chacon,LP036595,Leukopak Donation,07/16/2026 10:53 am,Pending,CE0011577,,609-47-1344,
Katelyn Chacon,LP035878,Leukopak Donation,05/26/2026 2:21 pm,Passed,CE0011577,06/17/2026,609-47-1344,
Katherine Bergado,LP035478,Leukopak Donation,04/30/2026 10:19 am,Passed,CE0011545,05/27/2026,623-62-0628,
Katherine Bergado,LP036070,Leukopak Donation,06/04/2026 9:58 am,Passed,CE0011545,07/06/2026,623-62-0628,
Katherine Bergado,LP036592,Leukopak Donation,07/16/2026 9:31 am,Pending,CE0011545,,623-62-0628,
Katie Johnston,LP034300,Leukopak Donation,03/02/2026 7:03 am,Passed,CE0011526,03/23/2026,624-47-0129,
Katina Espree,LP035328,Leukopak Donation,04/21/2026 10:42 am,Passed,CE0011512,05/05/2026,450-47-0530,
Katina Espree,LP034200,Leukopak Donation,02/24/2026 3:46 pm,Passed,CE0011512,03/03/2026,450-47-0530,
Katina Espree,LP035963,Leukopak Donation,06/01/2026 7:41 am,Passed,CE0011512,06/16/2026,450-47-0530,
Katina Espree,LP036340,Leukopak Donation,06/29/2026 12:41 pm,Passed,CE0011512,07/21/2026,450-47-0530,
Katrina Dollaga,LP031699,Leukopak Donation,09/24/2025 11:32 am,Passed,CE0011160,10/21/2025,617-21-2811,
Kavin Carrillo-Mejia,LP027258,Leukopak Donation,12/17/2024 6:23 am,Passed,CE0008045,01/16/2025,604-27-8329,
Kaylyn LeRoy,LP028565,Leukopak Donation,03/24/2025 10:20 am,Passed,CE0010662,04/02/2025,625-52-4567,
Kaylyn LeRoy,LP029778,Leukopak Donation,06/03/2025 9:47 am,Failed,CE0010662,,625-52-4567,Access alarms caused clotted circuit. No product collected.
Kaylyn LeRoy,LP027883,Leukopak Donation,01/31/2025 9:15 am,Passed,CE0010662,02/26/2025,625-52-4567,
Keeghan Gormley,LP034620,Leukopak Donation,03/17/2026 10:22 am,Passed,CE0011406,04/01/2026,522-69-4751,
Keeghan Gormley,LP035756,Leukopak Donation,05/19/2026 12:10 pm,Cancelled by Donor,CE0011406,,522-69-4751,sick
Keeghan Gormley,LP034004,Leukopak Donation,02/11/2026 11:04 am,Passed,CE0011406,02/25/2026,522-69-4751,
Kellie Teutschel,LP035708,Leukopak Donation,05/15/2026 8:19 am,Passed,CE0011319,06/03/2026,569-95-5337,
Kellie Teutschel,LP034851,Leukopak Donation,03/30/2026 9:09 am,Passed,CE0011319,04/28/2026,569-95-5337,
Kellie Teutschel,LP034216,Leukopak Donation,02/25/2026 10:14 am,Passed,CE0011319,03/24/2026,569-95-5337,
Kellie Teutschel,LP033513,Leukopak Donation,01/20/2026 10:29 am,Passed,CE0011319,02/17/2026,569-95-5337,
Kellie Teutschel,LP033007,Leukopak Donation,12/11/2025 9:21 am,Passed,CE0011319,01/07/2026,569-95-5337,
Kellie Teutschel,LP032580,Leukopak Donation,11/13/2025 2:39 pm,Passed,CE0011319,12/02/2025,569-95-5337,
Kellie Teutschel,LP036231,Leukopak Donation,06/22/2026 8:03 am,Passed,CE0011319,07/09/2026,569-95-5337,
Kellie Teutschel,LP031802,Leukopak Donation,09/30/2025 10:39 am,Passed,CE0011319,10/23/2025,569-95-5337,
Ken Nouque,LP026833,Leukopak Donation,11/19/2024 8:42 am,Passed,CE0010714,12/03/2024,516-39-7161,
Ken Nouque,LP028362,Leukopak Donation,03/10/2025 2:18 pm,Passed,CE0010714,03/20/2025,516-39-7161,
Ken Nouque,LP029864,Leukopak Donation,06/06/2025 10:35 am,Passed,CE0010714,06/26/2025,516-39-7161,
Ken Nouque,LP032263,Leukopak Donation,10/28/2025 10:34 am,Passed,CE0010714,11/20/2025,516-39-7161,
Ken Nouque,LP031230,Leukopak Donation,08/27/2025 4:15 pm,Passed,CE0010714,09/11/2025,516-39-7161,
Ken Nouque,LP035077,Leukopak Donation,04/09/2026 9:59 am,Cancelled by Donor,CE0010714,,516-39-7161,04/16/2026
Kendal Douglas,LP026305,Leukopak Donation,10/16/2024 11:15 am,No Show,CE0007359,,602-80-5752,10/30
Kendal Douglas,LP026495,Leukopak Donation,10/30/2024 7:39 am,Pending,CE0007359,,602-80-5752,
Kendal Douglas,LP026599,Leukopak Donation,11/06/2024 12:31 pm,Passed,CE0007359,11/06/2024,602-80-5752,
Kendal Douglas,LP027266,Leukopak Donation,12/17/2024 9:57 am,No Show,CE0007359,,602-80-5752,1/8
Kendra Valce,LP030049,Leukopak Donation,06/17/2025 9:58 am,Failed,CE0011006,07/03/2025,619-35-4252,"unable to access, DQ for LP"
Kendra Valce,LP028691,Leukopak Donation,03/31/2025 2:00 pm,Passed,CE0011006,04/30/2025,619-35-4252,
Kenny Cencil,LP027677,Leukopak Donation,01/23/2025 10:20 am,No Show,CE0010376,,586-06-1992,
Kenny Cencil,LP026462,Leukopak Donation,10/29/2024 6:22 am,Passed,CE0010376,11/06/2024,586-06-1992,
Kenny Cencil,LP026985,Leukopak Donation,12/03/2024 11:17 am,Passed,CE0010376,12/18/2024,586-06-1992,
Kevin Bai,LP031306,Leukopak Donation,09/02/2025 10:04 am,Passed,CE0010886,09/18/2025,606-94-6376,
Kevin Brady,LP028667,Leukopak Donation,03/31/2025 10:03 am,Passed,CE0010988,04/09/2025,438-53-6818,
Kevin Coreazarate,LP029499,Leukopak Donation,05/16/2025 2:56 pm,Failed,CE0010970,,612-31-3800,autoimmune disorder vitiligo
Kevin Erwin,LP033160,Leukopak Donation,12/22/2025 11:28 am,Passed,CE0011424,01/07/2026,612-36-4996,"58"" collection due to GI upset"
Kevin Moore,LP034482,Leukopak Donation,03/09/2026 12:48 pm,Passed,CE0011464,03/19/2026,573-39-0438,
Kevin Moore,LP035163,Leukopak Donation,04/14/2026 6:27 am,Passed,CE0011464,04/23/2026,573-39-0438,
Kevin Moore,LP033752,Leukopak Donation,01/30/2026 6:27 am,Passed,CE0011464,02/05/2026,573-39-0438,
Kevin Robinson,LP026409,Leukopak Donation,10/24/2024 4:13 pm,Pending,CE0009908,11/04/2024,220-29-6963,
Kevin Siegmann,LP032552,Leukopak Donation,11/12/2025 9:57 am,Passed,CE0011127,12/10/2025,468-15-2211,
Kevin Siegmann,LP033858,Leukopak Donation,02/03/2026 3:03 pm,Passed,CE0011127,02/18/2026,468-15-2211,
Kevin Siegmann,LP035496,Leukopak Donation,05/01/2026 10:48 am,Passed,CE0011127,05/27/2026,468-15-2211,
Kevin Siegmann,LP035055,Leukopak Donation,04/08/2026 8:47 am,No Show,CE0011127,,468-15-2211,04/20/2026-  ETA extended past 15mins.
Kevin Siegmann,LP031085,Leukopak Donation,08/21/2025 7:53 am,Passed,CE0011127,09/03/2025,468-15-2211,
Kevin Siegmann,LP029991,Leukopak Donation,06/16/2025 7:43 am,Passed,CE0011127,07/02/2025,468-15-2211,
Kevin Siegmann,LP036476,Leukopak Donation,07/09/2026 8:25 am,Pending,CE0011127,,468-15-2211,
Kevin Westberry,LP032359,Leukopak Donation,11/03/2025 10:52 am,Passed,CE0009442,11/26/2025,451-75-3186,
Kevin Westberry,LP033628,Leukopak Donation,01/26/2026 9:08 am,Passed,CE0009442,02/04/2026,451-75-3186,
Kevin Westberry,LP028569,Leukopak Donation,03/24/2025 10:32 am,Passed,CE0009442,04/07/2025,451-75-3186,
Kevin Westberry,LP029186,Leukopak Donation,04/30/2025 4:00 pm,Passed,CE0009442,05/20/2025,451-75-3186,
Kevin Westberry,LP030175,Leukopak Donation,06/24/2025 2:45 pm,Passed,CE0009442,07/29/2025,451-75-3186,
Kevin Westberry,LP029613,Leukopak Donation,05/22/2025 3:57 pm,Passed,CE0009442,06/24/2025,451-75-3186,
Kevin Westberry,LP031199,Leukopak Donation,08/26/2025 4:43 pm,Passed,CE0009442,09/16/2025,451-75-3186,
Kevin Westberry,LP031846,Leukopak Donation,10/02/2025 6:42 am,Passed,CE0009442,10/22/2025,451-75-3186,
Kevin Westberry,LP026074,Leukopak Donation,10/02/2024 6:42 am,Passed,CE0009442,10/24/2024,451-75-3186,
Kevin Westberry,LP026764,Leukopak Donation,11/14/2024 12:03 pm,Passed,CE0009442,12/02/2024,451-75-3186,
Kevin Westberry,LP027295,Leukopak Donation,12/18/2024 10:31 am,Passed,CE0009442,01/16/2025,451-75-3186,
Kevin Westberry,LP027697,Leukopak Donation,01/23/2025 12:30 pm,Cancelled by Donor,CE0009442,,451-75-3186,2/20/2025
Kevin Westberry,LP028057,Leukopak Donation,02/20/2025 9:11 am,Passed,CE0009442,03/03/2025,451-75-3186,
Keyon Nelson,LP030151,Leukopak Donation,06/24/2025 7:41 am,Passed,CE0011128,07/15/2025,565-75-2336,
Keyon Nelson,LP031240,Leukopak Donation,08/28/2025 9:41 am,Passed,CE0011128,09/08/2025,565-75-2336,
Keyon Nelson,LP030884,Leukopak Donation,08/11/2025 11:02 am,No Show,CE0011128,,565-75-2336,08/27/2025
Keyon Nelson,LP031938,Leukopak Donation,10/08/2025 7:44 am,Passed,CE0011128,10/30/2025,565-75-2336,
Keyon Nelson,LP034087,Leukopak Donation,02/18/2026 7:04 am,No Show,CE0011128,,565-75-2336,02/23/2026- No showed 1 week prior IDS. DQ'd.
Keyon Nelson,LP033635,Leukopak Donation,01/26/2026 10:56 am,No Show,CE0011128,,565-75-2336,No show 2/12/2026
Keyon Nelson,LP033030,Leukopak Donation,12/15/2025 8:25 am,Passed,CE0011128,01/08/2026,565-75-2336,"difficult stick, lot of scar tissue, clotted circuit 121min."
Keyshawn Baker,LP034259,Leukopak Donation,02/26/2026 11:13 am,Passed,CE0011256,03/12/2026,609-15-2565,
Keyshawn Baker,LP033244,Leukopak Donation,01/06/2026 7:37 am,Cancelled by Canventa,CE0011256,,609-15-2565,1/26/2026
Keyshawn Baker,LP032674,Leukopak Donation,11/20/2025 8:52 am,Passed,CE0011256,12/16/2025,609-15-2565,
Keyshawn Baker,LP035060,Leukopak Donation,04/08/2026 10:08 am,Passed,CE0011256,04/21/2026,609-15-2565,
Keyshawn Baker,LP036257,Leukopak Donation,06/23/2026 7:52 am,Passed,CE0011256,07/07/2026,609-15-2565,
Keyshawn Baker,LP033700,Leukopak Donation,01/28/2026 2:19 pm,Passed,CE0011256,02/05/2026,609-15-2565,
Keyshawn Baker,LP035507,Leukopak Donation,05/04/2026 9:33 am,Passed,CE0011256,,609-15-2565,pass per notes and fy26 sti sheet -sj
Keyshawn Baker,LP031800,Leukopak Donation,09/30/2025 9:44 am,Passed,CE0011256,10/02/2025,609-15-2565,
Keyshawn Baker,LP032153,Leukopak Donation,10/22/2025 9:28 am,Passed,CE0011256,11/06/2025,609-15-2565,
Khalil Brock,LP029370,Leukopak Donation,05/12/2025 9:50 am,Passed,CE0007785,05/28/2025,603-23-9179,
Khalil Brock,LP028886,Leukopak Donation,04/14/2025 9:49 am,Passed,CE0007785,04/23/2025,603-23-9179,
Khlevour Harris,LP035131,Leukopak Donation,04/13/2026 12:00 pm,Passed,CE0011261,04/15/2026,626-45-0040,
Khlevour Harris,LP032292,Leukopak Donation,10/29/2025 9:39 am,Passed,CE0011261,11/13/2025,626-45-0040,
Khlevour Harris,LP034145,Leukopak Donation,02/23/2026 8:06 am,Passed,CE0011261,03/03/2026,626-45-0040,
Khlevour Harris,LP033563,Leukopak Donation,01/21/2026 3:39 pm,Passed,CE0011261,01/27/2026,626-45-0040,
Khlevour Harris,LP032207,Leukopak Donation,10/27/2025 10:36 am,Failed,CE0011261,10/29/2025,626-45-0040,"Failed screening due to elevated HR.
First attempt 144 BPM
Second attempt 125 BPM"
Khlevour Harris,LP036179,Leukopak Donation,06/17/2026 8:20 am,Passed,CE0011261,07/01/2026,626-45-0040,
Kiana Hosseinian,LP029005,Leukopak Donation,04/22/2025 11:21 am,Passed,CE0008114,05/08/2025,618-98-0479,
Kiana Hosseinian,LP028524,Leukopak Donation,03/20/2025 9:35 am,Passed,CE0008114,04/03/2025,618-98-0479,
Kiana Hosseinian,LP027886,Leukopak Donation,01/31/2025 10:37 am,Passed,CE0008114,02/25/2025,618-98-0479,
Kiana Hosseinian,LP026761,Leukopak Donation,11/14/2024 11:13 am,Passed,CE0008114,12/03/2024,618-98-0479,
Kiana Hosseinian,LP027174,Leukopak Donation,12/10/2024 9:07 am,Passed,CE0008114,01/07/2025,618-98-0479,
Kimberly Mejia,LP034529,Leukopak Donation,03/11/2026 12:43 pm,Passed,CE0011535,03/23/2026,605-49-2216,
Kimberly Mejia,LP035176,Leukopak Donation,04/14/2026 9:26 am,Cancelled by Donor,CE0011535,,605-49-2216,
Kimberly Mejia,LP035588,Leukopak Donation,05/07/2026 10:17 am,Passed,CE0011535,05/19/2026,605-49-2216,
Kimberly Westberry,LP027698,Leukopak Donation,01/23/2025 12:32 pm,Cancelled by Donor,CE0008467,,462-85-1062,2/20/2025
Kimberly Westberry,LP028058,Leukopak Donation,02/20/2025 9:12 am,Passed,CE0008467,03/03/2025,462-85-1062,
Kimberly Westberry,LP027292,Leukopak Donation,12/18/2024 10:28 am,Passed,CE0008467,01/16/2025,462-85-1062,
Kimberly Westberry,LP026765,Leukopak Donation,11/14/2024 12:04 pm,Passed,CE0008467,12/02/2024,462-85-1062,
Kimberly Westberry,LP026075,Leukopak Donation,10/02/2024 6:44 am,Passed,CE0008467,10/24/2024,462-85-1062,
Kimberly Westberry,LP029187,Leukopak Donation,04/30/2025 4:01 pm,Passed,CE0008467,05/20/2025,462-85-1062,
Kimberly Westberry,LP028571,Leukopak Donation,03/24/2025 10:34 am,Passed,CE0008467,04/07/2025,462-85-1062,
Kimberly Westberry,LP030176,Leukopak Donation,06/24/2025 2:46 pm,Passed,CE0008467,07/29/2025,462-85-1062,
Kimberly Westberry,LP029611,Leukopak Donation,05/22/2025 3:46 pm,Passed,CE0008467,06/24/2025,462-85-1062,
Kimberly Westberry,LP031845,Leukopak Donation,10/02/2025 6:41 am,Passed,CE0008467,10/22/2025,462-85-1062,
Kimberly Westberry,LP031197,Leukopak Donation,08/26/2025 4:41 pm,Passed,CE0008467,09/16/2025,462-85-1062,
Kimberly Westberry,LP033626,Leukopak Donation,01/26/2026 9:05 am,Passed,CE0008467,02/04/2026,462-85-1062,
Kimberly Westberry,LP032360,Leukopak Donation,11/03/2025 10:54 am,Passed,CE0008467,11/26/2025,462-85-1062,
Kionte Leggett,LP027929,Leukopak Donation,02/05/2025 10:29 am,Cancelled by Donor,CE0010909,,602-09-0400,
Kionte Leggett,LP027904,Leukopak Donation,02/04/2025 6:23 am,No Show,CE0010909,,602-09-0400,2/4/2025
Kira Leihe,LP034985,Leukopak Donation,04/03/2026 9:21 am,Passed,CE0007843,04/13/2026,610-39-7219,
Kira Leihe,LP035476,Leukopak Donation,04/30/2026 8:57 am,Passed,CE0007843,05/18/2026,610-39-7219,
Kira Leihe,LP034290,Leukopak Donation,02/27/2026 8:58 am,Passed,CE0007843,03/05/2026,610-39-7219,
Kira Leihe,LP032802,Leukopak Donation,12/02/2025 11:07 am,Passed,CE0007843,12/18/2025,610-39-7219,
Kira Leihe,LP031120,Leukopak Donation,08/25/2025 10:29 am,No Show,CE0007843,,610-39-7219,no show 9/2/2025
Kira Leihe,LP031385,Leukopak Donation,09/08/2025 8:03 am,Passed,CE0007843,09/15/2025,610-39-7219,
Kira Leihe,LP029777,Leukopak Donation,06/03/2025 9:01 am,Passed,CE0007843,06/18/2025,610-39-7219,
Kira Leihe,LP028635,Leukopak Donation,03/26/2025 11:30 am,Passed,CE0007843,04/09/2025,610-39-7219,
Kira Leihe,LP026715,Leukopak Donation,11/13/2024 9:56 am,Passed,CE0007843,11/25/2024,610-39-7219,
Kira Leihe,LP027475,Leukopak Donation,01/09/2025 7:46 am,Passed,CE0007843,01/22/2025,610-39-7219,
Kira Leihe,LP036419,Leukopak Donation,07/07/2026 6:17 am,Pending,CE0007843,,610-39-7219,
Kirkland Whitney,LP031274,Leukopak Donation,08/29/2025 11:06 am,Passed,CE0011049,09/18/2025,626-78-9214,
Kirkland Whitney,LP030201,Leukopak Donation,06/25/2025 7:43 am,Passed,CE0011049,07/17/2025,626-78-9214,
Kirkland Whitney,LP029095,Leukopak Donation,04/24/2025 3:08 pm,Passed,CE0011049,05/15/2025,626-78-9214,
Kirkland Whitney,LP035550,Leukopak Donation,05/06/2026 10:06 am,Passed,CE0011049,05/21/2026,626-78-9214,
Kirkland Whitney,LP035053,Leukopak Donation,04/08/2026 7:51 am,Passed,CE0011049,04/15/2026,626-78-9214,
Kirkland Whitney,LP034283,Leukopak Donation,02/26/2026 2:42 pm,Passed,CE0011049,03/11/2026,626-78-9214,
Kirkland Whitney,LP032344,Leukopak Donation,10/30/2025 3:38 pm,Passed,CE0011049,11/20/2025,626-78-9214,
Kouma Durbin,LP030872,Leukopak Donation,08/07/2025 9:43 am,Passed,CE0011202,08/27/2025,607-56-8271,
Kouma Durbin,LP031659,Leukopak Donation,09/23/2025 1:08 pm,Cancelled by Donor,CE0011202,,607-56-8271,
Kristina Miller,LP028375,Leukopak Donation,03/11/2025 8:57 am,Passed,CE0009862,03/24/2025,074-84-5673,
Kristina Miller,LP027483,Leukopak Donation,01/09/2025 11:45 am,Passed,CE0009862,01/27/2025,074-84-5673,
Kyle Showes,LP029633,Leukopak Donation,05/27/2025 7:39 am,Passed,CE0011081,06/10/2025,552991337,
Kylie Gardner,LP027804,Leukopak Donation,01/28/2025 1:07 pm,Passed,CE0009391,02/19/2025,611-86-5056,
Kylie Gardner,LP027224,Leukopak Donation,12/11/2024 1:57 pm,Passed,CE0009391,01/08/2025,611-86-5056,
Kylie Gardner,LP026665,Leukopak Donation,11/12/2024 9:28 am,Passed,CE0009391,11/26/2024,611-86-5056,
Kylie Gardner,LP029402,Leukopak Donation,05/13/2025 7:32 am,Passed,CE0009391,06/16/2025,611-86-5056,
Kylie Gardner,LP030111,Leukopak Donation,06/23/2025 6:45 am,Passed,CE0009391,07/21/2025,611-86-5056,
Kylie Gardner,LP028398,Leukopak Donation,03/12/2025 10:52 am,Passed,CE0009391,03/26/2025,611-86-5056,
Kylie Gardner,LP029028,Leukopak Donation,04/23/2025 7:26 am,Passed,CE0009391,05/12/2025,611-86-5056,
Kylie Gardner,LP031010,Leukopak Donation,08/18/2025 9:55 am,Failed,CE0009391,09/02/2025,611-86-5056,"Failed access, refused to use opposite arm for inlet. No product collected. Used hemocue."
Kymanni McGee,LP034591,Leukopak Donation,03/16/2026 6:25 am,Passed,CE0011538,03/16/2026,621-90-0300,
Kymanni McGee,LP035130,Leukopak Donation,04/13/2026 11:49 am,Passed,CE0011538,04/22/2026,621-90-0300,
Kymanni McGee,LP035896,Leukopak Donation,05/27/2026 8:55 am,Passed,CE0011538,05/28/2026,621-90-0300,
Kyra Green,LP026710,Leukopak Donation,11/13/2024 9:00 am,Passed,CE0010811,11/20/2024,622-13-2731,Run time 157mins
Kyurisha Maharjan,LP033550,Leukopak Donation,01/21/2026 11:44 am,Failed,CE0011426,,,Failed screening d/t recent UTI. Last dose of antibiotics 1/22/2026. Deferred donor for 2 weeks from 1/22/2026. Ok to reschedule after 2/5/2026 for as long as no s/s of infection.
Kyurisha Maharjan,LP033187,Leukopak Donation,12/23/2025 11:02 am,Cancelled by Donor,CE0011426,,,01/08/2026
Lamarr Fuller,LP029242,Leukopak Donation,05/05/2025 9:28 am,Passed,CE0010921,05/13/2025,625-26-2637,
Lamarr Fuller,LP030313,Leukopak Donation,07/03/2025 6:51 am,Passed,CE0010921,07/03/2025,625-26-2637,
Lana Radosavljevic,LP033902,Leukopak Donation,02/05/2026 9:29 am,Cancelled by Donor,CE0006627,,611-76-3619,Cancelled 2/26
Lana Radosavljevic,LP034420,Leukopak Donation,03/05/2026 8:15 am,Passed,CE0006627,03/18/2026,611-76-3619,
Lana Radosavljevic,LP029469,Leukopak Donation,05/15/2025 10:24 am,Cancelled by Donor,CE0006627,,611-76-3619,6/9/2025
Lana Radosavljevic,LP032612,Leukopak Donation,11/17/2025 12:33 pm,Passed,CE0006627,,611-76-3619,passed 12/09/2025 per STI sheet -sj
Lana Radosavljevic,LP027785,Leukopak Donation,01/28/2025 10:12 am,Passed,CE0006627,02/18/2025,611-76-3619,
Lanna Tamlin,LP026136,Leukopak Donation,10/07/2024 8:52 am,Failed,CE0010617,,530-93-0322,"Failed screen due to elevated HR (127, then 153)"
Lanna Tamlin,LP036366,Leukopak Donation,07/01/2026 1:05 pm,Passed,CE0010617,07/22/2026,530-93-0322,
Lanone Shepherd,LP032985,Leukopak Donation,12/10/2025 6:20 am,Passed,CE0010984,01/06/2026,605-92-2881,
Lanone Shepherd,LP032275,Leukopak Donation,10/28/2025 11:14 am,Cancelled by Donor,CE0010984,,605-92-2881,Cancelled 11/26 LP.  Not feeling well
Lanone Shepherd,LP034486,Leukopak Donation,03/09/2026 1:19 pm,Passed,CE0010984,03/23/2026,605-92-2881,
Lanone Shepherd,LP031381,Leukopak Donation,09/05/2025 9:50 am,Passed,CE0010984,09/16/2025,605-92-2881,
Lanone Shepherd,LP028519,Leukopak Donation,03/20/2025 7:23 am,Passed,CE0010984,03/25/2025,605-92-2881,
Lanone Shepherd,LP029121,Leukopak Donation,04/28/2025 7:07 am,Passed,CE0010984,05/01/2025,605-92-2881,
Lara Carnevale,LP030559,Leukopak Donation,07/17/2025 1:08 pm,Passed,CE0011106,08/12/2025,558-63-6056,
Latrell White,LP032990,Leukopak Donation,12/10/2025 10:54 am,Passed,CE0010491,01/14/2026,224-29-9940,"Planned deviation, low HGB. OK to proceed per Dr. Ho."
Latrell White,LP029632,Leukopak Donation,05/23/2025 12:00 pm,Passed,CE0010491,06/18/2025,224-29-9940,
Latrell White,LP032104,Leukopak Donation,10/16/2025 11:40 am,Passed,CE0010491,11/05/2025,224-29-9940,
Latrell White,LP030679,Leukopak Donation,07/24/2025 9:16 am,Passed,CE0010491,08/27/2025,224-29-9940,
Latrell White,LP026885,Leukopak Donation,11/21/2024 9:30 am,Passed,CE0010491,12/03/2024,224-29-9940,
Latrell White,LP027473,Leukopak Donation,01/09/2025 7:44 am,Cancelled by Canventa,CE0010491,,224-29-9940,
Latrell White,LP027776,Leukopak Donation,01/28/2025 7:32 am,Passed,CE0010491,02/12/2025,224-29-9940,
Laura Silva Reyes,LP035082,Leukopak Donation,04/09/2026 11:18 am,Passed,CE0009992,04/21/2026,605-72-6004,
Laura Silva Reyes,LP033441,Leukopak Donation,01/14/2026 10:02 am,Passed,CE0009992,01/22/2026,605-72-6004,
Laura Silva Reyes,LP034231,Leukopak Donation,02/25/2026 1:11 pm,Passed,CE0009992,03/09/2026,605-72-6004,
Laura Silva Reyes,LP027805,Leukopak Donation,01/28/2025 1:12 pm,Passed,CE0009992,02/27/2025,605-72-6004,
Laura Silva Reyes,LP030821,Leukopak Donation,08/04/2025 2:28 pm,Passed,CE0009992,08/26/2025,605-72-6004,
Laura Silva Reyes,LP028659,Leukopak Donation,03/28/2025 1:03 pm,Passed,CE0009992,04/08/2025,605-72-6004,
"Laurel ""Lou"" Simen",LP032852,Leukopak Donation,12/04/2025 10:02 am,Passed,CE0011383,12/22/2025,622942835,
"Laurel ""Lou"" Simen",LP034170,Leukopak Donation,02/24/2026 7:37 am,Passed,CE0011383,03/04/2026,622942835,Citrate sensitive--4 doses Ca Gluc and AC inf rate 0.9
"Laurel ""Lou"" Simen",LP033445,Leukopak Donation,01/14/2026 10:41 am,Passed,CE0011383,01/28/2026,622942835,
"Laurel ""Lou"" Simen",LP035492,Leukopak Donation,05/01/2026 7:47 am,Passed,CE0011383,05/14/2026,622942835,
"Laurel ""Lou"" Simen",LP034721,Leukopak Donation,03/23/2026 9:25 am,Passed,CE0011383,04/08/2026,622942835,
"Lauren ""Lola"" Hastings",LP036321,Leukopak Donation,06/25/2026 3:26 pm,Passed,CE0011494,07/16/2026,638-40-6960,protocol dev for high plt
Lauren Dodge,LP029460,Leukopak Donation,05/14/2025 4:57 pm,Passed,CE0011034,05/29/2025,621-68-3592,
Lauren Dodge,LP030053,Leukopak Donation,06/17/2025 10:08 am,Passed,CE0011034,07/03/2025,621-68-3592,
Lauren Dodge,LP030999,Leukopak Donation,08/18/2025 6:44 am,Passed,CE0011034,09/04/2025,621-68-3592,
Lauren Dodge,LP032125,Leukopak Donation,10/20/2025 9:13 am,Cancelled by Donor,CE0011034,,621-68-3592,
Lauren Dodge,LP035117,Leukopak Donation,04/10/2026 5:18 pm,Cancelled by Donor,CE0011034,,621-68-3592,
Lauren Dodge,LP034492,Leukopak Donation,03/09/2026 2:03 pm,Passed,CE0011034,03/25/2026,621-68-3592,
Lauren Dodge,LP032770,Leukopak Donation,12/01/2025 1:01 pm,Passed,CE0011034,12/18/2025,621-68-3592,
Lawrence Luo,LP034551,Leukopak Donation,03/12/2026 12:56 pm,Passed,CE0010715,03/17/2026,606-92-6059,
Lawrence Luo,LP032892,Leukopak Donation,12/08/2025 1:19 pm,Cancelled by Donor,CE0010715,,606-92-6059,12/10/2025
Lawrence Luo,LP033769,Leukopak Donation,01/30/2026 10:32 am,Passed,CE0010715,02/10/2026,606-92-6059,
Lawrence Luo,LP029599,Leukopak Donation,05/22/2025 2:02 pm,Passed,CE0010715,06/12/2025,606-92-6059,
Lawrence Luo,LP026770,Leukopak Donation,11/15/2024 9:16 am,Passed,CE0010715,12/03/2024,606-92-6059,
Lea Barroso Hernandez,LP026195,Leukopak Donation,10/09/2024 3:57 pm,Passed,CE0007821,10/16/2024,608-21-7620,
Lea Barroso Hernandez,LP027485,Leukopak Donation,01/09/2025 12:15 pm,Passed,CE0007821,01/22/2025,608-21-7620,
Lea Barroso Hernandez,LP026713,Leukopak Donation,11/13/2024 9:51 am,Passed,CE0007821,11/21/2024,608-21-7620,
Lea Barroso Hernandez,LP028544,Leukopak Donation,03/21/2025 8:53 am,Passed,CE0007821,03/25/2025,608-21-7620,
Lea Barroso Hernandez,LP029343,Leukopak Donation,05/08/2025 11:56 am,Passed,CE0007821,05/13/2025,608-21-7620,
Lea Barroso Hernandez,LP029630,Leukopak Donation,05/23/2025 10:20 am,Passed,CE0007821,06/17/2025,608-21-7620,
Lea Barroso Hernandez,LP030962,Leukopak Donation,08/14/2025 11:03 am,Passed,CE0007821,09/09/2025,608-21-7620,
Lea Barroso Hernandez,LP030494,Leukopak Donation,07/15/2025 2:07 pm,Passed,CE0007821,08/05/2025,608-21-7620,
Lea Barroso Hernandez,LP028942,Leukopak Donation,04/16/2025 4:07 pm,Cancelled by Donor,CE0007821,,608-21-7620,5/1/2025
Leah Markworth,LP031639,Leukopak Donation,09/23/2025 8:12 am,Passed,CE0011220,10/07/2025,602-43-4622,
Leah Markworth,LP030877,Leukopak Donation,08/07/2025 1:24 pm,Passed,CE0011220,08/11/2025,602-43-4622,
Leah Markworth,LP031248,Leukopak Donation,08/28/2025 2:04 pm,Cancelled by Donor,CE0011220,,602-43-4622,09/15/2025
Leah Markworth,LP034404,Leukopak Donation,03/04/2026 2:01 pm,Passed,CE0011220,03/13/2026,602-43-4622,
Leah Markworth,LP033757,Leukopak Donation,01/30/2026 9:52 am,Passed,CE0011220,02/05/2026,602-43-4622,
Leah Markworth,LP032315,Leukopak Donation,10/29/2025 3:12 pm,Passed,CE0011220,11/17/2025,602-43-4622,
Leah Markworth,LP033084,Leukopak Donation,12/17/2025 11:13 am,No Show,CE0011220,,602-43-4622,No show 1/21/2026
Lee Briscoe,LP032265,Leukopak Donation,10/28/2025 10:36 am,Passed,CE0011334,11/20/2025,609-26-9522,
Lee Briscoe,LP031877,Leukopak Donation,10/06/2025 11:38 am,Failed,CE0011334,,609-26-9522,unable to establish access.
Leigh Wilson,LP029271,Leukopak Donation,05/06/2025 9:46 am,Passed,CE0010998,05/13/2025,592-47-5713,
Leigh Wilson,LP028775,Leukopak Donation,04/07/2025 7:08 am,Passed,CE0010998,04/07/2025,592-47-5713,
Leigh Wilson,LP030408,Leukopak Donation,07/10/2025 10:14 am,No Show,CE0010998,,592-47-5713,07/23/2025
Leo Wizelman,LP030757,Leukopak Donation,07/30/2025 8:28 am,Passed,CE0011194,07/30/2025,618-25-5312,
Leo Wizelman,LP031684,Leukopak Donation,09/23/2025 3:55 pm,Passed,CE0011194,10/14/2025,618-25-5312,
Leo Wizelman,LP035975,Leukopak Donation,06/01/2026 10:20 am,Failed,CE0011194,07/09/2026,618-25-5312,125min runtime. loss of access
Leo Wizelman,LP033731,Leukopak Donation,01/29/2026 9:40 am,Passed,CE0011194,02/02/2026,618-25-5312,
Leo Wizelman,LP032851,Leukopak Donation,12/04/2025 10:01 am,Passed,CE0011194,12/23/2025,618-25-5312,
Leo Wizelman,LP034526,Leukopak Donation,03/11/2026 11:00 am,Cancelled by Donor,CE0011194,,618-25-5312,03/25/2026
Leo Wizelman,LP035105,Leukopak Donation,04/10/2026 10:43 am,Passed,CE0011194,04/23/2026,618-25-5312,
Leonardo Contreras,LP036494,Leukopak Donation,07/09/2026 11:05 am,Pending,CE0011503,,614-49-6576,
Leonardo Contreras,LP036025,Leukopak Donation,06/02/2026 2:58 pm,Passed,CE0011503,06/23/2026,614-49-6576,
Leonardo Contreras,LP034880,Leukopak Donation,03/31/2026 10:37 am,Passed,CE0011503,04/21/2026,614-49-6576,
Leonardo Contreras,LP033981,Leukopak Donation,02/10/2026 2:25 pm,Passed,CE0011503,03/12/2026,614-49-6576,
Lexi Gonsalves,LP026978,Leukopak Donation,12/02/2024 2:00 pm,Passed,CE0010767,12/03/2024,618-55-7656,
Lexi Gonsalves,LP035934,Leukopak Donation,05/28/2026 10:13 am,Passed,CE0010767,06/17/2026,618-55-7656,
Lexi Gonsalves,LP029337,Leukopak Donation,05/08/2025 10:30 am,Passed,CE0010767,05/28/2025,618-55-7656,
Lexi Gonsalves,LP030812,Leukopak Donation,08/04/2025 2:11 pm,Passed,CE0010767,08/25/2025,618-55-7656,
Lexi Gonsalves,LP033026,Leukopak Donation,12/15/2025 6:48 am,Passed,CE0010767,01/06/2026,618-55-7656,
Lillian Rae Silva,LP034135,Leukopak Donation,02/20/2026 11:24 am,Passed,CE0007382,03/25/2026,612-33-2901,
Lillian Rae Silva,LP028974,Leukopak Donation,04/18/2025 3:11 pm,Passed,CE0007382,04/22/2025,612-33-2901,
Lillian Rae Silva,LP036342,Leukopak Donation,06/29/2026 1:25 pm,Cancelled by Donor,CE0007382,,612-33-2901,family emergency-07/16/2026
Lillian Rae Silva,LP034889,Leukopak Donation,03/31/2026 10:47 am,Passed,CE0007382,04/29/2026,612-33-2901,
Lillian Rae Silva,LP035620,Leukopak Donation,05/08/2026 9:20 am,Passed,CE0007382,06/03/2026,612-33-2901,
Lillian Rae Silva,LP036585,Leukopak Donation,07/16/2026 7:02 am,Pending,CE0007382,,612-33-2901,
Lindsey Amezcua,LP030897,Leukopak Donation,08/11/2025 3:38 pm,Failed,CE0006218,,561-81-2189,"Low HGB, OK to retry 3 months if no heavy menstrual bleeding"
Lindsey Amezcua,LP030172,Leukopak Donation,06/24/2025 1:36 pm,Passed,CE0006218,07/09/2025,561-81-2189,
Lindsey Amezcua,LP029280,Leukopak Donation,05/06/2025 1:23 pm,Passed,CE0006218,05/13/2025,561-81-2189,
Lindsey Amezcua,LP036317,Leukopak Donation,06/25/2026 1:46 pm,Passed,CE0006218,07/15/2026,561-81-2189,
Lindsey Amezcua,LP033585,Leukopak Donation,01/22/2026 12:58 pm,Failed,CE0006218,,561-81-2189,HGB too low for LP donation
Lindsey Amezcua,LP032825,Leukopak Donation,12/03/2025 8:11 am,Passed,CE0006218,12/23/2025,561-81-2189,
Lindsey Amezcua,LP032317,Leukopak Donation,10/30/2025 8:23 am,Passed,CE0006218,11/18/2025,561-81-2189,
Lindsey Barrows,LP036522,Leukopak Donation,07/13/2026 12:35 pm,Passed,CE0011537,07/16/2026,624-02-0977,
Lindsey Barrows,LP036029,Leukopak Donation,06/03/2026 8:35 am,Passed,CE0011537,06/03/2026,624-02-0977,
Lindsey Barrows,LP034649,Leukopak Donation,03/18/2026 7:20 am,Passed,CE0011537,03/18/2026,624-02-0977,
Lindsey Barrows,LP035355,Leukopak Donation,04/22/2026 9:45 am,Passed,CE0011537,04/24/2026,624-02-0977,
Linh Lai,LP035801,Leukopak Donation,05/20/2026 12:45 pm,Passed,CE0011360,06/18/2026,492-80-4558,
Linh Lai,LP034587,Leukopak Donation,03/13/2026 4:24 pm,Passed,CE0011360,04/16/2026,492-80-4558,
Linh Lai,LP033658,Leukopak Donation,01/27/2026 9:39 am,Passed,CE0011360,02/26/2026,492-80-4558,
Linh Lai,LP033289,Leukopak Donation,01/06/2026 4:08 pm,Passed,CE0011360,01/22/2026,492-80-4558,
Linh Lai,LP032303,Leukopak Donation,10/29/2025 10:35 am,Passed,CE0011360,11/17/2025,492-80-4558,
Lisa  Zepeda,LP028746,Leukopak Donation,04/02/2025 3:36 pm,No Show,CE0007300,,620-50-9546,4/21/2025
Lisa  Zepeda,LP027977,Leukopak Donation,02/11/2025 9:31 am,Passed,CE0007300,03/03/2025,620-50-9546,
Lisa  Zepeda,LP027375,Leukopak Donation,01/03/2025 8:35 am,Passed,CE0007300,01/27/2025,620-50-9546,
Lisa  Zepeda,LP027042,Leukopak Donation,12/04/2024 1:03 pm,Passed,CE0007300,12/17/2024,620-50-9546,
Long Do,LP030729,Leukopak Donation,07/29/2025 9:21 am,Passed,CE0011151,08/20/2025,625-49-1040,
Lorin Rotzler,LP028718,Leukopak Donation,04/01/2025 1:51 pm,Passed,CE0010822,04/14/2025,076-76-9374,
Lorin Rotzler,LP026763,Leukopak Donation,11/14/2024 11:31 am,Passed,CE0010822,11/19/2024,076-76-9374,
Lorin Rotzler,LP028305,Leukopak Donation,03/05/2025 4:14 pm,Passed,CE0010822,03/06/2025,076-76-9374,"127"" run time d/t donor reaction."
Lovell Lynch,LP036359,Leukopak Donation,07/01/2026 10:31 am,Passed,CE0011615,07/20/2026,626-56-9802,
Lovell Lynch,LP035678,Leukopak Donation,05/14/2026 9:29 am,Passed,CE0011615,06/02/2026,626-56-9802,
Lucas Intagliata,LP028668,Leukopak Donation,03/31/2025 10:06 am,Cancelled by Donor,CE0010746,,098-92-5163,4/16/2025
Lucas Intagliata,LP026042,Leukopak Donation,10/01/2024 7:46 am,Passed,CE0010746,10/15/2024,098-92-5163,
Lucas Intagliata,LP026659,Leukopak Donation,11/12/2024 8:43 am,Passed,CE0010746,11/19/2024,098-92-5163,
Lucas Intagliata,LP028263,Leukopak Donation,03/03/2025 1:38 pm,Passed,CE0010746,03/11/2025,098-92-5163,
Lucas Intagliata,LP027462,Leukopak Donation,01/08/2025 1:56 pm,Passed,CE0010746,01/23/2025,098-92-5163,
Lucas Intagliata,LP027802,Leukopak Donation,01/28/2025 12:34 pm,Cancelled by Donor,CE0010746,,098-92-5163,2/27/2025
Lucas Lam,LP032675,Leukopak Donation,11/20/2025 8:54 am,Passed,CE0009937,12/16/2025,613-80-6971,
Lucas Lam,LP033898,Leukopak Donation,02/05/2026 9:11 am,Passed,CE0009937,02/24/2026,613-80-6971,
Lucas Lam,LP027750,Leukopak Donation,01/27/2025 12:16 pm,Passed,CE0009937,02/11/2025,613-80-6971,"Circuit clotted off. 154"" run."
Lucas Lam,LP031516,Leukopak Donation,09/16/2025 10:56 am,Passed,CE0009937,10/01/2025,613-80-6971,
Lucas Lam,LP028931,Leukopak Donation,04/16/2025 1:55 pm,Passed,CE0009937,04/24/2025,613-80-6971,
Lucas Lam,LP030126,Leukopak Donation,06/23/2025 11:28 am,Passed,CE0009937,07/15/2025,613-80-6971,
Lucas Pierce,LP034168,Leukopak Donation,02/23/2026 4:07 pm,Passed,CE0011499,03/02/2026,603-37-3224,
Luis Landeros,LP035972,Leukopak Donation,06/01/2026 9:32 am,Passed,CE0011330,06/22/2026,620-53-8021,
Luis Landeros,LP032639,Leukopak Donation,11/18/2025 1:08 pm,Passed,CE0011330,12/08/2025,620-53-8021,
Luis Martinez,LP032738,Leukopak Donation,11/25/2025 1:32 pm,Passed,CE0011305,12/18/2025,621-19-8335,
Luis Martinez,LP033605,Leukopak Donation,01/23/2026 10:11 am,Passed,CE0011305,02/03/2026,621-19-8335,
Luis Martinez,LP035925,Leukopak Donation,05/28/2026 10:00 am,Passed,CE0011305,06/17/2026,621-19-8335,
Luis Martinez,LP036431,Leukopak Donation,07/07/2026 11:17 am,Pending,CE0011305,,621-19-8335,
Luis Martinez,LP032161,Leukopak Donation,10/22/2025 1:08 pm,Passed,CE0011305,11/12/2025,621-19-8335,
Luis Martinez,LP031599,Leukopak Donation,09/22/2025 6:21 am,Passed,CE0011305,10/07/2025,621-19-8335,
Luis Ramos,LP032199,Leukopak Donation,10/27/2025 8:56 am,Passed,CE0007545,11/04/2025,606748120,
Luis Ramos,LP026360,Leukopak Donation,10/22/2024 9:20 am,Passed,CE0007545,10/29/2024,606748120,
Luis Ramos,LP035985,Leukopak Donation,06/01/2026 11:29 am,Passed,CE0007545,06/10/2026,606748120,
Luis Ramos,LP034198,Leukopak Donation,02/24/2026 3:19 pm,Passed,CE0007545,03/02/2026,606748120,
Lydia Perez,LP035647,Leukopak Donation,05/12/2026 9:32 am,Passed,CE0008823,05/26/2026,616-37-1319,
Lydia Perez,LP034606,Leukopak Donation,03/16/2026 2:46 pm,Passed,CE0008823,03/23/2026,616-37-1319,
Lyneth Goudreau,LP026211,Leukopak Donation,10/10/2024 10:59 am,Passed,CE0010755,10/28/2024,033-84-3433,
Lyneth Goudreau,LP036076,Leukopak Donation,06/04/2026 11:45 am,Passed,CE0010755,06/30/2026,033-84-3433,
Lyneth Goudreau,LP027525,Leukopak Donation,01/13/2025 12:32 pm,Passed,CE0010755,01/30/2025,033-84-3433,
Lyneth Goudreau,LP027075,Leukopak Donation,12/05/2024 10:44 am,Passed,CE0010755,12/17/2024,033-84-3433,
Lyneth Goudreau,LP029034,Leukopak Donation,04/23/2025 8:59 am,Passed,CE0010755,04/29/2025,033-84-3433,
Lyneth Goudreau,LP029421,Leukopak Donation,05/13/2025 1:11 pm,Passed,CE0010755,06/03/2025,033-84-3433,
Lyneth Goudreau,LP031789,Leukopak Donation,09/30/2025 8:25 am,Passed,CE0010755,10/20/2025,033-84-3433,
Lyneth Goudreau,LP031123,Leukopak Donation,08/25/2025 10:35 am,Passed,CE0010755,09/11/2025,033-84-3433,
Lyneth Goudreau,LP030270,Leukopak Donation,07/01/2025 8:49 am,Passed,CE0010755,07/24/2025,033-84-3433,
Lyneth Goudreau,LP033468,Leukopak Donation,01/15/2026 11:49 am,Passed,CE0010755,02/12/2026,033-84-3433,
Lyneth Goudreau,LP033174,Leukopak Donation,12/23/2025 8:29 am,Passed,CE0010755,01/08/2026,033-84-3433,
Lyneth Goudreau,LP034712,Leukopak Donation,03/20/2026 12:57 pm,Passed,CE0010755,04/01/2026,033-84-3433,
Lynn Hernandez,LP033001,Leukopak Donation,12/11/2025 7:13 am,Passed,CE0011250,01/07/2026,552-89-9733,
Lynn Hernandez,LP034362,Leukopak Donation,03/02/2026 4:57 pm,Passed,CE0011250,03/18/2026,552-89-9733,194min run time. Clotted circuit
Lynn Hernandez,LP031902,Leukopak Donation,10/06/2025 3:37 pm,Passed,CE0011250,10/21/2025,552-89-9733,
Lynn Hernandez,LP035861,Leukopak Donation,05/26/2026 11:22 am,Passed,CE0011250,06/15/2026,552-89-9733,
Lyra Wilde,LP029639,Leukopak Donation,05/27/2025 9:51 am,Passed,CE0011059,06/25/2025,523-49-8924,
Lyra Wilde,LP029332,Leukopak Donation,05/08/2025 9:45 am,Passed,CE0011059,05/21/2025,523-49-8924,
Lyra Wilde,LP036320,Leukopak Donation,06/25/2026 2:30 pm,Passed,CE0011059,07/14/2026,523-49-8924,
Mabel Monterrosa,LP034008,Leukopak Donation,02/11/2026 12:07 pm,Passed,CE0008349,03/05/2026,611-13-3151,passed 03/05 -sj
Mabel Monterrosa,LP033220,Leukopak Donation,01/05/2026 11:56 am,Passed,CE0008349,01/29/2026,611-13-3151,
Mabel Monterrosa,LP032805,Leukopak Donation,12/02/2025 11:30 am,Passed,CE0008349,12/23/2025,611-13-3151,
Mabel Monterrosa,LP035065,Leukopak Donation,04/08/2026 10:33 am,Passed,CE0008349,04/14/2026,611-13-3151,
Mabel Monterrosa,LP036074,Leukopak Donation,06/04/2026 10:22 am,Passed,CE0008349,07/02/2026,611-13-3151,
Mabel Monterrosa,LP036482,Leukopak Donation,07/09/2026 9:30 am,Pending,CE0008349,,611-13-3151,
Mabel Monterrosa,LP026803,Leukopak Donation,11/18/2024 11:09 am,Passed,CE0008349,12/12/2024,611-13-3151,
Mabel Monterrosa,LP027964,Leukopak Donation,02/10/2025 1:52 pm,Passed,CE0008349,03/04/2025,611-13-3151,
Mabel Monterrosa,LP029134,Leukopak Donation,04/28/2025 1:19 pm,Passed,CE0008349,05/06/2025,611-13-3151,lost access 173min
Mabel Monterrosa,LP029904,Leukopak Donation,06/09/2025 3:03 pm,No Show,CE0008349,,611-13-3151,07/03/2025
Mabel Monterrosa,LP031987,Leukopak Donation,10/10/2025 10:52 am,Passed,CE0008349,11/12/2025,611-13-3151,
Mabel Monterrosa,LP031567,Leukopak Donation,09/17/2025 1:20 pm,Passed,CE0008349,10/08/2025,611-13-3151,short runtime d/t machine failure 44 minutes.
Mabel Monterrosa,LP030568,Leukopak Donation,07/18/2025 9:02 am,Passed,CE0008349,08/11/2025,611-13-3151,
Mabel Monterrosa,LP030932,Leukopak Donation,08/13/2025 11:36 am,No Show,CE0008349,,611-13-3151,No Show 9/16/2025
"Madeline ""Maxwell"" Edel",LP036367,Leukopak Donation,07/01/2026 1:15 pm,Passed,CE0011621,07/20/2026,620-23-8678,
Madeline Hunter,LP036406,Leukopak Donation,07/06/2026 11:17 am,Pending,CE0011667,,612-84-4543,
Madelyn Elias,LP031787,Leukopak Donation,09/30/2025 6:21 am,Passed,CE0006251,10/21/2025,606-21-5902,Run time 114 minutes due to donor reaction
Madelyn Elias,LP030282,Leukopak Donation,07/01/2025 12:02 pm,Passed,CE0006251,07/22/2025,606-21-5902,
Madelyn Elias,LP031121,Leukopak Donation,08/25/2025 10:32 am,Passed,CE0006251,09/10/2025,606-21-5902,EBV IgG and IgM drawn
Madelyn Elias,LP029706,Leukopak Donation,05/29/2025 8:58 am,Passed,CE0006251,06/17/2025,606-21-5902,
Madelyn Elias,LP028540,Leukopak Donation,03/20/2025 3:15 pm,Passed,CE0006251,04/07/2025,606-21-5902,"162"" run ended early due to donor c/o anxiety"
Madelyn Elias,LP029175,Leukopak Donation,04/30/2025 3:42 pm,Passed,CE0006251,05/12/2025,606-21-5902,
Madelyn Elias,LP028020,Leukopak Donation,02/18/2025 10:59 am,Passed,CE0006251,03/03/2025,606-21-5902,
Madelyn Elias,LP027493,Leukopak Donation,01/09/2025 2:00 pm,Passed,CE0006251,01/22/2025,606-21-5902,
Madelyn Elias,LP027495,Leukopak Donation,01/09/2025 3:45 pm,Passed,CE0006251,,606-21-5902,passed -sj
Madelyn Elias,LP027166,Leukopak Donation,12/10/2024 7:03 am,Passed,CE0006251,12/17/2024,606-21-5902,
Madelyn Elias,LP032587,Leukopak Donation,11/13/2025 2:58 pm,Passed,CE0006251,12/03/2025,606-21-5902,
Madelyne Vigus,LP033032,Leukopak Donation,12/15/2025 9:28 am,Passed,CE0010652,01/14/2026,538-45-1227,
Madelyne Vigus,LP033928,Leukopak Donation,02/05/2026 3:32 pm,Passed,CE0010652,02/18/2026,538-45-1227,
Madelyne Vigus,LP035213,Leukopak Donation,04/15/2026 6:29 am,Cancelled by Donor,CE0010652,,538-45-1227,05/06/2026
Madelyne Vigus,LP034418,Leukopak Donation,03/05/2026 7:49 am,Cancelled by Donor,CE0010652,,538-45-1227,
Madelyne Vigus,LP035594,Leukopak Donation,05/07/2026 11:54 am,Passed,CE0010652,06/03/2026,538-45-1227,Failed collection. Venous access issues. No product.
Madelyne Vigus,LP029232,Leukopak Donation,05/05/2025 6:12 am,Passed,CE0010652,05/14/2025,538-45-1227,
Madelyne Vigus,LP028527,Leukopak Donation,03/20/2025 10:26 am,Passed,CE0010652,04/02/2025,538-45-1227,
Madelyne Vigus,LP030035,Leukopak Donation,06/17/2025 7:34 am,Passed,CE0010652,07/02/2025,538-45-1227,
Madelyne Vigus,LP030633,Leukopak Donation,07/22/2025 12:33 pm,Passed,CE0010652,08/13/2025,538-45-1227,
Madelyne Vigus,LP030965,Leukopak Donation,08/14/2025 11:49 am,Passed,CE0010652,09/17/2025,538-45-1227,
Madelyne Vigus,LP031878,Leukopak Donation,10/06/2025 11:47 am,Passed,CE0010652,11/06/2025,538-45-1227,
Madelyne Vigus,LP027339,Leukopak Donation,01/02/2025 8:22 am,Passed,CE0010652,01/15/2025,538-45-1227,
Madelyne Vigus,LP027877,Leukopak Donation,01/31/2025 7:30 am,Passed,CE0010652,02/26/2025,538-45-1227,
Madison Davis,LP034840,Leukopak Donation,03/27/2026 7:46 am,No Show,CE0009324,,605-76-9637,04/30/2026
Mae De Vuono,LP026499,Leukopak Donation,10/30/2024 10:32 am,Passed,CE0007358,11/14/2024,123-86-5089,
Mae De Vuono,LP026297,Leukopak Donation,10/16/2024 8:23 am,Cancelled by Canventa,CE0007358,,123-86-5089,AKG canceled
Magatte Ayinde,LP028288,Leukopak Donation,03/04/2025 2:34 pm,Passed,CE0010820,03/11/2025,613-74-2516,
Magatte Ayinde,LP027202,Leukopak Donation,12/11/2024 9:13 am,Passed,CE0010820,01/14/2025,613-74-2516,
Magatte Ayinde,LP027025,Leukopak Donation,12/04/2024 9:58 am,Passed,CE0010820,12/10/2024,613-74-2516,
Magatte Ayinde,LP026779,Leukopak Donation,11/17/2024 7:45 am,Cancelled by Donor,CE0010820,,613-74-2516,12/03/2024
Magatte Ayinde,LP031874,Leukopak Donation,10/06/2025 9:44 am,Passed,CE0010820,,613-74-2516,passed 10/24/2025 per STI sheet -sj 6/2/26
Magatte Ayinde,LP031050,Leukopak Donation,08/19/2025 10:54 am,Passed,CE0010820,09/08/2025,613-74-2516,
Magatte Ayinde,LP028780,Leukopak Donation,04/07/2025 8:58 am,Passed,CE0010820,04/16/2025,613-74-2516,
Maiana Hebral,LP028643,Leukopak Donation,03/27/2025 10:17 am,Passed,CE0010394,04/17/2025,155-27-6621,
Maiana Hebral,LP029192,Leukopak Donation,05/01/2025 9:04 am,Passed,CE0010394,05/22/2025,155-27-6621,
Maiana Hebral,LP027892,Leukopak Donation,02/03/2025 7:41 am,Passed,CE0010394,02/03/2025,155-27-6621,
Maiana Hebral,LP028035,Leukopak Donation,02/18/2025 3:31 pm,Passed,CE0010394,03/13/2025,155-27-6621,
Maja Spencer,LP027663,Leukopak Donation,01/23/2025 7:35 am,Passed,CE0010851,02/05/2025,602-82-4387,
Maja Spencer,LP027257,Leukopak Donation,12/17/2024 6:03 am,Passed,CE0010851,12/17/2024,602-82-4387,
Maja Spencer,LP036002,Leukopak Donation,06/02/2026 10:50 am,Passed,CE0010851,06/23/2026,602-82-4387,
Maja Spencer,LP035120,Leukopak Donation,04/13/2026 6:31 am,Passed,CE0010851,04/13/2026,602-82-4387,
Maja Spencer,LP030678,Leukopak Donation,07/24/2025 8:49 am,No Show,CE0010851,,602-82-4387,no show /730/2025
Maja Spencer,LP030903,Leukopak Donation,08/12/2025 8:44 am,Passed,CE0010851,08/12/2025,602-82-4387,
Maja Spencer,LP029774,Leukopak Donation,06/03/2025 6:11 am,Passed,CE0010851,06/03/2025,602-82-4387,
Maja Spencer,LP028952,Leukopak Donation,04/17/2025 8:28 am,Passed,CE0010851,04/17/2025,602-82-4387,
Maja Spencer,LP033615,Leukopak Donation,01/26/2026 6:28 am,Passed,CE0010851,01/26/2026,602-82-4387,
Maja Spencer,LP032605,Leukopak Donation,11/17/2025 10:55 am,Passed,CE0010851,12/22/2025,602-82-4387,
Maja Spencer,LP034469,Leukopak Donation,03/09/2026 7:56 am,Passed,CE0010851,03/09/2026,602-82-4387,
Maja Spencer,LP035750,Leukopak Donation,05/19/2026 6:39 am,Passed,CE0010851,05/19/2026,602-82-4387,
Malcolm Matthews,LP036090,Leukopak Donation,06/04/2026 3:55 pm,Passed,CE0011641,06/29/2026,613-88-6780,
Manuel Carranza,LP032503,Leukopak Donation,11/10/2025 9:44 am,Failed,CE0011338,12/10/2025,623-19-7778,Failed access
Manuel Carranza,LP033070,Leukopak Donation,12/16/2025 2:40 pm,Passed,CE0011338,01/21/2026,623-19-7778,
Manuel Perez,LP028541,Leukopak Donation,03/20/2025 3:17 pm,Cancelled by Donor,CE0009241,,617-15-2046,
Manuel Primas,LP028441,Leukopak Donation,03/14/2025 1:30 pm,Passed,CE0010982,03/25/2025,551-53-0621,
Manuel Primas,LP028620,Leukopak Donation,03/25/2025 4:16 pm,Passed,CE0010982,04/29/2025,551-53-0621,
Manuel Primas,LP029527,Leukopak Donation,05/20/2025 10:13 am,Cancelled by Donor,CE0010982,,551-53-0621,6/3/2025
Manuel Primas,LP029781,Leukopak Donation,06/03/2025 2:27 pm,Passed,CE0010982,06/16/2025,551-53-0621,
Manuel Primas,LP030249,Leukopak Donation,06/30/2025 11:27 am,Passed,CE0010982,07/24/2025,551-53-0621,
Manuel Primas,LP031395,Leukopak Donation,09/08/2025 11:18 am,Passed,CE0010982,09/26/2025,551-53-0621,
Manuel Primas,LP031953,Leukopak Donation,10/09/2025 8:03 am,Passed,CE0010982,11/03/2025,551-53-0621,
Manuel Primas,LP036115,Leukopak Donation,06/09/2026 9:01 am,Passed,CE0010982,07/02/2026,551-53-0621,
Manuel Primas,LP033682,Leukopak Donation,01/27/2026 3:51 pm,Passed,CE0010982,02/04/2026,551-53-0621,"182"" run due to access site discomfort"
Manuel Primas,LP033136,Leukopak Donation,12/18/2025 3:18 pm,No Show,CE0010982,,551-53-0621,01/12/2026 No Show
Marc Terrell,LP035441,Leukopak Donation,04/28/2026 1:18 pm,Cancelled by Donor,CE0011570,,549-89-0857,05/11/2026
Marc Terrell,LP036299,Leukopak Donation,06/25/2026 8:18 am,Passed,CE0011570,07/14/2026,549-89-0857,
Marcian Diamond,LP028962,Leukopak Donation,04/17/2025 1:48 pm,Passed,CE0011020,04/22/2025,605-09-1298,
Marcian Diamond,LP029914,Leukopak Donation,06/10/2025 9:17 am,Passed,CE0011020,07/09/2025,605-09-1298,
Marcos Richardson,LP027372,Leukopak Donation,01/03/2025 8:04 am,Passed,CE0010244,01/16/2025,562-55-2087,
Marcos Richardson,LP026843,Leukopak Donation,11/19/2024 10:42 am,Passed,CE0010244,12/04/2024,562-55-2087,
Marcos Richardson,LP028122,Leukopak Donation,02/25/2025 9:52 am,Passed,CE0010244,03/27/2025,562-55-2087,
Marcos Richardson,LP028054,Leukopak Donation,02/20/2025 6:28 am,Passed,CE0010244,02/20/2025,562-55-2087,
Marcos Richardson,LP032131,Leukopak Donation,10/20/2025 10:45 am,Passed,CE0010244,11/10/2025,562-55-2087,
Marcos Richardson,LP031626,Leukopak Donation,09/22/2025 3:00 pm,Passed,CE0010244,10/06/2025,562-55-2087,
Marcos Richardson,LP030921,Leukopak Donation,08/13/2025 9:40 am,Passed,CE0010244,08/27/2025,562-55-2087,Planned Deviation initiated High PLT 454
Marcos Richardson,LP029882,Leukopak Donation,06/09/2025 9:43 am,Passed,CE0010244,06/18/2025,562-55-2087,
Marcos Richardson,LP030208,Leukopak Donation,06/25/2025 10:49 am,Passed,CE0010244,07/23/2025,562-55-2087,
Marcos Richardson,LP032687,Leukopak Donation,11/20/2025 10:23 am,Passed,CE0010244,12/15/2025,562-55-2087,
Marcos Richardson,LP033207,Leukopak Donation,01/05/2026 10:23 am,Failed,CE0010244,,562-55-2087,failed screening for high platelet count
Marcus Dimitrius Brooks,LP031047,Leukopak Donation,08/19/2025 10:50 am,Passed,CE0006848,09/03/2025,360-74-6261,"193"" run due to donor needs"
Marcus Dimitrius Brooks,LP035824,Leukopak Donation,05/21/2026 1:44 pm,Passed,CE0006848,06/10/2026,360-74-6261,
Marcus Dimitrius Brooks,LP035072,Leukopak Donation,04/08/2026 3:21 pm,Passed,CE0006848,04/27/2026,360-74-6261,
Marcus Dimitrius Brooks,LP033209,Leukopak Donation,01/05/2026 10:30 am,Passed,CE0006848,01/06/2026,360-74-6261,
Maria Ocegueda,LP034583,Leukopak Donation,03/13/2026 4:03 pm,Passed,CE0009958,04/01/2026,549-89-3976,
Maria Ocegueda,LP035384,Leukopak Donation,04/24/2026 6:58 am,Passed,CE0009958,05/12/2026,549-89-3976,
Maria Ocegueda,LP033086,Leukopak Donation,12/17/2025 11:36 am,Passed,CE0009958,01/15/2026,549-89-3976,
Maria Ocegueda,LP032435,Leukopak Donation,11/06/2025 10:40 am,Passed,CE0009958,12/09/2025,549-89-3976,
Maria Ocegueda,LP033806,Leukopak Donation,02/02/2026 11:32 am,Passed,CE0009958,02/24/2026,549-89-3976,
Maria Ocegueda,LP036349,Leukopak Donation,06/30/2026 9:20 am,Passed,CE0009958,07/21/2026,549-89-3976,
Maria Ocegueda,LP035663,Leukopak Donation,05/13/2026 6:14 am,Passed,CE0009958,06/16/2026,549-89-3976,
Maria Ocegueda,LP026988,Leukopak Donation,12/03/2024 11:31 am,Passed,CE0009958,12/11/2024,549-89-3976,
Maria Ocegueda,LP027973,Leukopak Donation,02/11/2025 7:15 am,Passed,CE0009958,03/06/2025,549-89-3976,
Maria Ocegueda,LP027519,Leukopak Donation,01/13/2025 11:38 am,Cancelled by Canventa,CE0009958,,549-89-3976,
Maria Ocegueda,LP031989,Leukopak Donation,10/10/2025 12:04 pm,Passed,CE0009958,11/04/2025,549-89-3976,
Maria Ocegueda,LP030933,Leukopak Donation,08/13/2025 11:43 am,Passed,CE0009958,09/09/2025,549-89-3976,
Maria Ocegueda,LP030311,Leukopak Donation,07/03/2025 6:20 am,Passed,CE0009958,07/29/2025,549-89-3976,
Maria Ocegueda,LP029817,Leukopak Donation,06/05/2025 6:51 am,Passed,CE0009958,06/24/2025,549-89-3976,
Maria Ocegueda,LP029120,Leukopak Donation,04/28/2025 7:06 am,Passed,CE0009958,05/19/2025,549-89-3976,
Maria Ocegueda,LP028613,Leukopak Donation,03/25/2025 2:49 pm,Passed,CE0009958,04/14/2025,549-89-3976,
Mariah Hopkins,LP036222,Leukopak Donation,06/18/2026 12:45 pm,Passed,CE0011631,07/13/2026,603-88-9007,
Mariana Garibay,LP026796,Leukopak Donation,11/18/2024 9:45 am,Passed,CE0008983,11/18/2024,618-84-0283,
Mariana Garibay,LP030798,Leukopak Donation,08/04/2025 9:03 am,Passed,CE0008983,08/27/2025,618-84-0283,
Mariana Garibay,LP032381,Leukopak Donation,11/04/2025 10:21 am,Passed,CE0008983,11/13/2025,618-84-0283,
Mariana Garibay,LP033639,Leukopak Donation,01/26/2026 11:42 am,Cancelled by Donor,CE0008983,,618-84-0283,02/10/2026
Mariana Garibay,LP034968,Leukopak Donation,04/02/2026 11:13 am,Passed,CE0008983,04/07/2026,618-84-0283,
Mario Bencomo,LP026140,Leukopak Donation,10/07/2024 9:24 am,Passed,CE0010700,10/15/2024,633-10-7359,
Marissa Vermont,LP027725,Leukopak Donation,01/27/2025 8:46 am,Cancelled by Donor,CE0010869,,604-64-9352,1/28
Mark Klukovich,LP035863,Leukopak Donation,05/26/2026 11:34 am,Passed,CE0011619,06/02/2026,530-29-3074,
Mark Serrao,LP036440,Leukopak Donation,07/08/2026 8:43 am,Pending,CE0011349,,570-51-3089,
Mark Serrao,LP036210,Leukopak Donation,06/18/2026 7:26 am,Failed,CE0011349,07/08/2026,570-51-3089,No collection due to unable to establish return line access.
Mark Serrao,LP035324,Leukopak Donation,04/21/2026 10:16 am,Passed,CE0011349,05/13/2026,570-51-3089,
Mark Serrao,LP034844,Leukopak Donation,03/27/2026 10:55 am,Passed,CE0011349,04/07/2026,570-51-3089,
Mark Serrao,LP034115,Leukopak Donation,02/19/2026 7:29 am,Passed,CE0011349,03/02/2026,570-51-3089,
Mark Serrao,LP033452,Leukopak Donation,01/14/2026 12:08 pm,Passed,CE0011349,01/22/2026,570-51-3089,
Marlene Rivas,LP034668,Leukopak Donation,03/18/2026 1:20 pm,Passed,CE0009002,03/31/2026,612-92-6250,
Marlene Rivas,LP035498,Leukopak Donation,05/01/2026 10:57 am,Passed,CE0009002,05/13/2026,612-92-6250,
Marlene Rivas,LP030554,Leukopak Donation,07/17/2025 12:59 pm,Cancelled by Donor,CE0009002,,612-92-6250,08/13/2025
Marshika Szabo,LP032338,Leukopak Donation,10/30/2025 3:30 pm,Passed,CE0005843,11/21/2025,564-77-3514,
Marshika Szabo,LP030887,Leukopak Donation,08/11/2025 11:54 am,Passed,CE0005843,08/13/2025,564-77-3514,
Marshika Szabo,LP031025,Leukopak Donation,08/18/2025 10:48 am,Passed,CE0005843,09/17/2025,564-77-3514,
Martha Rodriguez,LP036504,Leukopak Donation,07/10/2026 8:50 am,Pending,CE0009279,,626-25-6508,
Martha Rodriguez,LP034369,Leukopak Donation,03/03/2026 10:55 am,Passed,CE0009279,03/05/2026,626-25-6508,
Martha Rodriguez,LP032966,Leukopak Donation,12/09/2025 2:53 pm,Passed,CE0009279,01/05/2026,626-25-6508,
Marvin Sermeno,LP028701,Leukopak Donation,04/01/2025 10:13 am,Passed,CE0009395,04/14/2025,560-99-6692,
Marvin Sermeno,LP029946,Leukopak Donation,06/10/2025 4:27 pm,No Show,CE0009395,,560-99-6692,No show 7/1/2025
Marvin Sermeno,LP026426,Leukopak Donation,10/25/2024 10:13 am,Passed,CE0009395,11/05/2024,560-99-6692,
Marvin Sermeno,LP027158,Leukopak Donation,12/09/2024 2:11 pm,Passed,CE0009395,01/06/2025,560-99-6692,
Marvin Sermeno,LP028119,Leukopak Donation,02/25/2025 9:38 am,Passed,CE0009395,03/04/2025,560-99-6692,Donor was 35 mins late.
Marvis Wooley,LP032403,Leukopak Donation,11/05/2025 8:56 am,Passed,CE0011253,11/25/2025,624-50-4804,
Marvis Wooley,LP033147,Leukopak Donation,12/19/2025 7:51 am,Passed,CE0011253,01/12/2026,624-50-4804,
Marvis Wooley,LP031160,Leukopak Donation,08/26/2025 9:53 am,Passed,CE0011253,08/27/2025,624-50-4804,
Mary (Marcelo) Munoz,LP033733,Leukopak Donation,01/29/2026 10:03 am,Passed,CE0011429,02/18/2026,618-96-0461,
Mary (Marcelo) Munoz,LP035947,Leukopak Donation,05/28/2026 12:07 pm,Passed,CE0011429,06/15/2026,618-96-0461,
Mary (Marcelo) Munoz,LP036456,Leukopak Donation,07/08/2026 10:05 am,Pending,CE0011429,,618-96-0461,
Mary Johnson,LP031690,Leukopak Donation,09/24/2025 10:16 am,Passed,CE0011163,10/20/2025,608-06-7221,
Mary Johnson,LP030474,Leukopak Donation,07/15/2025 11:04 am,Passed,CE0011163,08/04/2025,608-06-7221,
Mary Schwerdt,LP030497,Leukopak Donation,07/15/2025 3:01 pm,Passed,CE0010857,08/06/2025,139805846,
Mary Schwerdt,LP031604,Leukopak Donation,09/22/2025 8:53 am,Passed,CE0010857,10/14/2025,139805846,
Mary Schwerdt,LP028460,Leukopak Donation,03/17/2025 11:41 am,Passed,CE0010857,04/01/2025,139805846,
Mary Schwerdt,LP029033,Leukopak Donation,04/23/2025 7:49 am,Passed,CE0010857,05/06/2025,139805846,
Mary Schwerdt,LP027913,Leukopak Donation,02/04/2025 11:38 am,Passed,CE0010857,02/25/2025,139805846,
Mary Schwerdt,LP036688,Leukopak Donation,07/23/2026 6:47 am,Pending,CE0010857,,139805846,
Mary Schwerdt,LP034876,Leukopak Donation,03/31/2026 10:29 am,Passed,CE0010857,04/15/2026,139805846,
Mary Schwerdt,LP035468,Leukopak Donation,04/29/2026 3:45 pm,Passed,CE0010857,05/20/2026,139805846,
Mary Schwerdt,LP032678,Leukopak Donation,11/20/2025 8:57 am,Passed,CE0010857,11/25/2025,139805846,
Mary Schwerdt,LP033680,Leukopak Donation,01/27/2026 3:48 pm,Passed,CE0010857,02/04/2026,139805846,
Mary Schwerdt,LP034188,Leukopak Donation,02/24/2026 10:11 am,Passed,CE0010857,03/09/2026,139805846,
Maryann Mitchell,LP033996,Leukopak Donation,02/11/2026 7:08 am,Cancelled by Donor,CE0010813,,616-19-3639,cancelled is sick 2/26
Maryann Mitchell,LP032574,Leukopak Donation,11/13/2025 1:03 pm,Passed,CE0010813,12/08/2025,616-19-3639,
Maryann Mitchell,LP034422,Leukopak Donation,03/05/2026 8:20 am,Failed,CE0010813,,616-19-3639,Donor failed screening: new medication metformin for PCOS per RN DC
Maryann Mitchell,LP028697,Leukopak Donation,04/01/2025 6:17 am,Passed,CE0010813,04/07/2025,616-19-3639,
Maryann Mitchell,LP030092,Leukopak Donation,06/20/2025 7:35 am,Passed,CE0010813,07/14/2025,616-19-3639,
Maryann Mitchell,LP029737,Leukopak Donation,06/02/2025 10:05 am,Passed,CE0010813,06/09/2025,616-19-3639,
Maryann Mitchell,LP031694,Leukopak Donation,09/24/2025 10:49 am,Passed,CE0010813,10/06/2025,616-19-3639,
Maryann Mitchell,LP028021,Leukopak Donation,02/18/2025 11:02 am,Passed,CE0010813,03/03/2025,616-19-3639,
Maryann Mitchell,LP026590,Leukopak Donation,11/06/2024 10:03 am,Cancelled by Donor,CE0010813,,616-19-3639,11/18/2024
Maryann Mitchell,LP026831,Leukopak Donation,11/19/2024 7:28 am,Passed,CE0010813,12/09/2024,616-19-3639,
Maryann Mitchell,LP035682,Leukopak Donation,05/14/2026 9:55 am,Passed,CE0010813,06/01/2026,616-19-3639,
Maryelin Recinos Valle,LP027478,Leukopak Donation,01/09/2025 11:00 am,Cancelled by Canventa,CE0009275,,604-17-6419,1/15
Maryjane Alvarez,LP032087,Leukopak Donation,10/15/2025 2:07 pm,No Show,CE0011337,,612-31-8828,
Mason Hart,LP035674,Leukopak Donation,05/13/2026 2:11 pm,Passed,CE0011613,05/18/2026,647-58-6270,
Mason Patterson Kinsey,LP034048,Leukopak Donation,02/17/2026 7:00 am,Passed,CE0006530,02/17/2026,612-27-6186,
Mathew Sepulveda,LP034189,Leukopak Donation,02/24/2026 11:41 am,Passed,CE0011509,02/25/2026,617-47-6935,
Mathew Sepulveda,LP035414,Leukopak Donation,04/27/2026 1:06 pm,Passed,CE0011509,05/12/2026,617-47-6935,
Matthew Calvert,LP029852,Leukopak Donation,06/05/2025 2:13 pm,Passed,CE0011066,06/09/2025,047-94-7564,
Matthew Calvert,LP029286,Leukopak Donation,05/06/2025 2:02 pm,Cancelled by Donor,CE0011066,,047-94-7564,5/20/2025
Matthew Calvert,LP031144,Leukopak Donation,08/25/2025 2:33 pm,Passed,CE0011066,09/12/2025,047-94-7564,
Matthew Cazas,LP032226,Leukopak Donation,10/27/2025 2:17 pm,Passed,CE0011335,11/06/2025,603-23-1883,
Matthew Cazas,LP034254,Leukopak Donation,02/26/2026 9:55 am,Passed,CE0011335,03/11/2026,603-23-1883,
Matthew Cazas,LP032758,Leukopak Donation,11/26/2025 1:18 pm,Passed,CE0011335,12/16/2025,603-23-1883,
Matthew Kennedy,LP033512,Leukopak Donation,01/20/2026 10:08 am,Passed,CE0011180,01/27/2026,626-32-3516,
Matthew Kennedy,LP034263,Leukopak Donation,02/26/2026 11:42 am,Passed,CE0011180,03/04/2026,626-32-3516,
Matthew Kennedy,LP032714,Leukopak Donation,11/24/2025 11:29 am,Passed,CE0011180,12/16/2025,626-32-3516,
Matthew Kennedy,LP034843,Leukopak Donation,03/27/2026 10:39 am,Passed,CE0011180,04/13/2026,626-32-3516,
Matthew Kennedy,LP035525,Leukopak Donation,05/04/2026 3:44 pm,Passed,CE0011180,05/28/2026,626-32-3516,
Matthew Kennedy,LP032135,Leukopak Donation,10/20/2025 12:09 pm,Passed,CE0011180,11/12/2025,626-32-3516,
Matthew Kennedy,LP031347,Leukopak Donation,09/03/2025 12:50 pm,Passed,CE0011180,09/24/2025,626-32-3516,
Matthew Kennedy,LP030588,Leukopak Donation,07/21/2025 8:21 am,Passed,CE0011180,08/13/2025,626-32-3516,
Matthew Kennedy,LP036173,Leukopak Donation,06/16/2026 12:40 pm,Passed,CE0011180,07/06/2026,626-32-3516,
Matthew Laney,LP027368,Leukopak Donation,01/03/2025 7:46 am,Passed,CE0010134,01/14/2025,605-07-2647,
Matthew Laney,LP026623,Leukopak Donation,11/08/2024 7:19 am,Passed,CE0010134,11/19/2024,605-07-2647,
Matthew Laney,LP028219,Leukopak Donation,02/28/2025 10:04 am,Passed,CE0010134,03/24/2025,605-07-2647,
Matthew Laney,LP030459,Leukopak Donation,07/14/2025 2:14 pm,Passed,CE0010134,08/18/2025,605-07-2647,
Matthew Laney,LP029082,Leukopak Donation,04/24/2025 10:33 am,Passed,CE0010134,05/01/2025,605-07-2647,
Matthew Laney,LP029909,Leukopak Donation,06/10/2025 8:21 am,Passed,CE0010134,07/10/2025,605-07-2647,
Matthew Laney,LP034206,Leukopak Donation,02/24/2026 4:01 pm,Passed,CE0010134,03/27/2026,605-07-2647,
Matthew Laney,LP033363,Leukopak Donation,01/09/2026 1:30 pm,Passed,CE0010134,01/30/2026,605-07-2647,
Matthew Magennis,LP027520,Leukopak Donation,01/13/2025 11:53 am,Passed,CE0005955,01/29/2025,003-46-0563,
Matthew Magennis,LP028143,Leukopak Donation,02/25/2025 3:08 pm,Passed,CE0005955,03/05/2025,003-46-0563,
Matthew Magennis,LP026436,Leukopak Donation,10/25/2024 2:20 pm,Passed,CE0005955,11/05/2024,003-46-0563,
Matthew Magennis,LP026655,Leukopak Donation,11/12/2024 8:35 am,Passed,CE0005955,12/10/2024,003-46-0563,
Matthew Magennis,LP036487,Leukopak Donation,07/09/2026 10:03 am,Pending,CE0005955,,003-46-0563,
Matthew Magennis,LP036010,Leukopak Donation,06/02/2026 12:20 pm,Passed,CE0005955,06/29/2026,003-46-0563,
Matthew Magennis,LP031828,Leukopak Donation,10/01/2025 6:09 am,Passed,CE0005955,10/23/2025,003-46-0563,
Matthew Magennis,LP032405,Leukopak Donation,11/05/2025 9:02 am,Passed,CE0005955,12/01/2025,003-46-0563,
Matthew Magennis,LP033424,Leukopak Donation,01/13/2026 2:15 pm,Passed,CE0005955,01/27/2026,003-46-0563,
Matthew Magennis,LP034099,Leukopak Donation,02/18/2026 12:34 pm,Passed,CE0005955,03/03/2026,003-46-0563,
Matthew Magennis,LP034932,Leukopak Donation,04/01/2026 12:19 pm,Passed,CE0005955,04/14/2026,003-46-0563,
Matthew Magennis,LP035570,Leukopak Donation,05/06/2026 3:31 pm,Passed,CE0005955,05/22/2026,003-46-0563,
Matthew Patton,LP031749,Leukopak Donation,09/26/2025 10:41 am,Passed,CE0009486,10/09/2025,624-15-3383,
Matthew Patton,LP029796,Leukopak Donation,06/04/2025 9:32 am,Passed,CE0009486,06/11/2025,624-15-3383,
Matthew Patton,LP027543,Leukopak Donation,01/13/2025 1:50 pm,Cancelled by Donor,CE0009486,,624-15-3383,02/20/2025
Matthew Won,LP028980,Leukopak Donation,04/21/2025 10:43 am,Passed,CE0008954,04/22/2025,606-08-9222,
Matthew Won,LP026549,Leukopak Donation,11/04/2024 1:00 pm,Passed,CE0008954,11/12/2024,606-08-9222,
Maxim Yurkovsky,LP027208,Leukopak Donation,12/11/2024 10:22 am,Cancelled by Donor,CE0010288,,357-02-2415,01/07/2025
Maxim Yurkovsky,LP026777,Leukopak Donation,11/16/2024 7:53 am,Cancelled by Donor,CE0010288,,357-02-2415,11/25
Maxim Yurkovsky,LP027858,Leukopak Donation,01/30/2025 11:19 am,Passed,CE0010288,02/18/2025,357-02-2415,
Maxim Yurkovsky,LP029217,Leukopak Donation,05/01/2025 11:55 am,Passed,CE0010288,05/20/2025,357-02-2415,
Maxim Yurkovsky,LP028551,Leukopak Donation,03/24/2025 6:51 am,Passed,CE0010288,04/01/2025,357-02-2415,
Maxim Yurkovsky,LP030710,Leukopak Donation,07/28/2025 11:40 am,Passed,CE0010288,08/19/2025,357-02-2415,
Maya Mullen,LP036270,Leukopak Donation,06/23/2026 12:10 pm,Passed,CE0009120,07/07/2026,619-21-0746,
Maya Mullen,LP030532,Leukopak Donation,07/16/2025 12:47 pm,Passed,CE0009120,08/06/2025,619-21-0746,
Maya Mullen,LP034311,Leukopak Donation,03/02/2026 9:47 am,Passed,CE0009120,03/16/2026,619-21-0746,
Maya Mullen,LP033837,Leukopak Donation,02/03/2026 7:06 am,Passed,CE0009120,02/03/2026,619-21-0746,
Mayo Van Dyck,LP033059,Leukopak Donation,12/16/2025 6:31 am,Passed,CE0010451,01/16/2026,449-52-7003,
Mayo Van Dyck,LP028615,Leukopak Donation,03/25/2025 3:00 pm,Passed,CE0010451,04/28/2025,449-52-7003,
Mayo Van Dyck,LP031122,Leukopak Donation,08/25/2025 10:33 am,Passed,CE0010451,09/10/2025,449-52-7003,
Mayra Aguilar,LP034807,Leukopak Donation,03/25/2026 4:21 pm,Passed,CE0010609,04/24/2026,626-84-7201,
Mayra Aguilar,LP027906,Leukopak Donation,02/04/2025 10:15 am,Cancelled by Donor,CE0010609,,626-84-7201,2/19/25
Mayra Aguilar,LP027063,Leukopak Donation,12/05/2024 8:13 am,Passed,CE0010609,12/23/2024,626-84-7201,
Mayra Aguilar,LP026564,Leukopak Donation,11/05/2024 8:13 am,Passed,CE0010609,11/14/2024,626-84-7201,
Mayra Aguilar,LP035954,Leukopak Donation,05/28/2026 1:17 pm,Passed,CE0010609,06/23/2026,626-84-7201,
Mayra Aguilar,LP026280,Leukopak Donation,10/15/2024 10:35 am,Cancelled by Donor,CE0010609,,626-84-7201,10/29
Mayra Aguilar,LP036429,Leukopak Donation,07/07/2026 11:11 am,Pending,CE0010609,,626-84-7201,
Meb Byrne,LP027695,Leukopak Donation,01/23/2025 12:19 pm,Cancelled by Donor,CE0010803,,113-74-0120,
Meb Byrne,LP026449,Leukopak Donation,10/28/2024 12:13 pm,Passed,CE0010803,11/21/2024,113-74-0120,
Megan Cassidy,LP027291,Leukopak Donation,12/18/2024 9:46 am,Passed,CE0008661,01/08/2025,500-88-3168,
Megan Cassidy,LP026583,Leukopak Donation,11/05/2024 1:52 pm,Passed,CE0008661,11/13/2024,500-88-3168,
Megan Cassidy,LP028112,Leukopak Donation,02/25/2025 7:07 am,No Show,CE0008661,,500-88-3168,02/25/2025
Megan Cassidy,LP028366,Leukopak Donation,03/10/2025 2:39 pm,Passed,CE0008661,03/12/2025,500-88-3168,
Megan Cassidy,LP028924,Leukopak Donation,04/16/2025 7:52 am,Passed,CE0008661,04/16/2025,500-88-3168,
Megan Cassidy,LP029676,Leukopak Donation,05/28/2025 6:53 am,Passed,CE0008661,05/28/2025,500-88-3168,
Megan Cassidy,LP031214,Leukopak Donation,08/27/2025 8:41 am,Passed,CE0008661,08/27/2025,500-88-3168,
Megan Cassidy,LP030646,Leukopak Donation,07/23/2025 7:03 am,Passed,CE0008661,07/23/2025,500-88-3168,
Meilani Sheehan,LP030963,Leukopak Donation,08/14/2025 11:09 am,Passed,CE0010669,09/02/2025,604-70-9746,
Meilani Sheehan,LP030179,Leukopak Donation,06/24/2025 2:50 pm,Passed,CE0010669,07/24/2025,604-70-9746,
Meilani Sheehan,LP036069,Leukopak Donation,06/03/2026 4:09 pm,Passed,CE0010669,06/24/2026,604-70-9746,
Meilani Sheehan,LP026320,Leukopak Donation,10/17/2024 11:26 am,Passed,CE0010669,10/30/2024,604-70-9746,
Mekhi Dees,LP032147,Leukopak Donation,10/21/2025 3:21 pm,Passed,CE0011280,11/03/2025,664-01-0798,
Mekhi Dees,LP036041,Leukopak Donation,06/03/2026 11:15 am,Passed,CE0011280,06/25/2026,664-01-0798,
Mekhi Dees,LP034312,Leukopak Donation,03/02/2026 9:49 am,Passed,CE0011280,03/24/2026,664-01-0798,
Melanie Tamerlane,LP036432,Leukopak Donation,07/07/2026 1:30 pm,Pending,CE0011585,,217-13-8837,
Melannie Flores,LP035874,Leukopak Donation,05/26/2026 2:05 pm,Passed,CE0011634,06/17/2026,,
Melissa Gilleland,LP030660,Leukopak Donation,07/23/2025 1:08 pm,Cancelled by Canventa,CE0010920,,640-52-7781,08/18/2025-Canceled by Canventa
Melissa Gilleland,LP031013,Leukopak Donation,08/18/2025 9:59 am,Passed,CE0010920,09/02/2025,640-52-7781,
Melissa Gilleland,LP031657,Leukopak Donation,09/23/2025 12:39 pm,Cancelled by Donor,CE0010920,,640-52-7781,
Melissa Gilleland,LP029093,Leukopak Donation,04/24/2025 3:06 pm,Cancelled by Donor,CE0010920,,640-52-7781,5/15/2025
Melissa Gilleland,LP028481,Leukopak Donation,03/18/2025 9:07 am,Passed,CE0010920,04/02/2025,640-52-7781,
Melissa Gilleland,LP029999,Leukopak Donation,06/16/2025 9:26 am,Passed,CE0010920,07/03/2025,640-52-7781,
Melissa Gilleland,LP029487,Leukopak Donation,05/16/2025 10:38 am,Cancelled by Donor,CE0010920,,640-52-7781,
Melissa Gilleland,LP027934,Leukopak Donation,02/05/2025 1:15 pm,Passed,CE0010920,02/26/2025,640-52-7781,
Melissa Gilleland,LP033273,Leukopak Donation,01/06/2026 3:23 pm,Passed,CE0010920,01/13/2026,640-52-7781,
Melissa Gilleland,LP032555,Leukopak Donation,11/12/2025 10:39 am,Passed,CE0010920,12/02/2025,640-52-7781,
Melissa Gilleland,LP033632,Leukopak Donation,01/26/2026 9:38 am,Passed,CE0010920,02/17/2026,640-52-7781,
Michael Bond,LP027691,Leukopak Donation,01/23/2025 12:00 pm,Passed,CE0010680,02/13/2025,610-46-8616,
Michael Bond,LP026308,Leukopak Donation,10/16/2024 12:14 pm,Passed,CE0010680,10/29/2024,610-46-8616,
Michael Bond,LP036539,Leukopak Donation,07/14/2026 12:41 pm,Pending,CE0010680,,610-46-8616,
Michael Bond,LP035948,Leukopak Donation,05/28/2026 12:13 pm,Passed,CE0010680,06/18/2026,610-46-8616,
Michael Bond,LP031968,Leukopak Donation,10/09/2025 10:04 am,Passed,CE0010680,10/14/2025,610-46-8616,
Michael Bond,LP030856,Leukopak Donation,08/06/2025 11:42 am,No Show,CE0010680,,610-46-8616,8/25/2025
Michael Bond,LP029322,Leukopak Donation,05/07/2025 3:50 pm,Passed,CE0010680,05/20/2025,610-46-8616,
Michael Bond,LP033818,Leukopak Donation,02/02/2026 12:46 pm,Passed,CE0010680,02/26/2026,610-46-8616,
Michael Descovich,LP026542,Leukopak Donation,11/04/2024 11:36 am,Passed,CE0009809,11/12/2024,624-38-7128,
Michael Descovich,LP027916,Leukopak Donation,02/04/2025 11:42 am,Passed,CE0009809,02/27/2025,624-38-7128,
Michael Descovich,LP030714,Leukopak Donation,07/28/2025 1:17 pm,Cancelled by Donor,CE0009809,,624-38-7128,08/11/2025
Michael Descovich,LP028756,Leukopak Donation,04/03/2025 10:51 am,Passed,CE0009809,04/14/2025,624-38-7128,
Michael Descovich,LP029399,Leukopak Donation,05/12/2025 4:30 pm,Passed,CE0009809,05/19/2025,624-38-7128,
Michael Descovich,LP029858,Leukopak Donation,06/06/2025 10:14 am,Passed,CE0009809,06/23/2025,624-38-7128,
Michael Descovich,LP032584,Leukopak Donation,11/13/2025 2:45 pm,Passed,CE0009809,12/03/2025,624-38-7128,
Michael Descovich,LP033408,Leukopak Donation,01/13/2026 11:26 am,Failed,CE0009809,01/16/2026,624-38-7128,Collection failed. Circuit clotted. No product collected.
Michael Descovich,LP033871,Leukopak Donation,02/04/2026 10:33 am,Passed,CE0009809,02/23/2026,624-38-7128,
Michael Descovich,LP035326,Leukopak Donation,04/21/2026 10:31 am,Passed,CE0009809,05/05/2026,624-38-7128,
Michael Descovich,LP034678,Leukopak Donation,03/18/2026 2:23 pm,Passed,CE0009809,03/31/2026,624-38-7128,
Michael Ellison,LP026235,Leukopak Donation,10/14/2024 6:43 am,Passed,CE0010104,10/23/2024,625-30-8635,
Michael Ellison,LP027880,Leukopak Donation,01/31/2025 8:39 am,Passed,CE0010104,02/25/2025,625-30-8635,
Michael Ellison,LP027287,Leukopak Donation,12/18/2024 7:12 am,Passed,CE0010104,01/16/2025,625-30-8635,
Michael Ellison,LP026658,Leukopak Donation,11/12/2024 8:40 am,Passed,CE0010104,11/27/2024,625-30-8635,
Michael Ellison,LP030359,Leukopak Donation,07/08/2025 10:27 am,Passed,CE0010104,08/04/2025,625-30-8635,
Michael Ellison,LP029995,Leukopak Donation,06/16/2025 8:56 am,Passed,CE0010104,06/30/2025,625-30-8635,
Michael Ellison,LP028443,Leukopak Donation,03/14/2025 2:07 pm,Passed,CE0010104,04/01/2025,625-30-8635,
Michael Ellison,LP029103,Leukopak Donation,04/25/2025 8:22 am,Passed,CE0010104,05/07/2025,625-30-8635,
Michael Hall,LP026863,Leukopak Donation,11/19/2024 2:16 pm,Passed,CE0010757,11/26/2024,618-62-9242,
Michael Johnson,LP031533,Leukopak Donation,09/16/2025 2:09 pm,No Show,CE0011157,,552-27-5923,"per notes, donor no show -sj"
Michael Souza,LP034288,Leukopak Donation,02/27/2026 8:39 am,Passed,CE0011219,03/04/2026,444-88-7842,
Michael Souza,LP035212,Leukopak Donation,04/15/2026 6:08 am,Passed,CE0011219,05/14/2026,444-88-7842,
Michael Souza,LP036020,Leukopak Donation,06/02/2026 1:02 pm,Passed,CE0011219,06/23/2026,444-88-7842,
Michael Souza,LP036462,Leukopak Donation,07/08/2026 2:57 pm,Pending,CE0011219,,444-88-7842,
Michael Souza,LP030866,Leukopak Donation,08/07/2025 9:12 am,Passed,CE0011219,08/26/2025,444-88-7842,
Michael Souza,LP031550,Leukopak Donation,09/16/2025 3:55 pm,Passed,CE0011219,10/01/2025,444-88-7842,
Michael Spector,LP027335,Leukopak Donation,01/02/2025 7:19 am,Passed,CE0010884,01/02/2025,619-27-2876,
Michelle Carranza-Lopez,LP031353,Leukopak Donation,09/03/2025 2:07 pm,Passed,CE0011223,09/23/2025,620-04-6356,
Michelle Carranza-Lopez,LP036498,Leukopak Donation,07/09/2026 12:37 pm,Pending,CE0011223,,620-04-6356,
Michelle Carranza-Lopez,LP036235,Leukopak Donation,06/22/2026 10:43 am,No Show,CE0011223,,620-04-6356,no show- 7/06/2026
Michelle Carranza-Lopez,LP034106,Leukopak Donation,02/18/2026 1:38 pm,Passed,CE0011223,03/02/2026,620-04-6356,
Michelle Carranza-Lopez,LP032637,Leukopak Donation,11/18/2025 1:05 pm,Passed,CE0011223,12/03/2025,620-04-6356,
Michelle Carranza-Lopez,LP035481,Leukopak Donation,04/30/2026 11:14 am,Passed,CE0011223,05/14/2026,620-04-6356,
Michelle Garibay-Escobedo,LP035354,Leukopak Donation,04/22/2026 9:05 am,Failed,CE0011563,,606-98-7870,Veins flat and small; lines placed without incident but unable to tolerate any flows.
Michelle Ravel,LP032376,Leukopak Donation,11/04/2025 6:59 am,Passed,CE0010806,11/04/2025,607-02-4704,"63"" run; dc'd due to urgent bathroom needs"
Michelle Ravel,LP031328,Leukopak Donation,09/03/2025 6:54 am,Passed,CE0010806,09/09/2025,607-02-4704,
Michelle Ravel,LP028993,Leukopak Donation,04/22/2025 6:48 am,Passed,CE0010806,04/22/2025,607-02-4704,
Michelle Ravel,LP029684,Leukopak Donation,05/28/2025 9:31 am,Cancelled by Donor,CE0010806,,607-02-4704,6/10/25
Michelle Ravel,LP030221,Leukopak Donation,06/26/2025 6:32 am,Passed,CE0010806,07/22/2025,607-02-4704,
Michelle Ravel,LP028367,Leukopak Donation,03/11/2025 6:13 am,Passed,CE0010806,03/11/2025,607-02-4704,
Michelle Ravel,LP027498,Leukopak Donation,01/10/2025 11:43 am,Passed,CE0010806,01/28/2025,607-02-4704,
Michelle Ravel,LP026490,Leukopak Donation,10/30/2024 6:24 am,Passed,CE0010806,11/07/2024,607-02-4704,
Miguel Araya,LP026674,Leukopak Donation,11/12/2024 10:52 am,Passed,CE0006252,11/27/2024,616-88-2294,
Miguel Araya,LP027659,Leukopak Donation,01/23/2025 7:17 am,Passed,CE0006252,02/05/2025,616-88-2294,
Miguel Araya,LP029112,Leukopak Donation,04/25/2025 10:00 am,Passed,CE0006252,05/05/2025,616-88-2294,
Miguel Araya,LP029001,Leukopak Donation,04/22/2025 10:41 am,Cancelled by Donor,CE0006252,,616-88-2294,
Miguel Chavez,LP034565,Leukopak Donation,03/13/2026 9:48 am,No Show,CE0011542,,614-57-6784,no show 3/30/2026
Miguel Reza,LP029540,Leukopak Donation,05/20/2025 1:12 pm,Passed,CE0011089,06/04/2025,465-55-3598,
Miguel Salmeron,LP026423,Leukopak Donation,10/25/2024 7:21 am,No Show,CE0010216,,606-17-9748,11/5
Miguel Salmeron,LP026563,Leukopak Donation,11/05/2024 7:49 am,Passed,CE0010216,11/12/2024,606-17-9748,no rinseback due to machine malfunction
Miguel Salmeron,LP028199,Leukopak Donation,02/27/2025 4:25 pm,Passed,CE0010216,03/03/2025,606-17-9748,106MIN RUN TIME D/T BATHROM
Mila Alcantar,LP029824,Leukopak Donation,06/05/2025 9:35 am,Passed,CE0011016,06/25/2025,623-17-5883,
Mila Alcantar,LP029246,Leukopak Donation,05/05/2025 9:56 am,Passed,CE0011016,05/21/2025,623-17-5883,
Mila Alcantar,LP028810,Leukopak Donation,04/08/2025 11:04 am,Cancelled by Donor,CE0011016,,623-17-5883,4/22/2025
Mila Alcantar,LP030441,Leukopak Donation,07/14/2025 9:37 am,Passed,CE0011016,07/30/2025,623-17-5883,
Mila Alcantar,LP031397,Leukopak Donation,09/08/2025 11:34 am,Cancelled by Donor,CE0011016,,623-17-5883,9/18/2025
Mila Alcantar,LP036662,Leukopak Donation,07/21/2026 10:15 am,Pending,CE0011016,,623-17-5883,
Mimi Torres,LP035018,Leukopak Donation,04/06/2026 11:55 am,Passed,CE0009053,04/16/2026,064-70-9780,
Mimi Torres,LP035686,Leukopak Donation,05/14/2026 10:55 am,Passed,CE0009053,06/02/2026,064-70-9780,
Mimi Torres,LP036357,Leukopak Donation,06/30/2026 11:07 am,Cancelled by Donor,CE0009053,,064-70-9780,7/20/26 Cancelled
Mitchell Vincent,LP026727,Leukopak Donation,11/13/2024 11:17 am,Passed,CE0010428,12/18/2024,551-55-7007,
Mohammad Hassanpour,LP034373,Leukopak Donation,03/03/2026 1:39 pm,Passed,CE0011447,03/19/2026,577-31-8648,
Mohammad Matahen,LP036202,Leukopak Donation,06/17/2026 4:20 pm,Passed,CE0010050,07/06/2026,168-29-7744,
Molly Doughty,LP032665,Leukopak Donation,11/20/2025 7:16 am,Cancelled by Donor,CE0011042,,607-43-6599,cancelled
Monica Caceres,LP032336,Leukopak Donation,10/30/2025 3:27 pm,Passed,CE0010945,11/18/2025,294-90-8377,
Monica Caceres,LP033443,Leukopak Donation,01/14/2026 10:39 am,Failed,CE0010945,,294-90-8377,Donor currently taking antibiotics d/t mold infestation at home. Deferred until 2/13/2026. ok to donate after 2/13/2026  with  no s/s of infection.
Monica Caceres,LP034174,Leukopak Donation,02/24/2026 7:53 am,Passed,CE0010945,03/04/2026,294-90-8377,
Monica Caceres,LP034875,Leukopak Donation,03/31/2026 10:28 am,Passed,CE0010945,04/15/2026,294-90-8377,
Monica Caceres,LP036015,Leukopak Donation,06/02/2026 12:37 pm,Passed,CE0010945,06/24/2026,294-90-8377,
Monica Caceres,LP030702,Leukopak Donation,07/28/2025 9:06 am,Passed,CE0010945,07/30/2025,294-90-8377,
Monica Caceres,LP031476,Leukopak Donation,09/15/2025 7:03 am,Passed,CE0010945,09/30/2025,294-90-8377,
Monica Caceres,LP030263,Leukopak Donation,07/01/2025 6:53 am,No Show,CE0010945,,294-90-8377,7/28/2025 no show
Monica Caceres,LP030117,Leukopak Donation,06/23/2025 7:38 am,Passed,CE0010945,06/23/2025,294-90-8377,
Monica Caceres,LP029182,Leukopak Donation,04/30/2025 3:55 pm,Passed,CE0010945,05/15/2025,294-90-8377,
Monica Caceres,LP028589,Leukopak Donation,03/25/2025 6:24 am,Passed,CE0010945,04/10/2025,294-90-8377,
Morgan Tyner,LP035233,Leukopak Donation,04/15/2026 10:32 am,Passed,CE0008947,05/06/2026,327-90-0786,
Morgan Tyner,LP032523,Leukopak Donation,11/10/2025 11:08 am,No Show,CE0008947,,327-90-0786,
Morgan Tyner,LP036073,Leukopak Donation,06/04/2026 10:10 am,Passed,CE0008947,06/23/2026,327-90-0786,
Morgan Tyner,LP033702,Leukopak Donation,01/28/2026 2:25 pm,Passed,CE0008947,02/09/2026,327-90-0786,
Morgan Tyner,LP030074,Leukopak Donation,06/17/2025 1:35 pm,Passed,CE0008947,07/08/2025,327-90-0786,
Moses Singh,LP033245,Leukopak Donation,01/06/2026 8:10 am,Passed,CE0011004,01/26/2026,608-66-2609,
Moses Singh,LP031872,Leukopak Donation,10/06/2025 7:33 am,Passed,CE0011004,10/06/2025,608-66-2609,
Myeshia Rogers,LP029110,Leukopak Donation,04/25/2025 9:26 am,Passed,CE0010109,05/12/2025,562-55-3676,
Myeshia Rogers,LP028529,Leukopak Donation,03/20/2025 12:05 pm,Passed,CE0010109,03/26/2025,562-55-3676,
Myeshia Rogers,LP029921,Leukopak Donation,06/10/2025 11:22 am,Passed,CE0010109,07/01/2025,562-55-3676,
Myeshia Rogers,LP030722,Leukopak Donation,07/28/2025 2:27 pm,Passed,CE0010109,08/13/2025,562-55-3676,
Myeshia Rogers,LP031409,Leukopak Donation,09/09/2025 11:58 am,Passed,CE0010109,09/24/2025,562-55-3676,
Myeshia Rogers,LP032143,Leukopak Donation,10/21/2025 7:32 am,Passed,CE0010109,11/06/2025,562-55-3676,
Myeshia Rogers,LP026806,Leukopak Donation,11/18/2024 11:47 am,Passed,CE0010109,11/19/2024,562-55-3676,
Myeshia Rogers,LP027554,Leukopak Donation,01/14/2025 8:47 am,Passed,CE0010109,01/29/2025,562-55-3676,
Myeshia Rogers,LP036005,Leukopak Donation,06/02/2026 11:00 am,Passed,CE0010109,06/30/2026,562-55-3676,
Myeshia Rogers,LP033652,Leukopak Donation,01/27/2026 8:14 am,Passed,CE0010109,01/29/2026,562-55-3676,
Myeshia Rogers,LP034234,Leukopak Donation,02/25/2026 1:38 pm,Passed,CE0010109,03/09/2026,562-55-3676,
Myeshia Rogers,LP032767,Leukopak Donation,12/01/2025 11:13 am,Passed,CE0010109,12/16/2025,562-55-3676,
Myeshia Rogers,LP035061,Leukopak Donation,04/08/2026 10:11 am,Passed,CE0010109,04/15/2026,562-55-3676,
Myeshia Rogers,LP035645,Leukopak Donation,05/11/2026 1:57 pm,Passed,CE0010109,05/26/2026,562-55-3676,
Myron Anderson,LP028491,Leukopak Donation,03/18/2025 10:56 am,Passed,CE0010808,03/26/2025,567-83-9814,
Myron Anderson,LP029050,Leukopak Donation,04/23/2025 9:36 am,Passed,CE0010808,05/05/2025,567-83-9814,
Myron Anderson,LP029877,Leukopak Donation,06/09/2025 7:43 am,Passed,CE0010808,06/30/2025,567-83-9814,
Myron Anderson,LP032003,Leukopak Donation,10/13/2025 10:07 am,Failed,CE0010808,,567-83-9814,deferred x 4 weeks due to low Hgb. Advised iron rich foods
Myron Anderson,LP030847,Leukopak Donation,08/06/2025 9:18 am,Passed,CE0010808,08/26/2025,567-83-9814,
Myron Anderson,LP027539,Leukopak Donation,01/13/2025 1:36 pm,Cancelled by Canventa,CE0010808,,567-83-9814,
Myron Anderson,LP027837,Leukopak Donation,01/30/2025 7:20 am,Passed,CE0010808,02/19/2025,567-83-9814,
Myron Anderson,LP026420,Leukopak Donation,10/25/2024 6:54 am,Passed,CE0010808,11/04/2024,567-83-9814,
Myron Anderson,LP032729,Leukopak Donation,11/25/2025 7:34 am,Passed,CE0010808,11/25/2025,567-83-9814,
Myron Anderson,LP033437,Leukopak Donation,01/13/2026 4:16 pm,Failed,CE0010808,,567-83-9814,
Myron Anderson,LP034478,Leukopak Donation,03/09/2026 10:55 am,Failed,CE0010808,,567-83-9814,
Natalie Gonzales,LP035941,Leukopak Donation,05/28/2026 10:39 am,Cancelled by Donor,CE0011531,,615-70-8362,06/15/2026
Natalie Gonzales,LP035345,Leukopak Donation,04/21/2026 3:35 pm,Passed,CE0011531,05/08/2026,615-70-8362,
Natalie Granados,LP035871,Leukopak Donation,05/26/2026 1:37 pm,Passed,CE0011212,06/10/2026,,
Natalie Granados,LP036298,Leukopak Donation,06/25/2026 8:12 am,Passed,CE0011212,07/15/2026,,
Natalie Mitchell,LP036405,Leukopak Donation,07/06/2026 6:42 am,Passed,CE0011030,07/06/2026,568-73-5427,
Natalie Mitchell,LP033440,Leukopak Donation,01/14/2026 8:45 am,Passed,CE0011030,01/15/2026,568-73-5427,
Natalie Mitchell,LP034177,Leukopak Donation,02/24/2026 8:30 am,Passed,CE0011030,02/24/2026,568-73-5427,
Natalie Mitchell,LP034910,Leukopak Donation,04/01/2026 8:04 am,Passed,CE0011030,04/01/2026,568-73-5427,
Natalie Mitchell,LP035719,Leukopak Donation,05/18/2026 9:46 am,Passed,CE0011030,05/20/2026,568-73-5427,
Natalie Salazar,LP029594,Leukopak Donation,05/22/2025 1:45 pm,Passed,CE0011084,06/02/2025,602-11-8418,
Natalie Salazar,LP030108,Leukopak Donation,06/23/2025 6:13 am,Passed,CE0011084,07/10/2025,602-11-8418,
Natalie Salazar,LP030928,Leukopak Donation,08/13/2025 11:22 am,No Show,CE0011084,,602-11-8418,09/04/2025-No show. See CRM notes
Natalie Salazar,LP031810,Leukopak Donation,09/30/2025 12:21 pm,Passed,CE0011084,10/16/2025,602-11-8418,
Natalie Salazar,LP034769,Leukopak Donation,03/24/2026 3:37 pm,Passed,CE0011084,04/16/2026,602-11-8418,
Natalie Salazar,LP033265,Leukopak Donation,01/06/2026 2:31 pm,Passed,CE0011084,01/22/2026,602-11-8418,
Nathan Harris,LP029123,Leukopak Donation,04/28/2025 11:31 am,Passed,CE0010981,04/30/2025,613-64-0041,
Nathaniel Seeberry,LP035226,Leukopak Donation,04/15/2026 9:22 am,Passed,CE0011384,04/22/2026,612-05-7792,
Nathaniel Seeberry,LP035010,Leukopak Donation,04/06/2026 9:26 am,No Show,CE0011384,,612-05-7792,04/15/2026
Nathaniel Seeberry,LP033409,Leukopak Donation,01/13/2026 11:29 am,Passed,CE0011384,01/28/2026,612-05-7792,
Nathaniel Seeberry,LP035575,Leukopak Donation,05/06/2026 4:11 pm,No Show,CE0011384,,612-05-7792,05/28/2026
Nella Scott,LP027527,Leukopak Donation,01/13/2025 12:43 pm,Passed,CE0010643,02/05/2025,611-45-6569,
Nella Scott,LP026229,Leukopak Donation,10/11/2024 1:52 pm,Passed,CE0010643,10/22/2024,611-45-6569,
Nia Chaplin,LP032866,Leukopak Donation,12/05/2025 10:19 am,Cancelled by Donor,CE0005814,,621-90-7652,01/05/2026
Nicholas Bos,LP030585,Leukopak Donation,07/21/2025 7:46 am,Passed,CE0010034,08/12/2025,611-44-2323,
Nicholas Bos,LP036149,Leukopak Donation,06/12/2026 9:02 am,Passed,CE0010034,07/02/2026,611-44-2323,
Nicholas Bos,LP034215,Leukopak Donation,02/25/2026 7:50 am,Passed,CE0010034,03/10/2026,611-44-2323,
Nicholas Bos,LP032600,Leukopak Donation,11/17/2025 8:28 am,Passed,CE0010034,12/23/2025,611-44-2323,
Nicholas Bos,LP035511,Leukopak Donation,05/04/2026 10:35 am,Passed,CE0010034,05/21/2026,611-44-2323,
Nicholas Cintron,LP036450,Leukopak Donation,07/08/2026 9:34 am,Pending,CE0011656,,621-05-8239,
Nicholas Ivasyuk,LP035606,Leukopak Donation,05/07/2026 3:29 pm,Passed,CE0011328,05/11/2026,226-99-7524,
Nicholas Ivasyuk,LP034465,Leukopak Donation,03/06/2026 11:58 am,Passed,CE0011328,03/10/2026,226-99-7524,
Nicholas Ivasyuk,LP033794,Leukopak Donation,02/02/2026 7:07 am,Passed,CE0011328,02/02/2026,226-99-7524,
Nicholas Ivasyuk,LP032078,Leukopak Donation,10/15/2025 11:44 am,Passed,CE0011328,10/21/2025,226-99-7524,
Nicholas Milanoff,LP034093,Leukopak Donation,02/18/2026 10:31 am,Cancelled by Donor,CE0010903,,224-69-4031,"cancelled, sick 2/25/2026"
Nicholas Milanoff,LP034306,Leukopak Donation,03/02/2026 9:15 am,Passed,CE0010903,03/12/2026,224-69-4031,
Nicholas Milanoff,LP029839,Leukopak Donation,06/05/2025 12:24 pm,Passed,CE0010903,06/30/2025,224-69-4031,
Nicholas Milanoff,LP029230,Leukopak Donation,05/02/2025 11:13 am,Passed,CE0010903,05/12/2025,224-69-4031,
Nicholas Milanoff,LP031718,Leukopak Donation,09/24/2025 4:00 pm,Passed,CE0010903,10/16/2025,224-69-4031,
Nicholas Milanoff,LP027765,Leukopak Donation,01/27/2025 1:47 pm,Passed,CE0010903,02/12/2025,224-69-4031,
Nicholas Milanoff,LP028266,Leukopak Donation,03/03/2025 2:08 pm,Passed,CE0010903,03/20/2025,224-69-4031,loss of venous access. 68minute runtime
Nicholas Milanoff,LP036085,Leukopak Donation,06/04/2026 3:01 pm,Passed,CE0010903,06/25/2026,224-69-4031,
Nicole Margolis,LP027847,Leukopak Donation,01/30/2025 9:07 am,Passed,CE0010915,02/19/2025,616-17-6811,
Nicole Mason,LP026085,Leukopak Donation,10/02/2024 10:37 am,Passed,CE0010572,10/07/2024,650-16-4319,
Nicole Mason,LP026890,Leukopak Donation,11/21/2024 10:21 am,Passed,CE0010572,12/03/2024,650-16-4319,
Nicole Moore,LP031766,Leukopak Donation,09/29/2025 1:03 pm,Passed,CE0011259,10/07/2025,111-78-9609,
Nicole Thomas,LP027140,Leukopak Donation,12/09/2024 8:37 am,Passed,CE0008689,12/17/2024,614-44-2911,
Nicole Thomas,LP027660,Leukopak Donation,01/23/2025 7:23 am,Passed,CE0008689,02/06/2025,614-44-2911,
Nicole Thomas,LP026299,Leukopak Donation,10/16/2024 8:56 am,Passed,CE0008689,11/04/2024,614-44-2911,
Nicole Thomas,LP036433,Leukopak Donation,07/07/2026 2:19 pm,Pending,CE0008689,,614-44-2911,
Nicole Thomas,LP030012,Leukopak Donation,06/16/2025 12:27 pm,Passed,CE0008689,07/15/2025,614-44-2911,
Nicole Thomas,LP029834,Leukopak Donation,06/05/2025 10:55 am,Passed,CE0008689,06/10/2025,614-44-2911,
Nicole Thomas,LP032100,Leukopak Donation,10/16/2025 9:25 am,Passed,CE0008689,11/04/2025,614-44-2911,
Nicole Thomas,LP030675,Leukopak Donation,07/24/2025 8:07 am,Passed,CE0008689,08/19/2025,614-44-2911,"185"""
Nicole Thomas,LP031256,Leukopak Donation,08/29/2025 7:54 am,Passed,CE0008689,09/23/2025,614-44-2911,
Nicole Thomas,LP033666,Leukopak Donation,01/27/2026 11:44 am,Passed,CE0008689,02/02/2026,614-44-2911,
Nicole Thomas,LP032812,Leukopak Donation,12/02/2025 12:28 pm,Passed,CE0008689,12/23/2025,614-44-2911,
Nicole Thomas,LP035793,Leukopak Donation,05/20/2026 9:40 am,Passed,CE0008689,06/15/2026,614-44-2911,
Nicole Torreano-Meyer,LP027068,Leukopak Donation,12/05/2024 10:00 am,No Show,CE0010684,,626-11-6874,
Nidia Zavala Padilla,LP026344,Leukopak Donation,10/21/2024 9:46 am,Passed,CE0010747,11/04/2024,602-50-8026,
Nidia Zavala Padilla,LP028893,Leukopak Donation,04/14/2025 12:23 pm,Passed,CE0010747,04/15/2025,602-50-8026,
Nilson Valenzuela,LP030192,Leukopak Donation,06/25/2025 6:33 am,Cancelled by Donor,CE0010423,,545-85-9638,
Nilson Valenzuela,LP032286,Leukopak Donation,10/28/2025 4:22 pm,Passed,CE0010423,11/13/2025,545-85-9638,
Nina Corona,LP029171,Leukopak Donation,04/30/2025 3:33 pm,Cancelled by Donor,CE0009519,,649-24-0421,5/8/2025
Nina Corona,LP029368,Leukopak Donation,05/12/2025 9:45 am,Passed,CE0009519,05/21/2025,649-24-0421,
Nina Corona,LP032177,Leukopak Donation,10/23/2025 12:40 pm,Passed,CE0009519,11/05/2025,649-24-0421,
Nina Corona,LP026822,Leukopak Donation,11/18/2024 1:41 pm,Passed,CE0009519,12/02/2024,649-24-0421,
Nina Corona,LP032664,Leukopak Donation,11/20/2025 7:15 am,Passed,CE0009519,12/10/2025,649-24-0421,
Nipuna Weerasinghe,LP030383,Leukopak Donation,07/09/2025 7:14 am,No Show,CE0011092,,356-339-924,07/09/2025
Nipuna Weerasinghe,LP030862,Leukopak Donation,08/07/2025 6:40 am,Passed,CE0011092,08/07/2025,356-339-924,
Nipuna Weerasinghe,LP031459,Leukopak Donation,09/12/2025 12:24 pm,Passed,CE0011092,09/16/2025,356-339-924,
Nkeiru Ugwoaba,LP031401,Leukopak Donation,09/08/2025 1:29 pm,Passed,CE0011275,09/18/2025,531-21-8274,
Nkeiru Ugwoaba,LP032379,Leukopak Donation,11/04/2025 10:00 am,Passed,CE0011275,11/17/2025,531-21-8274,
Nkeiru Ugwoaba,LP033770,Leukopak Donation,01/30/2026 10:39 am,Passed,CE0011275,02/13/2026,531-21-8274,
Nkeiru Ugwoaba,LP035170,Leukopak Donation,04/14/2026 7:49 am,Passed,CE0011275,05/12/2026,531-21-8274,
Nkeiru Ugwoaba,LP034593,Leukopak Donation,03/16/2026 10:06 am,Passed,CE0011275,04/01/2026,531-21-8274,
Noah Augason,LP027487,Leukopak Donation,01/09/2025 12:43 pm,Cancelled by Donor,CE0009149,,620-88-2879,1/27
Noah Lidey,LP031733,Leukopak Donation,09/25/2025 11:38 am,Passed,CE0011112,10/07/2025,680-16-1405,
Noah Lidey,LP030333,Leukopak Donation,07/03/2025 2:23 pm,Passed,CE0011112,07/31/2025,680-16-1405,
Noah Lidey,LP035123,Leukopak Donation,04/13/2026 10:17 am,Passed,CE0011112,05/11/2026,680-16-1405,
Noah Lidey,LP033925,Leukopak Donation,02/05/2026 3:08 pm,Cancelled by Donor,CE0011112,,680-16-1405,02/19/2026
Noah Lidey,LP032748,Leukopak Donation,11/26/2025 10:19 am,Passed,CE0011112,12/16/2025,680-16-1405,
Noah Lidey,LP034711,Leukopak Donation,03/20/2026 11:26 am,Passed,CE0011112,03/31/2026,680-16-1405,
Noah Palafox,LP029619,Leukopak Donation,05/22/2025 4:37 pm,Passed,CE0011083,05/27/2025,625-15-1526,
Noriko Devie,LP033040,Leukopak Donation,12/15/2025 12:31 pm,Cancelled by Canventa,CE0010646,,606-06-0127,
Oksanna Kasoyan,LP035912,Leukopak Donation,05/27/2026 1:40 pm,Passed,CE0011231,06/17/2026,615316896,
Oliver Casey,LP032072,Leukopak Donation,10/15/2025 9:54 am,Passed,CE0011311,11/03/2025,613-19-3090,
Omar Atassi,LP030029,Leukopak Donation,06/16/2025 2:14 pm,Passed,CE0010897,07/02/2025,615-39-1467,
Omar Atassi,LP029397,Leukopak Donation,05/12/2025 3:34 pm,Passed,CE0010897,05/27/2025,615-39-1467,
Omar Atassi,LP032377,Leukopak Donation,11/04/2025 7:39 am,Passed,CE0010897,12/01/2025,615-39-1467,
Omar Brown,LP034737,Leukopak Donation,03/23/2026 1:16 pm,Passed,CE0011459,04/20/2026,553-83-1992,
Omar Brown,LP035380,Leukopak Donation,04/23/2026 3:14 pm,Passed,CE0011459,05/26/2026,553-83-1992,
Omar Brown,LP034055,Leukopak Donation,02/17/2026 10:57 am,Passed,CE0011459,03/16/2026,553-83-1992,
Omar Brown,LP036637,Leukopak Donation,07/20/2026 10:32 am,Pending,CE0011459,,553-83-1992,
Omar Varela,LP034430,Leukopak Donation,03/05/2026 9:39 am,Passed,CE0011513,03/17/2026,573-97-2738,(160mL plasma per research request)
Oran Payne,LP027165,Leukopak Donation,12/10/2024 6:39 am,Passed,CE0007070,01/13/2025,603-32-6629,
Oran Payne,LP026651,Leukopak Donation,11/12/2024 8:26 am,Passed,CE0007070,12/05/2024,603-32-6629,
Oran Payne,LP028348,Leukopak Donation,03/10/2025 9:22 am,Passed,CE0007070,03/31/2025,603-32-6629,
Oran Payne,LP027744,Leukopak Donation,01/27/2025 11:00 am,Passed,CE0007070,02/24/2025,603-32-6629,
Oran Payne,LP026138,Leukopak Donation,10/07/2024 9:22 am,Passed,CE0007070,10/31/2024,603-32-6629,
Oran Payne,LP029702,Leukopak Donation,05/29/2025 8:03 am,Passed,CE0007070,06/25/2025,603-32-6629,
Oran Payne,LP029088,Leukopak Donation,04/24/2025 3:00 pm,Passed,CE0007070,05/08/2025,603-32-6629,
Oran Payne,LP031367,Leukopak Donation,09/04/2025 11:26 am,Passed,CE0007070,09/26/2025,603-32-6629,
Oran Payne,LP030590,Leukopak Donation,07/21/2025 8:55 am,Passed,CE0007070,08/13/2025,603-32-6629,
Orell Jackson,LP031258,Leukopak Donation,08/29/2025 8:21 am,Passed,CE0011268,09/16/2025,613-32-7558,
Pablo Quintero-Arroyo,LP026698,Leukopak Donation,11/13/2024 7:01 am,Cancelled by Donor,CE0010170,,621-41-9095,11/18
Paris Torres,LP026073,Leukopak Donation,10/02/2024 6:41 am,Passed,CE0009062,10/28/2024,607-60-9169,
Paris Torres,LP036277,Leukopak Donation,06/23/2026 1:38 pm,Passed,CE0009062,07/22/2026,607-60-9169,
Paris Torres,LP027630,Leukopak Donation,01/22/2025 8:41 am,Passed,CE0009062,02/11/2025,607-60-9169,
Paris Torres,LP026759,Leukopak Donation,11/14/2024 10:56 am,Passed,CE0009062,12/03/2024,607-60-9169,
Paris Torres,LP027189,Leukopak Donation,12/10/2024 10:35 am,Passed,CE0009062,01/07/2025,607-60-9169,
Paris Torres,LP031513,Leukopak Donation,09/16/2025 9:29 am,Passed,CE0009062,10/09/2025,607-60-9169,
Paris Torres,LP032108,Leukopak Donation,10/16/2025 12:17 pm,Passed,CE0009062,11/13/2025,607-60-9169,
Paris Torres,LP030970,Leukopak Donation,08/14/2025 4:31 pm,Passed,CE0009062,09/03/2025,607-60-9169,
Paris Torres,LP029441,Leukopak Donation,05/14/2025 8:17 am,Passed,CE0009062,06/03/2025,607-60-9169,
Paris Torres,LP030155,Leukopak Donation,06/24/2025 8:49 am,Passed,CE0009062,07/15/2025,607-60-9169,
Paris Torres,LP028619,Leukopak Donation,03/25/2025 4:15 pm,Passed,CE0009062,04/29/2025,607-60-9169,
Paris Torres,LP028479,Leukopak Donation,03/18/2025 9:01 am,Passed,CE0009062,03/25/2025,607-60-9169,
Paris Torres,LP035825,Leukopak Donation,05/21/2026 1:51 pm,Passed,CE0009062,06/16/2026,607-60-9169,
Paris Torres,LP034663,Leukopak Donation,03/18/2026 12:01 pm,Passed,CE0009062,04/07/2026,607-60-9169,
Paris Torres,LP035149,Leukopak Donation,04/13/2026 1:34 pm,Passed,CE0009062,05/12/2026,607-60-9169,
Paris Torres,LP033579,Leukopak Donation,01/22/2026 11:19 am,Passed,CE0009062,02/26/2026,607-60-9169,
Paris Torres,LP032807,Leukopak Donation,12/02/2025 11:32 am,Passed,CE0009062,12/18/2025,607-60-9169,passed 12/18/2025 per STI sheet -sj 6/2/26
Paris Torres,LP033142,Leukopak Donation,12/18/2025 3:54 pm,Passed,CE0009062,01/22/2026,607-60-9169,
Patricia Alvarez Campos,LP033436,Leukopak Donation,01/13/2026 3:00 pm,Cancelled by Donor,CE0011425,,640-14-2918,1/29/2026
Patricia Alvarez Campos,LP035812,Leukopak Donation,05/21/2026 10:34 am,Passed,CE0011425,06/08/2026,640-14-2918,
Patricia Alvarez Campos,LP036309,Leukopak Donation,06/25/2026 9:57 am,Passed,CE0011425,07/13/2026,640-14-2918,
Patricia Romero,LP027628,Leukopak Donation,01/22/2025 8:20 am,Passed,CE0009399,02/04/2025,131-86-0508,
Patricia Romero,LP027062,Leukopak Donation,12/05/2024 7:57 am,Passed,CE0009399,12/19/2024,131-86-0508,
Patricia Romero,LP026566,Leukopak Donation,11/05/2024 8:16 am,Passed,CE0009399,11/14/2024,131-86-0508,
Patricia Romero,LP036347,Leukopak Donation,06/30/2026 9:13 am,Passed,CE0009399,07/22/2026,131-86-0508,
Patricia Romero,LP028377,Leukopak Donation,03/11/2025 10:51 am,No Show,CE0009399,,131-86-0508,
Patricia Romero,LP034885,Leukopak Donation,03/31/2026 10:40 am,Passed,CE0009399,04/24/2026,131-86-0508,late entry
Patricia Romero,LP035705,Leukopak Donation,05/15/2026 6:55 am,Passed,CE0009399,06/03/2026,131-86-0508,
Patrick Cheek,LP029673,Leukopak Donation,05/27/2025 4:12 pm,Cancelled by Donor,CE0011101,,610-80-8748,6/10/25
Patrick Ramos,LP027298,Leukopak Donation,12/18/2024 10:33 am,Passed,CE0010876,01/14/2025,602-78-1889,
Patrick Ramos,LP028181,Leukopak Donation,02/27/2025 9:44 am,Passed,CE0010876,03/10/2025,602-78-1889,
Patrick Ramos,LP036044,Leukopak Donation,06/03/2026 11:44 am,Passed,CE0010876,06/24/2026,602-78-1889,
Patrick Ramos,LP029775,Leukopak Donation,06/03/2025 6:50 am,Passed,CE0010876,06/09/2025,602-78-1889,
Patrick Ramos,LP028820,Leukopak Donation,04/08/2025 1:42 pm,Passed,CE0010876,04/23/2025,602-78-1889,
Patrick Ramos,LP031086,Leukopak Donation,08/21/2025 8:06 am,Passed,CE0010876,08/28/2025,602-78-1889,
Patrick Ramos,LP030281,Leukopak Donation,07/01/2025 11:56 am,Passed,CE0010876,07/14/2025,602-78-1889,
Patrick Ramos,LP031841,Leukopak Donation,10/01/2025 2:03 pm,Passed,CE0010876,10/23/2025,602-78-1889,
Patrick Ramos,LP035138,Leukopak Donation,04/13/2026 12:27 pm,Cancelled by Donor,CE0010876,,602-78-1889,04/30/2026- canceled in advance on 04/27.
Patrick Ramos,LP035432,Leukopak Donation,04/27/2026 3:41 pm,Passed,CE0010876,05/11/2026,602-78-1889,
Patrick Ramos,LP034267,Leukopak Donation,02/26/2026 12:48 pm,Passed,CE0010876,03/11/2026,602-78-1889,
Paul Gray,LP030034,Leukopak Donation,06/17/2025 7:26 am,Passed,CE0007585,07/08/2025,621-94-6673,
Paul-Vincent Cuyugan,LP027842,Leukopak Donation,01/30/2025 7:26 am,Passed,CE0010830,02/26/2025,626-38-0964,
Paul-Vincent Cuyugan,LP027502,Leukopak Donation,01/10/2025 11:49 am,Cancelled by Canventa,CE0010830,,626-38-0964,
Phoenix Fox,LP036329,Leukopak Donation,06/29/2026 8:18 am,Passed,CE0011229,06/29/2026,568-83-4012,
Phoenix Fox,LP032784,Leukopak Donation,12/02/2025 6:54 am,Passed,CE0011229,12/02/2025,568-83-4012,
Phoenix Fox,LP033364,Leukopak Donation,01/12/2026 7:08 am,Passed,CE0011229,01/12/2026,568-83-4012,
Phoenix Fox,LP034810,Leukopak Donation,03/26/2026 6:36 am,Passed,CE0011229,03/26/2026,568-83-4012,
Polina Stolyar,LP031683,Leukopak Donation,09/23/2025 3:33 pm,Passed,CE0011282,10/22/2025,071-82-0701,
Prayrak Bajaj,LP029245,Leukopak Donation,05/05/2025 9:29 am,Passed,CE0011048,05/20/2025,613-49-2197,
Prayrak Bajaj,LP029785,Leukopak Donation,06/03/2025 3:42 pm,Passed,CE0011048,06/24/2025,613-49-2197,
Prayrak Bajaj,LP031143,Leukopak Donation,08/25/2025 2:18 pm,Passed,CE0011048,09/15/2025,613-49-2197,
Prayrak Bajaj,LP030556,Leukopak Donation,07/17/2025 1:01 pm,Passed,CE0011048,08/07/2025,613-49-2197,
Prayrak Bajaj,LP032096,Leukopak Donation,10/15/2025 3:23 pm,Passed,CE0011048,11/07/2025,613-49-2197,
Princess Mae Guillen,LP029836,Leukopak Donation,06/05/2025 11:11 am,Passed,CE0011102,06/16/2025,604-57-8065,
Princess Mae Guillen,LP030361,Leukopak Donation,07/08/2025 10:29 am,Passed,CE0011102,08/04/2025,604-57-8065,
Princess Mae Guillen,LP031336,Leukopak Donation,09/03/2025 8:37 am,Passed,CE0011102,09/23/2025,604-57-8065,
Princess Mae Guillen,LP034405,Leukopak Donation,03/04/2026 2:09 pm,Passed,CE0011102,03/13/2026,604-57-8065,
Princess Mae Guillen,LP033551,Leukopak Donation,01/21/2026 11:44 am,Cancelled by Donor,CE0011102,,604-57-8065,cancelled due to migraine 2/9/2026
Priscilla Ling,LP033538,Leukopak Donation,01/21/2026 9:40 am,Passed,CE0010986,01/28/2026,283-08-8884,
Priscilla Ling,LP034017,Leukopak Donation,02/12/2026 10:09 am,Passed,CE0010986,03/04/2026,283-08-8884,
Priscilla Ling,LP035677,Leukopak Donation,05/14/2026 8:20 am,Passed,CE0010986,05/14/2026,283-08-8884,
Priscilla Ling,LP031634,Leukopak Donation,09/22/2025 4:30 pm,Passed,CE0010986,10/10/2025,283-08-8884,
Priscilla Ling,LP032230,Leukopak Donation,10/28/2025 6:49 am,Passed,CE0010986,11/17/2025,283-08-8884,
Priscilla Ling,LP028821,Leukopak Donation,04/08/2025 1:44 pm,Passed,CE0010986,04/24/2025,283-08-8884,
Priscilla Parks,LP026810,Leukopak Donation,11/18/2024 12:48 pm,No Show,CE0010380,,622 07 6352,11/20/2024
Priscilla Parks,LP026208,Leukopak Donation,10/10/2024 10:17 am,Passed,CE0010380,10/16/2024,622 07 6352,"162min run due to access alarms, discomfort."
Rachel Kim,LP027789,Leukopak Donation,01/28/2025 10:31 am,Passed,CE0010878,02/18/2025,470-31-5244,
Rachel Lee,LP030687,Leukopak Donation,07/24/2025 1:11 pm,Passed,CE0007995,08/19/2025,617-92-3071,
Rachel Lee,LP029292,Leukopak Donation,05/07/2025 6:15 am,Passed,CE0007995,05/19/2025,617-92-3071,
Rachel Lee,LP028201,Leukopak Donation,02/27/2025 4:44 pm,Passed,CE0007995,03/05/2025,617-92-3071,
Rachel Lee,LP036214,Leukopak Donation,06/18/2026 9:26 am,Cancelled by Donor,CE0007995,,617-92-3071,07/06/2026
Rachel Lee,LP036565,Leukopak Donation,07/15/2026 8:49 am,Pending,CE0007995,,617-92-3071,
Rachel Lee,LP034821,Leukopak Donation,03/26/2026 11:32 am,Passed,CE0007995,04/06/2026,617-92-3071,
Rachel Loustaunau,LP028290,Leukopak Donation,03/04/2025 2:36 pm,Passed,CE0010395,03/17/2025,621-13-6119,
Rachel Loustaunau,LP026046,Leukopak Donation,10/01/2024 9:28 am,Passed,CE0010395,10/14/2024,621-13-6119,
Rachel Loustaunau,LP028876,Leukopak Donation,04/11/2025 10:25 am,Passed,CE0010395,04/21/2025,621-13-6119,
Rachel Loustaunau,LP029311,Leukopak Donation,05/07/2025 1:13 pm,Passed,CE0010395,06/02/2025,621-13-6119,
Rae Xin,LP030390,Leukopak Donation,07/09/2025 10:21 am,Passed,CE0011137,07/21/2025,479-33-5131,
Rahul Kamath,LP032354,Leukopak Donation,11/03/2025 9:26 am,Passed,CE0011363,11/21/2025,136-06-6009,
Rahul Kamath,LP033203,Leukopak Donation,01/05/2026 7:05 am,Passed,CE0011363,01/05/2026,136-06-6009,
Ramona Madden,LP026828,Leukopak Donation,11/19/2024 6:44 am,Passed,CE0007703,12/05/2024,520-35-9165,
Ramona Madden,LP027508,Leukopak Donation,01/13/2025 6:42 am,Passed,CE0007703,01/30/2025,520-35-9165,
Ramona Madden,LP029078,Leukopak Donation,04/24/2025 9:02 am,Cancelled by Donor,CE0007703,,520-35-9165,05/08/2025
Ramona Madden,LP028454,Leukopak Donation,03/17/2025 10:45 am,Passed,CE0007703,04/03/2025,520-35-9165,
Ramona Madden,LP029339,Leukopak Donation,05/08/2025 10:37 am,Cancelled by Donor,CE0007703,,520-35-9165,5/29/2025
Ramya Anantharaman,LP036408,Leukopak Donation,07/06/2026 12:52 pm,Passed,CE0011357,07/09/2026,594-86-4929,
Rashad Shaheed,LP035961,Leukopak Donation,06/01/2026 6:32 am,Passed,CE0011561,06/29/2026,614-32-4036,
Rashad Shaheed,LP034862,Leukopak Donation,03/30/2026 1:58 pm,Passed,CE0011561,04/13/2026,614-32-4036,
Raven Calhoun,LP026671,Leukopak Donation,11/12/2024 10:39 am,Passed,CE0010764,11/26/2024,616-36-4452,
Raven Calhoun,LP034710,Leukopak Donation,03/20/2026 11:24 am,Passed,CE0010764,03/31/2026,616-36-4452,
Raven Johnson,LP026719,Leukopak Donation,11/13/2024 10:13 am,Passed,CE0010819,11/21/2024,608-39-7144,
Raven Johnson,LP027175,Leukopak Donation,12/10/2024 9:39 am,Failed,CE0010819,01/02/2025,608-39-7144,unable to establish venous access.
Raven Johnson,LP027927,Leukopak Donation,02/05/2025 9:27 am,Cancelled by Donor,CE0010819,,608-39-7144,02/13/2025
Rebecca Haferkamp,LP032789,Leukopak Donation,12/02/2025 9:38 am,Passed,CE0011013,12/23/2025,110-74-5146,
Rebecca Haferkamp,LP029395,Leukopak Donation,05/12/2025 3:24 pm,Passed,CE0011013,06/02/2025,110-74-5146,
Rebecca Haferkamp,LP031002,Leukopak Donation,08/18/2025 8:42 am,Passed,CE0011013,09/08/2025,110-74-5146,
Rebecca Haferkamp,LP032244,Leukopak Donation,10/28/2025 9:40 am,Passed,CE0011013,11/18/2025,110-74-5146,
Rebecca Vesperas,LP027726,Leukopak Donation,01/27/2025 9:20 am,Passed,CE0010711,02/13/2025,411-57-6565,121 mins run time d/t unresolved access alarms.
Rebekah Hwang,LP029233,Leukopak Donation,05/05/2025 6:29 am,Cancelled by Donor,CE0011051,,609-34-7294,05/22/2025
Regino Alfaro,LP035318,Leukopak Donation,04/21/2026 9:19 am,Passed,CE0007493,05/26/2026,617-80-7565,
Regino Alfaro,LP034564,Leukopak Donation,03/13/2026 9:40 am,Cancelled by Donor,CE0007493,,617-80-7565,04/13/2026
Regino Alfaro,LP033214,Leukopak Donation,01/05/2026 10:42 am,Passed,CE0007493,01/28/2026,617-80-7565,
Regino Alfaro,LP032562,Leukopak Donation,11/12/2025 1:07 pm,Passed,CE0007493,12/16/2025,617-80-7565,
Regino Alfaro,LP036072,Leukopak Donation,06/04/2026 10:06 am,Passed,CE0007493,06/30/2026,617-80-7565,
Regino Alfaro,LP036467,Leukopak Donation,07/09/2026 6:23 am,Pending,CE0007493,,617-80-7565,
Regino Alfaro,LP026249,Leukopak Donation,10/14/2024 11:30 am,Passed,CE0007493,10/29/2024,617-80-7565,
Regino Alfaro,LP027034,Leukopak Donation,12/04/2024 12:06 pm,Passed,CE0007493,12/16/2024,617-80-7565,
Regino Alfaro,LP027758,Leukopak Donation,01/27/2025 1:13 pm,Passed,CE0007493,02/25/2025,617-80-7565,
Regino Alfaro,LP028647,Leukopak Donation,03/27/2025 11:13 am,Passed,CE0007493,04/01/2025,617-80-7565,
Regino Alfaro,LP029837,Leukopak Donation,06/05/2025 11:16 am,Passed,CE0007493,06/23/2025,617-80-7565,
Regino Alfaro,LP031329,Leukopak Donation,09/03/2025 7:12 am,Passed,CE0007493,09/23/2025,617-80-7565,
Regino Alfaro,LP030312,Leukopak Donation,07/03/2025 6:32 am,Passed,CE0007493,07/29/2025,617-80-7565,
Reka Muller,LP027792,Leukopak Donation,01/28/2025 10:54 am,Passed,CE0010907,02/12/2025,672-57-9647,
Reka Muller,LP028295,Leukopak Donation,03/05/2025 10:04 am,Passed,CE0010907,03/24/2025,672-57-9647,
Reka Muller,LP031555,Leukopak Donation,09/17/2025 10:08 am,Passed,CE0010907,10/07/2025,672-57-9647,
Reka Muller,LP032157,Leukopak Donation,10/22/2025 11:48 am,Passed,CE0010907,11/12/2025,672-57-9647,
Reka Muller,LP030544,Leukopak Donation,07/17/2025 10:00 am,Passed,CE0010907,08/11/2025,672-57-9647,
Reka Muller,LP028856,Leukopak Donation,04/10/2025 8:57 am,Passed,CE0010907,04/28/2025,672-57-9647,
Reka Muller,LP030044,Leukopak Donation,06/17/2025 9:35 am,Passed,CE0010907,06/18/2025,672-57-9647,
Reka Muller,LP033620,Leukopak Donation,01/26/2026 8:43 am,Passed,CE0010907,02/11/2026,672-57-9647,124 min runtime. see notes
Reka Muller,LP033008,Leukopak Donation,12/11/2025 9:43 am,Passed,CE0010907,01/07/2026,672-57-9647,
Renan  Lovos Saravia,LP033494,Leukopak Donation,01/16/2026 1:54 pm,Cancelled by Donor,CE0011443,,620-37-6706,02/03/2026
Renan  Lovos Saravia,LP034633,Leukopak Donation,03/17/2026 2:03 pm,Cancelled by Donor,CE0011443,,620-37-6706,04/01/2026
Renata Weigl,LP032462,Leukopak Donation,11/06/2025 3:49 pm,Passed,CE0010265,12/08/2025,607-02-5465,
Renata Weigl,LP029371,Leukopak Donation,05/12/2025 9:51 am,Cancelled by Donor,CE0010265,,607-02-5465,6/4/2025
Renata Weigl,LP030239,Leukopak Donation,06/30/2025 6:21 am,Passed,CE0010265,07/17/2025,607-02-5465,
Renata Weigl,LP028799,Leukopak Donation,04/08/2025 6:26 am,Passed,CE0010265,04/23/2025,607-02-5465,
Renata Weigl,LP031961,Leukopak Donation,10/09/2025 8:30 am,Passed,CE0010265,11/03/2025,607-02-5465,
Renata Weigl,LP031148,Leukopak Donation,08/25/2025 4:10 pm,Passed,CE0010265,09/17/2025,607-02-5465,
Renata Weigl,LP027105,Leukopak Donation,12/06/2024 9:56 am,Passed,CE0010265,12/11/2024,607-02-5465,
Ricardo Vasquez,LP031492,Leukopak Donation,09/15/2025 1:13 pm,Passed,CE0011300,09/18/2025,605-45-7360,
Ricardo Vasquez,LP031935,Leukopak Donation,10/07/2025 2:18 pm,Cancelled by Donor,CE0011300,,605-45-7360,10/29/2025
Richard DeAmicis,LP034431,Leukopak Donation,03/05/2026 10:01 am,Passed,CE0011471,03/10/2026,558-85-2923,
Richard Doty,LP030297,Leukopak Donation,07/02/2025 10:38 am,No Show,CE0011161,,546-73-4996,7/14/2025 No show
Richard Helems,LP033148,Leukopak Donation,12/19/2025 10:23 am,Passed,CE0010867,01/12/2026,614-11-3189,
Richard Helems,LP035074,Leukopak Donation,04/08/2026 3:24 pm,Passed,CE0010867,04/30/2026,614-11-3189,
Richard Helems,LP034494,Leukopak Donation,03/09/2026 2:10 pm,Passed,CE0010867,,614-11-3189,"MSG note- Donor came in Tuesday, 3/24. Please ""pass"" donation ID- LP034494."
Richard Helems,LP028752,Leukopak Donation,04/03/2025 9:31 am,Cancelled by Donor,CE0010867,,614-11-3189,04/10/2025
Richard Helems,LP035851,Leukopak Donation,05/26/2026 10:33 am,Passed,CE0010867,06/11/2026,614-11-3189,
Richard Helems,LP036469,Leukopak Donation,07/09/2026 6:28 am,Pending,CE0010867,,614-11-3189,
Riley Benedict,LP026508,Leukopak Donation,10/31/2024 10:14 am,Passed,CE0010639,11/25/2024,623-37-8833,
Riley Benedict,LP029312,Leukopak Donation,05/07/2025 1:17 pm,Passed,CE0010639,05/21/2025,623-37-8833,
Robert Baldwin,LP026161,Leukopak Donation,10/08/2024 10:34 am,Passed,CE0010698,10/09/2024,286-84-6831,
Robert Baldwin,LP026424,Leukopak Donation,10/25/2024 10:10 am,Passed,CE0010698,11/13/2024,286-84-6831,
Robert Baldwin,LP027667,Leukopak Donation,01/23/2025 7:55 am,Passed,CE0010698,02/05/2025,286-84-6831,
Robert Homberg,LP026839,Leukopak Donation,11/19/2024 9:23 am,Passed,CE0010832,12/03/2024,650-07-9580,
Robert Kier,LP036113,Leukopak Donation,06/08/2026 3:42 pm,Cancelled by Donor,CE0011593,,589-61-0050,06/29/2026
Robert Kier,LP035395,Leukopak Donation,04/24/2026 1:24 pm,Passed,CE0011593,05/06/2026,589-61-0050,
Robert Weibel,LP035148,Leukopak Donation,04/13/2026 1:30 pm,Passed,CE0011448,05/04/2026,570-871-298,
Robert Weibel,LP033730,Leukopak Donation,01/29/2026 9:38 am,Passed,CE0011448,02/23/2026,570-871-298,
Robin Andrews,LP026086,Leukopak Donation,10/02/2024 10:49 am,Passed,CE0010549,10/10/2024,534-90-1178,
Robin Andrews,LP027662,Leukopak Donation,01/23/2025 7:30 am,Passed,CE0010549,02/05/2025,534-90-1178,
Robin Andrews,LP028338,Leukopak Donation,03/07/2025 9:48 am,Passed,CE0010549,03/12/2025,534-90-1178,
Robin Andrews,LP026702,Leukopak Donation,11/13/2024 7:52 am,Passed,CE0010549,11/25/2024,534-90-1178,
Robin Andrews,LP030748,Leukopak Donation,07/29/2025 1:50 pm,Passed,CE0010549,08/25/2025,534-90-1178,
Robin Andrews,LP029262,Leukopak Donation,05/06/2025 7:33 am,Passed,CE0010549,05/21/2025,534-90-1178,
Robin Andrews,LP028452,Leukopak Donation,03/17/2025 10:27 am,Passed,CE0010549,04/16/2025,534-90-1178,
Robin Andrews,LP029609,Leukopak Donation,05/22/2025 3:44 pm,Passed,CE0010549,06/25/2025,534-90-1178,
Robin Andrews,LP033575,Leukopak Donation,01/22/2026 9:06 am,Failed,CE0010549,,534-90-1178,"Disclosed ""4 years remission for Stage 2 Breast cancer with metastasis"""
Robin Andrews,LP032330,Leukopak Donation,10/30/2025 2:49 pm,No Show,CE0010549,,534-90-1178,
Robin S Lowe,LP026112,Leukopak Donation,10/03/2024 1:54 pm,Passed,CE0006929,10/10/2024,606-02-2866,
Robin S Lowe,LP035899,Leukopak Donation,05/27/2026 9:37 am,Cancelled by Donor,CE0006929,,606-02-2866,06/15/2026
Robin S Lowe,LP026774,Leukopak Donation,11/15/2024 12:31 pm,Passed,CE0006929,12/03/2024,606-02-2866,
Robin S Lowe,LP027434,Leukopak Donation,01/08/2025 7:17 am,Passed,CE0006929,01/27/2025,606-02-2866,
Rodney Ferguson,LP029959,Leukopak Donation,06/11/2025 11:08 am,No Show,CE0006853,,619-15-8968,6/30/2025
Rodney Ferguson,LP028217,Leukopak Donation,02/28/2025 9:50 am,Passed,CE0006853,03/04/2025,619-15-8968,
Rodney Ferguson,LP027194,Leukopak Donation,12/10/2024 11:37 am,Passed,CE0006853,01/06/2025,619-15-8968,
Rodney Ferguson,LP026588,Leukopak Donation,11/06/2024 9:44 am,Cancelled by Donor,CE0006853,,619-15-8968,11/07/2024
Rodney Ferguson,LP026706,Leukopak Donation,11/13/2024 8:08 am,Passed,CE0006853,11/21/2024,619-15-8968,
Roman Araujo,LP030481,Leukopak Donation,07/15/2025 12:25 pm,Cancelled by Donor,CE0011109,,618-30-6735,8/5/2025
Roman Araujo,LP029729,Leukopak Donation,05/29/2025 3:02 pm,Cancelled by Donor,CE0011109,,618-30-6735,06/26/2025
Romell Armstrong,LP029917,Leukopak Donation,06/10/2025 9:53 am,Failed,CE0010720,07/01/2025,570-19-4854,Failed access. No product collected.
Romell Armstrong,LP029130,Leukopak Donation,04/28/2025 12:20 pm,Passed,CE0010720,05/01/2025,570-19-4854,
Romell Armstrong,LP030842,Leukopak Donation,08/05/2025 2:21 pm,No Show,CE0010720,,570-19-4854,
Romell Armstrong,LP031776,Leukopak Donation,09/29/2025 1:37 pm,Passed,CE0010720,10/28/2025,570-19-4854,
Romell Armstrong,LP031341,Leukopak Donation,09/03/2025 9:55 am,Passed,CE0010720,09/23/2025,570-19-4854,
Romell Armstrong,LP033470,Leukopak Donation,01/15/2026 12:10 pm,Failed,CE0010720,,570-19-4854,Failed screening due to low HGB
Romeo Sepulia,LP036336,Leukopak Donation,06/29/2026 10:38 am,Passed,CE0010969,07/16/2026,607-38-4143,
Romeo Sepulia,LP029063,Leukopak Donation,04/23/2025 1:30 pm,Passed,CE0010969,05/05/2025,607-38-4143,
Romeo Sepulia,LP030431,Leukopak Donation,07/14/2025 6:18 am,Passed,CE0010969,07/30/2025,607-38-4143,
Romeo Sepulia,LP034803,Leukopak Donation,03/25/2026 2:21 pm,Passed,CE0010969,04/08/2026,607-38-4143,
Romeo Sepulia,LP035165,Leukopak Donation,04/14/2026 6:34 am,Passed,CE0010969,05/13/2026,607-38-4143,
Ronald Alvarado,LP026157,Leukopak Donation,10/08/2024 9:25 am,Passed,CE0006475,11/04/2024,624-27-1792,
Ronald Alvarado,LP036464,Leukopak Donation,07/08/2026 3:01 pm,Passed,CE0006475,07/20/2026,624-27-1792,
Ronald Alvarado,LP035684,Leukopak Donation,05/14/2026 10:29 am,Passed,CE0006475,06/02/2026,624-27-1792,
Ronald Alvarado,LP027513,Leukopak Donation,01/13/2025 7:46 am,Passed,CE0006475,02/03/2025,624-27-1792,passed per notes -sj
Ronald Alvarado,LP028015,Leukopak Donation,02/18/2025 9:45 am,Passed,CE0006475,03/10/2025,624-27-1792,
Ronald Alvarado,LP026829,Leukopak Donation,11/19/2024 6:52 am,Passed,CE0006475,12/09/2024,624-27-1792,
Ronald Alvarado,LP031420,Leukopak Donation,09/11/2025 11:03 am,Passed,CE0006475,10/02/2025,624-27-1792,Arrived at 9:05am. 1 hour 5 mins late
Ronald Alvarado,LP030800,Leukopak Donation,08/04/2025 10:37 am,Passed,CE0006475,08/27/2025,624-27-1792,
Ronald Alvarado,LP029188,Leukopak Donation,05/01/2025 7:07 am,Passed,CE0006475,05/22/2025,624-27-1792,
Ronald Alvarado,LP028594,Leukopak Donation,03/25/2025 8:44 am,Passed,CE0006475,04/14/2025,624-27-1792,
Ronald Alvarado,LP030238,Leukopak Donation,06/30/2025 6:18 am,Passed,CE0006475,07/22/2025,624-27-1792,
Ronald Alvarado,LP034946,Leukopak Donation,04/01/2026 2:22 pm,Passed,CE0006475,04/14/2026,624-27-1792,
Ronald Alvarado,LP033397,Leukopak Donation,01/12/2026 2:32 pm,Passed,CE0006475,02/03/2026,624-27-1792,
Ronald Alvarado,LP032301,Leukopak Donation,10/29/2025 10:24 am,Passed,CE0006475,11/20/2025,624-27-1792,
Ronald Alvarado,LP034169,Leukopak Donation,02/24/2026 7:24 am,Passed,CE0006475,03/10/2026,624-27-1792,
Ronney Fox,LP032243,Leukopak Donation,10/28/2025 9:38 am,Failed,CE0011014,11/18/2025,370-13-9305,"run time 15 minutes d/t donor reaction, possible hemolysis."
Ronney Fox,LP031004,Leukopak Donation,08/18/2025 8:45 am,Passed,CE0011014,09/08/2025,370-13-9305,
Ronney Fox,LP029396,Leukopak Donation,05/12/2025 3:31 pm,Passed,CE0011014,06/02/2025,370-13-9305,
Roverick Josef,LP034085,Leukopak Donation,02/18/2026 6:15 am,Passed,CE0011351,03/16/2026,332-93-4850,
Roverick Josef,LP032352,Leukopak Donation,11/03/2025 7:22 am,Passed,CE0011351,11/24/2025,332-93-4850,
Roverick Josef,LP034894,Leukopak Donation,03/31/2026 11:12 am,Passed,CE0011351,04/21/2026,332-93-4850,
Roverick Josef,LP036218,Leukopak Donation,06/18/2026 11:10 am,Passed,CE0011351,07/15/2026,332-93-4850,
Roy Randle,LP036012,Leukopak Donation,06/02/2026 12:28 pm,Passed,CE0011584,06/23/2026,603-78-3995,
Roy Randle,LP035473,Leukopak Donation,04/30/2026 8:45 am,Passed,CE0011584,05/12/2026,603-78-3995,
Ruben Payan-Morfin,LP029906,Leukopak Donation,06/10/2025 6:23 am,Passed,CE0010067,06/10/2025,618-37-2511,
Ruby Gallardo,LP027710,Leukopak Donation,01/24/2025 9:47 am,Passed,CE0009049,02/10/2025,617-36-4558,
Ruby Gallardo,LP036183,Leukopak Donation,06/17/2026 10:47 am,Passed,CE0009049,07/14/2026,617-36-4558,
Ruby Gallardo,LP030400,Leukopak Donation,07/10/2025 7:29 am,Passed,CE0009049,07/30/2025,617-36-4558,
Ruby Gallardo,LP031261,Leukopak Donation,08/29/2025 9:29 am,Cancelled by Donor,CE0009049,,617-36-4558,09/16/2025
Ruby Gallardo,LP031780,Leukopak Donation,09/29/2025 2:18 pm,Passed,CE0009049,10/15/2025,617-36-4558,
Ruby Gallardo,LP034291,Leukopak Donation,02/27/2026 9:19 am,Passed,CE0009049,03/09/2026,617-36-4558,
Rufus Barker,LP033576,Leukopak Donation,01/22/2026 10:35 am,Passed,CE0011449,02/23/2026,556-93-0260,
Rufus Barker,LP034928,Leukopak Donation,04/01/2026 10:30 am,Passed,CE0011449,04/13/2026,556-93-0260,
Rufus Barker,LP036249,Leukopak Donation,06/22/2026 12:10 pm,Cancelled by Canventa,CE0011449,,556-93-0260,ETA 1 hr
Rufus Barker,LP036676,Leukopak Donation,07/22/2026 9:47 am,Pending,CE0011449,,556-93-0260,
Rufus Barker,LP035788,Leukopak Donation,05/20/2026 8:37 am,Passed,CE0011449,06/03/2026,556-93-0260,
Ryan Brookter,LP034176,Leukopak Donation,02/24/2026 7:57 am,Passed,CE0011343,03/05/2026,573-71-4791,
Ryan Brookter,LP032781,Leukopak Donation,12/01/2025 1:52 pm,Passed,CE0011343,12/23/2025,573-71-4791,
Ryan Brookter,LP035180,Leukopak Donation,04/14/2026 10:37 am,Cancelled by Donor,CE0011343,,573-71-4791,04/29/2026
Ryan Brookter,LP035545,Leukopak Donation,05/06/2026 9:24 am,Passed,CE0011343,05/12/2026,573-71-4791,
Ryan Brookter,LP036148,Leukopak Donation,06/11/2026 3:02 pm,Passed,CE0011343,06/29/2026,573-71-4791,
Ryan Pittman,LP027396,Leukopak Donation,01/06/2025 10:34 am,Passed,CE0007381,01/23/2025,642-07-2268,
Ryan Pittman,LP026392,Leukopak Donation,10/23/2024 12:34 pm,Passed,CE0007381,11/12/2024,642-07-2268,
Ryan Pittman,LP036252,Leukopak Donation,06/22/2026 12:44 pm,Passed,CE0007381,07/21/2026,642-07-2268,
Ryan Pittman,LP028964,Leukopak Donation,04/17/2025 2:04 pm,Passed,CE0007381,04/28/2025,642-07-2268,
Ryan Pittman,LP029772,Leukopak Donation,06/02/2025 1:48 pm,Passed,CE0007381,06/12/2025,642-07-2268,
Ryan Pittman,LP034857,Leukopak Donation,03/30/2026 10:55 am,Passed,CE0007381,04/06/2026,642-07-2268,
Ryan Rucker,LP033014,Leukopak Donation,12/11/2025 11:00 am,Passed,CE0011097,01/07/2026,611-88-3152,
Ryan Rucker,LP034864,Leukopak Donation,03/31/2026 7:42 am,Passed,CE0011097,04/01/2026,611-88-3152,
Ryan Rucker,LP034572,Leukopak Donation,03/13/2026 10:55 am,Cancelled by Donor,CE0011097,,611-88-3152,03/30/2026- ETA extended past 15mins.
Ryan Rucker,LP035450,Leukopak Donation,04/28/2026 3:36 pm,Cancelled by Donor,CE0011097,,611-88-3152,05/14/2026- ETA extended past 15mins.
Ryan Rucker,LP032140,Leukopak Donation,10/20/2025 1:52 pm,Passed,CE0011097,11/04/2025,611-88-3152,
Ryan Rucker,LP036355,Leukopak Donation,06/30/2026 10:22 am,Passed,CE0011097,07/20/2026,611-88-3152,
Ryan Rucker,LP035987,Leukopak Donation,06/01/2026 12:00 pm,Cancelled by Donor,CE0011097,,611-88-3152,06/16/2026-canceled morning of
Ryan Wakefield,LP026482,Leukopak Donation,10/29/2024 4:25 pm,Cancelled by Donor,CE0010729,,616-35-6560,11/6
Ryan Wheat,LP026793,Leukopak Donation,11/18/2024 9:15 am,Passed,CE0006710,12/03/2024,604-64-0505,
Ryan Wheat,LP027797,Leukopak Donation,01/28/2025 11:22 am,Passed,CE0006710,02/24/2025,604-64-0505,59mins collection time d/t centrifuge leak. no Rinseback.
Ryan Wheat,LP026107,Leukopak Donation,10/03/2024 12:05 pm,Passed,CE0006710,10/29/2024,604-64-0505,
Ryan Wheat,LP028755,Leukopak Donation,04/03/2025 10:50 am,Cancelled by Canventa,CE0006710,,604-64-0505,4/14/2025 Donor came in with facial bruising
Ryan Wheat,LP028900,Leukopak Donation,04/15/2025 7:14 am,Passed,CE0006710,04/28/2025,604-64-0505,
Ryan Wheat,LP029458,Leukopak Donation,05/14/2025 3:35 pm,Passed,CE0006710,06/02/2025,604-64-0505,
Ryan Wheat,LP032374,Leukopak Donation,11/03/2025 1:54 pm,Passed,CE0006710,11/25/2025,604-64-0505,
Ryan Wheat,LP035352,Leukopak Donation,04/22/2026 8:31 am,Passed,CE0006710,05/05/2026,604-64-0505,
Sabina Sanchez-Vargas,LP027840,Leukopak Donation,01/30/2025 7:24 am,Cancelled by Donor,CE0010587,,619-15-8835,
Sabina Sanchez-Vargas,LP026278,Leukopak Donation,10/15/2024 10:01 am,Passed,CE0010587,10/29/2024,619-15-8835,
Sabrina Sousa,LP035906,Leukopak Donation,05/27/2026 11:26 am,Passed,CE0011603,06/29/2026,610-23-2072,
Sabrina Sousa,LP035622,Leukopak Donation,05/08/2026 9:25 am,Passed,CE0011603,05/22/2026,610-23-2072,
Sabrina Sousa,LP036655,Leukopak Donation,07/20/2026 2:08 pm,Pending,CE0011603,,610-23-2072,
Sacha Desousa,LP035675,Leukopak Donation,05/14/2026 8:04 am,Passed,CE0010930,06/02/2026,547-47-2427,
Sacha Desousa,LP036285,Leukopak Donation,06/24/2026 10:14 am,Passed,CE0010930,07/09/2026,547-47-2427,
Sacha Desousa,LP028279,Leukopak Donation,03/04/2025 6:34 am,Passed,CE0010930,03/11/2025,547-47-2427,
Sacha Desousa,LP030109,Leukopak Donation,06/23/2025 6:29 am,Passed,CE0010930,07/15/2025,547-47-2427,
Sacha Desousa,LP029500,Leukopak Donation,05/19/2025 6:56 am,Passed,CE0010930,06/03/2025,547-47-2427,
Sacha Desousa,LP028859,Leukopak Donation,04/10/2025 10:58 am,Cancelled by Donor,CE0010930,,547-47-2427,4/29/2025
Sacil Quezada,LP036258,Leukopak Donation,06/23/2026 9:50 am,Pending,CE0011630,,603-68-8843,
"Sadie ""Marco"" Aguilera",LP027410,Leukopak Donation,01/06/2025 12:36 pm,Cancelled by Donor,CE0008090,,605-13-0617,01/21/2025
"Sadie ""Marco"" Aguilera",LP026475,Leukopak Donation,10/29/2024 10:20 am,Passed,CE0008090,10/30/2024,605-13-0617,
"Sadie ""Marco"" Aguilera",LP027960,Leukopak Donation,02/10/2025 10:55 am,Cancelled by Donor,CE0008090,,605-13-0617,03/06/2025
"Sadie ""Marco"" Aguilera",LP032128,Leukopak Donation,10/20/2025 9:58 am,Passed,CE0008090,11/03/2025,605-13-0617,
"Sadie ""Marco"" Aguilera",LP031113,Leukopak Donation,08/21/2025 3:49 pm,Passed,CE0008090,08/28/2025,605-13-0617,
"Sadie ""Marco"" Aguilera",LP029430,Leukopak Donation,05/13/2025 2:55 pm,Passed,CE0008090,05/27/2025,605-13-0617,
"Sadie ""Marco"" Aguilera",LP033922,Leukopak Donation,02/05/2026 2:47 pm,Passed,CE0008090,02/10/2026,605-13-0617,
"Sadie ""Marco"" Aguilera",LP035364,Leukopak Donation,04/23/2026 8:46 am,Passed,CE0008090,05/07/2026,605-13-0617,
"Sadie ""Marco"" Aguilera",LP034566,Leukopak Donation,03/13/2026 9:49 am,Cancelled by Donor,CE0008090,,605-13-0617,cancelled. sick
Sage Alvarez,LP034229,Leukopak Donation,02/25/2026 1:00 pm,Passed,CE0011508,03/03/2026,574351954,"183"" run per MFG request"
Sage Sunflower,LP027087,Leukopak Donation,12/05/2024 12:39 pm,Passed,CE0010776,12/12/2024,542-26-4462,
Sage Sunflower,LP028267,Leukopak Donation,03/03/2025 2:10 pm,Passed,CE0010776,03/11/2025,542-26-4462,
Sage Sunflower,LP028932,Leukopak Donation,04/16/2025 2:27 pm,Cancelled by Donor,CE0010776,,542-26-4462,4/24/2025
Sage Sunflower,LP029229,Leukopak Donation,05/02/2025 9:55 am,Passed,CE0010776,05/05/2025,542-26-4462,
Sage Sunflower,LP029809,Leukopak Donation,06/04/2025 1:31 pm,No Show,CE0010776,,542-26-4462,6/9/2025
Sam Jagan Mohan,LP031282,Leukopak Donation,08/29/2025 1:21 pm,Passed,CE0008536,09/17/2025,855-26-0914,
Samaiah Haynes,LP031818,Leukopak Donation,09/30/2025 2:56 pm,Failed,CE0011320,10/22/2025,614-47-3308,failed to obtain access
Samaiah Haynes,LP035623,Leukopak Donation,05/08/2026 9:47 am,Passed,CE0011320,06/08/2026,614-47-3308,
Samaiah Haynes,LP035191,Leukopak Donation,04/14/2026 1:34 pm,Passed,CE0011320,05/04/2026,614-47-3308,
Samaiah Haynes,LP032278,Leukopak Donation,10/28/2025 11:54 am,Passed,CE0011320,11/13/2025,614-47-3308,
Samaiah Haynes,LP033831,Leukopak Donation,02/02/2026 2:36 pm,Passed,CE0011320,02/10/2026,614-47-3308,
Samaiah Haynes,LP034544,Leukopak Donation,03/12/2026 10:46 am,Passed,CE0011320,03/25/2026,614-47-3308,
Samuel Chavez,LP027064,Leukopak Donation,12/05/2024 8:28 am,Passed,CE0010504,12/16/2024,605-25-3349,
Samuel Chavez,LP028032,Leukopak Donation,02/18/2025 2:57 pm,Cancelled by Donor,CE0010504,,605-25-3349,03/03/2025
Samuel Chavez,LP026273,Leukopak Donation,10/15/2024 8:17 am,Passed,CE0010504,10/22/2024,605-25-3349,
Samuel Chavez,LP028549,Leukopak Donation,03/24/2025 6:49 am,Failed,CE0010504,,605-25-3349,low HGB
Samuel Chavez,LP035644,Leukopak Donation,05/11/2026 1:56 pm,Passed,CE0010504,06/01/2026,605-25-3349,
Samuel Johnson,LP033698,Leukopak Donation,01/28/2026 1:54 pm,Passed,CE0010268,02/03/2026,603-43-7692,
Samuel Johnson,LP035877,Leukopak Donation,05/26/2026 2:21 pm,Passed,CE0010268,06/16/2026,603-43-7692,
Samuel Johnson,LP036345,Leukopak Donation,06/30/2026 9:08 am,Passed,CE0010268,07/21/2026,603-43-7692,
Samuel Johnson,LP030956,Leukopak Donation,08/14/2025 7:06 am,Cancelled by Donor,CE0010268,,603-43-7692,09/03/2025
Samuel Johnson,LP032237,Leukopak Donation,10/28/2025 9:24 am,Passed,CE0010268,11/07/2025,603-43-7692,
Samuel Johnson,LP028885,Leukopak Donation,04/14/2025 9:34 am,Passed,CE0010268,04/22/2025,603-43-7692,
Samuel Johnson,LP029873,Leukopak Donation,06/09/2025 6:08 am,Passed,CE0010268,06/09/2025,603-43-7692,
Samuel Johnson,LP034187,Leukopak Donation,02/24/2026 10:03 am,No Show,CE0010268,,603-43-7692,
Samuel Johnson,LP035155,Leukopak Donation,04/13/2026 2:24 pm,Passed,CE0010268,05/05/2026,603-43-7692,
Samuel Johnson,LP034735,Leukopak Donation,03/23/2026 1:09 pm,Passed,CE0010268,03/25/2026,603-43-7692,
Samuel McDuffie,LP030353,Leukopak Donation,07/08/2025 9:34 am,Passed,CE0011181,07/23/2025,561-85-4527,
Samuel McDuffie,LP031074,Leukopak Donation,08/20/2025 11:35 am,Passed,CE0011181,08/27/2025,561-85-4527,
Samuel McDuffie,LP032144,Leukopak Donation,10/21/2025 10:26 am,Passed,CE0011181,10/22/2025,561-85-4527,
Samuel McDuffie,LP032382,Leukopak Donation,11/04/2025 10:51 am,Passed,CE0011181,11/26/2025,561-85-4527,
Sandra Loyola,LP034681,Leukopak Donation,03/18/2026 2:35 pm,Passed,CE0009099,03/27/2026,623-64-8193,
Sandra Loyola,LP029899,Leukopak Donation,06/09/2025 1:13 pm,Passed,CE0009099,07/01/2025,623-64-8193,
Sandra Loyola,LP029306,Leukopak Donation,05/07/2025 11:12 am,Passed,CE0009099,05/27/2025,623-64-8193,
Sandra Loyola,LP031820,Leukopak Donation,09/30/2025 3:05 pm,Cancelled by Donor,CE0009099,,623-64-8193,10/27/2025
Sandra Loyola,LP027648,Leukopak Donation,01/22/2025 4:13 pm,Passed,CE0009099,02/11/2025,623-64-8193,
Sara Jones,LP028176,Leukopak Donation,02/27/2025 8:42 am,Passed,CE0010941,03/03/2025,624-49-3717,
Sara Jones,LP028670,Leukopak Donation,03/31/2025 10:13 am,Cancelled by Donor,CE0010941,,624-49-3717,04/09/2025
Sara Jones,LP028937,Leukopak Donation,04/16/2025 3:58 pm,Passed,CE0010941,04/23/2025,624-49-3717,
Sara Tousinezhad,LP034032,Leukopak Donation,02/13/2026 6:46 am,Passed,CE0011506,03/10/2026,606-68-4391,
Sara Tousinezhad,LP034817,Leukopak Donation,03/26/2026 10:22 am,Cancelled by Donor,CE0011506,,606-68-4391,
Sara Tousinezhad,LP035446,Leukopak Donation,04/28/2026 2:46 pm,Passed,CE0011506,05/27/2026,606-68-4391,
Sarah Boggs,LP031795,Leukopak Donation,09/30/2025 9:19 am,Cancelled by Donor,CE0010951,,621-32-9107,
Sarah Boggs,LP029467,Leukopak Donation,05/15/2025 9:57 am,Passed,CE0010951,06/02/2025,621-32-9107,
Sarah Boggs,LP028340,Leukopak Donation,03/07/2025 9:50 am,Passed,CE0010951,03/18/2025,621-32-9107,
Sarah Boston,LP036200,Leukopak Donation,06/17/2026 4:05 pm,Passed,CE0010164,07/08/2026,369-23-7577,
Sarah Boston,LP029715,Leukopak Donation,05/29/2025 10:40 am,Passed,CE0010164,06/16/2025,369-23-7577,
Sarah Boston,LP028542,Leukopak Donation,03/20/2025 3:19 pm,Passed,CE0010164,04/07/2025,369-23-7577,
Sarah Boston,LP029066,Leukopak Donation,04/23/2025 1:39 pm,Passed,CE0010164,05/12/2025,369-23-7577,
Sarah Boston,LP031791,Leukopak Donation,09/30/2025 9:12 am,Passed,CE0010164,10/21/2025,369-23-7577,
Sarah Boston,LP030289,Leukopak Donation,07/02/2025 6:26 am,Cancelled by Donor,CE0010164,,369-23-7577,07/28/2025
Sarah Boston,LP034790,Leukopak Donation,03/25/2026 11:07 am,Passed,CE0010164,04/14/2026,369-23-7577,
Sarah Boston,LP035248,Leukopak Donation,04/15/2026 1:52 pm,Cancelled by Donor,CE0010164,,369-23-7577,05/19/2026
Sarah Boston,LP032859,Leukopak Donation,12/04/2025 1:25 pm,Passed,CE0010164,12/23/2025,369-23-7577,
Sarah Boston,LP034147,Leukopak Donation,02/23/2026 8:21 am,Passed,CE0010164,03/10/2026,369-23-7577,
Sarah Boston,LP033637,Leukopak Donation,01/26/2026 11:32 am,Passed,CE0010164,02/03/2026,369-23-7577,
Sarah Carpenter,LP031481,Leukopak Donation,09/15/2025 11:11 am,Passed,CE0011140,10/22/2025,603-20-4855,
Sarah Carpenter,LP031007,Leukopak Donation,08/18/2025 9:32 am,Passed,CE0011140,09/11/2025,603-20-4855,
Sarah Carpenter,LP030551,Leukopak Donation,07/17/2025 10:39 am,Passed,CE0011140,08/07/2025,603-20-4855,
Sarah Carpenter,LP035578,Leukopak Donation,05/07/2026 7:19 am,Passed,CE0011140,05/28/2026,603-20-4855,
Sarah Carpenter,LP034172,Leukopak Donation,02/24/2026 7:46 am,Passed,CE0011140,03/10/2026,603-20-4855,
Sarah Carpenter,LP032602,Leukopak Donation,11/17/2025 10:06 am,Passed,CE0011140,12/11/2025,603-20-4855,
Sarah Carpenter,LP032510,Leukopak Donation,11/10/2025 10:55 am,Cancelled by Donor,CE0011140,,603-20-4855,
Sarah Carpenter,LP033293,Leukopak Donation,01/07/2026 9:48 am,Passed,CE0011140,01/30/2026,603-20-4855,
Sarah Carpenter,LP034746,Leukopak Donation,03/24/2026 6:33 am,Passed,CE0011140,04/15/2026,603-20-4855,
Sarah Doppler,LP034092,Leukopak Donation,02/18/2026 10:18 am,Passed,CE0005670,03/18/2026,466-47-6827,
Sarah Doppler,LP033865,Leukopak Donation,02/04/2026 9:16 am,Passed,CE0005670,02/10/2026,466-47-6827,
Sarah Doppler,LP032691,Leukopak Donation,11/20/2025 11:24 am,Passed,CE0005670,12/15/2025,466-47-6827,
Sarah Doppler,LP034785,Leukopak Donation,03/25/2026 10:13 am,Passed,CE0005670,04/22/2026,466-47-6827,
Sarah Doppler,LP028337,Leukopak Donation,03/06/2025 3:43 pm,Passed,CE0005670,03/25/2025,466-47-6827,
Sarah Doppler,LP027746,Leukopak Donation,01/27/2025 11:06 am,Passed,CE0005670,02/18/2025,466-47-6827,
Sarah Doppler,LP027190,Leukopak Donation,12/10/2024 10:36 am,Passed,CE0005670,01/07/2025,466-47-6827,
Sarah Doppler,LP026282,Leukopak Donation,10/15/2024 10:41 am,Passed,CE0005670,10/29/2024,466-47-6827,
Sarah Doppler,LP036382,Leukopak Donation,07/01/2026 3:16 pm,Passed,CE0005670,07/20/2026,466-47-6827,
Sarah Doppler,LP036154,Leukopak Donation,06/15/2026 6:52 am,Passed,CE0005670,06/15/2026,466-47-6827,
Sarah Doppler,LP032164,Leukopak Donation,10/22/2025 1:48 pm,Passed,CE0005670,11/05/2025,466-47-6827,
Sarah Doppler,LP031376,Leukopak Donation,09/04/2025 1:34 pm,Passed,CE0005670,09/29/2025,466-47-6827,
Sarah Doppler,LP030762,Leukopak Donation,07/30/2025 9:59 am,Passed,CE0005670,08/13/2025,466-47-6827,
Sarah Doppler,LP029704,Leukopak Donation,05/29/2025 8:34 am,Passed,CE0005670,06/25/2025,466-47-6827,
Sarah Doppler,LP028824,Leukopak Donation,04/08/2025 1:48 pm,Passed,CE0005670,04/29/2025,466-47-6827,
Saulo Santos,LP027102,Leukopak Donation,12/06/2024 9:01 am,Cancelled by Donor,CE0008684,,573-81-5232,
Sean Lukens,LP034819,Leukopak Donation,03/26/2026 11:27 am,Passed,CE0010480,04/23/2026,245-69-6145,M.S.G. note- 23 mins late
Sean Lukens,LP033572,Leukopak Donation,01/22/2026 8:21 am,Passed,CE0010480,02/10/2026,245-69-6145,
Sean Lukens,LP032365,Leukopak Donation,11/03/2025 1:16 pm,Passed,CE0010480,11/26/2025,245-69-6145,
Sean Lukens,LP036302,Leukopak Donation,06/25/2026 9:01 am,Passed,CE0010480,07/09/2026,245-69-6145,
Sean O'Shea-Reyff,LP032129,Leukopak Donation,10/20/2025 10:17 am,Passed,CE0011301,11/06/2025,611-21-9374,
Sean Rossi,LP035949,Leukopak Donation,05/28/2026 12:20 pm,Cancelled by Donor,CE0010261,,548-95-0715,
Sean Rossi,LP035374,Leukopak Donation,04/23/2026 2:55 pm,Passed,CE0010261,05/20/2026,548-95-0715,
Sean Rossi,LP032613,Leukopak Donation,11/17/2025 12:39 pm,Passed,CE0010261,12/22/2025,548-95-0715,
Sean Rossi,LP036618,Leukopak Donation,07/17/2026 2:55 pm,Pending,CE0010261,,548-95-0715,
Sean Rossi,LP031792,Leukopak Donation,09/30/2025 9:16 am,Passed,CE0010261,10/08/2025,548-95-0715,
Sean Rossi,LP029585,Leukopak Donation,05/22/2025 10:09 am,Passed,CE0010261,06/03/2025,548-95-0715,
Sean Rossi,LP034184,Leukopak Donation,02/24/2026 9:49 am,Passed,CE0010261,03/04/2026,548-95-0715,
Seneca Koontz,LP026100,Leukopak Donation,10/02/2024 3:59 pm,Passed,CE0010674,10/21/2024,169-76-1532,
Sergio Cois,LP032891,Leukopak Donation,12/08/2025 12:40 pm,Cancelled by Donor,CE0009596,,612-90-5782,Cancelled 1/5/2026
Sergio Cois,LP031312,Leukopak Donation,09/02/2025 11:29 am,Failed,CE0009596,,612-90-5782,poison oak rashes noted on bilateral arm.
Sergio Cois,LP031918,Leukopak Donation,10/07/2025 11:34 am,Passed,CE0009596,10/29/2025,612-90-5782,
Sergio Cois,LP030487,Leukopak Donation,07/15/2025 1:07 pm,Passed,CE0009596,08/11/2025,612-90-5782,
Sergio Cois,LP026934,Leukopak Donation,11/25/2024 10:24 am,Passed,CE0009596,11/26/2024,612-90-5782,
Shaheed Robinson,LP035841,Leukopak Donation,05/26/2026 7:40 am,Passed,CE0011571,06/23/2026,571-55-4881,
Shaheed Robinson,LP036434,Leukopak Donation,07/07/2026 2:21 pm,Pending,CE0011571,,571-55-4881,
Shaheed Robinson,LP035338,Leukopak Donation,04/21/2026 11:45 am,Passed,CE0011571,05/19/2026,571-55-4881,
Shaheed Robinson,LP034979,Leukopak Donation,04/02/2026 1:50 pm,Passed,CE0011571,04/14/2026,571-55-4881,
Shakur Bancus Ali,LP033356,Leukopak Donation,01/08/2026 4:24 pm,Cancelled by Donor,CE0011430,,195-80-4149,1/26/2026
Shane Mesuda,LP031473,Leukopak Donation,09/15/2025 6:52 am,Passed,CE0011073,09/30/2025,079-74-6642,
Shane Mesuda,LP029750,Leukopak Donation,06/02/2025 12:18 pm,Passed,CE0011073,06/25/2025,079-74-6642,
Shane Mesuda,LP036213,Leukopak Donation,06/18/2026 8:51 am,Passed,CE0011073,07/16/2026,079-74-6642,
Shane Mesuda,LP035632,Leukopak Donation,05/11/2026 10:02 am,Passed,CE0011073,06/11/2026,079-74-6642,
Shane Mesuda,LP035288,Leukopak Donation,04/17/2026 9:10 am,Passed,CE0011073,05/06/2026,079-74-6642,
Shane Mesuda,LP032656,Leukopak Donation,11/19/2025 10:51 am,Passed,CE0011073,12/17/2025,079-74-6642,
Shane Mesuda,LP033820,Leukopak Donation,02/02/2026 1:06 pm,Passed,CE0011073,02/25/2026,079-74-6642,
Shariyar Zarea,LP036362,Leukopak Donation,07/01/2026 10:52 am,Passed,CE0010279,07/21/2026,239-51-1106,
Sharon Maher,LP034774,Leukopak Donation,03/24/2026 3:43 pm,Passed,CE0011289,04/23/2026,550-91-3751,
Sharon Maher,LP034211,Leukopak Donation,02/25/2026 7:32 am,Passed,CE0011289,03/19/2026,550-91-3751,
Sharon Maher,LP033083,Leukopak Donation,12/17/2025 10:10 am,Passed,CE0011289,01/08/2026,550-91-3751,
Sharon Maher,LP036675,Leukopak Donation,07/22/2026 9:43 am,Pending,CE0011289,,550-91-3751,
Sharon Maher,LP035968,Leukopak Donation,06/01/2026 9:09 am,Passed,CE0011289,07/07/2026,550-91-3751,
Sharon Maher,LP031709,Leukopak Donation,09/24/2025 3:49 pm,Passed,CE0011289,10/29/2025,550-91-3751,
Shasta James,LP027824,Leukopak Donation,01/29/2025 4:23 pm,Passed,CE0010772,02/19/2025,244-15-1283,
Shasta James,LP035773,Leukopak Donation,05/20/2026 6:35 am,Passed,CE0010772,06/03/2026,244-15-1283,
Shasta James,LP034453,Leukopak Donation,03/05/2026 2:10 pm,Passed,CE0010772,03/19/2026,244-15-1283,
Shasta James,LP034702,Leukopak Donation,03/19/2026 4:06 pm,Passed,CE0010772,04/23/2026,244-15-1283,pass per fy26 sti sheet -sj
Shawnli Polsanghi,LP030348,Leukopak Donation,07/07/2025 3:21 pm,Passed,CE0011098,07/31/2025,603-76-7387,
Shawnli Polsanghi,LP029617,Leukopak Donation,05/22/2025 4:05 pm,Passed,CE0011098,06/12/2025,603-76-7387,
Shelby McClintock,LP027438,Leukopak Donation,01/08/2025 7:55 am,Passed,CE0010565,01/27/2025,621-68-1393,
Shelby McClintock,LP026618,Leukopak Donation,11/07/2024 3:58 pm,Passed,CE0010565,11/18/2024,621-68-1393,
Shelby McClintock,LP028309,Leukopak Donation,03/06/2025 9:25 am,Passed,CE0010565,03/11/2025,621-68-1393,
Shelby McClintock,LP030794,Leukopak Donation,08/04/2025 6:54 am,Passed,CE0010565,08/04/2025,621-68-1393,
Shelby McClintock,LP030947,Leukopak Donation,08/13/2025 1:36 pm,Failed,CE0010565,,621-68-1393,Hgb too low. Failed screening
Shelby McClintock,LP028702,Leukopak Donation,04/01/2025 10:18 am,Passed,CE0010565,04/21/2025,621-68-1393,
Shelby McClintock,LP029763,Leukopak Donation,06/02/2025 12:58 pm,Passed,CE0010565,06/30/2025,621-68-1393,
Shelby Milgrom,LP027799,Leukopak Donation,01/28/2025 11:55 am,Passed,CE0010904,02/24/2025,622-84-1073,
Sherafina Endarwan,LP026221,Leukopak Donation,10/10/2024 1:42 pm,Passed,CE0010789,10/22/2024,135-37-0003,
Sierra Klemann,LP026105,Leukopak Donation,10/03/2024 11:27 am,Cancelled by Donor,CE0010645,,619-33-9130,10/8
Sierra Klemann,LP027681,Leukopak Donation,01/23/2025 10:33 am,Passed,CE0010645,02/11/2025,619-33-9130,
Sierra Klemann,LP026983,Leukopak Donation,12/03/2024 10:28 am,Passed,CE0010645,12/09/2024,619-33-9130,
Sierra Klemann,LP029269,Leukopak Donation,05/06/2025 9:43 am,Passed,CE0010645,05/21/2025,619-33-9130,
Sirries Smith,LP033392,Leukopak Donation,01/12/2026 1:50 pm,Cancelled by Donor,CE0011391,,562-61-2578,
Sirries Smith,LP034416,Leukopak Donation,03/05/2026 7:38 am,Passed,CE0011391,03/27/2026,562-61-2578,
Sirries Smith,LP035652,Leukopak Donation,05/12/2026 1:41 pm,Passed,CE0011391,06/09/2026,562-61-2578,
SirVuant White,LP026573,Leukopak Donation,11/05/2024 10:35 am,Passed,CE0010449,11/14/2024,569-33-7332,
SirVuant White,LP027071,Leukopak Donation,12/05/2024 10:17 am,Passed,CE0010449,12/23/2024,569-33-7332,
SirVuant White,LP027522,Leukopak Donation,01/13/2025 12:06 pm,Passed,CE0010449,01/29/2025,569-33-7332,
SirVuant White,LP036256,Leukopak Donation,06/23/2026 7:25 am,No Show,CE0010449,,569-33-7332,07/07/2026- No show
SirVuant White,LP032615,Leukopak Donation,11/17/2025 12:48 pm,Passed,CE0010449,12/16/2025,569-33-7332,
SirVuant White,LP035619,Leukopak Donation,05/08/2026 9:13 am,Passed,CE0010449,06/01/2026,569-33-7332,
SirVuant White,LP036468,Leukopak Donation,07/09/2026 6:25 am,Failed,CE0010449,,569-33-7332,"HR readings: 0713 (HR 116), 0716 (HR 112), 0730 (HR 106). Unable to proceed with LP collection"
SirVuant White,LP031290,Leukopak Donation,08/29/2025 1:52 pm,Failed,CE0010449,,569-33-7332,Failed screening due to clarification of blood pressure medication. Donor stated taking a combination blood pressure medication.
SirVuant White,LP028392,Leukopak Donation,03/12/2025 9:40 am,Passed,CE0010449,03/13/2025,569-33-7332,
SirVuant White,LP029189,Leukopak Donation,05/01/2025 8:04 am,Passed,CE0010449,05/13/2025,569-33-7332,
SirVuant White,LP030210,Leukopak Donation,06/25/2025 11:41 am,Passed,CE0010449,07/28/2025,569-33-7332,
SirVuant White,LP033606,Leukopak Donation,01/23/2026 11:49 am,Passed,CE0010449,02/02/2026,569-33-7332,Run time cut 8 minutes short due to donor reaction
SirVuant White,LP034433,Leukopak Donation,03/05/2026 11:26 am,Passed,CE0010449,03/18/2026,569-33-7332,
SirVuant White,LP035153,Leukopak Donation,04/13/2026 1:58 pm,Passed,CE0010449,04/24/2026,569-33-7332,
Sofia Rodriguez Miguel,LP036377,Leukopak Donation,07/01/2026 2:07 pm,Pending,CE0011316,,607-74-2255,
Sofia Rodriguez Miguel,LP034273,Leukopak Donation,02/26/2026 1:28 pm,Passed,CE0011316,03/09/2026,607-74-2255,
Sofia Rodriguez Miguel,LP034748,Leukopak Donation,03/24/2026 10:28 am,Passed,CE0011316,04/20/2026,607-74-2255,
Sofia Rodriguez Miguel,LP035700,Leukopak Donation,05/14/2026 1:50 pm,Cancelled by Donor,CE0011316,,607-74-2255,eta +40 min
Sofia Schmitt,LP036391,Leukopak Donation,07/02/2026 9:26 am,Passed,CE0010992,07/13/2026,610-53-1672,
Sofia Schmitt,LP028787,Leukopak Donation,04/07/2025 9:44 am,Passed,CE0010992,04/08/2025,610-53-1672,
Sondrene Stevenson,LP034672,Leukopak Donation,03/18/2026 1:32 pm,Passed,CE0010243,04/01/2026,614-52-4950,
Sondrene Stevenson,LP035245,Leukopak Donation,04/15/2026 1:30 pm,Passed,CE0010243,05/12/2026,614-52-4950,
Sondrene Stevenson,LP032437,Leukopak Donation,11/06/2025 10:51 am,Passed,CE0010243,12/04/2025,614-52-4950,
Sondrene Stevenson,LP029543,Leukopak Donation,05/20/2025 1:15 pm,Passed,CE0010243,06/10/2025,614-52-4950,
Sondrene Stevenson,LP028522,Leukopak Donation,03/20/2025 9:26 am,Passed,CE0010243,04/01/2025,614-52-4950,
Sondrene Stevenson,LP029079,Leukopak Donation,04/24/2025 10:01 am,Passed,CE0010243,05/06/2025,614-52-4950,
Sondrene Stevenson,LP031045,Leukopak Donation,08/19/2025 10:46 am,No Show,CE0010243,,614-52-4950,No show 9/2/2025
Sondrene Stevenson,LP030296,Leukopak Donation,07/02/2025 10:31 am,Passed,CE0010243,07/21/2025,614-52-4950,
Sondrene Stevenson,LP031822,Leukopak Donation,09/30/2025 3:07 pm,Passed,CE0010243,10/30/2025,614-52-4950,
Sondrene Stevenson,LP027908,Leukopak Donation,02/04/2025 11:07 am,Passed,CE0010243,02/25/2025,614-52-4950,
Sondrene Stevenson,LP026627,Leukopak Donation,11/08/2024 12:39 pm,Passed,CE0010243,11/18/2024,614-52-4950,
Sondrene Stevenson,LP027153,Leukopak Donation,12/09/2024 1:41 pm,Passed,CE0010243,01/06/2025,614-52-4950,
Sondrene Stevenson,LP036449,Leukopak Donation,07/08/2026 9:33 am,Pending,CE0010243,,614-52-4950,
Sondrene Stevenson,LP035880,Leukopak Donation,05/26/2026 2:39 pm,Passed,CE0010243,06/17/2026,614-52-4950,
Sonia Avalos-Regin,LP029264,Leukopak Donation,05/06/2025 8:31 am,Passed,CE0011054,05/06/2025,615-06-3301,
Sonia Powell,LP028124,Leukopak Donation,02/25/2025 9:55 am,Cancelled by Donor,CE0010879,,341-80-8676,03/04/2025
Sonia Powell,LP027358,Leukopak Donation,01/02/2025 12:32 pm,Passed,CE0010879,01/14/2025,341-80-8676,
Sonny White,LP035826,Leukopak Donation,05/21/2026 4:22 pm,Passed,CE0011556,06/11/2026,455-75-1303,
Sonny White,LP034745,Leukopak Donation,03/23/2026 2:26 pm,Cancelled by Donor,CE0011556,,455-75-1303,
Sonny White,LP035168,Leukopak Donation,04/14/2026 7:21 am,Passed,CE0011556,04/29/2026,455-75-1303,
Sophia Storani De Souza,LP034836,Leukopak Donation,03/27/2026 7:07 am,Passed,CE0011536,04/10/2026,859-26-5736,
Sophia Storani De Souza,LP034452,Leukopak Donation,03/05/2026 2:09 pm,Cancelled by Donor,CE0011536,,859-26-5736,03/19/2026
Sophia Storani De Souza,LP036248,Leukopak Donation,06/22/2026 11:58 am,Pending,CE0011536,,859-26-5736,
Stella White,LP026064,Leukopak Donation,10/01/2024 3:50 pm,Failed,CE0008464,,602-43-6367,Failed collection d/t unresolved access alarms. 63 mins run time.
Stella White,LP027608,Leukopak Donation,01/17/2025 9:21 am,Cancelled by Donor,CE0008464,,602-43-6367,2/4
Stephanie Benjamin,LP029620,Leukopak Donation,05/23/2025 7:43 am,Passed,CE0011090,06/11/2025,617-86-2771,
Stephanie Benjamin,LP031854,Leukopak Donation,10/02/2025 1:23 pm,Passed,CE0011090,10/23/2025,617-86-2771,
Stephanie Benjamin,LP031149,Leukopak Donation,08/26/2025 6:25 am,Passed,CE0011090,09/09/2025,617-86-2771,
Stephanie Benjamin,LP030546,Leukopak Donation,07/17/2025 10:10 am,No Show,CE0011090,,617-86-2771,8/7/2025
Stephanie Benjamin,LP032514,Leukopak Donation,11/10/2025 10:58 am,Passed,CE0011090,12/01/2025,617-86-2771,
Stephanie Benjamin,LP033528,Leukopak Donation,01/20/2026 4:09 pm,Passed,CE0011090,01/29/2026,617-86-2771,
Stephanie Benjamin,LP034180,Leukopak Donation,02/24/2026 9:45 am,No Show,CE0011090,,617-86-2771,03/09/2026
Stephanie Benjamin,LP034728,Leukopak Donation,03/23/2026 11:29 am,Failed,CE0011090,,617-86-2771,"Donor failed screening, no product collected"
Stephanie Mackler,LP035754,Leukopak Donation,05/19/2026 10:58 am,Passed,CE0011476,06/04/2026,570-977-726,
Stephanie Mackler,LP034947,Leukopak Donation,04/01/2026 2:47 pm,Passed,CE0011476,04/16/2026,570-977-726,
Stephanie Mackler,LP033927,Leukopak Donation,02/05/2026 3:11 pm,Passed,CE0011476,03/05/2026,570-977-726,
"Stephen ""Rew"" Sommerkamp",LP035808,Leukopak Donation,05/21/2026 8:38 am,Failed,CE0009924,,497-11-0443,Low HGB
"Stephen ""Rew"" Sommerkamp",LP035697,Leukopak Donation,05/14/2026 1:02 pm,Failed,CE0009924,,497-11-0443,HGB too low
"Stephen ""Rew"" Sommerkamp",LP035828,Leukopak Donation,05/21/2026 4:24 pm,Cancelled by Canventa,CE0009924,,497-11-0443,
"Stephen ""Rew"" Sommerkamp",LP032586,Leukopak Donation,11/13/2025 2:47 pm,Passed,CE0009924,12/03/2025,497-11-0443,
Stephen Chang,LP026054,Leukopak Donation,10/01/2024 11:15 am,Passed,CE0010322,10/08/2024,612-92-9977,
Stephen Yip,LP027336,Leukopak Donation,01/02/2025 7:52 am,Passed,CE0009567,01/07/2025,613-08-4452,
Sterling Craig,LP036267,Leukopak Donation,06/23/2026 12:02 pm,Passed,CE0011342,07/15/2026,621317888,
Sterling Craig,LP035349,Leukopak Donation,04/22/2026 8:21 am,Passed,CE0011342,05/06/2026,621317888,
Sterling Craig,LP034528,Leukopak Donation,03/11/2026 11:55 am,Passed,CE0011342,03/18/2026,621317888,
Sterling Craig,LP033773,Leukopak Donation,01/30/2026 10:45 am,Passed,CE0011342,02/05/2026,621317888,
"Steven ""Stevon"" Williams",LP035419,Leukopak Donation,04/27/2026 1:53 pm,Passed,CE0011597,05/13/2026,622-13-0611,
Steven Foster,LP034804,Leukopak Donation,03/25/2026 2:31 pm,Cancelled by Donor,CE0011558,,615-76-5268,04/07/2026
Steven Foster,LP035269,Leukopak Donation,04/16/2026 10:22 am,Passed,CE0011558,04/22/2026,615-76-5268,
Synthya Solano,LP033212,Leukopak Donation,01/05/2026 10:32 am,Passed,CE0010875,01/13/2026,620-76-5537,
Synthya Solano,LP032356,Leukopak Donation,11/03/2025 9:37 am,Passed,CE0010875,11/25/2025,620-76-5537,
Synthya Solano,LP033961,Leukopak Donation,02/10/2026 8:15 am,Passed,CE0010875,02/19/2026,620-76-5537,
Synthya Solano,LP034502,Leukopak Donation,03/10/2026 9:39 am,Passed,CE0010875,03/26/2026,620-76-5537,
Synthya Solano,LP031427,Leukopak Donation,09/11/2025 1:17 pm,Passed,CE0010875,10/14/2025,620-76-5537,
Synthya Solano,LP031083,Leukopak Donation,08/21/2025 6:42 am,Cancelled by Canventa,CE0010875,,620-76-5537,
Synthya Solano,LP031092,Leukopak Donation,08/21/2025 8:31 am,Passed,CE0010875,09/09/2025,620-76-5537,
Synthya Solano,LP028791,Leukopak Donation,04/07/2025 10:16 am,Passed,CE0010875,04/10/2025,620-76-5537,
Synthya Solano,LP029237,Leukopak Donation,05/05/2025 9:14 am,Passed,CE0010875,05/19/2025,620-76-5537,
Synthya Solano,LP030266,Leukopak Donation,07/01/2025 7:11 am,Passed,CE0010875,07/28/2025,620-76-5537,
Synthya Solano,LP029708,Leukopak Donation,05/29/2025 9:39 am,Passed,CE0010875,06/23/2025,620-76-5537,
Synthya Solano,LP036171,Leukopak Donation,06/16/2026 11:22 am,Cancelled by Donor,CE0010875,,620-76-5537,07/13/2026
Synthya Solano,LP035126,Leukopak Donation,04/13/2026 10:34 am,Passed,CE0010875,04/30/2026,620-76-5537,
Synthya Solano,LP035786,Leukopak Donation,05/20/2026 8:29 am,Passed,CE0010875,06/08/2026,620-76-5537,
Synthya Solano,LP028368,Leukopak Donation,03/11/2025 7:48 am,Cancelled by Donor,CE0010875,,620-76-5537,3/20/2025
Synthya Solano,LP028180,Leukopak Donation,02/27/2025 9:39 am,Cancelled by Donor,CE0010875,,620-76-5537,
Synthya Solano,LP027299,Leukopak Donation,12/18/2024 10:34 am,Passed,CE0010875,01/14/2025,620-76-5537,
Taiwo Mustafa,LP027796,Leukopak Donation,01/28/2025 11:18 am,Passed,CE0009509,02/18/2025,215-73-7028,
Taiwo Mustafa,LP027180,Leukopak Donation,12/10/2024 9:50 am,Passed,CE0009509,01/06/2025,215-73-7028,
Taiwo Mustafa,LP026664,Leukopak Donation,11/12/2024 9:25 am,Passed,CE0009509,12/02/2024,215-73-7028,
Taiwo Mustafa,LP029792,Leukopak Donation,06/03/2025 4:32 pm,Passed,CE0009509,06/23/2025,215-73-7028,
Taiwo Mustafa,LP031421,Leukopak Donation,09/11/2025 11:11 am,Passed,CE0009509,10/20/2025,215-73-7028,
Tajue Wyrick,LP035596,Leukopak Donation,05/07/2026 12:05 pm,Passed,CE0008751,05/21/2026,621-86-0841,169 min runtime. Loss of access
Tajue Wyrick,LP036054,Leukopak Donation,06/03/2026 1:12 pm,Cancelled by Donor,CE0008751,,621-86-0841,
Takaaki Yamaguchi,LP034271,Leukopak Donation,02/26/2026 1:23 pm,No Show,CE0011221,,586-15-6245,no show 3/3
Takaaki Yamaguchi,LP031947,Leukopak Donation,10/08/2025 3:45 pm,Passed,CE0011221,10/30/2025,586-15-6245,
Tamara Aguilar,LP034891,Leukopak Donation,03/31/2026 10:51 am,Passed,CE0008629,04/30/2026,614-31-9402,
Tamara Aguilar,LP036239,Leukopak Donation,06/22/2026 11:20 am,Passed,CE0008629,06/24/2026,614-31-9402,
Tamara Aguilar,LP034402,Leukopak Donation,03/04/2026 1:35 pm,Passed,CE0008629,03/16/2026,614-31-9402,
Tamara Aguilar,LP033967,Leukopak Donation,02/10/2026 9:56 am,Cancelled by Donor,CE0008629,,614-31-9402,"cancelled, sick 2/25/2026"
Tamara Aguilar,LP033240,Leukopak Donation,01/05/2026 2:52 pm,Passed,CE0008629,01/14/2026,614-31-9402,
Tamara Aguilar,LP032449,Leukopak Donation,11/06/2025 12:16 pm,Passed,CE0008629,12/02/2025,614-31-9402,
Tamika Brown,LP036304,Leukopak Donation,06/25/2026 9:41 am,Passed,CE0007436,07/08/2026,569-45-8400,
Tamika Brown,LP035653,Leukopak Donation,05/12/2026 1:56 pm,Passed,CE0007436,05/19/2026,569-45-8400,
Tania Clay,LP034955,Leukopak Donation,04/01/2026 4:40 pm,Cancelled by Donor,CE0008024,,447-72-8888,04/08/2026- Morning of cancellation
Tania Clay,LP035166,Leukopak Donation,04/14/2026 6:49 am,Passed,CE0008024,04/24/2026,447-72-8888,
Tania Clay,LP028940,Leukopak Donation,04/16/2025 4:04 pm,Cancelled by Donor,CE0008024,,447-72-8888,5/1/2025-Morning of cancellation
Tania Clay,LP032328,Leukopak Donation,10/30/2025 1:04 pm,Cancelled by Donor,CE0008024,,447-72-8888,11/19/2025- Morning of cancellaton
Tania Clay,LP035701,Leukopak Donation,05/14/2026 1:56 pm,Passed,CE0008024,06/02/2026,447-72-8888,
Tania Clay,LP033977,Leukopak Donation,02/10/2026 2:16 pm,Passed,CE0008024,02/25/2026,447-72-8888,
Tania Clay,LP033222,Leukopak Donation,01/05/2026 12:03 pm,Passed,CE0008024,01/21/2026,447-72-8888,
Tania Clay,LP036244,Leukopak Donation,06/22/2026 11:40 am,No Show,CE0008024,,447-72-8888,07/07/2026-no show
Tania Clay,LP028276,Leukopak Donation,03/03/2025 3:43 pm,Passed,CE0008024,03/20/2025,447-72-8888,
Tania Clay,LP027546,Leukopak Donation,01/13/2025 1:58 pm,Passed,CE0008024,02/04/2025,447-72-8888,
Tania Clay,LP026496,Leukopak Donation,10/30/2024 7:53 am,Passed,CE0008024,11/06/2024,447-72-8888,
Tania Clay,LP026955,Leukopak Donation,11/26/2024 11:11 am,Passed,CE0008024,12/11/2024,447-72-8888,
Tania Clay,LP029736,Leukopak Donation,06/02/2025 8:47 am,Passed,CE0008024,06/25/2025,447-72-8888,
Tania Clay,LP029235,Leukopak Donation,05/05/2025 7:23 am,Passed,CE0008024,05/14/2025,447-72-8888,
Tania Clay,LP030498,Leukopak Donation,07/15/2025 3:33 pm,Cancelled by Donor,CE0008024,,447-72-8888,07/30/2025-Morning of cancellation
Tania Clay,LP030945,Leukopak Donation,08/13/2025 1:22 pm,Passed,CE0008024,09/02/2025,447-72-8888,
Tania Clay,LP031686,Leukopak Donation,09/24/2025 7:27 am,Passed,CE0008024,10/15/2025,447-72-8888,
Tanner McCormick,LP036365,Leukopak Donation,07/01/2026 1:05 pm,Passed,CE0011659,07/22/2026,606-51-3380,
Tarif Pappu,LP027988,Leukopak Donation,02/12/2025 9:42 am,Passed,CE0010918,03/06/2025,614-72-4438,
Tarif Pappu,LP030464,Leukopak Donation,07/15/2025 9:21 am,Passed,CE0010918,07/22/2025,614-72-4438,
Taro Bujold,LP036614,Leukopak Donation,07/17/2026 12:02 pm,Passed,CE0011568,07/20/2026,571-79-8198,
Taryn Ferrer Santana,LP036372,Leukopak Donation,07/01/2026 1:50 pm,Passed,CE0011186,07/22/2026,304-61-9638,
Taryn Ferrer Santana,LP030695,Leukopak Donation,07/24/2025 2:38 pm,Cancelled by Donor,CE0011186,,304-61-9638,8/28/2025
Taryn Ferrer Santana,LP031578,Leukopak Donation,09/18/2025 10:16 am,Passed,CE0011186,10/02/2025,304-61-9638,
Taryn Ferrer Santana,LP035260,Leukopak Donation,04/15/2026 3:40 pm,Passed,CE0011186,05/07/2026,304-61-9638,
Taryn Ferrer Santana,LP033623,Leukopak Donation,01/26/2026 9:00 am,Passed,CE0011186,02/12/2026,304-61-9638,
Taryn Ferrer Santana,LP032951,Leukopak Donation,12/09/2025 1:47 pm,Passed,CE0011186,01/05/2026,304-61-9638,
Taryn Ferrer Santana,LP032402,Leukopak Donation,11/05/2025 8:55 am,Passed,CE0011186,11/25/2025,304-61-9638,
Tashian Scott,LP032106,Leukopak Donation,10/16/2025 11:43 am,Passed,CE0008540,11/03/2025,566-93-1099,
Tashian Scott,LP030701,Leukopak Donation,07/28/2025 8:40 am,Failed,CE0008540,08/13/2025,566-93-1099,donor decided not to proceed with collection
Tashian Scott,LP028664,Leukopak Donation,03/31/2025 6:54 am,Passed,CE0008540,04/08/2025,566-93-1099,
Tashian Scott,LP036022,Leukopak Donation,06/02/2026 2:32 pm,Passed,CE0008540,06/09/2026,566-93-1099,
Tatiana Perez,LP035129,Leukopak Donation,04/13/2026 10:52 am,Cancelled by Donor,CE0011574,,603-11-1329,05/07/2026
Tawanda James Dzvova,LP027084,Leukopak Donation,12/05/2024 12:21 pm,Passed,CE0006546,12/17/2024,603-76-4303,
Tawanda James Dzvova,LP026347,Leukopak Donation,10/21/2024 10:58 am,Passed,CE0006546,11/05/2024,603-76-4303,
Tayden Hoay,LP030777,Leukopak Donation,07/31/2025 7:27 am,Passed,CE0011216,07/31/2025,626-47-9970,
Tayden Hoay,LP031069,Leukopak Donation,08/19/2025 2:55 pm,Passed,CE0011216,09/08/2025,626-47-9970,
Tayden Hoay,LP032591,Leukopak Donation,11/13/2025 3:05 pm,Passed,CE0011216,12/04/2025,626-47-9970,
Tayden Hoay,LP034213,Leukopak Donation,02/25/2026 7:36 am,Passed,CE0011216,03/05/2026,626-47-9970,"20 mins late. 177min runtime
Corrected note on 3/6/2026. Height was entered incorrectly as 157 cm. Height corrected to reflect 178 cm."
Taylor Karst,LP034149,Leukopak Donation,02/23/2026 11:47 am,Passed,CE0009360,02/26/2026,615-04-1296,
Taylor Karst,LP033185,Leukopak Donation,12/23/2025 10:35 am,Passed,CE0009360,01/13/2026,615-04-1296,
Taylor Karst,LP035141,Leukopak Donation,04/13/2026 1:01 pm,Passed,CE0009360,05/04/2026,615-04-1296,
Taylor Karst,LP036403,Leukopak Donation,07/02/2026 3:05 pm,Passed,CE0009360,07/07/2026,615-04-1296,
Taylor Karst,LP030898,Leukopak Donation,08/11/2025 4:04 pm,Passed,CE0009360,08/13/2025,615-04-1296,
Taylor Karst,LP030349,Leukopak Donation,07/08/2025 7:28 am,Passed,CE0009360,07/08/2025,615-04-1296,
Taylor Karst,LP032236,Leukopak Donation,10/28/2025 9:19 am,Passed,CE0009360,11/07/2025,615-04-1296,
Taylor Karst,LP031523,Leukopak Donation,09/16/2025 11:45 am,Passed,CE0009360,10/01/2025,615-04-1296,
Taylor Pires,LP036401,Leukopak Donation,07/02/2026 2:54 pm,Passed,CE0011663,07/08/2026,610-37-2648,
Tazray Fleming,LP028936,Leukopak Donation,04/16/2025 3:56 pm,Passed,CE0011023,04/22/2025,602-84-9086,
Terrell Oliver,LP028247,Leukopak Donation,03/03/2025 9:38 am,Passed,CE0010858,03/04/2025,612-19-2719,
Terrell Oliver,LP027215,Leukopak Donation,12/11/2024 11:26 am,Passed,CE0010858,12/17/2024,612-19-2719,
Terrell Oliver,LP027351,Leukopak Donation,01/02/2025 9:56 am,Passed,CE0010858,01/21/2025,612-19-2719,
Terrell Oliver,LP028977,Leukopak Donation,04/21/2025 9:37 am,Passed,CE0010858,04/22/2025,612-19-2719,
Terrell Oliver,LP029525,Leukopak Donation,05/20/2025 10:10 am,Passed,CE0010858,06/03/2025,612-19-2719,
Terrell Oliver,LP030075,Leukopak Donation,06/17/2025 1:38 pm,No Show,CE0010858,,612-19-2719,07/09/2025
Terrell Oliver,LP030612,Leukopak Donation,07/22/2025 7:15 am,Passed,CE0010858,07/22/2025,612-19-2719,
Thalia Holingue,LP030553,Leukopak Donation,07/17/2025 12:57 pm,Passed,CE0011203,08/11/2025,619-80-8244,
Thomas Rockwell,LP033829,Leukopak Donation,02/02/2026 2:10 pm,Passed,CE0011491,02/18/2026,605-20-6885,
Thomas Rockwell,LP036291,Leukopak Donation,06/24/2026 2:28 pm,Passed,CE0011491,07/02/2026,605-20-6885,
Tia Cooke,LP026696,Leukopak Donation,11/12/2024 3:59 pm,Passed,CE0010007,11/20/2024,607-31-0870,
Tia Cooke,LP026591,Leukopak Donation,11/06/2024 10:56 am,Cancelled by Canventa,CE0010007,,607-31-0870,11/14/2024
Tiffany  Hong,LP027807,Leukopak Donation,01/28/2025 1:25 pm,Passed,CE0010193,02/19/2025,614-74-3055,
Tiffany  Hong,LP030642,Leukopak Donation,07/23/2025 6:40 am,Passed,CE0010193,08/19/2025,614-74-3055,
Tiffany  Hong,LP031552,Leukopak Donation,09/17/2025 8:20 am,Cancelled by Donor,CE0010193,,614-74-3055,10/20/2025
Tiffany  Hong,LP029260,Leukopak Donation,05/05/2025 2:26 pm,Passed,CE0010193,05/06/2025,614-74-3055,
Tiffany  Hong,LP033448,Leukopak Donation,01/14/2026 11:07 am,Passed,CE0010193,02/02/2026,614-74-3055,
Tiffany  Hong,LP034709,Leukopak Donation,03/20/2026 11:09 am,Passed,CE0010193,04/14/2026,614-74-3055,
Tommy Wong,LP026669,Leukopak Donation,11/12/2024 9:46 am,Passed,CE0010664,11/20/2024,614-74-2892,
Tommy Wong,LP030845,Leukopak Donation,08/06/2025 7:55 am,Passed,CE0010664,08/06/2025,614-74-2892,
Toria Wilson,LP033945,Leukopak Donation,02/09/2026 11:57 am,Cancelled by Donor,CE0011405,,611-29-5690,
Toria Wilson,LP033075,Leukopak Donation,12/17/2025 8:49 am,Passed,CE0011405,01/21/2026,611-29-5690,
Toria Wilson,LP032711,Leukopak Donation,11/21/2025 2:12 pm,Passed,CE0011405,12/17/2025,611-29-5690,short runtime 95mins d/t optia power failure.
Toria Wilson,LP034669,Leukopak Donation,03/18/2026 1:20 pm,Passed,CE0011405,03/30/2026,611-29-5690,
Toria Wilson,LP036398,Leukopak Donation,07/02/2026 12:05 pm,Pending,CE0011405,,611-29-5690,
Toria Wilson,LP035625,Leukopak Donation,05/08/2026 10:19 am,Passed,CE0011405,05/22/2026,611-29-5690,
Trisha Laplana,LP034543,Leukopak Donation,03/12/2026 10:00 am,No Show,CE0011521,,609-75-9381,no show 3/18
"Tyler ""Nixxy"" Dewalt",LP027329,Leukopak Donation,12/20/2024 1:44 pm,Cancelled by Donor,CE0010692,,620-19-5018,01/21/2025
Tyrone Tinney,LP036663,Leukopak Donation,07/21/2026 10:19 am,Pending,CE0010703,,615-64-6519,
Tyrone Tinney,LP036190,Leukopak Donation,06/17/2026 11:37 am,Passed,CE0010703,07/01/2026,615-64-6519,
Tyrone Tinney,LP030783,Leukopak Donation,07/31/2025 10:49 am,Passed,CE0010703,08/25/2025,615-64-6519,
Tyrone Tinney,LP031996,Leukopak Donation,10/13/2025 6:21 am,Passed,CE0010703,11/03/2025,615-64-6519,
Tyrone Tinney,LP028639,Leukopak Donation,03/26/2025 4:39 pm,Passed,CE0010703,04/03/2025,615-64-6519,
Tyrone Tinney,LP029529,Leukopak Donation,05/20/2025 10:30 am,Passed,CE0010703,06/16/2025,615-64-6519,
Tyrone Tinney,LP033863,Leukopak Donation,02/04/2026 8:23 am,Failed,CE0010703,,615-64-6519,"MSG note- 20mins late.
Failed screen; high WBCs"
Tyrone Tinney,LP033077,Leukopak Donation,12/17/2025 9:52 am,No Show,CE0010703,,615-64-6519,1/15/2026
Tyrone Tinney,LP035281,Leukopak Donation,04/16/2026 3:45 pm,Passed,CE0010703,05/26/2026,615-64-6519,
Tyrone Tinney,LP034335,Leukopak Donation,03/02/2026 11:44 am,Passed,CE0010703,03/10/2026,615-64-6519,
Tyrone Virgino,LP035456,Leukopak Donation,04/29/2026 10:25 am,Passed,CE0010527,05/12/2026,604-04-3102,
Ulysses Smith,LP033728,Leukopak Donation,01/29/2026 9:27 am,Passed,CE0011359,02/05/2026,620-15-8326,
Ulysses Smith,LP034831,Leukopak Donation,03/27/2026 7:00 am,Passed,CE0011359,04/07/2026,620-15-8326,
Ulysses Smith,LP036228,Leukopak Donation,06/18/2026 3:14 pm,Passed,CE0011359,07/06/2026,620-15-8326,
Valentin Taranchenko,LP028372,Leukopak Donation,03/11/2025 8:37 am,Passed,CE0010958,03/18/2025,610-73-8849,
Valentin Taranchenko,LP028794,Leukopak Donation,04/07/2025 3:17 pm,Passed,CE0010958,04/22/2025,610-73-8849,
Valeria Dominguez Hernandez,LP031260,Leukopak Donation,08/29/2025 8:57 am,Passed,CE0011255,09/22/2025,623-72-5284,
Valeria Dominguez Hernandez,LP036422,Leukopak Donation,07/07/2026 8:13 am,Pending,CE0011255,,623-72-5284,
Valeria Dominguez Hernandez,LP036009,Leukopak Donation,06/02/2026 11:36 am,Passed,CE0011255,06/22/2026,623-72-5284,
Valeria Dominguez Hernandez,LP033676,Leukopak Donation,01/27/2026 2:46 pm,Passed,CE0011255,02/09/2026,623-72-5284,
Vanesa Soto Lopez,LP033583,Leukopak Donation,01/22/2026 12:47 pm,Passed,CE0010048,02/12/2026,876-50-1471,
Vanesa Soto Lopez,LP033134,Leukopak Donation,12/18/2025 3:10 pm,Passed,CE0010048,01/08/2026,876-50-1471,
Vanesa Soto Lopez,LP032565,Leukopak Donation,11/12/2025 3:54 pm,Cancelled by Donor,CE0010048,,876-50-1471,12/11/2025
Vanesa Soto Lopez,LP034837,Leukopak Donation,03/27/2026 7:18 am,Passed,CE0010048,04/20/2026,876-50-1471,
Vanesa Soto Lopez,LP036501,Leukopak Donation,07/09/2026 3:08 pm,Pending,CE0010048,,876-50-1471,
Vanessa Jeschke,LP029570,Leukopak Donation,05/21/2025 3:43 pm,Passed,CE0011091,06/10/2025,517-98-9761,
Varsha Mani,LP034476,Leukopak Donation,03/09/2026 9:08 am,Cancelled by Donor,CE0011485,,603-33-8993,03/31/2026
Varsha Mani,LP033938,Leukopak Donation,02/09/2026 10:21 am,Passed,CE0011485,02/23/2026,603-33-8993,
Varsha Mani,LP036204,Leukopak Donation,06/17/2026 4:26 pm,Passed,CE0011485,07/09/2026,603-33-8993,
Victor Loyola,LP032689,Leukopak Donation,11/20/2025 11:18 am,Passed,CE0010967,12/18/2025,626-78-8779,
Victor Loyola,LP033675,Leukopak Donation,01/27/2026 2:35 pm,Passed,CE0010967,02/05/2026,626-78-8779,
Victor Loyola,LP034070,Leukopak Donation,02/17/2026 1:57 pm,Passed,CE0010967,03/12/2026,626-78-8779,
Victor Loyola,LP035561,Leukopak Donation,05/06/2026 11:50 am,Passed,CE0010967,05/28/2026,626-78-8779,
Victor Loyola,LP034887,Leukopak Donation,03/31/2026 10:41 am,Passed,CE0010967,04/22/2026,626-78-8779,
Victor Loyola,LP031819,Leukopak Donation,09/30/2025 3:04 pm,Passed,CE0010967,10/27/2025,626-78-8779,171min runtime
Victor Loyola,LP031080,Leukopak Donation,08/21/2025 6:13 am,Passed,CE0010967,09/15/2025,626-78-8779,
Victor Loyola,LP030475,Leukopak Donation,07/15/2025 11:11 am,Passed,CE0010967,08/06/2025,626-78-8779,
Victor Loyola,LP028725,Leukopak Donation,04/01/2025 3:51 pm,Passed,CE0010967,04/17/2025,626-78-8779,
Victor Loyola,LP029304,Leukopak Donation,05/07/2025 10:58 am,Passed,CE0010967,05/27/2025,626-78-8779,
Victor Loyola,LP029898,Leukopak Donation,06/09/2025 1:12 pm,Passed,CE0010967,07/01/2025,626-78-8779,
Victor Loyola,LP028323,Leukopak Donation,03/06/2025 2:42 pm,Passed,CE0010967,03/13/2025,626-78-8779,
Victor Loyola,LP036692,Leukopak Donation,07/23/2026 8:04 am,Pending,CE0010967,,626-78-8779,
Victor Loyola,LP036207,Leukopak Donation,06/18/2026 7:12 am,Passed,CE0010967,07/09/2026,626-78-8779,
Victoria Echeverria,LP032266,Leukopak Donation,10/28/2025 10:39 am,Passed,CE0011176,11/21/2025,609-45-5586,
Victoria Echeverria,LP033359,Leukopak Donation,01/09/2026 11:50 am,No Show,CE0011176,,609-45-5586,No show 1/16/2026
Vincent Pham,LP034923,Leukopak Donation,04/01/2026 9:54 am,Passed,CE0011273,04/30/2026,608-27-1336,
Vincent Pham,LP033574,Leukopak Donation,01/22/2026 9:00 am,Passed,CE0011273,,608-27-1336,passed 02/13 per STI sheet -sj
Vincent Pham,LP034289,Leukopak Donation,02/27/2026 8:55 am,Passed,CE0011273,03/23/2026,608-27-1336,
Vincent Pham,LP032507,Leukopak Donation,11/10/2025 10:25 am,Cancelled by Canventa,CE0011273,,608-27-1336,Cancelled by Canventa due to extra STI line
Vincent Pham,LP033130,Leukopak Donation,12/18/2025 1:51 pm,Passed,CE0011273,01/08/2026,608-27-1336,
Vincent Pham,LP036334,Leukopak Donation,06/29/2026 9:57 am,Passed,CE0011273,07/15/2026,608-27-1336,
Vincent Pham,LP035673,Leukopak Donation,05/13/2026 10:45 am,Passed,CE0011273,06/09/2026,608-27-1336,
Vincent Pham,LP032077,Leukopak Donation,10/15/2025 10:31 am,Passed,CE0011273,11/06/2025,608-27-1336,
Vincent Pham,LP031438,Leukopak Donation,09/12/2025 6:36 am,Passed,CE0011273,10/02/2025,608-27-1336,
Virgil Elbert,LP034133,Leukopak Donation,02/20/2026 11:18 am,Passed,CE0010113,03/11/2026,556-51-4853,
Virgil Elbert,LP035552,Leukopak Donation,05/06/2026 11:14 am,Passed,CE0010113,06/09/2026,556-51-4853,
Virgil Elbert,LP036261,Leukopak Donation,06/23/2026 10:44 am,Passed,CE0010113,07/14/2026,556-51-4853,
Virgil Elbert,LP027593,Leukopak Donation,01/16/2025 12:23 pm,Passed,CE0010113,02/11/2025,556-51-4853,
Virgil Elbert,LP027183,Leukopak Donation,12/10/2024 10:07 am,Passed,CE0010113,01/07/2025,556-51-4853,
Virgil Elbert,LP031847,Leukopak Donation,10/02/2025 6:44 am,Passed,CE0010113,10/23/2025,556-51-4853,
Virgil Elbert,LP031151,Leukopak Donation,08/26/2025 6:27 am,Passed,CE0010113,09/16/2025,556-51-4853,
Virgil Elbert,LP029714,Leukopak Donation,05/29/2025 10:36 am,Passed,CE0010113,06/24/2025,556-51-4853,
Virgil Elbert,LP028785,Leukopak Donation,04/07/2025 9:18 am,Cancelled by Donor,CE0010113,,556-51-4853,04/23/2025
Vivian Nguyen,LP034751,Leukopak Donation,03/24/2026 10:37 am,Passed,CE0010734,04/10/2026,610-02-7698,
Vivian Nguyen,LP033772,Leukopak Donation,01/30/2026 10:43 am,Cancelled by Donor,CE0010734,,610-02-7698,"02/12/2026- Canceled due to donor taking ""acyclovir"""
Vivian Nguyen,LP032795,Leukopak Donation,12/02/2025 9:58 am,Passed,CE0010734,12/15/2025,610-02-7698,
Vivian Nguyen,LP036600,Leukopak Donation,07/16/2026 11:35 am,Pending,CE0010734,,610-02-7698,
Vivian Nguyen,LP028315,Leukopak Donation,03/06/2025 10:30 am,Passed,CE0010734,03/19/2025,610-02-7698,
Vivian Nguyen,LP027397,Leukopak Donation,01/06/2025 10:46 am,Passed,CE0010734,01/21/2025,610-02-7698,
Vivian Nguyen,LP026660,Leukopak Donation,11/12/2024 8:49 am,Passed,CE0010734,11/19/2024,610-02-7698,"Optia software fail, 85"", no RB"
Vivian Nguyen,LP030052,Leukopak Donation,06/17/2025 10:03 am,Passed,CE0010734,07/07/2025,610-02-7698,
Vivian Nguyen,LP028888,Leukopak Donation,04/14/2025 9:56 am,Passed,CE0010734,04/23/2025,610-02-7698,
Vivian Nguyen,LP031365,Leukopak Donation,09/04/2025 11:22 am,Passed,CE0010734,09/25/2025,610-02-7698,
Warren Hooper,LP032364,Leukopak Donation,11/03/2025 1:14 pm,Passed,CE0010301,11/24/2025,555-79-4174,
Warren Hooper,LP028225,Leukopak Donation,02/28/2025 11:48 am,Passed,CE0010301,03/10/2025,555-79-4174,
Warren Hooper,LP026711,Leukopak Donation,11/13/2024 9:08 am,Passed,CE0010301,12/02/2024,555-79-4174,
Warren Hooper,LP031266,Leukopak Donation,08/29/2025 10:17 am,Passed,CE0010301,09/16/2025,555-79-4174,
Warren Hooper,LP028802,Leukopak Donation,04/08/2025 8:24 am,Passed,CE0010301,04/15/2025,555-79-4174,
Warren Hooper,LP029848,Leukopak Donation,06/05/2025 1:29 pm,Passed,CE0010301,06/16/2025,555-79-4174,
Wayne Bauwens,LP026835,Leukopak Donation,11/19/2024 9:05 am,Passed,CE0010159,12/04/2024,530-69-3667,
Wayne Bauwens,LP028312,Leukopak Donation,03/06/2025 9:56 am,Passed,CE0010159,03/19/2025,530-69-3667,
Wayne Bauwens,LP036007,Leukopak Donation,06/02/2026 11:31 am,Passed,CE0010159,06/30/2026,530-69-3667,
Wayne Bauwens,LP031103,Leukopak Donation,08/21/2025 12:12 pm,Passed,CE0010159,09/16/2025,530-69-3667,
Wayne Bauwens,LP031876,Leukopak Donation,10/06/2025 11:27 am,Passed,CE0010159,10/28/2025,530-69-3667,
Wayne Bauwens,LP029770,Leukopak Donation,06/02/2025 1:42 pm,Passed,CE0010159,06/18/2025,530-69-3667,
Wayne Bauwens,LP034909,Leukopak Donation,03/31/2026 2:39 pm,Passed,CE0010159,04/24/2026,530-69-3667,
Wendy Quezada,LP035244,Leukopak Donation,04/15/2026 1:26 pm,Passed,CE0006376,04/30/2026,559-57-4167,
Wendy Quezada,LP034599,Leukopak Donation,03/16/2026 1:25 pm,Cancelled by Donor,CE0006376,,559-57-4167,cancel 03/27/2026
Wendy Quezada,LP031673,Leukopak Donation,09/23/2025 3:15 pm,Passed,CE0006376,10/14/2025,559-57-4167,
Wendy Quezada,LP036318,Leukopak Donation,06/25/2026 1:51 pm,Passed,CE0006376,07/15/2026,559-57-4167,
Weston Cao,LP027198,Leukopak Donation,12/10/2024 1:46 pm,Passed,CE0010712,01/07/2025,603-25-9248,
Weston Cao,LP026693,Leukopak Donation,11/12/2024 3:55 pm,Passed,CE0010712,11/20/2024,603-25-9248,
"William ""Will"" Potts",LP035747,Leukopak Donation,05/18/2026 1:42 pm,Passed,CE0011625,06/03/2026,369-94-8618,
William Bekker,LP031105,Leukopak Donation,08/21/2025 12:14 pm,Passed,CE0010158,09/16/2025,612-54-7009,
William Bekker,LP028310,Leukopak Donation,03/06/2025 9:54 am,Passed,CE0010158,03/19/2025,612-54-7009,
William Bekker,LP026837,Leukopak Donation,11/19/2024 9:08 am,Passed,CE0010158,12/04/2024,612-54-7009,
William Brothers,LP026966,Leukopak Donation,12/02/2024 9:11 am,Cancelled by Canventa,CE0010058,,614-72-0618,12/05/2024
William Brothers,LP026996,Leukopak Donation,12/03/2024 2:06 pm,Passed,CE0010058,12/11/2024,614-72-0618,
William Corwin,LP026442,Leukopak Donation,10/28/2024 8:33 am,Passed,CE0006082,11/05/2024,256-06-5447,
William Corwin,LP027938,Leukopak Donation,02/06/2025 8:09 am,Passed,CE0006082,02/10/2025,256-06-5447,
William Corwin,LP028222,Leukopak Donation,02/28/2025 11:38 am,Passed,CE0006082,03/18/2025,256-06-5447,
William Corwin,LP026378,Leukopak Donation,10/23/2024 9:01 am,Cancelled by Canventa,CE0006082,,256-06-5447,11/4/2024-Canceled by Canventa
William Corwin,LP029219,Leukopak Donation,05/01/2025 12:05 pm,Passed,CE0006082,05/12/2025,256-06-5447,
William Curran,LP034812,Leukopak Donation,03/26/2026 8:39 am,Passed,CE0011549,04/02/2026,212-69-9261,
William Curran,LP035630,Leukopak Donation,05/08/2026 1:56 pm,Passed,CE0011549,05/27/2026,212-69-9261,
William Headley,LP027848,Leukopak Donation,01/30/2025 9:20 am,Passed,CE0010199,02/24/2025,193-72-0619,
William Headley,LP026428,Leukopak Donation,10/25/2024 10:24 am,Passed,CE0010199,12/23/2024,193-72-0619,
William Headley,LP026808,Leukopak Donation,11/18/2024 12:37 pm,Passed,CE0010199,11/18/2024,193-72-0619,
William Headley,LP028548,Leukopak Donation,03/21/2025 1:33 pm,Cancelled by Donor,CE0010199,,193-72-0619,03/31/2025
William Latour,LP029198,Leukopak Donation,05/01/2025 9:38 am,Passed,CE0011033,05/27/2025,096-82-7213,
Yaheem Reese,LP029016,Leukopak Donation,04/22/2025 1:43 pm,Passed,CE0010973,04/29/2025,624-96-0100,
"Yan Kit Max ""Max"" Lau",LP036251,Leukopak Donation,06/22/2026 12:34 pm,Passed,CE0011614,07/06/2026,068-53-6387,
Yana Sadiq,LP029884,Leukopak Donation,06/09/2025 9:46 am,Passed,CE0011011,06/18/2025,605-53-3584,
Yana Sadiq,LP028905,Leukopak Donation,04/15/2025 11:40 am,Passed,CE0011011,04/23/2025,605-53-3584,
Yanee Ferrari,LP034393,Leukopak Donation,03/04/2026 11:04 am,Passed,CE0011477,03/05/2026,051-82-4669,
Yanee Ferrari,LP036282,Leukopak Donation,06/24/2026 9:20 am,Passed,CE0011477,07/13/2026,051-82-4669,
Yareli Arribeno,LP035850,Leukopak Donation,05/26/2026 10:26 am,Passed,CE0011397,06/10/2026,616-45-3400,
Yareli Arribeno,LP036560,Leukopak Donation,07/15/2026 6:45 am,Pending,CE0011397,,616-45-3400,
Yareli Arribeno,LP033053,Leukopak Donation,12/16/2025 6:21 am,Passed,CE0011397,01/13/2026,616-45-3400,
Yareli Arribeno,LP033949,Leukopak Donation,02/09/2026 1:51 pm,Failed,CE0011397,02/17/2026,616-45-3400,failed access
Yareli Arribeno,LP035215,Leukopak Donation,04/15/2026 6:35 am,Passed,CE0011397,04/28/2026,616-45-3400,
Yareli Arribeno,LP034507,Leukopak Donation,03/10/2026 11:22 am,Passed,CE0011397,03/24/2026,616-45-3400,
Yee Yong (Mike) Tan,LP026158,Leukopak Donation,10/08/2024 9:45 am,Passed,CE0010742,10/15/2024,358-55-7151,"52"" run; software comm error with no option for rinseback."
Yee Yong (Mike) Tan,LP035998,Leukopak Donation,06/02/2026 9:25 am,Passed,CE0010742,06/10/2026,358-55-7151,
Yee Yong (Mike) Tan,LP035239,Leukopak Donation,04/15/2026 11:58 am,Passed,CE0010742,04/28/2026,358-55-7151,
Yee Yong (Mike) Tan,LP029803,Leukopak Donation,06/04/2025 10:37 am,Passed,CE0010742,06/30/2025,358-55-7151,
Yee Yong (Mike) Tan,LP028781,Leukopak Donation,04/07/2025 9:00 am,Passed,CE0010742,04/09/2025,358-55-7151,
Yee Yong (Mike) Tan,LP032110,Leukopak Donation,10/16/2025 12:44 pm,Passed,CE0010742,11/06/2025,358-55-7151,
Yee Yong (Mike) Tan,LP032865,Leukopak Donation,12/05/2025 9:29 am,Passed,CE0010742,01/05/2026,358-55-7151,
Yurik Riegel,LP032593,Leukopak Donation,11/13/2025 3:07 pm,Passed,CE0006233,,558-49-8915,passed 12/04/2026 per sti sheet -sj 6/3/26
Yurik Riegel,LP026700,Leukopak Donation,11/13/2024 7:49 am,Passed,CE0006233,11/21/2024,558-49-8915,
Yurik Riegel,LP027400,Leukopak Donation,01/06/2025 11:05 am,Passed,CE0006233,01/30/2025,558-49-8915,
Yurik Riegel,LP028215,Leukopak Donation,02/28/2025 9:42 am,Passed,CE0006233,03/13/2025,558-49-8915,
Yurik Riegel,LP029197,Leukopak Donation,05/01/2025 9:37 am,Passed,CE0006233,05/22/2025,558-49-8915,
Yurik Riegel,LP028614,Leukopak Donation,03/25/2025 2:55 pm,Passed,CE0006233,04/17/2025,558-49-8915,
Yurik Riegel,LP029847,Leukopak Donation,06/05/2025 1:15 pm,Passed,CE0006233,06/30/2025,558-49-8915,
Yurik Riegel,LP030437,Leukopak Donation,07/14/2025 7:22 am,Passed,CE0006233,08/11/2025,558-49-8915,
Yurik Riegel,LP031849,Leukopak Donation,10/02/2025 6:47 am,Passed,CE0006233,10/30/2025,558-49-8915,
Yurik Riegel,LP031393,Leukopak Donation,09/08/2025 10:40 am,Passed,CE0006233,09/25/2025,558-49-8915,
Zachary Horton,LP026443,Leukopak Donation,10/28/2024 9:51 am,Passed,CE0010015,11/18/2024,616-84-7596,
Zachary Horton,LP027622,Leukopak Donation,01/22/2025 7:56 am,No Show,CE0010015,,616-84-7596,2/10/2025
Zachary Horton,LP030078,Leukopak Donation,06/17/2025 2:05 pm,Passed,CE0010015,07/07/2025,616-84-7596,
"Zareta ""Zonterio"" Jones",LP036330,Leukopak Donation,06/29/2026 8:43 am,No Show,CE0010552,,569-69-4270,
"Zareta ""Zonterio"" Jones",LP032256,Leukopak Donation,10/28/2025 10:18 am,Passed,CE0010552,11/19/2025,569-69-4270,
"Zareta ""Zonterio"" Jones",LP031108,Leukopak Donation,08/21/2025 12:29 pm,Passed,CE0010552,09/10/2025,569-69-4270,
"Zareta ""Zonterio"" Jones",LP029952,Leukopak Donation,06/11/2025 7:17 am,Passed,CE0010552,07/01/2025,569-69-4270,
"Zareta ""Zonterio"" Jones",LP033690,Leukopak Donation,01/28/2026 8:49 am,Passed,CE0010552,02/10/2026,569-69-4270,
"Zareta ""Zonterio"" Jones",LP034744,Leukopak Donation,03/23/2026 1:56 pm,Passed,CE0010552,04/27/2026,569-69-4270,
"Zareta ""Zonterio"" Jones",LP035803,Leukopak Donation,05/20/2026 12:49 pm,Passed,CE0010552,06/08/2026,569-69-4270,
Zorahia Brown Perdomo,LP028903,Leukopak Donation,04/15/2025 11:14 am,Passed,CE0010924,04/23/2025,620-50-5090,
Zorahia Brown Perdomo,LP032238,Leukopak Donation,10/28/2025 9:26 am,No Show,CE0010924,,620-50-5090,11/10/2025
Zorahia Brown Perdomo,LP035425,Leukopak Donation,04/27/2026 2:10 pm,Failed,CE0010924,,620-50-5090,Failed screening. Donor taking antibiotics for cough/flu. Donor to call and report last dose date of antibiotics.
Zuzana Karjala,LP036017,Leukopak Donation,06/02/2026 12:56 pm,Passed,CE0006107,06/08/2026,212-51-7682,
Zuzana Karjala,LP026739,Leukopak Donation,11/14/2024 6:10 am,Passed,CE0006107,12/05/2024,212-51-7682,
Zuzana Karjala,LP035522,Leukopak Donation,05/04/2026 1:55 pm,Cancelled by Canventa,CE0006107,,212-51-7682,05/28/2026
Zuzana Karjala,LP035186,Leukopak Donation,04/14/2026 12:38 pm,Cancelled by Donor,CE0006107,,212-51-7682,04/30/2026- canceled in advance on 04/27.
Zuzana Karjala,LP033164,Leukopak Donation,12/22/2025 3:03 pm,Passed,CE0006107,01/08/2026,212-51-7682,
