Donor ID,Eligibility,Blood Type,Date of Birth,Age,Sex,Ethnicity,Donation Types,BM Type,CMV Total AB,CMV IgG,EBV IgG,Weight (kg),Weight (lbs),Height (cm),Height (inches),BMI,Taking Daily Meds,Tobacco Use,Has Allergies?,Allergies,HLA Testing Complete,HLA A2 Positive,Last BM Donation,Last LP Donation,Last IDS Screen,Last IDS Expiry,Hemoglobin,Platelet,Hematocrit,Pulse Rate,WBC,RBC,Systolic,Diastolic,Temperature,Within 90 Day IDS Window,E-Consent for Tax documents,e-Consent Date,Notes,First Name,EBV Ab Profile testing date,EBV Ab profile
CE0005440,Not Responsive,A+,03/02/2001,,Female,asian,"LP, WB, BM,",BM 100ml,testing,positive,hhhhh,10.43,23.00,876.30,345.00,0.72,Y,Y,Y,"Medication, Food,",Y,N,,04/06/2023,01/04/2021,04/04/2021,5.00,222.00,40.10,66.00,5.00,0.00,5.00,5.00,3.00,N,Y,12/10/2021,,Meg123,03/05/2023,testing
CE0005446,Ineligible,,12/23/1979,,Male,AfricanAmerican,"LP, WB,",,,,,73.60,162.20,157.50,62.00,29.70,N,N,N,,N,N,,,,,7.40,264.00,0.00,96.00,5.20,0.00,127.00,71.00,36.80,N,N,,,Halimah,,
CE0005450,Not Responsive,A+,07/08/1990,,Female,Hispanic,"WB,",,Positive,,,61.50,135.60,165.70,65.30,22.40,Y,N,N,,N,N,,,10/10/2019,01/08/2020,13.00,248.00,40.40,71.00,5.00,0.00,96.00,55.00,36.40,N,N,,,Tamara,,
CE0005451,Not Responsive,,,,,,,,,,,0.00,0.00,0.00,0.00,0.00,N,N,N,,N,N,,,,,0.00,0.00,0.00,0.00,0.00,0.00,0.00,0.00,0.00,N,N,,,Austin,,
CE0005452,Not Responsive,,,,,,,,,,,0.00,0.00,0.00,0.00,0.00,N,N,N,,N,N,,,,,0.00,0.00,0.00,0.00,0.00,0.00,0.00,0.00,0.00,N,N,,,Conrad,,
CE0005453,Not Responsive,,,,,,,,,,,0.00,0.00,0.00,0.00,0.00,N,N,N,,N,N,,,,,0.00,0.00,0.00,0.00,0.00,0.00,0.00,0.00,0.00,N,N,,,Andrew,,
CE0005454,Not Responsive,,,,,,,,,,,0.00,0.00,0.00,0.00,0.00,N,N,N,,N,N,,,,,0.00,0.00,0.00,0.00,0.00,0.00,0.00,0.00,0.00,N,N,,,Aaron,,
CE0005456,Not Responsive,,,,,,,,,,,0.00,0.00,0.00,0.00,0.00,N,N,N,,N,N,,,,,0.00,0.00,0.00,0.00,0.00,0.00,0.00,0.00,0.00,N,N,,,Jamie,,
CE0005457,Not Responsive,,,,,,,,,,,0.00,0.00,0.00,0.00,0.00,N,N,N,,N,N,,,,,0.00,0.00,0.00,0.00,0.00,0.00,0.00,0.00,0.00,N,N,,,Amara,,
CE0005458,Deferred,A+,11/18/1995,,Male,Mixed,"LP, WB,",Not Interested,positive,,,86.20,190.00,168.00,66.10,28.80,Y,Y,N,"Medication,",Y,N,,11/02/2020,11/02/2020,01/31/2021,15.10,243.80,45.70,60.00,4.30,0.00,131.00,70.00,36.40,N,N,,,River,,
CE0005459,Not Responsive,,,,,,,,,,,0.00,0.00,0.00,0.00,0.00,N,N,N,,N,N,,,,,0.00,0.00,0.00,0.00,0.00,0.00,0.00,0.00,0.00,N,N,,,Francisco,,
CE0005460,Not Responsive,,,,,,,,,,,0.00,0.00,0.00,0.00,0.00,N,N,N,,N,N,,,,,0.00,0.00,0.00,0.00,0.00,0.00,0.00,0.00,0.00,N,N,,,Anton,,
CE0005461,IDS Expired,A+,01/31/1993,,Female,Caucasian,"LP, WB, BM,",BM 100ml,negative,NEGATIVE,POSITIVE,79.80,175.90,166.00,65.40,29.00,Y,N,N,,Y,Y,05/08/2024,10/11/2023,09/16/2024,12/15/2024,12.80,387.90,38.70,70.00,5.10,0.00,127.00,81.00,36.50,N,Y,10/11/2023,,Sarah,,
CE0005462,Not Responsive,,,,,,,,,,,0.00,0.00,0.00,0.00,0.00,N,N,N,,N,N,,,,,0.00,0.00,0.00,0.00,0.00,0.00,0.00,0.00,0.00,N,N,,,Ken,,
CE0005463,Not Responsive,,,,,,,,,,,0.00,0.00,0.00,0.00,0.00,N,N,N,,N,N,,,,,0.00,0.00,0.00,0.00,0.00,0.00,0.00,0.00,0.00,N,N,,,Claudette,,
CE0005464,Not Responsive,,,,,,,,,,,0.00,0.00,0.00,0.00,0.00,N,N,N,,N,N,,,,,0.00,0.00,0.00,0.00,0.00,0.00,0.00,0.00,0.00,N,N,,,Sean,,
CE0005465,Not Responsive,,,,,,,,,,,0.00,0.00,0.00,0.00,0.00,N,N,N,,N,N,,,,,0.00,0.00,0.00,0.00,0.00,0.00,0.00,0.00,0.00,N,N,,,Justin,,
CE0005466,Not Responsive,,04/19/1965,,,,,,,,,0.00,0.00,0.00,0.00,0.00,N,N,N,,N,N,,,,,0.00,0.00,0.00,0.00,0.00,0.00,0.00,0.00,0.00,N,N,,,Andrea,,
CE0005467,Not Responsive,,,,,,,,,,,0.00,0.00,0.00,0.00,0.00,N,N,N,,N,N,,,,,0.00,0.00,0.00,0.00,0.00,0.00,0.00,0.00,0.00,N,N,,,Kristel,,
CE0005468,Not Responsive,,,,,,,,,,,0.00,0.00,0.00,0.00,0.00,N,N,N,,N,N,,,,,0.00,0.00,0.00,0.00,0.00,0.00,0.00,0.00,0.00,N,N,,,Kyle,,
CE0005469,Not Responsive,,,,,,,,,,,0.00,0.00,0.00,0.00,0.00,N,N,N,,N,N,,,,,0.00,0.00,0.00,0.00,0.00,0.00,0.00,0.00,0.00,N,N,,,Alyssa,,
CE0005470,Not Responsive,,,,,,,,,,,0.00,0.00,0.00,0.00,0.00,N,N,N,,N,N,,,,,0.00,0.00,0.00,0.00,0.00,0.00,0.00,0.00,0.00,N,N,,,Anthony,,
CE0005471,Not Responsive,,,,,,,,,,,0.00,0.00,0.00,0.00,0.00,N,N,N,,N,N,,,,,0.00,0.00,0.00,0.00,0.00,0.00,0.00,0.00,0.00,N,N,,,Yanira,,
CE0005472,Not Responsive,,,,,,,,,,,0.00,0.00,0.00,0.00,0.00,N,N,N,,N,N,,,,,0.00,0.00,0.00,0.00,0.00,0.00,0.00,0.00,0.00,N,N,,,Naomi,,
CE0005494,Not Responsive,,11/17/2000,,,,,,,,,0.00,0.00,0.00,0.00,0.00,N,N,N,,N,N,,,,,0.00,0.00,0.00,0.00,0.00,0.00,0.00,0.00,0.00,N,N,,,Schyler,,
CE0005495,Not Responsive,,03/23/1986,,Female,Caucasian,"LP, WB, BM,",",bm50ml,bm100ml,",Positive,,,62.90,138.60,162.60,64.00,24.40,Y,N,N,,N,N,,10/08/2019,09/26/2019,12/25/2019,14.00,320.00,42.70,69.00,5.60,0.00,130.00,76.00,36.50,N,N,,,Lauren,,
CE0005496,Not Responsive,,,,,,,,,,,0.00,0.00,0.00,0.00,0.00,N,N,N,,N,N,,,,,0.00,0.00,0.00,0.00,0.00,0.00,0.00,0.00,0.00,N,N,,,Michael,,
CE0005497,Not Responsive,,,,,,,,,,,0.00,0.00,0.00,0.00,0.00,N,N,N,,N,N,,,,,0.00,0.00,0.00,0.00,0.00,0.00,0.00,0.00,0.00,N,N,,,Serena,,
CE0005500,IDS Expired,O+,10/08/1992,,Male,Mixed,"LP, WB,",DQ,,Negative,Positive,80.60,177.70,180.00,70.90,24.90,N,N,N,,Y,Y,,11/27/2023,11/27/2023,02/25/2024,15.20,193.20,45.30,71.00,4.70,0.00,135.00,82.00,36.20,N,N,,,Elijah,,
CE0005505,Not Responsive,,02/21/1992,,Male,asian,"LP, WB,",,negative,Negative,,69.70,153.60,165.10,65.00,25.60,N,N,N,,N,N,,,09/10/2019,12/09/2019,15.00,182.00,44.00,74.00,6.10,0.00,133.00,68.00,36.60,N,N,,Works in the building. Interested more in WB due to work schedule.,Jimmy,,
CE0005506,IDS Expired,A+,03/18/1996,,Male,Mixed,"LP, WB,",Not Interested,,Negative,POSITIVE,91.30,201.30,175.00,68.90,29.80,N,Y,N,,Y,Y,,08/23/2023,06/27/2023,09/25/2023,15.60,262.50,43.70,59.00,6.10,0.00,137.00,81.00,36.20,N,Y,02/23/2022,,Quinn,07/10/2023,POSITIVE
CE0005507,Not Responsive,,08/06/1977,,Female,Caucasian,"WB,",,negative,Negative,,63.50,140.00,167.60,66.00,22.60,N,N,N,,N,N,,,09/20/2019,12/19/2019,14.50,140.00,42.10,61.00,4.70,0.00,107.00,73.00,37.20,N,N,,,Meghan,,
CE0005508,IDS Expired,O+,12/23/1996,,Male,asian,"LP, WB,",,Positive,,,103.20,227.50,177.50,69.90,34.70,N,N,N,,Y,N,,09/30/2020,08/25/2020,11/23/2020,13.80,316.00,40.60,100.00,10.00,0.00,120.00,73.00,37.40,N,N,,,Robert,,
CE0005509,Not Responsive,,,,,,,,,,,0.00,0.00,0.00,0.00,0.00,N,N,N,,N,N,,,,,0.00,0.00,0.00,0.00,0.00,0.00,0.00,0.00,0.00,N,N,,,Marcia,,
CE0005510,Not Responsive,,,,,,,,,,,0.00,0.00,0.00,0.00,0.00,N,N,N,,N,N,,,,,0.00,0.00,0.00,0.00,0.00,0.00,0.00,0.00,0.00,N,N,,,Jane,,
CE0005511,Not Responsive,,,,,,,,,,,0.00,0.00,0.00,0.00,0.00,N,N,N,,N,N,,,,,0.00,0.00,0.00,0.00,0.00,0.00,0.00,0.00,0.00,N,N,,,Cynthia,,
CE0005512,Not Responsive,,,,,,,,,,,0.00,0.00,0.00,0.00,0.00,N,N,N,,N,N,,,,,0.00,0.00,0.00,0.00,0.00,0.00,0.00,0.00,0.00,N,N,,,Nestor,,
CE0005513,IDS Expired,O+,04/08/1983,,Male,Caucasian,"LP, WB,",,negative,,,75.50,166.50,170.20,67.00,25.70,N,N,N,,N,N,,12/10/2019,12/11/2019,03/10/2020,13.20,194.00,39.80,67.00,7.80,0.00,104.00,68.00,36.70,N,N,,,Christopher,,
CE0005514,Not Responsive,,,,,,,,,,,0.00,0.00,0.00,0.00,0.00,N,N,N,,N,N,,,,,0.00,0.00,0.00,0.00,0.00,0.00,0.00,0.00,0.00,N,N,,,Daniela D.,,
CE0005515,Not Responsive,A+,03/15/1966,,Male,Caucasian,"WB,",,positive,,,93.00,205.00,175.30,69.00,30.30,N,N,N,,N,N,,,10/09/2019,01/07/2020,14.60,212.00,42.90,77.00,6.00,0.00,125.00,81.00,36.60,N,N,,,Matthew,,
CE0005516,Not Responsive,,,,,,,,,,,0.00,0.00,0.00,0.00,0.00,N,N,N,,N,N,,,,,0.00,0.00,0.00,0.00,0.00,0.00,0.00,0.00,0.00,N,N,,,Chris,,
CE0005517,Not Responsive,,,,,,,,,,,0.00,0.00,0.00,0.00,0.00,N,N,N,,N,N,,,,,0.00,0.00,0.00,0.00,0.00,0.00,0.00,0.00,0.00,N,N,,,Jackie,,
CE0005518,Not Responsive,,,,,,,,,,,0.00,0.00,0.00,0.00,0.00,N,N,N,,N,N,,,,,0.00,0.00,0.00,0.00,0.00,0.00,0.00,0.00,0.00,N,N,,,Valeria,,
CE0005519,Not Responsive,,,,,,,,,,,0.00,0.00,0.00,0.00,0.00,N,N,N,,N,N,,,,,0.00,0.00,0.00,0.00,0.00,0.00,0.00,0.00,0.00,N,N,,,Kyle,,
CE0005520,Not Responsive,,,,,,,,,,,0.00,0.00,0.00,0.00,0.00,N,N,N,,N,N,,,,,0.00,0.00,0.00,0.00,0.00,0.00,0.00,0.00,0.00,N,N,,,Chad,,
CE0005521,Not Responsive,,,,,,,,,,,0.00,0.00,0.00,0.00,0.00,N,N,N,,N,N,,,,,0.00,0.00,0.00,0.00,0.00,0.00,0.00,0.00,0.00,N,N,,,Alisha,,
CE0005522,Not Responsive,,,,,,,,,,,0.00,0.00,0.00,0.00,0.00,N,N,N,,N,N,,,,,0.00,0.00,0.00,0.00,0.00,0.00,0.00,0.00,0.00,N,N,,,Jade,,
CE0005523,Not Responsive,,,,,,,,,,,0.00,0.00,0.00,0.00,0.00,N,N,N,,N,N,,,,,0.00,0.00,0.00,0.00,0.00,0.00,0.00,0.00,0.00,N,N,,,Rachel,,
CE0005524,Not Responsive,,,,,,,,,,,0.00,0.00,0.00,0.00,0.00,N,N,N,,N,N,,,,,0.00,0.00,0.00,0.00,0.00,0.00,0.00,0.00,0.00,N,N,,,Carly,,
CE0005525,Not Responsive,,,,,,,,,,,0.00,0.00,0.00,0.00,0.00,N,N,N,,N,N,,,,,0.00,0.00,0.00,0.00,0.00,0.00,0.00,0.00,0.00,N,N,,,Mariela,,
CE0005526,Not Responsive,,,,,,,,,,,0.00,0.00,0.00,0.00,0.00,N,N,N,,N,N,,,,,0.00,0.00,0.00,0.00,0.00,0.00,0.00,0.00,0.00,N,N,,,Zachary,,
CE0005527,Not Responsive,,,,,,,,,,,0.00,0.00,0.00,0.00,0.00,N,N,N,,N,N,,,,,0.00,0.00,0.00,0.00,0.00,0.00,0.00,0.00,0.00,N,N,,,Rachel,,
CE0005528,Not Responsive,,,,,,,,,,,0.00,0.00,0.00,0.00,0.00,N,N,N,,N,N,,,,,0.00,0.00,0.00,0.00,0.00,0.00,0.00,0.00,0.00,N,N,,,Chadia,,
CE0005529,Not Responsive,,,,,,,,,,,0.00,0.00,0.00,0.00,0.00,N,N,N,,N,N,,,,,0.00,0.00,0.00,0.00,0.00,0.00,0.00,0.00,0.00,N,N,,,Raihana,,
CE0005530,Not Responsive,,,,,,,,,,,0.00,0.00,0.00,0.00,0.00,N,N,N,,N,N,,,,,0.00,0.00,0.00,0.00,0.00,0.00,0.00,0.00,0.00,N,N,,,Joanna,,
CE0005531,Not Responsive,,,,,,,,,,,0.00,0.00,0.00,0.00,0.00,N,N,N,,N,N,,,,,0.00,0.00,0.00,0.00,0.00,0.00,0.00,0.00,0.00,N,N,,,Paul,,
CE0005532,Not Responsive,,,,,,,,,,,0.00,0.00,0.00,0.00,0.00,N,N,N,,N,N,,,,,0.00,0.00,0.00,0.00,0.00,0.00,0.00,0.00,0.00,N,N,,,Maria,,
CE0005533,Not Responsive,,,,,,,,,,,0.00,0.00,0.00,0.00,0.00,N,N,N,,N,N,,,,,0.00,0.00,0.00,0.00,0.00,0.00,0.00,0.00,0.00,N,N,,,Alana,,
CE0005534,Not Responsive,,,,,,,,,,,0.00,0.00,0.00,0.00,0.00,N,N,N,,N,N,,,,,0.00,0.00,0.00,0.00,0.00,0.00,0.00,0.00,0.00,N,N,,Please verify spelling of email,Lori,,
CE0005535,Not Responsive,,,,,,,,,,,0.00,0.00,0.00,0.00,0.00,N,N,N,,N,N,,,,,0.00,0.00,0.00,0.00,0.00,0.00,0.00,0.00,0.00,N,N,,,Dylan,,
CE0005536,Not Responsive,,,,,,,,,,,0.00,0.00,0.00,0.00,0.00,N,N,N,,N,N,,,,,0.00,0.00,0.00,0.00,0.00,0.00,0.00,0.00,0.00,N,N,,,Kara,,
CE0005537,Not Responsive,,,,,,,,,,,0.00,0.00,0.00,0.00,0.00,N,N,N,,N,N,,,,,0.00,0.00,0.00,0.00,0.00,0.00,0.00,0.00,0.00,N,N,,,Fidel,,
CE0005538,Not Responsive,,08/19/1970,,,,,,,,,0.00,0.00,0.00,0.00,0.00,N,N,N,,N,N,,,,,0.00,0.00,0.00,0.00,0.00,0.00,0.00,0.00,0.00,N,N,,,Favio,,
CE0005539,Not Responsive,,10/18/1996,,,,,,,,,0.00,0.00,0.00,0.00,0.00,N,N,N,,N,N,,,,,0.00,0.00,0.00,0.00,0.00,0.00,0.00,0.00,0.00,N,N,,,Briana,,
CE0005540,Not Responsive,,,,,,,,,,,0.00,0.00,0.00,0.00,0.00,N,N,N,,N,N,,,,,0.00,0.00,0.00,0.00,0.00,0.00,0.00,0.00,0.00,N,N,,,conzuelo,,
CE0005541,Not Responsive,,,,,,,,,,,0.00,0.00,0.00,0.00,0.00,N,N,N,,N,N,,,,,0.00,0.00,0.00,0.00,0.00,0.00,0.00,0.00,0.00,N,N,,,Gabriel,,
CE0005542,Not Responsive,,,,,,,,,,,0.00,0.00,0.00,0.00,0.00,N,N,N,,N,N,,,,,0.00,0.00,0.00,0.00,0.00,0.00,0.00,0.00,0.00,N,N,,,Velia,,
CE0005543,Not Responsive,,,,,,,,,,,0.00,0.00,0.00,0.00,0.00,N,N,N,,N,N,,,,,0.00,0.00,0.00,0.00,0.00,0.00,0.00,0.00,0.00,N,N,,,Francis,,
CE0005544,Not Responsive,,,,,,,,,,,0.00,0.00,0.00,0.00,0.00,N,N,N,,N,N,,,,,0.00,0.00,0.00,0.00,0.00,0.00,0.00,0.00,0.00,N,N,,,Dianna,,
CE0005545,Not Responsive,,,,,,,,,,,0.00,0.00,0.00,0.00,0.00,N,N,N,,N,N,,,,,0.00,0.00,0.00,0.00,0.00,0.00,0.00,0.00,0.00,N,N,,,Sree,,
CE0005551,Not Responsive,,,,,,,,,,,0.00,0.00,0.00,0.00,0.00,N,N,N,,N,N,,,,,0.00,0.00,0.00,0.00,0.00,0.00,0.00,0.00,0.00,N,N,,,Namba,,
CE0005552,Not Responsive,,,,,,,,,,,0.00,0.00,0.00,0.00,0.00,N,N,N,,N,N,,,,,0.00,0.00,0.00,0.00,0.00,0.00,0.00,0.00,0.00,N,N,,,Evan,,
CE0005553,Not Responsive,,,,,,,,,,,0.00,0.00,0.00,0.00,0.00,N,N,N,,N,N,,,,,0.00,0.00,0.00,0.00,0.00,0.00,0.00,0.00,0.00,N,N,,,Aamarrie,,
CE0005555,Not Responsive,,,,,,,,,,,0.00,0.00,0.00,0.00,0.00,N,N,N,,N,N,,,,,0.00,0.00,0.00,0.00,0.00,0.00,0.00,0.00,0.00,N,N,,,Sumiko,,
CE0005556,Not Responsive,,,,,,,,,,,0.00,0.00,0.00,0.00,0.00,N,N,N,,N,N,,,,,0.00,0.00,0.00,0.00,0.00,0.00,0.00,0.00,0.00,N,N,,,Zaku,,
CE0005563,Not Responsive,,,,,,,,,,,70.30,155.00,177.80,70.00,22.20,N,N,N,,N,N,,09/19/2019,09/27/2019,,15.00,230.00,43.40,60.00,4.30,0.00,120.00,68.00,36.20,N,N,,,validation,,
CE0005564,Not Responsive,B+,10/09/1970,,Female,Mixed,"LP, WB,",,negative,,,65.10,143.50,167.60,66.00,23.10,Y,Y,N,,N,N,,03/16/2020,01/28/2020,04/27/2020,14.10,292.00,42.20,72.00,7.20,0.00,121.00,72.00,35.60,N,N,,,Cheryl,,
CE0005565,Ineligible,,05/25/1991,,Male,Mixed,,,positive,,,82.10,181.00,172.70,68.00,26.40,N,N,N,,N,N,,10/14/2019,08/29/2019,11/27/2019,16.00,201.00,46.60,69.00,5.60,0.00,118.00,75.00,36.10,N,N,,,Antonio,,
CE0005566,Not Responsive,,,,,,,,,,,0.00,0.00,0.00,0.00,0.00,N,N,N,,N,N,,,,,0.00,0.00,0.00,0.00,0.00,0.00,0.00,0.00,0.00,N,N,,,Michael,,
CE0005567,IDS Expired,A+,11/04/1992,,Male,Mixed,"LP, WB, BM,",BM 100ml,,Negative,,110.50,243.60,175.30,69.00,36.00,N,N,N,,Y,Y,04/27/2020,07/28/2022,07/06/2022,10/04/2022,14.90,205.60,42.50,61.00,4.10,0.00,130.00,70.00,36.90,N,N,,,Ajaya,,
CE0005568,IDS Expired,,08/24/1964,,Female,Caucasian,"WB,",,negative,,,81.10,178.80,167.60,66.00,28.90,Y,N,N,,N,N,,,09/10/2019,12/09/2019,13.90,335.00,43.40,86.00,5.60,0.00,136.00,84.00,36.20,N,N,,,Vivian,,
CE0005570,Not Responsive,,02/04/1963,,,,,,,,,0.00,0.00,0.00,0.00,0.00,N,N,N,,N,N,,,,,0.00,0.00,0.00,0.00,0.00,0.00,0.00,0.00,0.00,N,N,,,Rosa,,
CE0005571,Not Responsive,,,,,,,,,,,0.00,0.00,0.00,0.00,0.00,N,N,N,,N,N,,,,,0.00,0.00,0.00,0.00,0.00,0.00,0.00,0.00,0.00,N,N,,,Johnny,,
CE0005572,Not Responsive,,,,,,,,,,,0.00,0.00,0.00,0.00,0.00,N,N,N,,N,N,,,,,0.00,0.00,0.00,0.00,0.00,0.00,0.00,0.00,0.00,N,N,,,Kathleen,,
CE0005573,Not Responsive,,,,,,,,,,,0.00,0.00,0.00,0.00,0.00,N,N,N,,N,N,,,,,0.00,0.00,0.00,0.00,0.00,0.00,0.00,0.00,0.00,N,N,,,Maria,,
CE0005574,Not Responsive,,10/26/1991,,Male,AfricanAmerican,"WB,",,positive,,,70.70,155.80,175.30,69.00,21.80,N,Y,N,,N,N,,,09/27/2019,12/26/2019,14.00,303.00,42.10,68.00,4.00,0.00,115.00,60.00,36.70,N,N,,BCC,Wayne,,
CE0005575,Not Responsive,A+,02/13/1970,,Male,Caucasian,"BM,",,positive,,,80.70,177.90,180.00,70.90,24.80,Y,N,N,,N,N,01/29/2020,,01/23/2020,04/22/2020,15.20,193.00,45.10,71.00,5.10,0.00,122.00,69.00,37.00,N,N,,Prefers Tuesdays,Charles,,
CE0005576,Not Responsive,,,,,,,,,,,0.00,0.00,0.00,0.00,0.00,N,N,N,,N,N,,,,,0.00,0.00,0.00,0.00,0.00,0.00,0.00,0.00,0.00,N,N,,,Amina,,
CE0005577,Ineligible,B+,11/26/1964,,Male,Hispanic,"LP, WB,",,Positive,,,44.30,97.70,169.00,66.50,33.40,Y,N,N,,N,N,,10/19/2020,09/01/2020,11/30/2020,15.30,197.60,44.50,77.00,7.30,0.00,136.00,85.00,36.90,N,N,,,Jose,,
CE0005578,IDS Expired,O-,01/25/1984,,Male,Caucasian,"LP, WB,",Not Interested,positive,positive,,67.40,148.60,178.00,70.10,21.30,N,N,Y,"Medication,",Y,Y,,07/11/2023,06/27/2023,09/25/2023,13.80,211.20,40.10,70.00,4.50,0.00,108.00,56.00,36.60,N,N,,,Adam,,
CE0005579,Not Responsive,,,,FTM,,,,,,,0.00,0.00,0.00,0.00,0.00,N,N,N,,N,N,,,,,0.00,0.00,0.00,0.00,0.00,0.00,0.00,0.00,0.00,N,N,,,validation,,
CE0005580,Not Responsive,,05/10/1995,,,,,,,,,0.00,0.00,0.00,0.00,0.00,N,N,N,,N,N,,,,,0.00,0.00,0.00,0.00,0.00,0.00,0.00,0.00,0.00,N,N,,,Richard,,
CE0005581,IDS Expired,O+,04/17/2000,,Female,Caucasian,"LP, WB,",,negative,,,60.70,133.80,169.60,66.80,21.10,Y,Y,N,,N,N,,,10/09/2019,01/07/2020,13.50,197.00,40.60,67.00,6.80,0.00,120.00,73.00,36.40,N,N,,,Olivia,,
CE0005582,Not Responsive,,,,,,,,,,,0.00,0.00,0.00,0.00,0.00,N,N,N,,N,N,,,,,0.00,0.00,0.00,0.00,0.00,0.00,0.00,0.00,0.00,N,N,,,Lonisha,,
CE0005583,IDS Expired,A+,08/04/1994,,Male,AfricanAmerican,"LP, WB,",,positive,,,119.80,264.10,190.50,75.00,33.00,N,N,N,,N,N,,06/01/2020,06/01/2020,08/30/2020,15.20,182.00,44.30,77.00,4.30,0.00,134.00,76.00,36.40,N,N,,,Victor,,
CE0005584,Ineligible,,08/19/1994,,Female,AfricanAmerican,,,,,,76.50,168.60,165.10,65.00,28.10,N,N,N,,N,N,,,,,11.50,204.00,35.40,82.00,6.30,0.00,123.00,78.00,36.90,N,N,,,Michelina,,
CE0005585,Ineligible,A+,08/06/1991,,Female,AfricanAmerican,,,positive,,,89.40,197.00,162.60,64.00,33.80,Y,N,N,,N,N,,10/22/2019,10/12/2019,01/10/2020,13.40,258.00,40.20,75.00,6.20,0.00,117.00,68.00,36.30,N,N,,,Yohana,,
CE0005586,Ineligible,B+,09/13/1998,,Female,Caucasian,"LP,",,negative,,,63.50,140.00,167.60,66.00,22.60,Y,N,N,,N,N,,,10/23/2019,01/21/2020,12.10,263.00,35.90,68.00,5.70,0.00,104.00,61.00,37.10,N,N,,,Hannela,,
CE0005587,Not Responsive,,,,,,,,,,,0.00,0.00,0.00,0.00,0.00,N,N,N,,N,N,,,,,0.00,0.00,0.00,0.00,0.00,0.00,0.00,0.00,0.00,N,N,,,Test,,
CE0005590,Ineligible,,07/21/1978,,Female,Hispanic,,,,,,87.30,192.40,151.10,59.50,38.20,N,N,N,,N,N,,,,,14.40,418.00,42.30,89.00,8.40,0.00,120.00,86.00,36.70,N,N,,Donor personal email notifications are off. Called 10/8/19 for IDS appt confirmation and reminder.,Maura,,
CE0005591,Not Responsive,A+,09/30/2001,,Male,Hispanic,"LP, WB, BM,",",bm50ml,bm100ml,",negative,,,92.60,204.20,173.00,68.10,30.90,Y,Y,N,,N,N,,11/06/2019,02/12/2020,05/12/2020,14.60,299.00,43.00,79.00,7.40,0.00,115.00,73.00,36.30,N,N,,,Ruben,,
CE0005592,Ineligible,O+,05/24/1992,,Female,Hispanic,,,negative,,,91.20,201.00,170.80,67.30,31.20,N,N,N,,N,N,,,10/09/2019,01/07/2020,13.10,0.00,40.20,78.00,4.30,0.00,109.00,57.00,36.20,N,N,,,Mariela,,
CE0005593,Not Responsive,O+,05/20/1998,,Male,Hispanic,"LP, WB, BM,",",bm50ml,bm100ml,",positive,,,76.90,171.00,174.00,68.50,25.40,N,N,N,,N,N,,10/21/2019,10/12/2019,01/10/2020,15.80,268.00,48.40,62.00,7.30,0.00,139.00,67.00,37.10,N,N,,,Brandon,,
CE0005595,Not Responsive,B+,05/10/2000,,Male,Mixed,"LP, WB, BM,",",bm50ml,bm100ml,",negative,,,59.10,130.20,182.90,72.00,17.70,N,Y,N,,N,N,,,10/09/2019,01/07/2020,15.40,186.00,45.90,73.00,4.60,0.00,116.00,74.00,36.70,N,N,,,Joshua,,
CE0005596,IDS Expired,O+,03/25/2000,,Female,AfricanAmerican,"WB,",,negative,,,97.50,215.00,175.30,69.00,31.80,Y,Y,N,,N,N,,,10/09/2019,01/07/2020,12.50,272.00,38.80,56.00,4.50,0.00,118.00,73.00,37.10,N,N,,Monday & Wednesday mornings are donors best availability,Teah,,
CE0005597,Not Responsive,,,,,,,,,,,0.00,0.00,0.00,0.00,0.00,N,N,N,,N,N,,,,,0.00,0.00,0.00,0.00,0.00,0.00,0.00,0.00,0.00,N,N,,,Spencer,,
CE0005598,Not Responsive,,,,,,,,,,,0.00,0.00,0.00,0.00,0.00,N,N,N,,N,N,,,,,0.00,0.00,0.00,0.00,0.00,0.00,0.00,0.00,0.00,N,N,,,Damisi,,
CE0005599,Not Responsive,,,,,,,,,,,0.00,0.00,0.00,0.00,0.00,N,N,N,,N,N,,,,,0.00,0.00,0.00,0.00,0.00,0.00,0.00,0.00,0.00,N,N,,,Gabriella,,
CE0005600,Not Responsive,,,,,,,,,,,0.00,0.00,0.00,0.00,0.00,N,N,N,,N,N,,,,,0.00,0.00,0.00,0.00,0.00,0.00,0.00,0.00,0.00,N,N,,,Bella,,
CE0005601,Not Responsive,,,,,,,,,,,0.00,0.00,0.00,0.00,0.00,N,N,N,,N,N,,,,,0.00,0.00,0.00,0.00,0.00,0.00,0.00,0.00,0.00,N,N,,,Irene,,
CE0005602,IDS Expired,A+,05/06/1991,,Male,AfricanAmerican,"LP, WB,",,positive,,,89.50,197.20,175.30,69.00,29.10,N,N,N,,N,N,,10/21/2019,10/15/2019,01/13/2020,16.10,248.00,47.30,71.00,8.60,0.00,120.00,70.00,36.70,N,N,,,Anthony,,
CE0005603,Not Responsive,,,,,,,,,,,0.00,0.00,0.00,0.00,0.00,N,N,N,,N,N,,,,,0.00,0.00,0.00,0.00,0.00,0.00,0.00,0.00,0.00,N,N,,,Iris,,
CE0005604,IDS Expired,O+,12/25/1994,,Male,Mixed,"LP, WB, MLP,",DQ,,Positive,POSITIVE,84.90,187.20,186.00,73.20,24.80,N,Y,N,,Y,N,06/23/2020,03/04/2026,03/30/2026,06/28/2026,14.40,127.30,43.20,72.00,46.20,0.00,130.00,78.00,36.30,N,Y,03/25/2022,#2 of 2 lifetime allowed mobilized LPs completed 4/29/26.,Aaron,,
CE0005607,Not Responsive,,,,,,,,,,,0.00,0.00,0.00,0.00,0.00,N,N,N,,N,N,,,,,0.00,0.00,0.00,0.00,0.00,0.00,0.00,0.00,0.00,N,N,,,Julio,,
CE0005609,IDS Expired,O+,06/13/2000,,Female,Hispanic,"LP, WB,",,positive,,,61.30,135.10,170.00,66.90,21.20,N,N,N,,N,N,,01/14/2020,01/14/2020,04/13/2020,13.60,264.00,39.40,91.00,5.20,0.00,107.00,68.00,37.20,N,N,,,Alycia,,
CE0005611,Not Responsive,O+,07/31/1988,,Male,Hispanic,"LP, WB, BM,",",bm50ml,bm100ml,",positive,,,129.90,286.40,185.40,73.00,37.80,N,N,N,,N,Y,,10/28/2019,10/16/2019,01/14/2020,16.70,225.00,48.10,73.00,9.10,0.00,129.00,84.00,36.20,N,N,,,Steve,,
CE0005612,Not Responsive,O+,12/27/1989,,Male,Mixed,"LP, WB, BM,",",bm50ml,bm100ml,",Positive,,,77.60,171.00,0.00,70.00,0.00,N,N,N,,N,N,,,10/16/2019,01/14/2020,15.50,371.00,45.10,92.00,6.40,0.00,124.00,80.00,36.20,N,N,,,Richard,,
CE0005613,Not Responsive,A+,05/01/1998,,Male,AfricanAmerican,"LP, WB, BM,",",bm50ml,bm100ml,",negative,,,67.40,148.60,184.20,72.50,19.90,N,N,N,,N,N,,11/07/2019,10/21/2019,01/19/2020,15.00,243.00,43.80,76.00,4.20,0.00,123.00,81.00,37.70,N,N,,,Thomas,,
CE0005614,IDS Expired,B+,02/11/1988,,Male,asian,"LP, WB, BM,",BM 100ml,,positive,,73.80,162.70,176.50,69.50,23.70,Y,N,N,,Y,Y,11/15/2021,10/08/2020,11/15/2021,02/13/2022,16.10,226.00,48.00,86.00,5.20,0.00,127.00,86.00,36.90,N,N,,,Farhan,,
CE0005615,Not Responsive,,,,,,,,,,,0.00,0.00,0.00,0.00,0.00,N,N,N,,N,N,,,,,0.00,0.00,0.00,0.00,0.00,0.00,0.00,0.00,0.00,N,N,,,Lilliana,,
CE0005616,Not Responsive,A+,02/26/2001,,Male,Hispanic,"LP, WB,",,negative,,,94.00,207.20,170.70,67.20,32.30,N,N,N,,N,N,,,10/24/2019,01/22/2020,15.70,330.00,46.00,52.00,5.50,0.00,107.00,59.00,37.10,N,N,,,Isaiah,,
CE0005617,Not Responsive,,,,,,,,,,,0.00,0.00,0.00,0.00,0.00,N,N,N,,N,N,,,,,0.00,0.00,0.00,0.00,0.00,0.00,0.00,0.00,0.00,N,N,,,Sarah,,
CE0005618,Not Responsive,,,,,,,,,,,0.00,0.00,0.00,0.00,0.00,N,N,N,,N,N,,,,,0.00,0.00,0.00,0.00,0.00,0.00,0.00,0.00,0.00,N,N,,,Rina,,
CE0005621,Not Responsive,,,,,,,,,,,0.00,0.00,0.00,0.00,0.00,N,N,N,,N,N,,,,,0.00,0.00,0.00,0.00,0.00,0.00,0.00,0.00,0.00,N,N,,,Patuharada,,
CE0005622,Not Responsive,,,,,,,,,,,0.00,0.00,0.00,0.00,0.00,N,N,N,,N,N,,,,,0.00,0.00,0.00,0.00,0.00,0.00,0.00,0.00,0.00,N,N,,,Todd,,
CE0005623,Not Responsive,,,,,,,,,,,0.00,0.00,0.00,0.00,0.00,N,N,N,,N,N,,,,,0.00,0.00,0.00,0.00,0.00,0.00,0.00,0.00,0.00,N,N,,,Yaasoob,,
CE0005624,Not Responsive,,08/22/2001,,,,,,,,,0.00,0.00,0.00,0.00,0.00,N,N,N,,N,N,,,,,0.00,0.00,0.00,0.00,0.00,0.00,0.00,0.00,0.00,N,N,,,Natalie,,
CE0005625,Not Responsive,,10/11/1994,,,,,,,,,0.00,0.00,0.00,0.00,0.00,N,N,N,,N,N,,,,,0.00,0.00,0.00,0.00,0.00,0.00,0.00,0.00,0.00,N,N,,,Nathaniel,,
CE0005626,Not Responsive,,03/05/1991,,,,,,,,,0.00,0.00,0.00,0.00,0.00,N,N,N,,N,N,,,,,0.00,0.00,0.00,0.00,0.00,0.00,0.00,0.00,0.00,N,N,,,Richard,,
CE0005627,Not Responsive,,,,,,,,,,,0.00,0.00,0.00,0.00,0.00,N,N,N,,N,N,,,,,0.00,0.00,0.00,0.00,0.00,0.00,0.00,0.00,0.00,N,N,,,Kimberly,,
CE0005628,Not Responsive,,,,,,,,,,,0.00,0.00,0.00,0.00,0.00,N,N,N,,N,N,,,,,0.00,0.00,0.00,0.00,0.00,0.00,0.00,0.00,0.00,N,N,,,Angela,,
CE0005629,Not Responsive,,,,,,,,,,,0.00,0.00,0.00,0.00,0.00,N,N,N,,N,N,,,,,0.00,0.00,0.00,0.00,0.00,0.00,0.00,0.00,0.00,N,N,,,Benjamin,,
CE0005630,Not Responsive,O+,12/28/1999,,Male,asian,"LP, WB,",,positive,,,78.00,172.00,165.50,65.20,26.10,N,N,N,,N,N,,11/11/2019,02/21/2020,05/21/2020,14.10,320.00,42.90,82.00,9.10,0.00,121.00,78.00,36.20,N,N,,,Mohammad,,
CE0005631,Not Responsive,,,,,,,,,,,0.00,0.00,0.00,0.00,0.00,N,N,N,,N,N,,,,,0.00,0.00,0.00,0.00,0.00,0.00,0.00,0.00,0.00,N,N,,,Maria,,
CE0005632,Not Responsive,,04/07/2001,,,,,,,,,0.00,0.00,0.00,0.00,0.00,N,N,N,,N,N,,,,,0.00,0.00,0.00,0.00,0.00,0.00,0.00,0.00,0.00,N,N,,,Onetu,,
CE0005633,Not Responsive,,,,,,,,,,,0.00,0.00,0.00,0.00,0.00,N,N,N,,N,N,,,,,0.00,0.00,0.00,0.00,0.00,0.00,0.00,0.00,0.00,N,N,,,Andrea,,
CE0005634,Not Responsive,,,,,,,,,,,0.00,0.00,0.00,0.00,0.00,N,N,N,,N,N,,,,,0.00,0.00,0.00,0.00,0.00,0.00,0.00,0.00,0.00,N,N,,,Susan,,
CE0005635,Not Responsive,,08/01/1992,,,,,,,,,0.00,0.00,0.00,0.00,0.00,N,N,N,,N,N,,,,,0.00,0.00,0.00,0.00,0.00,0.00,0.00,0.00,0.00,N,N,,,Ablah Hadith,,
CE0005636,Ineligible,,08/16/2001,,Female,Caucasian,,,,,,69.20,152.60,167.00,65.80,24.80,Y,N,N,,N,N,,,,,0.00,0.00,0.00,54.00,0.00,0.00,112.00,65.00,37.10,N,N,,,Violet,,
CE0005637,Not Responsive,O-,02/02/1998,,Male,Caucasian,"LP, WB, BM,",",bm50ml,bm100ml,",Negative,,,68.80,151.70,187.00,73.60,19.20,N,N,N,,N,N,,01/20/2020,01/07/2020,04/06/2020,13.90,194.00,41.50,53.00,6.40,0.00,137.00,75.00,36.20,N,N,,,Samuel,,
CE0005638,Not Responsive,,,,,,,,,,,0.00,0.00,0.00,0.00,0.00,N,N,N,,N,N,,,,,0.00,0.00,0.00,0.00,0.00,0.00,0.00,0.00,0.00,N,N,,,Miles,,
CE0005639,Eligible,O+,04/20/1985,,Female,Mixed,"WB, BM,",BM 100ml,,Positive,,77.60,171.08,155.00,61.02,32.30,N,N,N,,Y,N,05/19/2026,07/21/2020,05/19/2026,08/17/2026,13.53,317.20,40.10,93.00,9.89,0.00,140.00,87.00,36.50,Y,Y,03/09/2022,,Vanessa,,
CE0005640,Not Responsive,,01/21/1995,,,,,,,,,0.00,0.00,0.00,0.00,0.00,N,N,N,,N,N,,,,,0.00,0.00,0.00,0.00,0.00,0.00,0.00,0.00,0.00,N,N,,,Kimberly,,
CE0005641,Not Responsive,,,,Female,,,,,,,0.00,0.00,0.00,0.00,0.00,N,N,N,,N,N,,,,,0.00,0.00,0.00,0.00,0.00,0.00,0.00,0.00,0.00,N,N,,,Isabella,,
CE0005642,Not Responsive,,,,,,,,,,,0.00,0.00,0.00,0.00,0.00,N,N,N,,N,N,,,,,0.00,0.00,0.00,0.00,0.00,0.00,0.00,0.00,0.00,N,N,,,Ayana'a,,
CE0005643,Not Responsive,,,,,,,,,,,0.00,0.00,0.00,0.00,0.00,N,N,N,,N,N,,,,,0.00,0.00,0.00,0.00,0.00,0.00,0.00,0.00,0.00,N,N,,,Mac,,
CE0005644,Not Responsive,,,,,,,,,,,0.00,0.00,0.00,0.00,0.00,N,N,N,,N,N,,,,,0.00,0.00,0.00,0.00,0.00,0.00,0.00,0.00,0.00,N,N,,,Hanna,,
CE0005646,Not Responsive,,,,,,,,,,,0.00,0.00,0.00,0.00,0.00,N,N,N,,N,N,,,,,0.00,0.00,0.00,0.00,0.00,0.00,0.00,0.00,0.00,N,N,,,Christina,,
CE0005647,Not Responsive,O+,11/20/2000,,Male,asian,"LP, WB, BM,",",bm50ml,bm100ml,",negative,,,74.90,165.20,180.50,71.10,23.00,N,N,N,,N,N,,,11/13/2019,02/11/2020,15.90,261.00,47.00,64.00,7.80,0.00,117.00,76.00,36.90,N,N,,,Daniel,,
CE0005648,Not Responsive,,07/30/2001,,,,,,negative,,,58.50,129.00,170.00,68.00,20.30,N,N,N,,N,N,,,11/13/2019,02/11/2020,14.70,281.00,0.00,68.00,6.10,0.00,130.00,84.00,37.50,N,N,,,Riley,,
CE0005649,Not Responsive,B+,07/05/2001,,Male,asian,"LP, WB,",,Positive,,,110.30,243.20,175.30,69.00,35.90,N,N,N,,N,N,,,11/13/2019,02/11/2020,15.90,294.00,47.10,71.00,8.20,0.00,135.00,71.00,37.50,N,N,,,Julian,,
CE0005650,Not Responsive,,,,,,,,,,,0.00,0.00,0.00,0.00,0.00,N,N,N,,N,N,,,,,0.00,0.00,0.00,0.00,0.00,0.00,0.00,0.00,0.00,N,N,,,Justin,,
CE0005651,Not Responsive,,,,,,,,,,,0.00,0.00,0.00,0.00,0.00,N,N,N,,N,N,,,,,0.00,0.00,0.00,0.00,0.00,0.00,0.00,0.00,0.00,N,N,,,Neilvy,,
CE0005652,Not Responsive,,,,,,,,,,,0.00,0.00,0.00,0.00,0.00,N,N,N,,N,N,,,,,0.00,0.00,0.00,0.00,0.00,0.00,0.00,0.00,0.00,N,N,,,Kristina,,
CE0005653,Not Responsive,,,,,,,,,,,0.00,0.00,0.00,0.00,0.00,N,N,N,,N,N,,,,,0.00,0.00,0.00,0.00,0.00,0.00,0.00,0.00,0.00,N,N,,,Nancy,,
CE0005654,Not Responsive,,,,,,,,,,,0.00,0.00,0.00,0.00,0.00,N,N,N,,N,N,,,,,0.00,0.00,0.00,0.00,0.00,0.00,0.00,0.00,0.00,N,N,,,Amelia,,
CE0005655,Not Responsive,,,,,,,,,,,0.00,0.00,0.00,0.00,0.00,N,N,N,,N,N,,,,,0.00,0.00,0.00,0.00,0.00,0.00,0.00,0.00,0.00,N,N,,,Zoe,,
CE0005656,Not Responsive,,,,,,,,,,,0.00,0.00,0.00,0.00,0.00,N,N,N,,N,N,,,,,0.00,0.00,0.00,0.00,0.00,0.00,0.00,0.00,0.00,N,N,,,Meia,,
CE0005657,Not Responsive,,,,,,,,,,,0.00,0.00,0.00,0.00,0.00,N,N,N,,N,N,,,,,0.00,0.00,0.00,0.00,0.00,0.00,0.00,0.00,0.00,N,N,,,Paul,,
CE0005658,IDS Expired,A+,04/18/1997,,Female,Mixed,"LP, WB,",DQ,,Positive,,136.40,300.70,165.10,65.00,50.00,Y,N,N,,Y,N,,04/05/2022,02/15/2022,05/16/2022,14.00,320.40,41.80,91.00,9.40,0.00,149.00,96.00,36.80,N,Y,02/15/2022,,Vanessa,,
CE0005659,Not Responsive,,,,,,,,,,,0.00,0.00,0.00,0.00,0.00,N,N,N,,N,N,,,,,0.00,0.00,0.00,0.00,0.00,0.00,0.00,0.00,0.00,N,N,,,Shawanna,,
CE0005660,IDS Expired,O+,06/12/1998,,Male,Caucasian,"LP, WB,",,negative,,,100.10,220.68,195.60,77.00,26.16,N,Y,N,,N,N,,02/10/2020,02/10/2020,05/10/2020,15.00,221.00,45.50,51.00,4.80,0.00,108.00,62.00,36.50,N,N,,,Michael,,
CE0005661,Not Responsive,O+,08/18/2000,,Male,Mixed,"LP, WB, BM,",",bm50ml,bm100ml,",Positive,,,61.50,135.60,182.90,72.00,18.40,N,N,N,,N,N,,,11/13/2019,02/11/2020,15.20,260.00,45.60,74.00,6.70,0.00,124.00,76.00,36.90,N,N,,,Kevin,,
CE0005662,Ineligible,O+,11/24/1979,,Female,AfricanAmerican,,,,Positive,POSITIVE,101.20,223.11,161.00,63.39,39.04,Y,Y,Y,"Medication, Food,",Y,N,,02/07/2024,02/07/2024,05/07/2024,12.60,247.50,39.00,100.00,5.79,0.00,125.00,80.00,36.20,N,Y,02/14/2022,DEFERRED except for WB (taking ACE inhibitor),Johnetta,02/07/2024,POSITIVE
CE0005665,Ineligible,,04/22/1965,,Female,AfricanAmerican,,,,,,110.50,243.60,162.60,64.00,41.80,Y,N,N,,N,N,,,,,0.00,0.00,0.00,84.00,0.00,0.00,135.00,81.00,36.10,N,N,,,Michelle,,
CE0005666,Ineligible,,04/04/1957,,,,,,,,,0.00,0.00,0.00,0.00,0.00,N,N,N,,N,N,,,,,0.00,0.00,0.00,0.00,0.00,0.00,0.00,0.00,0.00,N,N,,,David,,
CE0005667,IDS Expired,O+,10/15/1993,,Male,asian,"LP, WB,",,Positive,,,61.80,136.30,168.90,66.50,20.30,Y,N,N,,Y,N,,02/04/2021,02/12/2021,05/13/2021,14.10,244.40,43.50,80.00,8.00,0.00,134.00,82.00,36.90,N,N,,,Saad,,
CE0005668,Not Responsive,,,,,,,,,,,0.00,0.00,0.00,0.00,0.00,N,N,N,,N,N,,,,,0.00,0.00,0.00,0.00,0.00,0.00,0.00,0.00,0.00,N,N,,,Destiny,,
CE0005669,Ineligible,,07/23/1994,,Male,,,,,,,103.50,228.20,180.30,71.00,31.80,N,N,N,,N,N,,,,,15.20,231.00,44.80,63.00,5.70,0.00,130.00,81.00,36.20,N,N,,,Elton,,
CE0005670,Eligible,O+,07/17/1979,,Female,Caucasian,"LP, WB,",DQ,,Positive,POSITIVE,58.40,128.75,170.00,66.93,20.21,Y,N,Y,"Environmental,",Y,Y,,07/20/2026,06/15/2026,09/13/2026,14.67,306.70,43.90,89.00,3.99,0.00,117.00,77.00,36.20,Y,Y,10/29/2024,ALLERGIES: CATS,Sarah,,
CE0005671,Ineligible,,01/07/1971,,Female,,,,,,,0.00,0.00,0.00,0.00,0.00,N,N,N,,N,N,,,,,0.00,0.00,0.00,0.00,0.00,0.00,0.00,0.00,0.00,N,N,,,Cynthia,,
CE0005672,Not Responsive,A-,03/14/1987,,Male,Caucasian,,,negative,,,69.40,153.00,177.80,70.00,22.00,Y,Y,N,,N,N,,,11/13/2019,02/11/2020,15.40,189.00,43.70,90.00,5.50,0.00,110.00,77.00,36.70,N,N,,,Jared,,
CE0005673,Ineligible,,08/05/1996,,Male,Caucasian,,,,,,82.70,182.40,180.30,71.00,25.40,Y,Y,N,,N,N,,,,,0.00,0.00,0.00,65.00,0.00,0.00,140.00,81.00,36.70,N,N,,Inadequate venous access; unable to draw labs.,Russell,,
CE0005674,Not Responsive,,,,,,,,,,,0.00,0.00,0.00,0.00,0.00,N,N,N,,N,N,,,,,0.00,0.00,0.00,0.00,0.00,0.00,0.00,0.00,0.00,N,N,,,Garret,,
CE0005675,Ineligible,,06/03/1991,,,,,,,,,158.20,348.80,180.30,71.00,48.70,N,N,N,,N,N,,,,,0.00,0.00,0.00,81.00,0.00,0.00,124.00,86.00,36.50,N,N,,,Isaac,,
CE0005676,Not Responsive,,,,,,,,,,,0.00,0.00,0.00,0.00,0.00,N,N,N,,N,N,,,,,0.00,0.00,0.00,0.00,0.00,0.00,0.00,0.00,0.00,N,N,,,Fine,,
CE0005677,Not Responsive,,,,,,,,,,,0.00,0.00,0.00,0.00,0.00,N,N,N,,N,N,,,,,0.00,0.00,0.00,0.00,0.00,0.00,0.00,0.00,0.00,N,N,,,Lauren,,
CE0005678,IDS Expired,A+,09/14/2000,,FTM,Caucasian,"LP, WB, BM,",,negative,,,59.50,131.20,168.50,66.30,19.50,Y,N,N,,N,N,05/26/2020,12/18/2019,05/26/2020,08/24/2020,14.20,242.00,42.00,81.00,4.50,0.00,139.00,72.00,36.90,N,N,,,Michael,,
CE0005679,IDS Expired,A+,04/10/1997,,Male,Caucasian,"LP, WB,",DQ,,Negative,,74.90,165.10,173.00,68.10,25.00,N,N,N,,Y,Y,12/15/2021,05/03/2021,12/06/2021,03/06/2022,15.30,213.90,42.20,63.00,6.20,0.00,136.00,68.00,36.80,N,N,,,Samuel,,
CE0005680,Ineligible,A+,12/06/1978,,Female,AfricanAmerican,,,Positive,,,105.50,232.60,170.20,67.00,36.40,Y,N,N,,N,N,,,11/14/2019,02/12/2020,12.70,287.00,0.00,85.00,8.10,5.60,121.00,82.00,37.10,N,N,,,Porshae,,
CE0005681,Not Responsive,,09/19/1997,,,,,,,,,0.00,0.00,0.00,0.00,0.00,N,N,N,,N,N,,,,,0.00,0.00,0.00,0.00,0.00,0.00,0.00,0.00,0.00,N,N,,,Katie,,
CE0005682,Ineligible,,11/19/1991,,Female,,,,,,,0.00,0.00,0.00,0.00,0.00,N,N,N,,N,N,,,,,0.00,0.00,0.00,0.00,0.00,0.00,0.00,0.00,0.00,N,N,,,Arya,,
CE0005683,Not Responsive,,07/17/2001,,,,,,,,,0.00,0.00,0.00,0.00,0.00,N,N,N,,N,N,,,,,0.00,0.00,0.00,0.00,0.00,0.00,0.00,0.00,0.00,N,N,,,Dani,,
CE0005684,Not Responsive,,11/11/1968,,,,,,,,,0.00,0.00,0.00,0.00,0.00,N,N,N,,N,N,,,,,0.00,0.00,0.00,0.00,0.00,0.00,0.00,0.00,0.00,N,N,,,Olivia,,
CE0005685,Not Responsive,,,,,,,,,,,0.00,0.00,0.00,0.00,0.00,N,N,N,,N,N,,,,,0.00,0.00,0.00,0.00,0.00,0.00,0.00,0.00,0.00,N,N,,,Miguel Angel,,
CE0005686,Not Responsive,,,,,,,,,,,0.00,0.00,0.00,0.00,0.00,N,N,N,,N,N,,,,,0.00,0.00,0.00,0.00,0.00,0.00,0.00,0.00,0.00,N,N,,,Jada,,
CE0005687,Not Responsive,,,,,,,,,,,0.00,0.00,0.00,0.00,0.00,N,N,N,,N,N,,,,,0.00,0.00,0.00,0.00,0.00,0.00,0.00,0.00,0.00,N,N,,,Brandi,,
CE0005688,Not Responsive,,,,,,,,,,,0.00,0.00,0.00,0.00,0.00,N,N,N,,N,N,,,,,0.00,0.00,0.00,0.00,0.00,0.00,0.00,0.00,0.00,N,N,,,Janelle,,
CE0005689,Not Responsive,,,,,,,,,,,0.00,0.00,0.00,0.00,0.00,N,N,N,,N,N,,,,,0.00,0.00,0.00,0.00,0.00,0.00,0.00,0.00,0.00,N,N,,,Kevin,,
CE0005690,Not Responsive,,,,,,,,,,,0.00,0.00,0.00,0.00,0.00,N,N,N,,N,N,,,,,0.00,0.00,0.00,0.00,0.00,0.00,0.00,0.00,0.00,N,N,,,Nelly,,
CE0005691,Not Responsive,,,,,,,,,,,0.00,0.00,0.00,0.00,0.00,N,N,N,,N,N,,,,,0.00,0.00,0.00,0.00,0.00,0.00,0.00,0.00,0.00,N,N,,,Stacy,,
CE0005692,Not Responsive,,,,,,,,,,,0.00,0.00,0.00,0.00,0.00,N,N,N,,N,N,,,,,0.00,0.00,0.00,0.00,0.00,0.00,0.00,0.00,0.00,N,N,,,Dynasty,,
CE0005693,Not Responsive,,10/17/2000,,,,,,,,,0.00,0.00,0.00,0.00,0.00,N,N,N,,N,N,,,,,0.00,0.00,0.00,0.00,0.00,0.00,0.00,0.00,0.00,N,N,,,Skye,,
CE0005694,IDS Expired,A+,09/25/2000,,Male,Caucasian,"LP, WB, BM,",",bm50ml,bm100ml,",positive,,,75.80,167.10,178.00,70.10,23.70,N,N,N,,Y,Y,,01/24/2020,09/11/2020,12/10/2020,13.80,116.00,42.00,85.00,4.50,0.00,119.00,73.00,36.90,N,N,,,Daniel,,
CE0005695,Not Responsive,,,,,,,,,,,0.00,0.00,0.00,0.00,0.00,N,N,N,,N,N,,,,,0.00,0.00,0.00,0.00,0.00,0.00,0.00,0.00,0.00,N,N,,,Charles,,
CE0005696,Not Responsive,,,,,,,,,,,0.00,0.00,0.00,0.00,0.00,N,N,N,,N,N,,,,,0.00,0.00,0.00,0.00,0.00,0.00,0.00,0.00,0.00,N,N,,,Nima,,
CE0005697,Not Responsive,,,,,,,,,,,0.00,0.00,0.00,0.00,0.00,N,N,N,,N,N,,,,,0.00,0.00,0.00,0.00,0.00,0.00,0.00,0.00,0.00,N,N,,,Natalia,,
CE0005698,Not Responsive,,03/12/2000,,,,,,,,,0.00,0.00,0.00,0.00,0.00,N,N,N,,N,N,,,,,0.00,0.00,0.00,0.00,0.00,0.00,0.00,0.00,0.00,N,N,,,Anastasiya,,
CE0005699,Not Responsive,,,,,,,,,,,0.00,0.00,0.00,0.00,0.00,N,N,N,,N,N,,,,,0.00,0.00,0.00,0.00,0.00,0.00,0.00,0.00,0.00,N,N,,,Bahnan,,
CE0005700,Not Responsive,A+,01/06/1991,,Female,Hispanic,"LP, WB,",,positive,,,90.00,198.40,161.50,63.60,34.50,Y,N,N,,N,N,,,01/08/2020,04/07/2020,14.30,246.00,43.60,94.00,8.50,0.00,142.00,91.00,37.50,N,N,,,Shantal,,
CE0005701,Not Responsive,,,,,,,,,,,0.00,0.00,0.00,0.00,0.00,N,N,N,,N,N,,,,,0.00,0.00,0.00,0.00,0.00,0.00,0.00,0.00,0.00,N,N,,,Melanie,,
CE0005702,Not Responsive,,,,,,,,,,,0.00,0.00,0.00,0.00,0.00,N,N,N,,N,N,,,,,0.00,0.00,0.00,0.00,0.00,0.00,0.00,0.00,0.00,N,N,,,Taylor,,
CE0005703,Not Responsive,,,,,,,,,,,0.00,0.00,0.00,0.00,0.00,N,N,N,,N,N,,,,,0.00,0.00,0.00,0.00,0.00,0.00,0.00,0.00,0.00,N,N,,,Max,,
CE0005704,IDS Expired,O-,09/03/1974,,Female,Hispanic,"WB, BM,",BM 100ml,,Positive,,69.80,153.90,160.00,63.00,25.90,N,N,N,,Y,Y,08/04/2021,01/28/2020,08/04/2021,11/02/2021,13.90,272.00,42.20,86.00,7.00,0.00,107.00,69.00,36.80,N,N,,,Letty,,
CE0005705,Not Responsive,,,,,,,,,,,0.00,0.00,0.00,0.00,0.00,N,N,N,,N,N,,,,,0.00,0.00,0.00,0.00,0.00,0.00,0.00,0.00,0.00,N,N,,,Anya,,
CE0005706,Not Responsive,,09/16/1997,,,,,,,,,0.00,0.00,0.00,0.00,0.00,N,N,N,,N,N,,,,,0.00,0.00,0.00,0.00,0.00,0.00,0.00,0.00,0.00,N,N,,,Reyna,,
CE0005707,Not Responsive,,07/29/1997,,Female,,,,,,,90.10,198.60,164.00,64.60,33.50,N,N,N,,N,N,,,,,11.80,407.00,0.00,83.00,0.00,0.00,132.00,84.00,36.30,N,N,,,Adele,,
CE0005708,Not Responsive,,04/03/1984,,,,,,,,,0.00,0.00,0.00,0.00,0.00,N,N,N,,N,N,,,,,0.00,0.00,0.00,0.00,0.00,0.00,0.00,0.00,0.00,N,N,,,Belen,,
CE0005709,Not Responsive,,08/08/1983,,,,,,,,,0.00,0.00,0.00,0.00,0.00,N,N,N,,N,N,,,,,0.00,0.00,0.00,0.00,0.00,0.00,0.00,0.00,0.00,N,N,,,Ashkey,,
CE0005710,IDS Expired,O+,09/11/1982,,Male,asian,"BM,",",bm50ml,",negative,,,56.90,125.40,170.20,67.00,19.10,N,N,N,,N,N,,,11/23/2019,02/21/2020,15.00,208.00,43.00,65.00,6.50,0.00,109.00,73.00,35.80,N,N,,,Jason,,
CE0005711,IDS Expired,A+,08/09/1991,,Female,PacificIslander,"LP, WB,",,positive,,,69.80,153.80,165.10,65.00,25.60,Y,N,N,,N,N,,,12/07/2019,03/06/2020,13.40,236.00,41.10,87.00,7.90,0.00,111.00,83.00,37.10,N,N,,,Adrienne,,
CE0005712,Not Responsive,,05/31/1996,,,,,,,,,0.00,0.00,0.00,0.00,0.00,N,N,N,,N,N,,,,,0.00,0.00,0.00,0.00,0.00,0.00,0.00,0.00,0.00,N,N,,,Ariane,,
CE0005713,IDS Expired,O+,01/22/1994,,Male,Hispanic,"LP, WB,",DQ,,Positive,POSITIVE,104.20,229.70,188.00,74.00,29.50,N,N,N,,Y,Y,03/10/2020,04/19/2022,10/07/2022,01/05/2023,17.40,281.20,51.50,65.00,5.90,0.00,133.00,79.00,36.70,N,Y,02/01/2022,,Christopher,,
CE0005714,IDS Expired,O+,04/14/1978,,Male,Hispanic,,DQ,,Negative,,76.80,169.30,166.00,65.40,27.90,N,N,N,,Y,N,02/12/2025,08/15/2023,02/12/2025,05/13/2025,15.70,269.40,45.30,81.00,7.00,0.00,115.00,81.00,35.80,N,Y,02/16/2022,,Michael,,
CE0005715,Not Responsive,,01/24/1997,,,,,,,,,0.00,0.00,0.00,0.00,0.00,N,N,N,,N,N,,,,,0.00,0.00,0.00,0.00,0.00,0.00,0.00,0.00,0.00,N,N,,,Karan,,
CE0005717,Not Responsive,,,,,,,,,,,0.00,0.00,0.00,0.00,0.00,N,N,N,,N,N,,,,,0.00,0.00,0.00,0.00,0.00,0.00,0.00,0.00,0.00,N,N,,,Isabel,,
CE0005718,Not Responsive,,,,,,,,,,,0.00,0.00,0.00,0.00,0.00,N,N,N,,N,N,,,,,0.00,0.00,0.00,0.00,0.00,0.00,0.00,0.00,0.00,N,N,,,Tyion,,
CE0005719,Eligible,A+,07/22/1988,,Male,Caucasian,"LP, WB, BM,",BM 100ml,,Positive,POSITIVE,121.80,268.52,183.00,72.05,36.16,Y,N,Y,"Medication, Environmental,",Y,N,03/23/2026,07/21/2026,06/11/2026,09/09/2026,14.07,238.10,41.30,64.00,5.43,0.00,141.00,83.00,36.30,Y,Y,01/31/2022,"ALLERGIES: PCN, Seasonal;
DQ for mLP d/t BMI & 2 completed mLP at LeukoLab",Cameron,,
CE0005720,Not Responsive,O-,08/15/1988,,Male,Caucasian,"LP, WB, BM,",",bm50ml,bm100ml,",Positive,,,91.70,202.20,185.40,73.00,27.10,N,N,N,,N,N,,12/09/2019,11/25/2019,02/23/2020,14.90,275.00,44.60,56.00,7.50,0.00,126.00,69.00,36.00,N,N,,,Benjamin,,
CE0005721,IDS Expired,O+,11/20/2001,,Male,AfricanAmerican,"WB, BM,",",bm50ml,bm100ml,",negative,,,79.00,174.20,180.30,71.00,24.30,Y,N,N,,N,N,,,11/25/2019,02/23/2020,14.80,245.00,0.00,66.00,5.20,0.00,140.00,76.00,37.20,N,N,,,Irvin,,
CE0005722,IDS Expired,A+,08/13/1995,,Male,Caucasian,"LP, WB, BM,",BM 100ml,,Negative,,82.00,180.80,177.80,70.00,25.90,N,N,N,,Y,N,12/08/2021,12/12/2019,12/08/2021,03/08/2022,14.90,227.60,43.90,64.00,5.20,0.00,122.00,71.00,36.50,N,N,,,Johnny,,
CE0005723,Not Responsive,,03/20/2000,,,,,,,,,0.00,0.00,0.00,0.00,0.00,N,N,N,,N,N,,,,,0.00,0.00,0.00,0.00,0.00,0.00,0.00,0.00,0.00,N,N,,,Samantha,,
CE0005724,Ineligible,,11/14/1995,,,,,,,,,50.20,110.60,0.00,0.00,0.00,N,N,N,,N,N,,,,,0.00,0.00,0.00,0.00,0.00,0.00,0.00,0.00,0.00,N,N,,,Han,,
CE0005725,IDS Expired,A+,04/06/1988,,Male,Caucasian,"LP, WB,",DQ,,Negative,Positive,113.20,249.60,180.30,71.00,34.80,Y,N,N,,Y,N,,10/06/2022,08/18/2022,11/16/2022,15.20,264.80,44.80,94.00,8.40,0.00,148.00,91.00,36.00,N,Y,03/22/2022,,Eric,,
CE0005726,Not Responsive,,09/29/1999,,,,,,,,,0.00,0.00,0.00,0.00,0.00,N,N,N,,N,N,,,,,0.00,0.00,0.00,0.00,0.00,0.00,0.00,0.00,0.00,N,N,,,Barton,,
CE0005727,Not Responsive,,03/19/1990,,,,,,,,,0.00,0.00,0.00,0.00,0.00,N,N,N,,N,N,,,,,0.00,0.00,0.00,0.00,0.00,0.00,0.00,0.00,0.00,N,N,,,Morey,,
CE0005728,Not Responsive,,05/12/2000,,,,,,,,,0.00,0.00,0.00,0.00,0.00,N,N,N,,N,N,,,,,0.00,0.00,0.00,0.00,0.00,0.00,0.00,0.00,0.00,N,N,,,Matthew,,
CE0005729,Not Responsive,,10/07/1969,,,,,,,,,0.00,0.00,0.00,0.00,0.00,N,N,N,,N,N,,,,,0.00,0.00,0.00,0.00,0.00,0.00,0.00,0.00,0.00,N,N,,,Carie,,
CE0005730,Not Responsive,A+,02/16/1988,,Female,,,,,,,74.40,164.00,165.10,65.00,27.30,Y,N,N,,N,N,,,12/20/2019,03/19/2020,13.40,345.00,40.60,80.00,6.50,0.00,118.00,84.00,36.40,N,N,,,Sylvie,,
CE0005731,IDS Expired,B+,07/18/1994,,Male,Mixed,,,negative,,,82.60,182.00,179.00,70.50,25.80,N,N,N,,N,N,,,12/07/2019,03/06/2020,14.80,335.00,42.90,68.00,4.70,0.00,131.00,79.00,36.90,N,N,,,Julien,,
CE0005732,Not Responsive,,11/06/2001,,,,,,,,,0.00,0.00,0.00,0.00,0.00,N,N,N,,N,N,,,,,0.00,0.00,0.00,0.00,0.00,0.00,0.00,0.00,0.00,N,N,,,Cienna,,
CE0005733,IDS Expired,B+,06/04/1997,,Male,asian,"LP, WB, BM,",BM 100ml,Positive,,,90.30,199.10,177.80,70.00,28.90,N,N,N,,Y,N,05/26/2021,,03/09/2021,06/07/2021,15.80,205.00,51.90,61.00,5.60,0.00,139.00,88.00,36.80,N,N,,,Abhishek,,
CE0005734,Not Responsive,B+,06/15/1997,,Male,asian,"LP, WB, BM,",",bm50ml,bm100ml,",positive,,,77.20,170.20,178.00,70.10,24.80,N,N,N,,N,N,,01/15/2020,12/13/2019,03/12/2020,15.40,189.00,45.80,64.00,5.80,0.00,115.00,69.00,36.30,N,N,,,alexander,,
CE0005735,IDS Expired,A+,11/23/1998,,Male,Caucasian,"LP, WB, BM,",BM 100ml,,Positive,,70.90,156.30,170.00,66.90,24.50,N,N,N,,Y,N,01/19/2022,11/10/2021,01/18/2022,04/18/2022,15.10,153.00,43.10,75.00,3.10,0.00,114.00,73.00,36.90,N,Y,01/19/2022,,Ryan,,
CE0005736,Not Responsive,,12/09/1999,,,,,,,,,0.00,0.00,0.00,0.00,0.00,N,N,N,,N,N,,,,,0.00,0.00,0.00,0.00,0.00,0.00,0.00,0.00,0.00,N,N,,,Nicolas,,
CE0005737,IDS Expired,A+,01/01/1976,,Female,Caucasian,"LP, WB, BM,",BM 100ml,negative,Negative,POSITIVE,88.10,194.20,165.00,65.00,32.40,N,N,N,,Y,N,07/28/2023,06/21/2023,10/16/2023,01/14/2024,14.10,156.60,40.50,75.00,5.30,0.00,137.00,65.00,36.20,N,Y,10/10/2022,,Dana,06/21/2023,POSITIVE
CE0005738,Not Responsive,,11/21/1988,,,,,,,,,0.00,0.00,0.00,0.00,0.00,N,N,N,,N,N,,,,,0.00,0.00,0.00,0.00,0.00,0.00,0.00,0.00,0.00,N,N,,,Catherine,,
CE0005739,IDS Expired,O+,04/04/1991,,Male,asian,"LP, WB, BM,",BM 100ml,Negative,,,72.80,160.50,168.00,66.10,25.00,N,N,N,,Y,N,03/01/2021,05/28/2020,03/01/2021,05/30/2021,14.50,170.00,43.90,80.00,4.90,0.00,134.00,76.00,36.30,N,N,,,Pavan,,
CE0005740,Not Responsive,,01/13/1975,,,,,,,,,0.00,0.00,0.00,0.00,0.00,N,N,N,,N,N,,,,,0.00,0.00,0.00,0.00,0.00,0.00,0.00,0.00,0.00,N,N,,,Matthew,,
CE0005741,IDS Expired,B+,03/17/1992,,MTF,Caucasian,"WB, BM,",BM 100ml,Negative,,,98.20,216.50,182.00,71.70,23.70,N,N,N,,Y,N,03/31/2021,01/08/2020,03/31/2021,06/29/2021,16.40,191.00,47.20,73.00,8.70,0.00,136.00,85.00,36.80,N,N,,,Nicholas (Envy),,
CE0005742,IDS Expired,A+,11/26/1983,,Male,Caucasian,"LP, WB, BM,",BM 100ml,,Positive,,96.90,213.60,187.00,73.60,27.70,N,N,N,,Y,Y,01/06/2026,05/18/2026,03/31/2026,06/29/2026,14.40,273.80,42.90,96.00,5.00,0.00,156.00,84.00,37.10,N,Y,04/13/2022,,Dennis,,
CE0005743,IDS Expired,O+,11/02/1978,,Male,Caucasian,"LP, WB, BM,",",bm50ml,bm100ml,",Positive,,,78.90,173.90,175.00,68.90,25.80,Y,N,N,,N,N,,,12/19/2019,03/18/2020,14.70,253.00,44.30,88.00,6.10,0.00,124.00,78.00,36.50,N,N,,,Stephen,,
CE0005744,Not Responsive,,12/07/1970,,,,,,,,,0.00,0.00,0.00,0.00,0.00,N,N,N,,N,N,,,,,0.00,0.00,0.00,0.00,0.00,0.00,0.00,0.00,0.00,N,N,,,Noel,,
CE0005745,Not Responsive,,06/21/1985,,Female,AfricanAmerican,,,,,,97.60,215.20,168.00,66.10,34.60,N,N,N,,N,N,,,,,11.70,276.00,0.00,69.00,7.20,0.00,118.00,78.00,37.60,N,N,,,Sherretta,,
CE0005746,Not Responsive,A+,09/11/1989,,Male,Mixed,,,negative,,,80.80,178.10,166.00,65.40,29.30,N,N,N,,N,N,05/04/2020,06/22/2020,05/05/2020,08/03/2020,11.60,206.00,36.20,79.00,5.80,0.00,135.00,75.00,36.20,N,N,,,Gabriel,,
CE0005747,Not Responsive,,12/08/1986,,,,,,,,,0.00,0.00,0.00,0.00,0.00,N,N,N,,N,N,,,,,0.00,0.00,0.00,0.00,0.00,0.00,0.00,0.00,0.00,N,N,,,Sara,,
CE0005748,Not Responsive,,10/19/1995,,Female,,,,,,,68.00,149.90,416.60,164.00,3.90,N,N,N,,N,N,,,,,11.90,437.00,0.00,100.00,7.10,0.00,122.00,81.00,36.60,N,N,,,Alani,,
CE0005749,Ineligible,,01/23/1977,,Female,,,,,,,53.50,118.00,0.00,0.00,0.00,N,N,N,,N,N,,,,,0.00,0.00,0.00,0.00,0.00,0.00,0.00,0.00,0.00,N,N,,,Naomi,,
CE0005750,IDS Expired,A+,02/13/1998,,Female,Caucasian,"LP, WB,",,negative,,,71.50,157.60,166.00,65.40,26.00,Y,N,N,,N,N,,02/27/2020,01/17/2020,04/16/2020,13.70,272.00,40.90,83.00,6.10,0.00,110.00,57.00,36.00,N,N,,,Skylar,,
CE0005751,Ineligible,O+,12/12/1970,,Female,Caucasian,,,negative,,,64.30,141.80,158.00,62.20,25.80,Y,N,N,,N,N,,,12/19/2019,03/18/2020,13.60,268.00,42.00,74.00,5.50,0.00,138.00,87.00,36.60,N,N,,,Denise,,
CE0005752,Not Responsive,,01/24/1991,,,,,,,,,0.00,0.00,0.00,0.00,0.00,N,N,N,,N,N,,,,,0.00,0.00,0.00,0.00,0.00,0.00,0.00,0.00,0.00,N,N,,,Shoshana,,
CE0005753,Not Responsive,,08/20/1991,,,,,,,,,0.00,0.00,0.00,0.00,0.00,N,N,N,,N,N,,,,,0.00,0.00,0.00,0.00,0.00,0.00,0.00,0.00,0.00,N,N,,,Chase,,
CE0005754,Not Responsive,,11/10/1999,,,,,,,,,0.00,0.00,0.00,0.00,0.00,N,N,N,,N,N,,,,,0.00,0.00,0.00,0.00,0.00,0.00,0.00,0.00,0.00,N,N,,,Nga,,
CE0005755,Not Responsive,,01/15/1977,,,,,,,,,0.00,0.00,0.00,0.00,0.00,N,N,N,,N,N,,,,,0.00,0.00,0.00,0.00,0.00,0.00,0.00,0.00,0.00,N,N,,,Ramona,,
CE0005756,Not Responsive,,06/10/1999,,,,,,,,,0.00,0.00,0.00,0.00,0.00,N,N,N,,N,N,,,,,0.00,0.00,0.00,0.00,0.00,0.00,0.00,0.00,0.00,N,N,,,Nae Reena,,
CE0005757,IDS Expired,A+,04/18/2001,,Male,asian,"LP, WB,",DQ,positive,,,84.70,186.70,166.50,65.60,31.30,N,Y,N,,Y,N,,03/11/2021,03/11/2021,06/09/2021,16.20,254.00,48.50,85.00,6.60,0.00,105.00,64.00,36.80,N,N,,,Khaled,,
CE0005758,Ineligible,O+,07/04/1986,,Male,Caucasian,,,negative,,,101.20,223.11,169.00,66.50,37.40,N,N,N,,N,N,,,12/20/2019,03/19/2020,14.10,0.00,0.00,82.00,0.00,0.00,117.00,77.00,37.20,N,N,,,Matthew,,
CE0005759,Not Responsive,,01/01/1966,,,,,,,,,0.00,0.00,0.00,0.00,0.00,N,N,N,,N,N,,,,,0.00,0.00,0.00,0.00,0.00,0.00,0.00,0.00,0.00,N,N,,,Sharon,,
CE0005760,IDS Expired,O+,02/18/1982,,Female,Caucasian,"LP, WB,",,Negative,,,77.00,169.80,162.00,63.80,28.00,Y,N,N,,N,N,02/03/2020,06/04/2020,06/04/2020,09/02/2020,12.90,266.00,38.30,79.00,5.80,0.00,130.00,83.00,36.70,N,N,,,Amber,,
CE0005761,Not Responsive,,06/26/1994,,,,,,,,,0.00,0.00,0.00,0.00,0.00,N,N,N,,N,N,,,,,0.00,0.00,0.00,0.00,0.00,0.00,0.00,0.00,0.00,N,N,,,Irina Isobel,,
CE0005762,Ineligible,A-,03/11/1991,,Female,Mixed,"LP, WB, BM,",,positive,,,55.70,122.80,152.50,60.00,24.40,N,N,N,,N,N,,03/02/2020,01/14/2020,04/13/2020,13.20,169.00,40.40,96.00,4.90,0.00,116.00,66.00,37.00,N,N,,,Helen,,
CE0005763,Not Responsive,O+,12/29/1991,,Male,Caucasian,"LP, WB, BM,",",bm50ml,bm100ml,",negative,,,72.10,159.00,183.00,72.10,20.80,N,N,N,,N,N,,03/10/2020,01/14/2020,04/13/2020,14.30,227.00,42.20,70.00,4.90,0.00,113.00,83.00,36.40,N,N,,,Michael,,
CE0005764,Not Responsive,,03/03/1999,,,,,,,,,0.00,0.00,0.00,0.00,0.00,N,N,N,,N,N,,,,,0.00,0.00,0.00,0.00,0.00,0.00,0.00,0.00,0.00,N,N,,,Juanita,,
CE0005765,Not Responsive,,09/02/1993,,,,,,,,,0.00,0.00,0.00,0.00,0.00,N,N,N,,N,N,,,,,0.00,0.00,0.00,0.00,0.00,0.00,0.00,0.00,0.00,N,N,,,Hector,,
CE0005766,Not Responsive,,11/11/1993,,,,,,,,,0.00,0.00,0.00,0.00,0.00,N,N,N,,N,N,,,,,0.00,0.00,0.00,0.00,0.00,0.00,0.00,0.00,0.00,N,N,,,Jesse,,
CE0005767,IDS Expired,O+,07/27/1993,,Female,Caucasian,"LP, WB, BM,",BM 100ml,,Positive,>10.0,70.10,154.50,157.50,62.00,29.80,Y,N,N,,Y,N,07/21/2021,01/14/2020,06/11/2021,09/09/2021,12.50,223.00,40.00,90.00,7.40,0.00,133.00,82.00,36.80,N,N,,,Jodie,,
CE0005768,Not Responsive,,04/18/1992,,,,,,,,,0.00,0.00,0.00,0.00,0.00,N,N,N,,N,N,,,,,0.00,0.00,0.00,0.00,0.00,0.00,0.00,0.00,0.00,N,N,,,Adela,,
CE0005769,Deferred,O+,09/26/1984,,Male,asian,,,,Positive,POSITIVE,140.30,309.30,173.00,68.10,46.90,N,N,N,,Y,N,,07/27/2022,07/27/2022,10/25/2022,18.10,277.60,54.10,97.00,6.40,0.00,146.00,79.00,36.40,N,N,,,Justin,,
CE0005770,Not Responsive,,06/21/1991,,,,,,,,,0.00,0.00,0.00,0.00,0.00,N,N,N,,N,N,,,,,0.00,0.00,0.00,0.00,0.00,0.00,0.00,0.00,0.00,N,N,,,Christopher,,
CE0005772,IDS Expired,O+,03/31/1986,,Male,Caucasian,"LP, WB, BM,",BM 100ml,,Positive,,88.70,195.60,180.00,70.90,27.40,Y,N,N,,Y,N,06/22/2023,09/15/2020,06/22/2023,09/20/2023,15.40,170.80,44.40,59.00,4.70,0.00,129.00,77.00,36.50,N,Y,07/11/2022,,Nathan,,
CE0005773,IDS Expired,O+,03/25/1978,,Female,Hispanic,"LP, WB, BM,",",bm50ml,bm100ml,",Positive,,,76.70,169.10,169.00,66.50,26.90,N,N,N,,N,N,05/19/2020,,05/18/2020,08/16/2020,14.20,314.50,41.50,68.00,7.60,0.00,126.00,79.00,36.10,N,N,,,Shirley,,
CE0005774,Ineligible,,09/07/1969,,Male,AfricanAmerican,,,,,,62.90,138.70,162.60,64.00,23.80,N,Y,N,,N,N,,,,,0.00,0.00,0.00,93.00,0.00,0.00,188.00,120.00,36.80,N,N,,,Arsenio,,
CE0005775,Not Responsive,,12/28/1967,,,,,,,,,0.00,0.00,0.00,0.00,0.00,N,N,N,,N,N,,,,,0.00,0.00,0.00,0.00,0.00,0.00,0.00,0.00,0.00,N,N,,,Lisa,,
CE0005776,Ineligible,,09/11/1998,,Male,,,,,,,0.00,0.00,0.00,0.00,0.00,N,N,N,,N,N,,,,,0.00,0.00,0.00,0.00,0.00,0.00,0.00,0.00,0.00,N,N,,,Oddae,,
CE0005777,Not Responsive,O+,11/28/1979,,Female,Hispanic,"LP, WB, BM,",",bm50ml,bm100ml,",positive,,,71.00,156.50,157.00,61.80,28.80,Y,N,N,,N,N,,,01/25/2020,04/24/2020,13.00,183.00,39.80,83.00,6.70,0.00,115.00,82.00,36.40,N,N,,,Wendy,,
CE0005778,Not Responsive,,09/14/1981,,,,,,,,,0.00,0.00,0.00,0.00,0.00,N,N,N,,N,N,,,,,0.00,0.00,0.00,0.00,0.00,0.00,0.00,0.00,0.00,N,N,,,Roseleta,,
CE0005779,Eligible,O+,07/07/1977,,Male,AfricanAmerican,"LP, WB, BM,",Not Interested,,Positive,,113.00,249.12,188.00,74.02,31.97,N,N,N,,Y,N,05/20/2024,07/08/2026,07/08/2026,10/06/2026,15.10,243.10,46.80,70.00,4.53,0.00,135.00,75.00,35.80,Y,Y,05/02/2022,,Anton,,
CE0005780,Ineligible,,05/21/1999,,Female,,,,,,,89.20,196.70,164.50,64.80,33.00,N,N,N,,N,N,,,,,0.00,0.00,0.00,82.00,0.00,0.00,126.00,78.00,36.60,N,N,,,Caila,,
CE0005781,Ineligible,O+,09/20/1964,,Female,Caucasian,"LP, WB,",,negative,,,77.60,171.10,171.00,67.30,26.50,N,N,N,,N,N,,,01/14/2020,04/13/2020,12.60,312.00,0.00,73.00,5.20,0.00,117.00,64.00,36.50,N,N,,,Sue,,
CE0005782,Not Responsive,,08/03/1995,,,,,,,,,0.00,0.00,0.00,0.00,0.00,N,N,N,,N,N,,,,,0.00,0.00,0.00,0.00,0.00,0.00,0.00,0.00,0.00,N,N,,,Natalie,,
CE0005783,Not Responsive,,09/19/1969,,Female,AfricanAmerican,,,,,,57.50,126.80,180.30,71.00,17.70,N,N,N,,N,N,,,,,0.00,0.00,0.00,62.00,0.00,0.00,147.00,73.00,36.70,N,N,,Donor would like to be called to schedule IDS when we start whole blood collections and she is willing to do a whole blood collection.  No labs drawn today.,Paula,,
CE0005784,IDS Expired,O+,11/25/2000,,Male,Caucasian,"LP, WB,",,negative,<0.6,<30.0,86.10,189.80,197.50,77.80,21.90,N,N,N,,Y,N,,01/30/2020,01/25/2020,04/24/2020,14.50,306.00,44.30,65.00,6.50,0.00,124.00,69.00,36.30,N,N,,,Nicholas Joseph,,
CE0005785,Ineligible,,01/14/1968,,Male,,,,,,,88.30,194.70,170.20,67.00,30.50,N,Y,N,,N,N,,,,,0.00,0.00,0.00,120.00,0.00,0.00,155.00,90.00,0.00,N,N,,,Richard,,
CE0005786,IDS Expired,A+,06/24/1996,,Female,Caucasian,"LP,",DQ,,Positive,NEGATIVE,59.40,130.90,167.60,66.00,21.20,N,N,N,,Y,N,,04/18/2023,04/18/2023,07/17/2023,11.50,243.80,34.60,80.00,4.30,0.00,113.00,57.00,36.70,N,Y,04/18/2023,,Monica,04/18/2023,NEGATIVE
CE0005788,Not Responsive,A+,04/26/1972,,Female,Hispanic,,,negative,,,74.80,164.90,153.00,60.20,31.30,Y,N,N,,N,N,02/24/2020,,02/01/2020,05/01/2020,13.70,348.00,41.40,87.00,7.80,0.00,107.00,69.00,36.60,N,N,,,Alma,,
CE0005790,IDS Expired,O+,02/16/1989,,Female,Hispanic,"LP,",,negative,,,71.10,156.80,159.00,62.60,28.80,Y,N,N,,N,N,,02/11/2020,01/22/2020,04/21/2020,11.90,357.00,36.90,82.00,5.60,0.00,108.00,73.00,37.30,N,N,,,Sarah,,
CE0005791,Not Responsive,,09/30/1978,,,,,,,,,0.00,0.00,0.00,0.00,0.00,N,N,N,,N,N,,,,,0.00,0.00,0.00,0.00,0.00,0.00,0.00,0.00,0.00,N,N,,,Melonee,,
CE0005792,Ineligible,,03/22/1972,,Male,AfricanAmerican,,,,,,95.30,210.10,184.00,72.40,28.20,N,N,N,,N,N,,,,,0.00,0.00,0.00,64.00,0.00,0.00,148.00,86.00,36.30,N,N,,,Willie,,
CE0005793,Not Responsive,,08/09/1970,,,,,,,,,0.00,0.00,0.00,0.00,0.00,N,N,N,,N,N,,,,,0.00,0.00,0.00,0.00,0.00,0.00,0.00,0.00,0.00,N,N,,,Lionel,,
CE0005794,Not Responsive,,01/04/1989,,,,,,,,,0.00,0.00,0.00,0.00,0.00,N,N,N,,N,N,,,,,0.00,0.00,0.00,0.00,0.00,0.00,0.00,0.00,0.00,N,N,,,Brett,,
CE0005795,Not Responsive,,02/21/1981,,,,,,,,,0.00,0.00,0.00,0.00,0.00,N,N,N,,N,N,,,,,0.00,0.00,0.00,0.00,0.00,0.00,0.00,0.00,0.00,N,N,,,Megan,,
CE0005796,Eligible,O+,12/22/1992,,Male,Hispanic,"LP, WB, BM,",BM 100ml,positive,Positive,Positive,74.30,163.80,173.00,68.11,24.83,N,N,N,,Y,Y,05/18/2026,06/24/2026,05/18/2026,08/16/2026,15.33,230.30,45.30,70.00,5.23,0.00,113.00,71.00,36.30,Y,Y,08/06/2025,,Ezra,07/22/2025,Positive
CE0005797,Ineligible,O+,08/27/1997,,Female,Caucasian,"LP, WB,",,positive,,,53.30,117.50,165.00,65.00,21.40,N,N,N,,Y,N,,08/05/2020,10/22/2020,01/20/2021,14.40,160.00,42.10,70.00,5.70,0.00,100.00,60.00,36.80,N,N,,,Mariah,,
CE0005798,Ineligible,,06/24/1979,,Female,AfricanAmerican,,,,,,0.00,0.00,170.00,0.00,0.00,N,N,N,,N,N,,,,,0.00,0.00,0.00,0.00,0.00,0.00,0.00,0.00,0.00,N,N,,,Kimberley,,
CE0005799,Not Responsive,,,,,,,,,,,0.00,0.00,0.00,0.00,0.00,N,N,N,,N,N,,,,,0.00,0.00,0.00,0.00,0.00,0.00,0.00,0.00,0.00,N,N,,,Faith,,
CE0005800,Not Responsive,,,,,,,,,,,0.00,0.00,0.00,0.00,0.00,N,N,N,,N,N,,,,,0.00,0.00,0.00,0.00,0.00,0.00,0.00,0.00,0.00,N,N,,,Julian,,
CE0005801,Not Responsive,,01/21/1984,,,,,,,,,0.00,0.00,0.00,0.00,0.00,N,N,N,,N,N,,,,,0.00,0.00,0.00,0.00,0.00,0.00,0.00,0.00,0.00,N,N,,,Dhivya,,
CE0005802,IDS Expired,O+,01/13/1992,,Male,Caucasian,"LP, WB,",DQ,,Positive,Positive,97.00,213.90,177.80,70.00,30.70,N,N,Y,"Food,",Y,N,03/16/2020,10/31/2023,10/09/2023,01/07/2024,14.20,185.00,42.80,65.00,6.10,0.00,146.00,82.00,36.20,N,N,,,Alexi Matias,10/31/2023,Positive
CE0005803,Not Responsive,,12/26/1985,,Female,,,,,,,89.60,197.50,170.00,66.90,31.00,N,N,N,,N,N,,,,,0.00,0.00,0.00,67.00,0.00,0.00,129.00,73.00,36.40,N,N,,,Guadalupe,,
CE0005804,IDS Expired,O+,09/11/1983,,Male,AfricanAmerican,"LP, WB,",,negative,,,77.70,171.30,172.00,67.70,26.30,N,N,N,,N,N,,,01/23/2020,04/22/2020,13.00,226.00,39.90,52.00,7.70,0.00,117.00,72.00,37.30,N,N,,,Jonathan,,
CE0005805,IDS Expired,O+,01/07/2001,,Male,AfricanAmerican,"LP, WB, BM,",",bm50ml,bm100ml,",negative,,,88.60,195.30,180.50,71.10,26.60,N,N,N,,N,N,,02/24/2020,01/23/2020,04/22/2020,14.80,193.00,42.70,53.00,0.00,0.00,131.00,68.00,37.30,N,N,,,Phillip,,
CE0005807,Not Responsive,,,,,,,,,,,0.00,0.00,0.00,0.00,0.00,N,N,N,,N,N,,,,,0.00,0.00,0.00,0.00,0.00,0.00,0.00,0.00,0.00,N,N,,,Ally,,
CE0005808,Not Responsive,,,,,,,,,,,0.00,0.00,0.00,0.00,0.00,N,N,N,,N,N,,,,,0.00,0.00,0.00,0.00,0.00,0.00,0.00,0.00,0.00,N,N,,,Izzy,,
CE0005810,Not Responsive,,,,,,,,,,,0.00,0.00,0.00,0.00,0.00,N,N,N,,N,N,,,,,0.00,0.00,0.00,0.00,0.00,0.00,0.00,0.00,0.00,N,N,,,Chiharu,,
CE0005814,Eligible,O+,06/14/1996,,Female,Mixed,"LP, WB, BM,",BM 100ml,,Positive,Positive,66.10,145.73,162.00,63.78,25.19,Y,N,Y,"Food,",Y,N,06/08/2026,07/18/2023,06/08/2026,09/06/2026,13.78,333.50,40.50,58.00,6.20,0.00,112.00,73.00,36.00,Y,Y,02/28/2022,ALLERGY: STRAWBERRIES,Nia,01/29/2025,NEGATIVE
CE0005815,Not Responsive,,02/22/1984,,,,,,,,,0.00,0.00,0.00,0.00,0.00,N,N,N,,N,N,,,,,0.00,0.00,0.00,0.00,0.00,0.00,0.00,0.00,0.00,N,N,,,Fatima,,
CE0005816,Not Responsive,,,,,,,,,,,0.00,0.00,0.00,0.00,0.00,N,N,N,,N,N,,,,,0.00,0.00,0.00,0.00,0.00,0.00,0.00,0.00,0.00,N,N,,,Seiki,,
CE0005817,Not Responsive,,,,,,,,,,,0.00,0.00,0.00,0.00,0.00,N,N,N,,N,N,,,,,0.00,0.00,0.00,0.00,0.00,0.00,0.00,0.00,0.00,N,N,,,Chanella,,
CE0005818,Not Responsive,,01/13/2002,,,,,,,,,0.00,0.00,0.00,0.00,0.00,N,N,N,,N,N,,,,,0.00,0.00,0.00,0.00,0.00,0.00,0.00,0.00,0.00,N,N,,,Ian,,
CE0005819,Not Responsive,,03/06/1995,,,,,,,,,0.00,0.00,0.00,0.00,0.00,N,N,N,,N,N,,,,,0.00,0.00,0.00,0.00,0.00,0.00,0.00,0.00,0.00,N,N,,,Carl,,
CE0005820,Not Responsive,,01/01/1995,,,,,,,,,0.00,0.00,0.00,0.00,0.00,N,N,N,,N,N,,,,,0.00,0.00,0.00,0.00,0.00,0.00,0.00,0.00,0.00,N,N,,,carolina,,
CE0005821,IDS Expired,B+,10/20/1978,,Male,AfricanAmerican,"LP, WB,",DQ,positive,Positive,,80.90,178.40,191.00,75.20,22.20,N,Y,N,,N,N,02/03/2020,03/18/2026,01/20/2026,04/20/2026,13.50,176.10,39.00,79.00,3.90,0.00,139.00,80.00,36.50,N,N,,,Courtney,,
CE0005822,Ineligible,,10/23/1999,,Female,Hispanic,,,,,,81.10,178.80,153.00,60.20,34.60,N,N,N,,N,N,,,,,0.00,0.00,0.00,0.00,0.00,0.00,0.00,0.00,0.00,N,N,,,Raquel,,
CE0005823,Not Responsive,,08/23/1986,,,,,,,,,0.00,0.00,0.00,0.00,0.00,N,N,N,,N,N,,,,,0.00,0.00,0.00,0.00,0.00,0.00,0.00,0.00,0.00,N,N,,,Jerrell,,
CE0005824,IDS Expired,O+,02/03/1969,,Male,Caucasian,"LP, WB, BM,",",bm50ml,bm100ml,",negative,,,86.90,191.60,185.40,73.00,25.30,N,N,N,,N,N,,,01/28/2020,04/27/2020,14.40,168.00,41.30,52.00,5.90,0.00,125.00,73.00,36.10,N,N,,,Philip Thomas,,
CE0005825,IDS Expired,B+,05/29/1992,,Male,Caucasian,"LP, WB, BM,",BM 100ml,,Positive,,81.40,179.50,179.00,70.50,25.40,Y,Y,N,,Y,N,04/12/2022,03/07/2022,02/28/2022,05/29/2022,16.20,197.30,42.90,93.00,8.70,0.00,122.00,78.00,36.40,N,Y,03/07/2022,,Omid Michael,,
CE0005826,Not Responsive,,04/08/1966,,,,,,,,,0.00,0.00,0.00,0.00,0.00,N,N,N,,N,N,,,,,0.00,0.00,0.00,0.00,0.00,0.00,0.00,0.00,0.00,N,N,,,Beth,,
CE0005827,Not Responsive,,10/23/1991,,,,,,,,,0.00,0.00,0.00,0.00,0.00,N,N,N,,N,N,,,,,0.00,0.00,0.00,0.00,0.00,0.00,0.00,0.00,0.00,N,N,,,Noel,,
CE0005828,Not Responsive,,09/15/2000,,,,,,,,,0.00,0.00,0.00,0.00,0.00,N,N,N,,N,N,,,,,0.00,0.00,0.00,0.00,0.00,0.00,0.00,0.00,0.00,N,N,,,Ariana,,
CE0005830,Not Responsive,,09/15/1966,,,,,,,,,0.00,0.00,0.00,0.00,0.00,N,N,N,,N,N,,,,,0.00,0.00,0.00,0.00,0.00,0.00,0.00,0.00,0.00,N,N,,,Horace,,
CE0005831,Ineligible,A+,11/16/1990,,Male,Caucasian,,DQ,,Negative,,68.80,151.70,183.50,72.20,20.40,N,N,N,,Y,Y,05/26/2020,06/27/2022,05/19/2022,08/17/2022,14.80,165.60,42.00,78.00,3.00,0.00,129.00,69.00,36.90,N,Y,02/03/2022,,Ryan,,
CE0005832,IDS Expired,O+,08/20/1997,,Female,Hispanic,"BM,",",bm50ml,bm100ml,",negative,,,77.00,169.80,166.00,65.40,27.90,Y,N,N,,N,N,,,09/22/2020,12/21/2020,12.80,275.00,37.50,76.00,6.30,0.00,116.00,65.00,37.10,N,N,,,Meredith,,
CE0005833,Not Responsive,,12/09/1988,,,,,,,,,0.00,0.00,0.00,0.00,0.00,N,N,N,,N,N,,,,,0.00,0.00,0.00,0.00,0.00,0.00,0.00,0.00,0.00,N,N,,,Dinahya,,
CE0005834,Not Responsive,,11/03/2000,,,,,,,,,0.00,0.00,0.00,0.00,0.00,N,N,N,,N,N,,,,,0.00,0.00,0.00,0.00,0.00,0.00,0.00,0.00,0.00,N,N,,,Isaiah,,
CE0005835,Ineligible,AB+,09/20/1971,,Female,Caucasian,"LP, WB,",,Positive,,,73.10,161.20,170.20,67.00,25.20,N,N,N,,Y,N,,08/24/2020,06/16/2020,09/14/2020,12.00,268.00,36.30,73.00,5.30,0.00,101.00,65.00,36.30,N,N,,,Banafshe,,
CE0005836,Not Responsive,,08/31/2000,,,,,,,,,0.00,0.00,0.00,0.00,0.00,N,N,N,,N,N,,,,,0.00,0.00,0.00,0.00,0.00,0.00,0.00,0.00,0.00,N,N,,,Maxwell,,
CE0005837,IDS Expired,A+,12/16/1985,,Female,Mixed,"LP,",,negative,,,72.90,160.70,180.00,70.90,22.50,Y,N,N,,N,N,,,03/04/2020,06/02/2020,12.40,272.00,38.20,61.00,5.00,0.00,108.00,57.00,36.60,N,N,,,Safiya,,
CE0005838,IDS Expired,O-,09/21/1995,,Male,Caucasian,"LP, WB, BM,",",bm50ml,bm100ml,",negative,,,75.90,167.30,183.50,72.20,22.50,N,N,N,,N,N,,,01/31/2020,04/30/2020,15.40,228.00,43.80,74.00,7.80,0.00,116.00,73.00,37.30,N,N,,,Galen,,
CE0005839,Not Responsive,,09/19/1994,,,,,,,,,0.00,0.00,0.00,0.00,0.00,N,N,N,,N,N,,,,,0.00,0.00,0.00,0.00,0.00,0.00,0.00,0.00,0.00,N,N,,,Nikeisha,,
CE0005840,Not Responsive,,09/06/1987,,,,,,,,,0.00,0.00,0.00,0.00,0.00,N,N,N,,N,N,,,,,0.00,0.00,0.00,0.00,0.00,0.00,0.00,0.00,0.00,N,N,,,Spencer,,
CE0005841,Not Responsive,,06/19/1999,,,,,,,,,0.00,0.00,0.00,0.00,0.00,N,N,N,,N,N,,,,,0.00,0.00,0.00,0.00,0.00,0.00,0.00,0.00,0.00,N,N,,,Tia,,
CE0005842,Not Responsive,,11/26/2000,,,,,,,,,0.00,0.00,0.00,0.00,0.00,N,N,N,,N,N,,,,,0.00,0.00,0.00,0.00,0.00,0.00,0.00,0.00,0.00,N,N,,,Amber,,
CE0005843,IDS Expired,A+,08/07/1982,,Female,Mixed,"LP,",DQ,negative,NEGATIVE,POSITIVE,70.90,156.30,163.00,64.20,26.70,Y,N,N,,Y,N,04/16/2024,11/21/2025,11/21/2025,02/19/2026,11.90,330.90,35.90,83.00,6.10,0.00,123.00,69.00,36.40,N,Y,09/17/2025,DQ for mLP (age),Marshika,,
CE0005844,IDS Expired,O-,09/28/1983,,Male,Caucasian,"LP, WB,",,Positive,,,84.00,185.20,175.00,68.90,27.40,Y,N,N,,N,N,,,02/04/2020,05/04/2020,14.30,297.00,43.00,60.00,6.70,0.00,136.00,80.00,36.60,N,N,,,Richard,,
CE0005845,Not Responsive,A+,09/29/1994,,Male,Caucasian,"LP, WB, BM,",",bm50ml,bm100ml,",negative,,,86.30,190.30,179.00,70.50,24.80,N,N,N,,N,N,05/19/2020,09/24/2020,09/24/2020,12/23/2020,15.50,266.00,47.10,83.00,7.50,0.00,133.00,80.00,36.60,N,N,,,Jonathan,,
CE0005846,Not Responsive,,09/06/1990,,,,,,,,,0.00,0.00,0.00,0.00,0.00,N,N,N,,N,N,,,,,0.00,0.00,0.00,0.00,0.00,0.00,0.00,0.00,0.00,N,N,,,Matthew,,
CE0005847,Not Responsive,A+,02/12/1998,,Male,asian,"WB, BM,",",bm100ml,",Positive,,,59.80,131.80,169.50,66.70,20.80,N,N,N,,N,N,,,02/06/2020,05/06/2020,15.10,245.00,45.20,88.00,3.90,0.00,18.00,73.00,37.10,N,N,,,Joshua,,
CE0005848,Ineligible,,08/16/1989,,Female,,,,,,,86.30,190.30,180.00,70.90,26.60,N,N,N,,N,N,,,,,0.00,0.00,0.00,72.00,0.00,0.00,109.00,69.00,36.00,N,N,,,Sharon,,
CE0005849,IDS Expired,A+,02/26/1992,,Female,Mixed,"LP, WB,",DQ,,Negative,POSITIVE,66.40,146.40,174.00,68.50,21.90,Y,N,N,,Y,N,,04/14/2025,04/14/2025,07/13/2025,14.20,268.10,41.50,82.00,7.30,0.00,125.00,69.00,36.10,N,Y,03/22/2022,,Andrea,01/14/2025,POSITIVE
CE0005850,Not Responsive,,10/16/1998,,,,,,,,,0.00,0.00,0.00,0.00,0.00,N,N,N,,N,N,,,,,0.00,0.00,0.00,0.00,0.00,0.00,0.00,0.00,0.00,N,N,,,Paula,,
CE0005851,Not Responsive,,04/30/1981,,Male,,,,,,,0.00,0.00,0.00,0.00,0.00,N,N,N,,N,N,,,,,0.00,0.00,0.00,0.00,0.00,0.00,0.00,0.00,0.00,N,N,,,Steven,,
CE0005852,Not Responsive,,10/02/1965,,,,,,,,,0.00,0.00,0.00,0.00,0.00,N,N,N,,N,N,,,,,0.00,0.00,0.00,0.00,0.00,0.00,0.00,0.00,0.00,N,N,,,Kathryn,,
CE0005853,Not Responsive,,10/13/1991,,,,,,,,,0.00,0.00,0.00,0.00,0.00,N,N,N,,N,N,,,,,0.00,0.00,0.00,0.00,0.00,0.00,0.00,0.00,0.00,N,N,,,Krystal,,
CE0005854,Not Responsive,,02/17/1995,,,,,,,,,0.00,0.00,0.00,0.00,0.00,N,N,N,,N,N,,,,,0.00,0.00,0.00,0.00,0.00,0.00,0.00,0.00,0.00,N,N,,,Jakeri,,
CE0005855,IDS Expired,O+,08/09/1995,,Female,Hispanic,"LP, WB,",,negative,,,104.60,230.60,151.00,59.50,45.90,N,N,N,,N,N,,,02/07/2020,05/07/2020,13.70,359.00,41.00,71.00,8.00,0.00,116.00,87.00,37.50,N,N,,Donor uncertain about BM collections: revisit after next donation,Jennifer,,
CE0005856,Not Responsive,,06/05/1992,,,,,,,,,0.00,0.00,0.00,0.00,0.00,N,N,N,,N,N,,,,,0.00,0.00,0.00,0.00,0.00,0.00,0.00,0.00,0.00,N,N,,,Glendy,,
CE0005857,IDS Expired,O+,11/29/1984,,Male,Caucasian,"LP, WB, BM,",",bm50ml,bm100ml,",negative,,,74.90,165.10,172.50,67.90,25.60,N,N,N,,N,N,08/04/2020,06/04/2020,06/04/2020,09/02/2020,15.70,185.00,42.40,68.00,4.20,0.00,117.00,77.00,36.30,N,N,,,Jacob,,
CE0005858,Not Responsive,O+,09/06/1989,,Male,Caucasian,"LP, WB, BM,",",bm50ml,bm100ml,",negative,,,81.40,179.50,185.00,72.80,23.80,N,N,N,,N,N,,,02/11/2020,05/11/2020,13.30,151.00,39.70,75.00,0.00,0.00,117.00,63.00,36.70,N,N,,,Sawyer,,
CE0005859,Not Responsive,,01/22/1999,,,,,,,,,0.00,0.00,0.00,0.00,0.00,N,N,N,,N,N,,,,,0.00,0.00,0.00,0.00,0.00,0.00,0.00,0.00,0.00,N,N,,,Nicholas,,
CE0005860,Not Responsive,,09/21/1966,,,,,,,,,0.00,0.00,0.00,0.00,0.00,N,N,N,,N,N,,,,,0.00,0.00,0.00,0.00,0.00,0.00,0.00,0.00,0.00,N,N,,,Mike,,
CE0005862,Not Responsive,,06/25/1978,,,,,,,,,0.00,0.00,0.00,0.00,0.00,N,N,N,,N,N,,,,,0.00,0.00,0.00,0.00,0.00,0.00,0.00,0.00,0.00,N,N,,,Damien,,
CE0005863,Not Responsive,,08/06/1970,,Female,AfricanAmerican,,,,,,70.20,154.80,154.00,60.60,29.60,Y,N,N,,N,N,,,,,11.10,364.00,34.50,79.00,6.30,0.00,118.00,74.00,36.80,N,N,,,Sabrina,,
CE0005864,Not Responsive,,08/23/1983,,,,,,,,,0.00,0.00,0.00,0.00,0.00,N,N,N,,N,N,,,,,0.00,0.00,0.00,0.00,0.00,0.00,0.00,0.00,0.00,N,N,,,Aurelia,,
CE0005865,IDS Expired,O+,12/04/1979,,Male,PacificIslander,"LP, WB, BM,",",bm50ml,bm100ml,",Positive,,,89.80,198.00,175.00,68.90,29.90,N,N,N,,N,N,06/02/2020,02/19/2020,06/02/2020,08/31/2020,16.60,248.00,50.40,95.00,6.00,0.00,145.00,88.00,36.50,N,N,,,Michael,,
CE0005866,Not Responsive,O+,03/29/2001,,Male,PacificIslander,"LP, WB,",,negative,,,79.00,174.20,175.50,69.10,25.70,N,N,N,,N,N,,,02/07/2020,05/07/2020,14.00,264.00,43.20,64.00,5.10,0.00,125.00,75.00,36.70,N,N,,,Reece,,
CE0005867,Not Responsive,,09/04/1968,,,,,,,,,0.00,0.00,0.00,0.00,0.00,N,N,N,,N,N,,,,,0.00,0.00,0.00,0.00,0.00,0.00,0.00,0.00,0.00,N,N,,,Maria,,
CE0005868,Not Responsive,,09/05/1998,,,,,,,,,0.00,0.00,0.00,0.00,0.00,N,N,N,,N,N,,,,,0.00,0.00,0.00,0.00,0.00,0.00,0.00,0.00,0.00,N,N,,,Chad,,
CE0005869,Ineligible,,01/28/1998,,Male,,,,,,,149.40,329.40,176.00,69.30,48.20,N,N,N,,N,N,,,,,0.00,0.00,0.00,84.00,0.00,0.00,145.00,89.00,36.50,N,N,,,Sione,,
CE0005870,Not Responsive,,03/06/1992,,,,,,,,,0.00,0.00,0.00,0.00,0.00,N,N,N,,N,N,,,,,0.00,0.00,0.00,0.00,0.00,0.00,0.00,0.00,0.00,N,N,,,Kami,,
CE0005871,IDS Expired,O-,05/15/1985,,Male,Caucasian,"LP, WB, BM,",",bm50ml,bm100ml,",positive,,,79.70,175.70,177.00,69.70,25.30,N,N,N,,N,N,,02/26/2020,02/13/2020,05/13/2020,13.80,169.00,42.00,76.00,6.10,0.00,131.00,71.00,36.40,N,N,,,Sean,,
CE0005872,Not Responsive,,01/05/1965,,,,,,,,,0.00,0.00,0.00,0.00,0.00,N,N,N,,N,N,,,,,0.00,0.00,0.00,0.00,0.00,0.00,0.00,0.00,0.00,N,N,,,Karen,,
CE0005873,Not Responsive,,06/24/1985,,,,,,,,,0.00,0.00,0.00,0.00,0.00,N,N,N,,N,N,,,,,0.00,0.00,0.00,0.00,0.00,0.00,0.00,0.00,0.00,N,N,,,Rita,,
CE0005874,Not Responsive,,01/20/1981,,,,,,,,,0.00,0.00,0.00,0.00,0.00,N,N,N,,N,N,,,,,0.00,0.00,0.00,0.00,0.00,0.00,0.00,0.00,0.00,N,N,,,Vikesh,,
CE0005875,Ineligible,O+,09/18/1982,,Male,Mixed,,DQ,,Positive,,115.00,253.53,193.00,75.98,30.87,N,N,N,,Y,N,08/17/2023,02/24/2020,11/08/2023,02/06/2024,11.88,393.80,38.80,66.00,8.30,0.00,111.00,63.00,36.00,N,Y,01/24/2022,"mLP - ineligible d/t age
Perm DQ due to low Hgb.",Javon,,
CE0005876,Ineligible,AB+,05/23/1992,,Male,Hispanic,,,,Positive,POSITIVE,93.00,205.00,165.00,65.00,34.20,N,N,N,,Y,N,06/10/2021,04/20/2023,04/20/2023,07/19/2023,15.70,150.80,45.60,76.00,5.10,0.00,139.00,76.00,36.30,N,Y,02/23/2022,,Alberto,,
CE0005877,Not Responsive,,02/18/1991,,,,,,,,,0.00,0.00,0.00,0.00,0.00,N,N,N,,N,N,,,,,0.00,0.00,0.00,0.00,0.00,0.00,0.00,0.00,0.00,N,N,,,Cristina,,
CE0005878,Not Responsive,,07/22/1966,,,,,,,,,0.00,0.00,0.00,0.00,0.00,N,N,N,,N,N,,,,,0.00,0.00,0.00,0.00,0.00,0.00,0.00,0.00,0.00,N,N,,,Monique,,
CE0005879,IDS Expired,A+,01/10/1997,,Male,Hispanic,"LP, WB, BM,",",bm50ml,bm100ml,",positive,,,82.90,182.80,182.00,71.70,25.00,N,N,N,,N,N,,,02/22/2020,05/22/2020,14.60,281.00,42.20,82.00,6.30,0.00,127.00,81.00,36.30,N,N,,,Fabian,,
CE0005880,IDS Expired,B-,08/22/2000,,Female,Caucasian,"LP, WB,",,Positive,,,58.40,128.80,167.50,65.90,21.10,N,N,N,,Y,Y,,04/20/2021,04/20/2021,07/19/2021,12.90,291.00,38.90,73.00,5.50,0.00,100.00,63.00,36.90,N,N,,,Rachel,,
CE0005881,Not Responsive,,11/03/1984,,,,,,,,,0.00,0.00,0.00,0.00,0.00,N,N,N,,N,N,,,,,0.00,0.00,0.00,0.00,0.00,0.00,0.00,0.00,0.00,N,N,,,Charles,,
CE0005882,Not Responsive,,11/04/1970,,,,,,,,,0.00,0.00,0.00,0.00,0.00,N,N,N,,N,N,,,,,0.00,0.00,0.00,0.00,0.00,0.00,0.00,0.00,0.00,N,N,,,Stephen,,
CE0005883,Not Responsive,,03/10/1996,,,,,,,,,0.00,0.00,0.00,0.00,0.00,N,N,N,,N,N,,,,,0.00,0.00,0.00,0.00,0.00,0.00,0.00,0.00,0.00,N,N,,,Frank,,
CE0005884,IDS Expired,O+,11/22/1993,,Female,Caucasian,"LP, WB, BM,",",bm50ml,bm100ml,",negative,,,63.00,138.90,165.00,65.00,23.10,Y,N,N,,N,N,,,02/11/2020,05/11/2020,13.00,336.00,39.50,80.00,7.00,0.00,124.00,70.00,37.40,N,N,,,Catalina,,
CE0005885,IDS Expired,O+,01/03/1990,,Male,Caucasian,"LP, WB, BM,",",bm50ml,bm100ml,",negative,,,61.40,135.40,174.50,68.70,21.20,N,N,N,,N,N,07/08/2020,03/04/2020,05/05/2020,08/03/2020,16.10,294.00,43.90,100.00,5.60,0.00,120.00,81.00,36.20,N,N,,,Nathaniel,,
CE0005886,IDS Expired,A+,01/17/1975,,Female,Hispanic,"LP, WB,",,Positive,,,87.30,192.50,160.00,63.00,34.10,N,N,N,,N,N,,,02/19/2020,05/19/2020,14.90,336.00,43.50,82.00,10.40,0.00,137.00,88.00,36.30,N,N,,,Tracy,,
CE0005887,Ineligible,O+,08/04/1989,,Female,Hispanic,"LP, WB,",,negative,,,95.30,210.10,155.00,61.00,39.70,N,N,N,,N,N,,,02/12/2020,05/12/2020,13.10,372.00,39.30,83.00,9.70,0.00,109.00,68.00,36.80,N,N,,,Sariah,,
CE0005888,Not Responsive,,,,,,,,,,,0.00,0.00,0.00,0.00,0.00,N,N,N,,N,N,,,,,0.00,0.00,0.00,0.00,0.00,0.00,0.00,0.00,0.00,N,N,,,Shantay,,
CE0005889,IDS Expired,B+,04/18/1994,,Male,Mixed,"LP, WB, BM,",BM 100ml,,Negative,POSITIVE,101.60,224.00,190.50,75.00,28.00,Y,Y,N,,Y,Y,01/18/2023,08/22/2022,01/18/2023,04/18/2023,15.20,249.40,44.50,56.00,6.50,0.00,100.00,56.00,36.20,N,Y,03/21/2022,,Francisco,,
CE0005890,Ineligible,O+,08/14/1983,,Female,Mixed,,,Positive,,,59.50,131.20,160.00,63.00,23.40,N,N,N,,N,N,05/11/2020,,02/12/2020,05/12/2020,11.10,260.20,33.90,67.00,4.50,0.00,116.00,74.00,36.80,N,N,,,Helena,,
CE0005891,Ineligible,O+,02/24/1968,,Female,Hispanic,,,Positive,,,61.90,136.50,148.00,58.30,28.30,Y,N,N,,N,N,,,02/19/2020,05/19/2020,14.00,209.00,41.70,80.00,6.00,0.00,114.00,74.00,36.30,N,N,,,Graciela,,
CE0005892,Not Responsive,,07/27/1976,,,,,,,,,0.00,0.00,0.00,0.00,0.00,N,N,N,,N,N,,,,,0.00,0.00,0.00,0.00,0.00,0.00,0.00,0.00,0.00,N,N,,,Lindsey,,
CE0005893,Not Responsive,,12/01/1969,,,,,,,,,0.00,0.00,0.00,0.00,0.00,N,N,N,,N,N,,,,,0.00,0.00,0.00,0.00,0.00,0.00,0.00,0.00,0.00,N,N,,,Rosalina,,
CE0005894,Not Responsive,,03/04/1994,,,,,,,,,0.00,0.00,0.00,0.00,0.00,N,N,N,,N,N,,,,,0.00,0.00,0.00,0.00,0.00,0.00,0.00,0.00,0.00,N,N,,,Valeria,,
CE0005895,Not Responsive,,04/23/1998,,,,,,,,,0.00,0.00,0.00,0.00,0.00,N,N,N,,N,N,,,,,0.00,0.00,0.00,0.00,0.00,0.00,0.00,0.00,0.00,N,N,,,Paige,,
CE0005896,Not Responsive,,10/18/1995,,,,,,,,,0.00,0.00,0.00,0.00,0.00,N,N,N,,N,N,,,,,0.00,0.00,0.00,0.00,0.00,0.00,0.00,0.00,0.00,N,N,,,Madeline,,
CE0005897,Not Responsive,,02/08/1970,,,,,,,,,0.00,0.00,0.00,0.00,0.00,N,N,N,,N,N,,,,,0.00,0.00,0.00,0.00,0.00,0.00,0.00,0.00,0.00,N,N,,,Jason,,
CE0005898,Not Responsive,,11/30/1965,,,,,,,,,0.00,0.00,0.00,0.00,0.00,N,N,N,,N,N,,,,,0.00,0.00,0.00,0.00,0.00,0.00,0.00,0.00,0.00,N,N,,,Kendra,,
CE0005899,Not Responsive,,04/01/1999,,,,,,,,,0.00,0.00,0.00,0.00,0.00,N,N,N,,N,N,,,,,0.00,0.00,0.00,0.00,0.00,0.00,0.00,0.00,0.00,N,N,,,Griffin,,
CE0005900,IDS Expired,O+,05/10/1995,,Female,AfricanAmerican,"LP, WB,",,Positive,,,61.20,134.90,163.00,64.20,23.20,N,N,N,,N,N,,06/30/2020,06/15/2020,09/13/2020,14.00,152.00,43.60,82.00,3.70,0.00,115.00,75.00,37.00,N,N,,,Rushonda,,
CE0005901,Ineligible,,06/02/1999,,Female,,,,,,,55.80,123.00,159.00,62.60,22.10,N,N,N,,N,N,,,,,10.00,441.00,0.00,74.00,5.30,0.00,115.00,78.00,37.50,N,N,,,Aubrey,,
CE0005902,Ineligible,,06/02/1999,,Female,,,,,,,82.10,181.00,171.00,67.30,28.10,N,N,N,,N,N,,,,,11.70,255.00,0.00,61.00,6.60,0.00,113.00,71.00,37.50,N,N,,,Auriel,,
CE0005903,Not Responsive,O+,12/26/1992,,Female,Hispanic,"LP, WB,",,negative,,,68.00,149.90,156.00,61.40,27.90,N,N,N,,N,N,,,02/18/2020,05/18/2020,13.40,178.00,40.30,67.00,6.80,0.00,100.00,57.00,36.40,N,N,,,Ashley,,
CE0005904,Not Responsive,,03/08/2000,,,,,,,,,0.00,0.00,0.00,0.00,0.00,N,N,N,,N,N,,,,,0.00,0.00,0.00,0.00,0.00,0.00,0.00,0.00,0.00,N,N,,,Daicy,,
CE0005905,IDS Expired,B+,01/01/1994,,Female,Caucasian,"LP, WB,",,negative,,,58.70,129.40,165.00,65.00,22.60,Y,N,N,,Y,N,,08/17/2020,07/08/2020,10/06/2020,14.60,282.00,43.80,81.00,6.60,0.00,106.00,77.00,36.20,N,N,,,Alexandra,,
CE0005906,IDS Expired,O+,02/03/2000,,Female,Hispanic,"BM,",",bm50ml,bm100ml,",Positive,,,69.30,152.80,156.00,61.40,28.50,Y,Y,N,,N,N,,,06/02/2020,08/31/2020,14.10,215.00,41.70,79.00,7.90,0.00,105.00,64.00,36.70,N,N,,,Demi,,
CE0005907,IDS Expired,O+,08/13/1977,,Female,,"LP, WB,",,Positive,,,88.60,195.30,166.50,65.60,32.00,N,Y,N,,N,N,,,02/13/2020,05/13/2020,14.40,210.00,42.20,80.00,6.90,0.00,114.00,82.00,36.60,N,N,,,Kamiyah,,
CE0005908,Ineligible,,06/05/1981,,Female,,,,,,,0.00,0.00,0.00,0.00,0.00,N,N,N,,N,N,,,,,0.00,0.00,0.00,59.00,0.00,0.00,116.00,58.00,36.70,N,N,,,Sandra,,
CE0005909,Not Responsive,,09/27/1995,,,,,,,,,0.00,0.00,0.00,0.00,0.00,N,N,N,,N,N,,,,,0.00,0.00,0.00,0.00,0.00,0.00,0.00,0.00,0.00,N,N,,,Karen,,
CE0005910,Ineligible,,08/28/1965,,Female,,,,,,,0.00,0.00,0.00,0.00,0.00,N,N,N,,N,N,,,,,0.00,0.00,0.00,0.00,0.00,0.00,0.00,0.00,0.00,N,N,,,Toni,,
CE0005911,Not Responsive,,01/22/1969,,,,,,,,,0.00,0.00,0.00,0.00,0.00,N,N,N,,N,N,,,,,0.00,0.00,0.00,0.00,0.00,0.00,0.00,0.00,0.00,N,N,,,Mychelle,,
CE0005912,Not Responsive,,08/07/1973,,,,,,,,,0.00,0.00,0.00,0.00,0.00,N,N,N,,N,N,,,,,0.00,0.00,0.00,0.00,0.00,0.00,0.00,0.00,0.00,N,N,,,Lakeisha,,
CE0005913,Not Responsive,,08/14/1975,,,,,,,,,0.00,0.00,0.00,0.00,0.00,N,N,N,,N,N,,,,,0.00,0.00,0.00,0.00,0.00,0.00,0.00,0.00,0.00,N,N,,,Tammie,,
CE0005914,Not Responsive,,04/02/1970,,,,,,,,,0.00,0.00,0.00,0.00,0.00,N,N,N,,N,N,,,,,0.00,0.00,0.00,0.00,0.00,0.00,0.00,0.00,0.00,N,N,,,Lydia,,
CE0005915,Not Responsive,,04/01/1986,,,,,,,,,0.00,0.00,0.00,0.00,0.00,N,N,N,,N,N,,,,,0.00,0.00,0.00,0.00,0.00,0.00,0.00,0.00,0.00,N,N,,,Douglas,,
CE0005916,Ineligible,O+,08/25/1968,,Male,Mixed,"LP, WB, BM,",",bm50ml,bm100ml,",Positive,,,81.00,178.60,173.50,68.30,26.90,N,N,N,,N,N,,,02/12/2020,05/12/2020,14.20,244.00,43.20,73.00,6.70,0.00,166.00,84.00,36.20,N,N,,,Chico,,
CE0005917,Ineligible,,12/19/1996,,Female,,,,,,,52.10,114.90,0.00,0.00,0.00,N,N,N,,N,N,,,,,0.00,0.00,0.00,0.00,0.00,0.00,0.00,0.00,0.00,N,N,,,Carol,,
CE0005918,Ineligible,O+,03/31/1994,,Female,AfricanAmerican,,,,Positive,POSITIVE,101.20,223.10,168.00,66.10,35.90,N,N,Y,"Medication, Environmental,",Y,N,,06/23/2023,04/12/2023,07/11/2023,12.20,348.10,35.60,75.00,6.00,0.00,124.00,70.00,36.20,N,Y,03/10/2022,,Daevonna,,
CE0005919,IDS Expired,O+,11/15/1993,,Male,Mixed,"LP, WB,",,negative,,,81.40,179.50,188.20,74.10,23.00,N,Y,N,,Y,N,,07/06/2020,07/06/2020,10/04/2020,15.00,304.00,44.50,65.00,6.50,0.00,129.00,86.00,36.30,N,N,,,Levi,,
CE0005921,IDS Expired,O+,12/23/1993,,Male,AfricanAmerican,"LP, WB, BM,",",bm50ml,",negative,,,56.60,124.80,167.50,0.00,20.10,N,N,N,,N,N,,03/11/2020,02/21/2020,05/21/2020,15.50,255.00,45.00,78.00,5.40,0.00,133.00,81.00,35.90,N,N,,,Johnathan,,
CE0005922,Not Responsive,,10/13/1996,,,,,,,,,0.00,0.00,0.00,0.00,0.00,N,N,N,,N,N,,,,,0.00,0.00,0.00,0.00,0.00,0.00,0.00,0.00,0.00,N,N,,,Peishan,,
CE0005923,IDS Expired,O+,03/11/1994,,Male,Caucasian,"LP, WB,",,negative,,,79.30,174.80,171.00,67.30,25.50,Y,N,N,,Y,Y,,09/03/2020,09/03/2020,12/02/2020,14.10,206.60,40.50,82.00,4.50,0.00,123.00,82.00,36.90,N,N,,,Sean,,
CE0005924,IDS Expired,B+,09/06/1992,,Male,Hispanic,"LP, WB,",,Positive,,,71.30,157.20,173.00,68.10,23.20,N,N,N,,Y,Y,04/27/2020,08/06/2020,08/06/2020,11/04/2020,14.40,284.00,43.30,57.00,9.60,0.00,100.00,60.00,36.60,N,N,,,Sean,,
CE0005925,Not Responsive,B+,06/13/1972,,Male,Caucasian,"LP, WB, BM,",",bm50ml,bm100ml,",negative,,,82.30,181.40,182.50,71.90,24.70,N,N,N,,N,N,,,02/19/2020,05/19/2020,15.70,195.00,46.10,73.00,5.80,0.00,121.00,84.00,36.30,N,N,,,Scott,,
CE0005926,Not Responsive,AB+,09/24/1993,,Male,Caucasian,"LP, WB,",,Positive,,,126.80,279.60,182.50,71.90,37.10,N,N,N,,N,N,,03/16/2020,02/19/2020,05/19/2020,14.50,213.00,41.80,54.00,8.00,0.00,128.00,78.00,37.10,N,N,,,Theodore,,
CE0005927,Eligible,O+,12/28/1981,,Male,Caucasian,"LP, WB, BM,",BM 100ml,,Negative,,93.80,206.79,183.00,72.05,29.08,N,N,N,,Y,N,05/06/2026,11/24/2020,05/06/2026,08/04/2026,17.23,178.90,49.40,62.00,4.06,0.00,123.00,83.00,36.20,Y,Y,03/02/2022,,Mark,,
CE0005928,Not Responsive,,04/14/1993,,,,,,,,,0.00,0.00,0.00,0.00,0.00,N,N,N,,N,N,,,,,0.00,0.00,0.00,0.00,0.00,0.00,0.00,0.00,0.00,N,N,,,Joseph,,
CE0005929,Not Responsive,,12/31/2001,,,,,,,,,0.00,0.00,0.00,0.00,0.00,N,N,N,,N,N,,,,,0.00,0.00,0.00,0.00,0.00,0.00,0.00,0.00,0.00,N,N,,,Irie,,
CE0005930,Not Responsive,,08/09/1988,,,,,,,,,0.00,0.00,0.00,0.00,0.00,N,N,N,,N,N,,,,,0.00,0.00,0.00,0.00,0.00,0.00,0.00,0.00,0.00,N,N,,,Harrison,,
CE0005931,Not Responsive,O+,01/03/1985,,Female,Caucasian,"LP, WB, BM,",,positive,,,80.30,177.00,171.00,67.30,28.60,Y,N,N,,N,N,05/12/2020,,02/25/2020,05/25/2020,15.40,252.00,39.10,57.00,5.20,0.00,127.00,78.00,37.30,N,N,,,Jessica,,
CE0005933,Ineligible,O-,02/11/1986,,Female,Caucasian,,,negative,,,87.10,192.00,163.00,64.20,33.90,N,N,N,,N,N,08/18/2020,,08/18/2020,11/16/2020,13.10,303.00,39.10,80.00,8.90,0.00,127.00,79.00,36.70,N,N,,,Amantha,,
CE0005934,Ineligible,A+,10/20/1981,,Female,AfricanAmerican,,,positive,,,142.20,313.50,160.00,63.00,54.30,N,N,N,,N,N,,06/18/2020,06/18/2020,09/16/2020,14.20,340.00,40.10,100.00,5.70,0.00,128.00,79.00,37.10,N,N,,,Nicoler,,
CE0005935,IDS Expired,A+,12/20/2000,,Male,Hispanic,"LP, WB,",Not Interested,negative,NEGATIVE,,78.50,173.10,182.90,72.00,23.50,N,N,N,,N,N,,,05/08/2023,08/06/2023,15.30,183.70,44.40,50.00,4.90,0.00,115.00,61.00,37.30,N,N,,,Alastair,,
CE0005936,Not Responsive,,05/06/1984,,,,,,,,,0.00,0.00,0.00,0.00,0.00,N,N,N,,N,N,,,,,0.00,0.00,0.00,0.00,0.00,0.00,0.00,0.00,0.00,N,N,,,Pierra,,
CE0005937,Not Responsive,,03/06/1984,,,,,,,,,0.00,0.00,0.00,0.00,0.00,N,N,N,,N,N,,,,,0.00,0.00,0.00,0.00,0.00,0.00,0.00,0.00,0.00,N,N,,,Adrian,,
CE0005938,Ineligible,,03/02/1977,,Female,Caucasian,,,,,,126.90,279.80,168.00,66.10,45.00,N,N,N,,N,N,,,,,0.00,0.00,0.00,0.00,0.00,0.00,167.00,100.00,0.00,N,N,,,Shannah,,
CE0005939,Not Responsive,,04/28/1997,,,,,,,,,0.00,0.00,0.00,0.00,0.00,N,N,N,,N,N,,,,,0.00,0.00,0.00,0.00,0.00,0.00,0.00,0.00,0.00,N,N,,,Fateen,,
CE0005940,IDS Expired,O+,03/14/2001,,Male,Hispanic,"LP, WB, BM,",",bm50ml,bm100ml,",positive,,,69.50,153.20,174.00,68.50,23.00,N,N,N,,N,N,,,02/22/2020,05/22/2020,14.50,248.00,43.40,69.00,7.20,0.00,126.00,61.00,36.60,N,N,,,Roberto,,
CE0005941,Ineligible,O+,01/05/1988,,Female,asian,,,positive,,,59.90,132.10,155.00,61.00,24.90,N,N,N,,N,N,,06/22/2020,02/27/2020,05/27/2020,12.50,"2,112.00",38.00,76.00,6.10,0.00,127.00,73.00,36.70,N,N,,,Irish,,
CE0005942,IDS Expired,O+,03/08/1988,,Male,asian,"LP, WB,",DQ,,Negative,,70.00,154.30,170.50,67.10,24.10,N,N,N,,Y,Y,,11/04/2021,08/31/2021,11/29/2021,15.10,285.00,43.70,68.00,4.40,0.00,114.00,68.00,36.60,N,N,,,Kyle,,
CE0005943,Not Responsive,,03/26/1999,,,,,,,,,0.00,0.00,0.00,0.00,0.00,N,N,N,,N,N,,,,,0.00,0.00,0.00,0.00,0.00,0.00,0.00,0.00,0.00,N,N,,,Hajizain,,
CE0005944,Not Responsive,,08/12/1998,,,,,,,,,0.00,0.00,0.00,0.00,0.00,N,N,N,,N,N,,,,,0.00,0.00,0.00,0.00,0.00,0.00,0.00,0.00,0.00,N,N,,,Diana,,
CE0005945,Not Responsive,,06/28/2001,,,,,,,,,0.00,0.00,0.00,0.00,0.00,N,N,N,,N,N,,,,,0.00,0.00,0.00,0.00,0.00,0.00,0.00,0.00,0.00,N,N,,,Noel,,
CE0005946,Not Responsive,,06/22/1985,,,,,,,,,0.00,0.00,0.00,0.00,0.00,N,N,N,,N,N,,,,,0.00,0.00,0.00,0.00,0.00,0.00,0.00,0.00,0.00,N,N,,,Cymone,,
CE0005947,Not Responsive,,12/28/1996,,,,,,,,,0.00,0.00,0.00,0.00,0.00,N,N,N,,N,N,,,,,0.00,0.00,0.00,0.00,0.00,0.00,0.00,0.00,0.00,N,N,,,Briana,,
CE0005948,Not Responsive,,04/08/1988,,,,,,,,,0.00,0.00,0.00,0.00,0.00,N,N,N,,N,N,,,,,0.00,0.00,0.00,0.00,0.00,0.00,0.00,0.00,0.00,N,N,,,Nneki,,
CE0005949,Not Responsive,,07/06/1986,,,,,,,,,0.00,0.00,0.00,0.00,0.00,N,N,N,,N,N,,,,,0.00,0.00,0.00,0.00,0.00,0.00,0.00,0.00,0.00,N,N,,,Nick,,
CE0005950,Not Responsive,,05/15/1983,,,,,,,,,0.00,0.00,0.00,0.00,0.00,N,N,N,,N,N,,,,,0.00,0.00,0.00,0.00,0.00,0.00,0.00,0.00,0.00,N,N,,,Pamela,,
CE0005951,IDS Expired,B-,07/19/1975,,Male,Caucasian,"LP, WB,",,negative,,,68.10,150.10,175.00,68.90,22.20,N,N,N,,N,N,,,02/26/2020,05/26/2020,15.80,206.00,47.00,65.00,4.80,0.00,122.00,77.00,36.40,N,N,,,Jacob,,
CE0005952,Not Responsive,,01/11/1993,,,,,,,,,0.00,0.00,0.00,0.00,0.00,N,N,N,,N,N,,,,,0.00,0.00,0.00,0.00,0.00,0.00,0.00,0.00,0.00,N,N,,,Alexandria,,
CE0005953,IDS Expired,O-,01/04/1978,,Female,Caucasian,"LP, WB, BM,",BM 100ml,positive,,,62.70,138.20,162.00,63.80,23.40,Y,N,N,,Y,Y,03/09/2021,08/24/2020,03/09/2021,06/07/2021,13.10,160.00,39.20,82.00,4.10,0.00,110.00,72.00,36.70,N,N,,,Jeanette,,
CE0005954,Not Responsive,,09/18/1971,,,,,,,,,0.00,0.00,0.00,0.00,0.00,N,N,N,,N,N,,,,,0.00,0.00,0.00,0.00,0.00,0.00,0.00,0.00,0.00,N,N,,,Kasha,,
CE0005955,Eligible,O+,11/01/1970,,Male,Caucasian,"LP, WB,",DQ,,Negative,POSITIVE,71.20,156.97,161.00,63.39,27.51,Y,N,Y,"Environmental,",Y,Y,,06/29/2026,06/29/2026,09/27/2026,14.58,225.20,44.20,78.00,3.65,0.00,120.00,61.00,36.60,Y,Y,01/24/2022,ALLERGY: pollen;,Matthew,,
CE0005956,Not Responsive,,09/20/1996,,,,,,,,,0.00,0.00,0.00,0.00,0.00,N,N,N,,N,N,,,,,0.00,0.00,0.00,0.00,0.00,0.00,0.00,0.00,0.00,N,N,,,Matthew,,
CE0005957,IDS Expired,A+,10/31/1989,,Female,asian,"WB, BM,",",bm50ml,bm100ml,",positive,,,64.70,142.60,163.00,64.20,23.40,N,N,N,,N,N,08/24/2020,03/04/2020,08/24/2020,11/22/2020,14.10,262.00,42.30,58.00,4.80,0.00,111.00,80.00,36.90,N,N,,,Monica,,
CE0005958,Ineligible,A+,11/19/1987,,Male,Hispanic,,,positive,,,74.40,164.00,160.50,63.20,26.60,N,Y,N,,N,N,,,07/16/2020,10/14/2020,14.30,254.00,39.30,59.00,5.00,0.00,123.00,80.00,36.90,N,N,,,Yosimar,,
CE0005959,Ineligible,,05/31/1994,,Female,AfricanAmerican,,,,,,111.00,244.70,175.00,68.90,36.20,N,N,N,,N,N,,,,,0.00,0.00,0.00,79.00,0.00,0.00,123.00,70.00,37.50,N,N,,,Genoa Lartifa,,
CE0005960,Ineligible,O-,03/14/1968,,Female,Caucasian,,,negative,,,72.30,159.40,160.00,63.00,28.30,N,N,N,,Y,N,12/10/2020,,10/16/2020,01/14/2021,13.60,213.00,40.00,67.00,6.70,0.00,123.00,79.00,36.90,N,N,,,Nancy,,
CE0005961,Ineligible,,09/04/1998,,Female,AfricanAmerican,,,,,,87.50,192.90,166.50,65.60,31.60,N,N,N,,N,N,,,,,0.00,0.00,0.00,65.00,0.00,0.00,120.00,69.00,37.20,N,N,,,Kimberlyn,,
CE0005962,Not Responsive,,06/14/1976,,,,,,,,,0.00,0.00,0.00,0.00,0.00,N,N,N,,N,N,,,,,0.00,0.00,0.00,0.00,0.00,0.00,0.00,0.00,0.00,N,N,,,Timothy,,
CE0005963,Not Responsive,,07/11/1991,,,,,,,,,0.00,0.00,0.00,0.00,0.00,N,N,N,,N,N,,,,,0.00,0.00,0.00,0.00,0.00,0.00,0.00,0.00,0.00,N,N,,,Corey,,
CE0005964,IDS Expired,O+,07/11/1983,,Female,Caucasian,"LP, WB,",,positive,,,62.70,138.20,156.50,61.60,25.60,N,N,N,,N,N,,,02/27/2020,05/27/2020,12.70,275.00,37.60,74.00,5.10,0.00,116.00,73.00,37.20,N,N,,,Tracey,,
CE0005965,IDS Expired,O+,03/27/1970,,Female,Caucasian,"LP, WB,",,positive,,,57.70,127.20,165.50,65.20,21.10,Y,N,N,,N,N,,,02/27/2020,05/27/2020,12.60,293.00,38.90,65.00,5.60,0.00,119.00,60.00,36.70,N,N,,,Jennifer,,
CE0005966,Not Responsive,,01/11/1982,,,,,,,,,0.00,0.00,0.00,0.00,0.00,N,N,N,,N,N,,,,,0.00,0.00,0.00,0.00,0.00,0.00,0.00,0.00,0.00,N,N,,,Gregory,,
CE0005967,IDS Expired,B+,07/06/1981,,Female,Caucasian,"LP,",,positive,,,82.60,182.10,171.00,67.30,27.10,Y,N,N,,Y,N,08/24/2020,,08/24/2020,11/22/2020,12.40,270.80,36.80,78.00,3.80,0.00,107.00,72.00,36.10,N,N,,,Nicole,,
CE0005968,Not Responsive,,04/03/1993,,,,,,,,,0.00,0.00,0.00,0.00,0.00,N,N,N,,N,N,,,,,0.00,0.00,0.00,0.00,0.00,0.00,0.00,0.00,0.00,N,N,,,Emily,,
CE0005969,Ineligible,,09/04/1997,,,,,,,,,0.00,0.00,0.00,0.00,0.00,N,N,N,,N,N,,,,,0.00,0.00,0.00,0.00,0.00,0.00,0.00,0.00,0.00,N,N,,,Michael,,
CE0005970,Not Responsive,,11/08/1992,,,,,,,,,0.00,0.00,0.00,0.00,0.00,N,N,N,,N,N,,,,,0.00,0.00,0.00,0.00,0.00,0.00,0.00,0.00,0.00,N,N,,,Brandon,,
CE0005971,Not Responsive,,07/22/1975,,,,,,,,,0.00,0.00,0.00,0.00,0.00,N,N,N,,N,N,,,,,0.00,0.00,0.00,0.00,0.00,0.00,0.00,0.00,0.00,N,N,,,Eva,,
CE0005972,Not Responsive,,12/21/1973,,,,,,,,,0.00,0.00,0.00,0.00,0.00,N,N,N,,N,N,,,,,0.00,0.00,0.00,0.00,0.00,0.00,0.00,0.00,0.00,N,N,,,Chanda,,
CE0005973,IDS Expired,A+,08/21/1977,,Male,AfricanAmerican,"LP, WB, BM,",BM 100ml,Negative,,,98.90,218.00,179.00,70.50,28.80,Y,N,N,,Y,N,03/01/2021,12/08/2020,03/01/2021,05/30/2021,16.00,223.00,48.90,78.00,3.10,0.00,127.00,72.00,36.70,N,N,,,Jerald,,
CE0005974,Not Responsive,,01/27/1989,,,,,,,,,0.00,0.00,0.00,0.00,0.00,N,N,N,,N,N,,,,,0.00,0.00,0.00,0.00,0.00,0.00,0.00,0.00,0.00,N,N,,,Darius,,
CE0005975,Ineligible,,10/04/1989,,Female,Mixed,,,,,,0.00,0.00,0.00,0.00,0.00,N,N,N,,N,N,,,,,0.00,0.00,0.00,0.00,0.00,0.00,0.00,0.00,0.00,N,N,,,Onika,,
CE0005976,Not Responsive,,10/05/1985,,,,,,,,,0.00,0.00,0.00,0.00,0.00,N,N,N,,N,N,,,,,0.00,0.00,0.00,0.00,0.00,0.00,0.00,0.00,0.00,N,N,,,Sophia,,
CE0005977,Not Responsive,,05/07/1968,,Male,Caucasian,,,,,,83.00,183.00,188.00,74.00,23.50,N,N,N,,N,N,,,,,15.40,128.00,45.10,57.00,3.60,0.00,130.00,81.00,36.80,N,N,,,Eric,,
CE0005978,Ineligible,O+,01/02/1979,,Female,Caucasian,"LP, WB,",,negative,,,59.20,130.50,170.50,67.10,20.40,N,N,N,,N,N,,,03/10/2020,06/08/2020,14.90,179.00,43.00,81.00,6.90,0.00,116.00,77.00,36.40,N,N,,,Elizabeth,,
CE0005980,IDS Expired,A+,09/17/1983,,Female,asian,"LP, WB,",,negative,,,61.90,136.50,162.00,63.80,24.80,N,N,N,,Y,Y,,06/17/2020,03/06/2020,06/04/2020,12.90,302.00,39.70,71.00,5.40,0.00,103.00,71.00,37.20,N,N,,,Cynthia,,
CE0005981,Deferred,,10/24/1984,,,,,,,,,112.60,248.24,175.26,69.00,36.66,N,N,N,,N,N,,,,,12.17,313.90,37.70,70.00,5.81,0.00,130.00,85.00,36.20,N,N,,,Eyvokia,,
CE0005982,Not Responsive,,03/10/1978,,,,,,,,,0.00,0.00,0.00,0.00,0.00,N,N,N,,N,N,,,,,0.00,0.00,0.00,0.00,0.00,0.00,0.00,0.00,0.00,N,N,,,Irma,,
CE0005983,Ineligible,O+,12/06/1975,,Male,AfricanAmerican,"LP, WB,",,positive,,,115.70,255.10,189.00,74.40,32.00,N,N,N,,Y,N,,06/10/2020,06/10/2020,09/08/2020,13.70,251.00,42.10,92.00,5.90,0.00,160.00,77.00,37.30,N,N,,,Charles,,
CE0005984,Ineligible,,03/07/1992,,Male,,,,,,,68.40,150.80,0.00,0.00,0.00,N,N,N,,N,N,,,,,0.00,0.00,0.00,50.00,0.00,0.00,116.00,67.00,36.00,N,N,,,Robert,,
CE0005985,Not Responsive,,02/23/1969,,,,,,,,,0.00,0.00,0.00,0.00,0.00,N,N,N,,N,N,,,,,0.00,0.00,0.00,0.00,0.00,0.00,0.00,0.00,0.00,N,N,,,Jennifer,,
CE0005986,IDS Expired,O+,01/14/1983,,Female,Caucasian,"LP, WB, BM,",BM 100ml,negative,Positive,,85.00,187.40,170.00,66.90,29.40,N,N,N,,Y,N,02/02/2026,,02/02/2026,05/03/2026,14.60,253.10,43.70,90.00,9.10,0.00,144.00,97.00,36.10,N,Y,10/27/2025,,Ruth,,
CE0005987,Not Responsive,,05/06/1997,,,,,,,,,0.00,0.00,0.00,0.00,0.00,N,N,N,,N,N,,,,,0.00,0.00,0.00,0.00,0.00,0.00,0.00,0.00,0.00,N,N,,,Nicole,,
CE0005988,Ineligible,A+,04/09/1985,,Male,Caucasian,,,negative,,,78.60,173.30,185.00,72.80,22.70,N,N,N,,N,N,,06/03/2020,06/03/2020,09/01/2020,13.70,190.00,42.30,79.00,3.90,0.00,100.00,58.00,37.00,N,N,,,Andrew,,
CE0005989,Not Responsive,,05/20/1967,,Female,,,,,,,69.70,153.70,167.00,65.80,25.00,N,N,N,,N,N,,,,,0.00,0.00,0.00,0.00,0.00,0.00,0.00,0.00,0.00,N,N,,,Kathrine,,
CE0005990,Not Responsive,,04/01/2000,,,,,,,,,0.00,0.00,0.00,0.00,0.00,N,N,N,,N,N,,,,,0.00,0.00,0.00,0.00,0.00,0.00,0.00,0.00,0.00,N,N,,,Caroline,,
CE0005991,Not Responsive,,11/05/1999,,,,,,,,,0.00,0.00,0.00,0.00,0.00,N,N,N,,N,N,,,,,0.00,0.00,0.00,0.00,0.00,0.00,0.00,0.00,0.00,N,N,,,Ava,,
CE0005992,Not Responsive,,01/02/1994,,,,,,,,,0.00,0.00,0.00,0.00,0.00,N,N,N,,N,N,,,,,0.00,0.00,0.00,0.00,0.00,0.00,0.00,0.00,0.00,N,N,,,Jeanette,,
CE0005993,Not Responsive,O+,10/04/1990,,Female,asian,"LP, WB, BM,",",bm50ml,bm100ml,",positive,,,61.00,134.50,159.00,62.60,24.10,Y,N,N,,N,N,,,03/03/2020,06/01/2020,13.20,308.00,39.50,82.00,6.30,0.00,120.00,86.00,37.20,N,N,,,Deepika,,
CE0005994,Ineligible,,01/17/1976,,,,,,,,,0.00,0.00,0.00,0.00,0.00,N,N,N,,N,N,,,,,0.00,0.00,0.00,0.00,0.00,0.00,0.00,0.00,0.00,N,N,,,Kenyata,,
CE0005995,Ineligible,,02/24/1966,,Male,,,,,,,77.30,170.40,173.50,68.30,25.70,N,N,N,,N,N,,,,,12.40,320.00,38.00,75.00,6.80,0.00,138.00,88.00,37.40,N,N,,,Christopher,,
CE0005996,IDS Expired,O+,07/24/1972,,Male,NativeAmerican,"LP, WB, BM,",",bm100ml,",positive,,,74.60,164.50,176.50,69.50,24.00,Y,N,N,,N,N,,,10/21/2020,01/19/2021,15.50,183.00,44.70,67.00,6.00,0.00,111.00,73.00,36.50,N,N,,,Anthony,,
CE0005997,Ineligible,O-,10/18/1989,,Male,Caucasian,,BM 100ml,,Negative,POSITIVE,102.60,226.19,175.00,68.90,33.50,N,N,Y,"Environmental,",Y,N,07/08/2025,06/29/2023,07/08/2025,10/06/2025,16.21,247.50,48.10,99.00,6.34,0.00,142.00,99.00,35.80,N,Y,01/25/2022,"ALLERGY: CAT DANDER
Donor not eligible for mobLP due to unreliability/multiple cancellations",Babak,08/07/2023,POSITIVE
CE0005998,Ineligible,,08/12/1980,,Female,Caucasian,,,,,,63.30,139.60,165.50,65.20,23.10,Y,N,N,,N,N,,,,,11.50,192.00,35.00,69.00,5.10,0.00,97.00,54.00,36.50,N,N,,,Brandy,,
CE0005999,Ineligible,O+,11/30/1998,,Male,Mixed,,,Negative,,,144.40,318.40,183.00,72.10,40.60,N,N,N,,Y,Y,,03/09/2021,02/12/2021,05/13/2021,14.90,218.00,44.50,92.00,6.10,0.00,112.00,67.00,36.70,N,N,,,Donovan,,
CE0006000,Not Responsive,,04/22/1975,,,,,,,,,0.00,0.00,0.00,0.00,0.00,N,N,N,,N,N,,,,,0.00,0.00,0.00,0.00,0.00,0.00,0.00,0.00,0.00,N,N,,,Anntonette,,
CE0006002,Not Responsive,O+,08/30/1993,,Male,AfricanAmerican,"LP, WB,",,negative,,,105.40,232.40,181.50,71.50,32.00,N,N,N,,N,N,,,03/05/2020,06/03/2020,13.80,235.00,42.10,54.00,4.10,0.00,120.00,70.00,37.40,N,N,,,Dahren,,
CE0006003,Not Responsive,,12/18/1989,,,,,,,,,0.00,0.00,0.00,0.00,0.00,N,N,N,,N,N,,,,,0.00,0.00,0.00,0.00,0.00,0.00,0.00,0.00,0.00,N,N,,,Kevin,,
CE0006004,Not Responsive,,04/28/1983,,,,,,,,,0.00,0.00,0.00,0.00,0.00,N,N,N,,N,N,,,,,0.00,0.00,0.00,0.00,0.00,0.00,0.00,0.00,0.00,N,N,,,Denise,,
CE0006005,IDS Expired,O+,04/05/1967,,Male,asian,"WB,",,,Positive,,70.60,155.70,170.00,66.90,24.40,N,N,N,,Y,N,02/10/2023,05/11/2021,02/10/2023,05/11/2023,17.00,168.20,48.30,60.00,3.40,0.00,172.00,91.00,36.00,N,N,,,Shigeo,,
CE0006006,IDS Expired,B+,08/22/1996,,Female,Hispanic,"LP, WB,",,negative,,,63.00,138.90,164.00,64.60,22.30,Y,Y,N,,Y,N,,10/26/2020,09/16/2020,12/15/2020,13.90,238.90,40.30,82.00,7.50,0.00,100.00,60.00,36.40,N,N,,,Silvana,,
CE0006007,Ineligible,,03/25/2001,,Female,,,,,,,62.20,137.10,165.50,65.20,22.70,N,N,N,,N,N,,,,,11.00,411.00,0.00,95.00,5.30,0.00,110.00,66.00,37.50,N,N,,,Kaiyah,,
CE0006008,Not Responsive,,02/05/1998,,,,,,,,,0.00,0.00,0.00,0.00,0.00,N,N,N,,N,N,,,,,0.00,0.00,0.00,0.00,0.00,0.00,0.00,0.00,0.00,N,N,,,Emily,,
CE0006009,Ineligible,,09/20/1970,,Female,Caucasian,,,,,,74.50,164.20,169.00,66.50,26.10,Y,N,N,,N,N,,,,,11.40,308.00,34.50,100.00,7.90,0.00,120.00,78.00,36.30,N,N,,,Edrie,,
CE0006010,Not Responsive,,01/14/1987,,,,,,,,,0.00,0.00,0.00,0.00,0.00,N,N,N,,N,N,,,,,0.00,0.00,0.00,0.00,0.00,0.00,0.00,0.00,0.00,N,N,,,Ricardo,,
CE0006011,Not Responsive,,01/29/2002,,,,,,,,,0.00,0.00,0.00,0.00,0.00,N,N,N,,N,N,,,,,0.00,0.00,0.00,0.00,0.00,0.00,0.00,0.00,0.00,N,N,,,Kortney,,
CE0006012,Not Responsive,,10/12/1995,,,,,,,,,0.00,0.00,0.00,0.00,0.00,N,N,N,,N,N,,,,,0.00,0.00,0.00,0.00,0.00,0.00,0.00,0.00,0.00,N,N,,,Gabriela,,
CE0006013,Not Responsive,,11/21/1998,,,,,,,,,0.00,0.00,0.00,0.00,0.00,N,N,N,,N,N,,,,,0.00,0.00,0.00,0.00,0.00,0.00,0.00,0.00,0.00,N,N,,,Dominic,,
CE0006014,Not Responsive,,09/25/1983,,,,,,,,,0.00,0.00,0.00,0.00,0.00,N,N,N,,N,N,,,,,0.00,0.00,0.00,0.00,0.00,0.00,0.00,0.00,0.00,N,N,,,Elliot,,
CE0006015,Ineligible,A+,10/12/1967,,Female,Caucasian,,,,Negative,POSITIVE,104.60,230.60,170.00,66.93,36.19,N,N,N,,Y,Y,,10/09/2023,10/09/2023,01/07/2024,11.38,290.30,34.60,77.00,5.76,0.00,128.00,68.00,36.40,N,Y,03/15/2022,,Cynthia,,
CE0006017,Not Responsive,,06/06/1974,,,,,,,,,0.00,0.00,0.00,0.00,0.00,N,N,N,,N,N,,,,,0.00,0.00,0.00,0.00,0.00,0.00,0.00,0.00,0.00,N,N,,,Elizabeth,,
CE0006018,IDS Expired,A+,06/06/1974,,Male,Caucasian,"LP, WB, BM,",",bm50ml,bm100ml,",negative,,,114.40,252.20,193.00,0.00,30.90,N,N,N,,N,N,05/18/2020,07/06/2020,07/06/2020,10/04/2020,13.70,300.00,41.70,79.00,5.30,0.00,150.00,88.00,36.10,N,N,,,Eric,,
CE0006019,IDS Expired,A+,12/12/1983,,Male,Caucasian,"LP, WB,",,negative,,,72.70,160.30,170.00,66.90,26.40,Y,N,N,,Y,N,,06/09/2020,06/09/2020,09/07/2020,13.80,234.00,42.20,58.00,4.20,0.00,118.00,70.00,36.60,N,N,,,Max,,
CE0006020,IDS Expired,O+,12/01/1977,,Male,Mixed,"LP, WB,",DQ,Negative,,,110.40,243.40,185.00,72.80,32.30,N,N,N,,Y,N,,07/16/2021,05/20/2021,08/18/2021,15.60,247.00,46.10,77.00,6.00,0.00,133.00,71.00,36.60,N,N,,,Dimitrius,,
CE0006021,Not Responsive,,05/22/1996,,,,,,,,,0.00,0.00,0.00,0.00,0.00,N,N,N,,N,N,,,,,0.00,0.00,0.00,0.00,0.00,0.00,0.00,0.00,0.00,N,N,,,Daniel,,
CE0006022,IDS Expired,AB+,02/04/1985,,Male,Caucasian,"WB, BM,",BM 100ml,Positive,Positive,,71.10,156.80,175.00,68.90,23.20,N,N,N,,Y,Y,11/24/2025,,10/23/2025,01/21/2026,14.90,207.30,16.00,100.00,5.40,0.00,122.00,82.00,34.60,N,Y,02/05/2024,"DQ for LP/mLP (small veins)
6/15/26: BMA only donor. No appts available. Donor referred to alternative donation sites. mcl",Eric,,
CE0006023,Not Responsive,,11/06/1988,,,,,,,,,0.00,0.00,0.00,0.00,0.00,N,N,N,,N,N,,,,,0.00,0.00,0.00,0.00,0.00,0.00,0.00,0.00,0.00,N,N,,,Ryan,,
CE0006024,Not Responsive,,06/05/1985,,,,,,,,,0.00,0.00,0.00,0.00,0.00,N,N,N,,N,N,,,,,0.00,0.00,0.00,0.00,0.00,0.00,0.00,0.00,0.00,N,N,,,Lain,,
CE0006025,IDS Expired,A+,05/25/1978,,Female,Mixed,"LP, WB,",,negative,,,59.20,130.50,157.00,61.80,22.90,N,N,N,,Y,N,,07/22/2020,06/09/2020,09/07/2020,13.20,306.00,39.30,84.00,5.90,0.00,114.00,64.00,36.30,N,N,,,Amelia,,
CE0006026,Not Responsive,,12/07/1978,,,,,,,,,0.00,0.00,0.00,0.00,0.00,N,N,N,,N,N,,,,,0.00,0.00,0.00,0.00,0.00,0.00,0.00,0.00,0.00,N,N,,,Karlee,,
CE0006027,IDS Expired,B-,03/30/1977,,Female,Caucasian,"WB, BM,",BM 100ml,,Positive,,71.40,157.40,157.50,62.00,28.80,Y,N,N,,Y,N,10/19/2022,,10/30/2023,01/28/2024,14.10,258.80,42.40,70.00,6.50,0.00,145.00,78.00,36.20,N,Y,05/16/2022,"NI in LP (hx discomfort with IVs)
DQ for mLP d/t age",Moira,,
CE0006028,Not Responsive,,05/07/1969,,,,,,,,,0.00,0.00,0.00,0.00,0.00,N,N,N,,N,N,,,,,0.00,0.00,0.00,0.00,0.00,0.00,0.00,0.00,0.00,N,N,,,Jeffrey,,
CE0006029,Not Responsive,,05/27/1969,,,,,,,,,0.00,0.00,0.00,0.00,0.00,N,N,N,,N,N,,,,,0.00,0.00,0.00,0.00,0.00,0.00,0.00,0.00,0.00,N,N,,,Eric,,
CE0006030,Ineligible,,12/20/1979,,Female,Mixed,"LP, WB, BM,",",bm50ml,bm100ml,",positive,,,69.90,154.10,168.20,66.20,24.70,Y,N,N,,N,N,,,03/12/2020,06/10/2020,13.50,180.00,40.90,68.00,6.30,0.00,135.00,91.00,37.40,N,N,,,Erin,,
CE0006032,Not Responsive,,03/04/1967,,,,,,,,,0.00,0.00,0.00,0.00,0.00,N,N,N,,N,N,,,,,0.00,0.00,0.00,0.00,0.00,0.00,0.00,0.00,0.00,N,N,,,Michelle,,
CE0006033,Not Responsive,,06/17/1994,,,,,,,,,0.00,0.00,0.00,0.00,0.00,N,N,N,,N,N,,,,,0.00,0.00,0.00,0.00,0.00,0.00,0.00,0.00,0.00,N,N,,,Kurtis,,
CE0006034,Not Responsive,,08/29/1976,,Female,asian,"LP,",,positive,,,74.90,165.10,161.00,63.40,28.90,N,N,N,,N,N,,,03/12/2020,06/10/2020,12.10,297.00,37.60,78.00,8.00,0.00,100.00,71.00,36.90,N,N,,,Rakshita,,
CE0006035,Not Responsive,,04/19/1987,,,,,,,,,0.00,0.00,0.00,0.00,0.00,N,N,N,,N,N,,,,,0.00,0.00,0.00,0.00,0.00,0.00,0.00,0.00,0.00,N,N,,,Chelsea,,
CE0006036,Not Responsive,,12/27/1985,,,,,,,,,0.00,0.00,0.00,0.00,0.00,N,N,N,,N,N,,,,,0.00,0.00,0.00,0.00,0.00,0.00,0.00,0.00,0.00,N,N,,,Stefanie,,
CE0006037,Ineligible,O-,10/25/1988,,Male,Caucasian,"LP, WB,",,negative,,,86.40,190.50,187.00,73.60,24.70,N,N,N,,N,N,,,03/13/2020,06/11/2020,16.40,185.00,48.10,59.00,4.20,0.00,148.00,76.00,35.90,N,N,,,Michael,,
CE0006038,IDS Expired,B+,01/02/1979,,Female,Caucasian,"LP,",Not Interested,,Negative,,65.40,144.20,167.60,66.00,23.30,N,N,N,,Y,N,,12/03/2021,09/28/2021,12/27/2021,13.90,283.70,41.20,61.00,6.30,0.00,100.00,61.00,36.50,N,N,,,Kristina,,
CE0006039,Not Responsive,,02/21/1994,,,,,,,,,0.00,0.00,0.00,0.00,0.00,N,N,N,,N,N,,,,,0.00,0.00,0.00,0.00,0.00,0.00,0.00,0.00,0.00,N,N,,,Dorothy,,
CE0006040,Ineligible,,07/28/1976,,,,,,,,,0.00,0.00,0.00,0.00,0.00,N,N,N,,N,N,,,,,0.00,0.00,0.00,0.00,0.00,0.00,0.00,0.00,0.00,N,N,,,Celeste,,
CE0006041,Not Responsive,,05/20/1970,,,,,,,,,63.30,139.60,178.00,70.10,20.00,N,N,N,,N,N,,,,,11.50,215.00,0.00,60.00,4.60,0.00,120.00,77.00,36.70,N,N,,,Heather,,
CE0006042,Ineligible,O+,06/01/1976,,Female,AfricanAmerican,,,positive,,,71.10,156.75,162.00,63.80,28.30,N,Y,N,,N,N,08/13/2020,06/24/2020,06/11/2020,09/09/2020,13.30,242.00,39.60,82.00,5.50,0.00,118.00,80.00,36.60,N,N,,,Sola,,
CE0006043,Not Responsive,,09/09/1985,,,,,,,,,0.00,0.00,0.00,0.00,0.00,N,N,N,,N,N,,,,,0.00,0.00,0.00,0.00,0.00,0.00,0.00,0.00,0.00,N,N,,,Ersson,,
CE0006044,Not Responsive,,08/08/1976,,,,,,,,,0.00,0.00,0.00,0.00,0.00,N,N,N,,N,N,,,,,0.00,0.00,0.00,0.00,0.00,0.00,0.00,0.00,0.00,N,N,,,Shekinah,,
CE0006045,Not Responsive,,05/19/1988,,,,,,,,,0.00,0.00,0.00,0.00,0.00,N,N,N,,N,N,,,,,0.00,0.00,0.00,0.00,0.00,0.00,0.00,0.00,0.00,N,N,,,Brittany,,
CE0006046,Not Responsive,,01/03/1996,,,,,,,,,0.00,0.00,0.00,0.00,0.00,N,N,N,,N,N,,,,,0.00,0.00,0.00,0.00,0.00,0.00,0.00,0.00,0.00,N,N,,,zena,,
CE0006047,IDS Expired,O+,09/01/1982,,Female,Caucasian,"LP,",Not Interested,,Negative,,67.50,148.80,167.60,66.00,24.00,Y,N,N,,Y,Y,,05/04/2022,05/04/2022,08/02/2022,12.40,312.70,37.00,80.00,7.60,0.00,144.00,85.00,35.80,N,Y,01/27/2022,,Shannon,,
CE0006048,IDS Expired,AB-,12/31/1969,,Female,Caucasian,"LP, WB,",DQ,,Positive,,59.90,132.10,158.50,62.40,23.80,Y,N,N,,Y,Y,,01/20/2023,01/20/2023,04/20/2023,13.70,272.00,39.60,59.00,4.30,0.00,156.00,86.00,36.00,N,Y,03/28/2022,,Jenee,,
CE0006049,Not Responsive,,12/30/1983,,,,,,,,,0.00,0.00,0.00,0.00,0.00,N,N,N,,N,N,,,,,0.00,0.00,0.00,0.00,0.00,0.00,0.00,0.00,0.00,N,N,,,Richard,,
CE0006050,Not Responsive,,07/28/1993,,,,,,,,,0.00,0.00,0.00,0.00,0.00,N,N,N,,N,N,,,,,0.00,0.00,0.00,0.00,0.00,0.00,0.00,0.00,0.00,N,N,,,Shearian,,
CE0006052,Not Responsive,,03/26/1991,,,,,,,,,0.00,0.00,0.00,0.00,0.00,N,N,N,,N,N,,,,,0.00,0.00,0.00,0.00,0.00,0.00,0.00,0.00,0.00,N,N,,,Dalton,,
CE0006053,Not Responsive,,05/23/1990,,,,,,,,,0.00,0.00,0.00,0.00,0.00,N,N,N,,N,N,,,,,0.00,0.00,0.00,0.00,0.00,0.00,0.00,0.00,0.00,N,N,,,Joseph,,
CE0006054,Not Responsive,O+,08/29/1985,,Female,Mixed,,,positive,,,81.40,179.50,157.00,61.80,33.80,N,N,N,,N,N,,,06/04/2020,09/02/2020,11.50,226.00,38.00,76.00,6.30,0.00,106.00,69.00,36.90,N,N,,,Stephanie,,
CE0006055,Not Responsive,,12/22/1987,,,,,,,,,0.00,0.00,0.00,0.00,0.00,N,N,N,,N,N,,,,,0.00,0.00,0.00,0.00,0.00,0.00,0.00,0.00,0.00,N,N,,,Carolina,,
CE0006056,Not Responsive,,12/08/1983,,,,,,,,,0.00,0.00,0.00,0.00,0.00,N,N,N,,N,N,,,,,0.00,0.00,0.00,0.00,0.00,0.00,0.00,0.00,0.00,N,N,,,Rachel,,
CE0006057,Not Responsive,,03/31/1986,,,,,,,,,0.00,0.00,0.00,0.00,0.00,N,N,N,,N,N,,,,,0.00,0.00,0.00,0.00,0.00,0.00,0.00,0.00,0.00,N,N,,,Genevieve,,
CE0006058,Ineligible,A+,10/07/1967,,Female,Caucasian,,,positive,,,87.90,193.80,162.50,64.00,33.30,Y,N,N,,N,N,,,,,14.80,473.00,45.20,98.00,11.60,0.00,137.00,93.00,36.70,N,N,,,Michelle,,
CE0006059,Not Responsive,,12/22/1993,,,,,,,,,0.00,0.00,0.00,0.00,0.00,N,N,N,,N,N,,,,,0.00,0.00,0.00,0.00,0.00,0.00,0.00,0.00,0.00,N,N,,,Sarah,,
CE0006060,Not Responsive,,06/06/1985,,,,,,,,,0.00,0.00,0.00,0.00,0.00,N,N,N,,N,N,,,,,0.00,0.00,0.00,0.00,0.00,0.00,0.00,0.00,0.00,N,N,,,Sophia,,
CE0006061,Not Responsive,,09/30/1994,,,,,,,,,0.00,0.00,0.00,0.00,0.00,N,N,N,,N,N,,,,,0.00,0.00,0.00,0.00,0.00,0.00,0.00,0.00,0.00,N,N,,,Madelyn,,
CE0006062,Not Responsive,,11/19/1993,,,,,,,,,0.00,0.00,0.00,0.00,0.00,N,N,N,,N,N,,,,,0.00,0.00,0.00,0.00,0.00,0.00,0.00,0.00,0.00,N,N,,,Jonathan,,
CE0006063,Not Responsive,,03/27/1981,,,,,,,,,0.00,0.00,0.00,0.00,0.00,N,N,N,,N,N,,,,,0.00,0.00,0.00,0.00,0.00,0.00,0.00,0.00,0.00,N,N,,,Stephanie,,
CE0006064,Not Responsive,,06/30/1967,,,,,,,,,0.00,0.00,0.00,0.00,0.00,N,N,N,,N,N,,,,,0.00,0.00,0.00,0.00,0.00,0.00,0.00,0.00,0.00,N,N,,,Kat,,
CE0006065,Not Responsive,,12/31/1979,,,,,,,,,0.00,0.00,0.00,0.00,0.00,N,N,N,,N,N,,,,,0.00,0.00,0.00,0.00,0.00,0.00,0.00,0.00,0.00,N,N,,,Bonny,,
CE0006066,IDS Expired,O-,04/15/1987,,Male,Caucasian,"LP, WB,",,negative,,,79.30,174.80,173.50,68.30,25.30,Y,N,N,,Y,Y,,10/22/2020,08/20/2020,11/18/2020,14.00,198.00,41.40,69.00,8.10,0.00,110.00,72.00,36.60,N,N,,,John P,,
CE0006067,Not Responsive,,08/12/1998,,,,,,,,,0.00,0.00,0.00,0.00,0.00,N,N,N,,N,N,,,,,0.00,0.00,0.00,0.00,0.00,0.00,0.00,0.00,0.00,N,N,,,Mateo,,
CE0006068,Not Responsive,,10/02/1999,,,,,,,,,0.00,0.00,0.00,0.00,0.00,N,N,N,,N,N,,,,,0.00,0.00,0.00,0.00,0.00,0.00,0.00,0.00,0.00,N,N,,,Isabella,,
CE0006069,Not Responsive,,07/11/1990,,,,,,,,,0.00,0.00,0.00,0.00,0.00,N,N,N,,N,N,,,,,0.00,0.00,0.00,0.00,0.00,0.00,0.00,0.00,0.00,N,N,,,Justin,,
CE0006070,Not Responsive,,09/03/2001,,,,,,,,,0.00,0.00,0.00,0.00,0.00,N,N,N,,N,N,,,,,0.00,0.00,0.00,0.00,0.00,0.00,0.00,0.00,0.00,N,N,,,Isaiah,,
CE0006071,IDS Expired,O+,05/27/1988,,Male,Caucasian,"LP, WB, BM,",BM 100ml,,Negative,,70.10,154.50,175.30,69.00,22.80,N,N,N,,Y,N,08/11/2021,09/17/2021,07/20/2021,10/18/2021,16.60,190.10,49.70,73.00,5.30,0.00,135.00,77.00,36.30,N,N,,,Eric,,
CE0006072,Not Responsive,,07/24/1969,,,,,,,,,0.00,0.00,0.00,0.00,0.00,N,N,N,,N,N,,,,,0.00,0.00,0.00,0.00,0.00,0.00,0.00,0.00,0.00,N,N,,,Howard,,
CE0006075,IDS Expired,A+,10/29/1986,,Male,Caucasian,"LP, WB,",,negative,,,81.50,179.70,174.00,68.50,25.60,N,N,N,,Y,N,09/16/2020,,09/16/2020,12/15/2020,15.70,206.70,45.40,71.00,7.30,0.00,129.00,77.00,36.40,N,N,,,Daniel,,
CE0006076,Ineligible,,12/15/1977,,,,,,,,,66.60,146.80,163.00,64.20,25.10,N,N,N,,N,N,,,06/04/2020,,16.00,253.00,0.00,86.00,6.40,0.00,127.00,87.00,36.30,N,N,,,Minh,,
CE0006078,IDS Expired,A+,09/09/1977,,Male,Caucasian,"WB,",,negative,,,69.80,153.90,164.00,64.60,26.30,N,N,N,,N,N,06/23/2020,,06/09/2020,09/07/2020,15.70,201.00,47.50,93.00,4.20,0.00,131.00,93.00,37.40,N,N,,,Jonathan,,
CE0006079,IDS Expired,O+,06/04/1990,,Male,AfricanAmerican,"LP, WB,",,positive,,,109.00,240.30,185.00,72.80,34.00,N,N,N,,Y,N,,07/01/2020,06/10/2020,09/08/2020,15.40,290.00,47.40,82.00,7.50,0.00,159.00,86.00,36.70,N,N,,,Stephen,,
CE0006080,Not Responsive,,07/06/1990,,,,,,,,,0.00,0.00,0.00,0.00,0.00,N,N,N,,N,N,,,,,0.00,0.00,0.00,0.00,0.00,0.00,0.00,0.00,0.00,N,N,,,Joshua,,
CE0006081,IDS Expired,A+,03/12/1979,,Male,Caucasian,"LP, WB, BM,",BM 100ml,,Positive,Positive,90.40,199.30,178.00,70.08,28.53,Y,N,N,,Y,N,,01/24/2023,01/24/2023,04/24/2023,15.12,221.80,44.20,66.00,3.14,0.00,121.00,70.00,36.00,N,N,,,Nicholas,,
CE0006082,IDS Expired,B+,03/26/1976,,Male,Caucasian,"LP, WB,",DQ,,Negative,,98.70,217.60,178.00,70.10,31.20,Y,N,Y,"Environmental,",Y,Y,10/27/2020,05/12/2025,05/12/2025,08/10/2025,16.50,208.50,46.40,69.00,6.10,0.00,147.00,92.00,35.80,N,N,,,William,,
CE0006083,IDS Expired,B+,02/17/2000,,Male,Caucasian,"LP, WB,",Not Interested,,Negative,,107.00,235.90,189.00,74.40,26.10,N,N,N,,Y,N,,07/09/2021,06/29/2021,09/27/2021,15.80,160.50,45.90,52.00,5.90,0.00,111.00,65.00,36.80,N,N,,,Lane,,
CE0006085,Ineligible,,07/12/1977,,,,,,,,,100.60,221.79,168.00,66.14,35.64,N,N,N,,N,N,,,,,16.00,253.00,46.90,72.00,5.50,0.00,139.00,87.00,36.60,N,N,,,Kazem,,
CE0006086,Ineligible,O+,04/24/1974,,Male,AfricanAmerican,,,positive,,,87.30,192.46,171.00,67.30,30.70,N,Y,N,,Y,Y,,12/09/2020,11/04/2020,02/02/2021,12.80,296.00,39.20,84.00,6.82,0.00,128.00,71.00,36.90,N,N,,,Tarance,,
CE0006087,Not Responsive,,07/29/1980,,,,,,,,,0.00,0.00,0.00,0.00,0.00,N,N,N,,N,N,,,,,0.00,0.00,0.00,0.00,0.00,0.00,0.00,0.00,0.00,N,N,,,Demetria,,
CE0006088,Not Responsive,,10/26/1993,,,,,,,,,0.00,0.00,0.00,0.00,0.00,N,N,N,,N,N,,,,,0.00,0.00,0.00,0.00,0.00,0.00,0.00,0.00,0.00,N,N,,,Shanelle,,
CE0006089,IDS Expired,O+,02/09/1970,,Female,AfricanAmerican,"LP, WB,",,positive,,,82.00,180.80,165.00,65.00,29.90,Y,N,N,,N,N,06/23/2020,08/11/2020,06/16/2020,09/14/2020,14.40,314.00,42.70,83.00,7.10,0.00,121.00,66.00,36.70,N,N,,,Charlotte,,
CE0006090,Not Responsive,,08/26/1976,,,,,,,,,0.00,0.00,0.00,0.00,0.00,N,N,N,,N,N,,,,,0.00,0.00,0.00,0.00,0.00,0.00,0.00,0.00,0.00,N,N,,,Redman,,
CE0006091,IDS Expired,A+,09/02/1992,,Male,Hispanic,"LP, WB,",,positive,,,100.40,221.30,169.00,66.50,34.60,N,N,N,,Y,Y,,07/09/2020,06/22/2020,09/20/2020,14.30,276.00,42.10,65.00,6.60,0.00,154.00,84.00,36.90,N,N,,,Rogelio,,
CE0006092,Ineligible,A+,11/15/1966,,Male,Caucasian,"LP, WB, BM,",",bm100ml,",negative,,,83.40,183.87,179.00,70.50,26.50,N,N,N,,Y,N,09/03/2020,01/06/2021,12/17/2020,03/17/2021,12.88,270.70,39.00,83.00,4.12,0.00,141.00,81.00,36.60,N,N,,,Brian,,
CE0006093,Not Responsive,,12/29/1988,,,,,,,,,0.00,0.00,0.00,0.00,0.00,N,N,N,,N,N,,,,,0.00,0.00,0.00,0.00,0.00,0.00,0.00,0.00,0.00,N,N,,,Krysti,,
CE0006094,IDS Expired,A+,03/30/1996,,Male,Caucasian,"LP, WB,",DQ,,Negative,NEGATIVE,69.30,152.80,168.00,66.10,24.60,Y,N,N,,Y,N,07/08/2020,02/24/2023,02/24/2023,05/25/2023,14.70,203.00,39.90,71.00,4.70,0.00,131.00,70.00,36.60,N,Y,02/10/2022,,John,,
CE0006095,Not Responsive,,02/08/1996,,,,,,,,,0.00,0.00,0.00,0.00,0.00,N,N,N,,N,N,,,,,0.00,0.00,0.00,0.00,0.00,0.00,0.00,0.00,0.00,N,N,,,Hector,,
CE0006096,Not Responsive,,01/10/1980,,,,,,,,,0.00,0.00,0.00,0.00,0.00,N,N,N,,N,N,,,,,0.00,0.00,0.00,0.00,0.00,0.00,0.00,0.00,0.00,N,N,,,Sherise,,
CE0006097,IDS Expired,A+,07/07/1979,,Female,Caucasian,"LP, WB, BM,",,Negative,,,82.50,181.90,180.50,71.10,25.70,N,N,N,,Y,Y,,06/18/2021,04/26/2021,07/25/2021,13.50,216.00,39.00,65.00,8.10,0.00,112.00,64.00,36.30,N,N,,,Blythe,,
CE0006098,Ineligible,O+,07/11/1994,,Female,Hispanic,,,Positive,,,65.40,144.18,157.50,62.01,26.69,N,N,N,,N,N,07/08/2020,,06/19/2020,09/17/2020,14.70,264.00,40.60,94.00,5.60,0.00,129.00,88.00,36.20,N,N,,,Jessica,,
CE0006099,Not Responsive,,09/05/1998,,,,,,,,,0.00,0.00,0.00,0.00,0.00,N,N,N,,N,N,,,,,0.00,0.00,0.00,0.00,0.00,0.00,0.00,0.00,0.00,N,N,,,Jermaine,,
CE0006100,Ineligible,,11/17/1998,,,,,,,,,61.20,134.90,160.50,63.20,23.80,N,N,N,,N,N,,,,,0.00,0.00,0.00,62.00,0.00,0.00,95.00,62.00,36.60,N,N,,,Hailey,,
CE0006101,Not Responsive,,08/28/1980,,,,,,,,,0.00,0.00,0.00,0.00,0.00,N,N,N,,N,N,,,,,0.00,0.00,0.00,0.00,0.00,0.00,0.00,0.00,0.00,N,N,,,justin,,
CE0006102,IDS Expired,O+,01/08/1993,,Male,asian,"LP, WB,",Not Interested,,Positive,POSITIVE,73.00,160.90,165.10,65.00,26.80,Y,N,N,,Y,Y,,11/02/2022,11/02/2022,01/31/2023,16.20,147.70,46.70,67.00,5.40,0.00,157.00,83.00,35.60,N,Y,04/04/2022,,Ivan,,
CE0006103,IDS Expired,A+,11/22/1968,,Female,asian,"LP, WB,",Not Interested,,Negative,,69.90,154.10,160.00,63.00,27.30,Y,N,N,,Y,N,,04/14/2022,02/22/2022,05/23/2022,15.00,245.20,44.10,61.00,4.80,0.00,149.00,72.00,36.70,N,Y,03/02/2022,,Nora,,
CE0006104,IDS Expired,O+,02/24/1996,,Male,Caucasian,"LP, WB,",,negative,,,128.60,283.50,203.00,79.90,29.90,N,N,N,,Y,N,,09/21/2020,09/21/2020,12/20/2020,15.40,178.00,45.40,66.00,6.80,0.00,148.00,82.00,36.70,N,N,,,Benjamin,,
CE0006105,IDS Expired,O-,03/23/1968,,Male,Caucasian,"LP, WB,",,Positive,,,80.10,176.60,175.00,68.90,26.20,N,N,N,,N,N,,,06/24/2020,09/22/2020,13.50,208.00,41.50,54.00,6.90,0.00,117.00,78.00,36.20,N,N,,,Joshua,,
CE0006106,IDS Expired,O+,12/20/1997,,Female,Caucasian,"LP, WB,",DQ,,Positive,,128.80,284.00,168.50,66.30,36.60,Y,N,N,,Y,N,,07/29/2021,06/09/2021,09/07/2021,14.80,298.40,43.00,89.00,7.20,0.00,123.00,77.00,36.90,N,N,,,Grace,,
CE0006107,Eligible,A+,05/12/1973,,Female,Caucasian,"LP, WB,",DQ,positive,Positive,,57.70,127.21,173.00,68.10,19.30,N,N,N,,Y,N,,06/08/2026,05/28/2026,08/26/2026,13.01,278.80,38.20,61.00,4.93,0.00,127.00,44.00,37.00,Y,Y,12/05/2024,,Zuzana,,
CE0006108,Not Responsive,,10/20/1991,,,,,,,,,0.00,0.00,0.00,0.00,0.00,N,N,N,,N,N,,,,,0.00,0.00,0.00,0.00,0.00,0.00,0.00,0.00,0.00,N,N,,,Hulita,,
CE0006109,Not Responsive,,09/21/1968,,,,,,,,,0.00,0.00,0.00,0.00,0.00,N,N,N,,N,N,,,,,0.00,0.00,0.00,0.00,0.00,0.00,0.00,0.00,0.00,N,N,,,Hatice,,
CE0006110,Not Responsive,,05/01/1967,,,,,,,,,0.00,0.00,0.00,0.00,0.00,N,N,N,,N,N,,,,,0.00,0.00,0.00,0.00,0.00,0.00,0.00,0.00,0.00,N,N,,,Nerissa,,
CE0006111,IDS Expired,O+,07/04/1997,,Female,Hispanic,"LP, WB,",,negative,,,81.50,179.70,163.00,64.20,30.60,N,N,N,,N,N,07/08/2020,,06/26/2020,09/24/2020,13.30,205.00,0.00,74.00,5.20,0.00,113.00,73.00,36.30,N,N,,,Kaiulani,,
CE0006112,IDS Expired,O+,10/14/1988,,Male,Caucasian,"LP, WB, BM,",BM 100ml,positive,,,93.80,206.80,188.00,74.00,29.50,N,N,N,,Y,Y,07/29/2020,11/24/2020,12/24/2020,03/24/2021,14.70,186.60,42.00,74.00,4.70,0.00,115.00,69.00,37.10,N,N,,,Victor,,
CE0006113,IDS Expired,O+,05/30/1995,,Male,Hispanic,"LP, WB,",Not Interested,,Positive,,111.70,246.30,188.00,74.00,31.60,N,N,N,,Y,N,,05/31/2022,03/21/2022,06/19/2022,16.10,178.50,45.00,77.00,8.80,0.00,149.00,78.00,36.90,N,N,,,Rogelio,,
CE0006114,Not Responsive,,02/14/2001,,,,,,,,,0.00,0.00,0.00,0.00,0.00,N,N,N,,N,N,,,,,0.00,0.00,0.00,0.00,0.00,0.00,0.00,0.00,0.00,N,N,,,Suzanne,,
CE0006115,Not Responsive,,12/31/1966,,,,,,,,,0.00,0.00,0.00,0.00,0.00,N,N,N,,N,N,,,,,0.00,0.00,0.00,0.00,0.00,0.00,0.00,0.00,0.00,N,N,,,Aimee,,
CE0006116,IDS Expired,A+,03/04/1992,,Male,Hispanic,"LP, WB,",DQ,,Negative,POSITIVE,106.90,235.70,178.00,70.10,33.70,N,N,N,,Y,Y,01/26/2023,05/23/2024,03/20/2024,06/18/2024,15.00,213.00,45.40,52.00,5.60,0.00,126.00,77.00,36.40,N,Y,10/26/2022,DQ mLP for hx citrate sensitivity.,Oscar,05/30/2023,POSITIVE
CE0006117,Not Responsive,,10/13/1971,,Female,,,,,,,0.00,0.00,0.00,0.00,0.00,N,N,N,,N,N,,,,,0.00,0.00,0.00,0.00,0.00,0.00,0.00,0.00,0.00,N,N,,,Renee,,
CE0006118,Ineligible,A+,04/13/1995,,Female,Mixed,,,negative,,,82.50,181.88,158.00,62.20,32.10,Y,N,N,,N,N,,07/09/2020,06/30/2020,09/28/2020,12.13,254.90,35.60,69.00,7.10,0.00,100.00,55.00,36.40,N,N,,,Angel,,
CE0006119,Not Responsive,,06/21/1971,,,,,,,,,0.00,0.00,0.00,0.00,0.00,N,N,N,,N,N,,,,,0.00,0.00,0.00,0.00,0.00,0.00,0.00,0.00,0.00,N,N,,,Korrianne,,
CE0006120,Not Responsive,,11/08/1980,,,,,,,,,0.00,0.00,0.00,0.00,0.00,N,N,N,,N,N,,,,,0.00,0.00,0.00,0.00,0.00,0.00,0.00,0.00,0.00,N,N,,,Jennifer,,
CE0006121,Not Responsive,A+,05/17/1978,,Male,Caucasian,"LP, WB,",,negative,,,98.70,217.60,193.00,76.00,26.50,N,N,N,,N,N,,,06/29/2020,09/27/2020,15.30,252.00,46.50,71.00,6.50,0.00,114.00,64.00,36.80,N,N,,,Benjamin,,
CE0006122,Not Responsive,,09/06/1988,,,,,,,,,0.00,0.00,0.00,0.00,0.00,N,N,N,,N,N,,,,,0.00,0.00,0.00,0.00,0.00,0.00,0.00,0.00,0.00,N,N,,,Lache,,
CE0006123,IDS Expired,A+,12/31/2001,,Female,AfricanAmerican,"BM,",BM 100ml,,Positive,,99.60,219.60,173.00,68.10,33.30,Y,Y,Y,"Environmental,",Y,N,05/14/2025,,03/17/2025,06/15/2025,14.00,301.80,38.20,76.00,7.00,0.00,112.00,74.00,36.80,N,Y,01/11/2024,DQ mLP (unsuitable veins),Iris,,
CE0006124,IDS Expired,B+,05/10/1990,,Male,asian,"LP, WB, BM,",",bm50ml,bm100ml,",positive,,,98.10,216.30,173.50,68.30,32.90,N,N,N,,N,N,07/23/2020,,06/29/2020,09/27/2020,16.40,241.00,48.90,91.00,7.20,0.00,129.00,87.00,37.30,N,N,,,Kevin,,
CE0006125,Not Responsive,O+,10/29/1984,,Male,Caucasian,"LP, WB, BM,",,negative,,,104.60,230.60,175.50,69.10,34.00,N,N,N,,N,N,,,07/30/2020,10/28/2020,16.40,351.00,47.40,79.00,6.30,0.00,147.00,87.00,37.00,N,N,,,Geoffrey,,
CE0006126,Ineligible,O+,03/15/1965,,Male,Caucasian,,,positive,,,126.60,279.10,184.00,72.40,35.60,N,N,N,,Y,Y,,02/17/2021,01/06/2021,04/06/2021,14.70,295.40,46.10,71.00,9.30,0.00,144.00,89.00,36.50,N,N,,,Edward,,
CE0006127,Not Responsive,,06/09/1990,,,,,,,,,0.00,0.00,0.00,0.00,0.00,N,N,N,,N,N,,,,,0.00,0.00,0.00,0.00,0.00,0.00,0.00,0.00,0.00,N,N,,,Celica,,
CE0006128,Not Responsive,,04/23/1990,,Male,,,,,,,0.00,0.00,0.00,0.00,0.00,N,N,N,,N,N,,,,,0.00,0.00,0.00,0.00,0.00,0.00,0.00,0.00,0.00,N,N,,,Marques,,
CE0006129,Not Responsive,,11/17/1950,,,,,,,,,0.00,0.00,0.00,0.00,0.00,N,N,N,,N,N,,,,,0.00,0.00,0.00,0.00,0.00,0.00,0.00,0.00,0.00,N,N,,,Brenda Lee,,
CE0006130,IDS Expired,O+,10/22/1996,,Female,Hispanic,"LP, WB, BM,",",bm50ml,bm100ml,",negative,,,67.40,148.60,158.00,62.20,26.90,N,N,N,,N,N,09/16/2020,,07/07/2020,10/05/2020,15.50,350.00,45.50,72.00,8.30,0.00,142.00,100.00,36.70,N,N,,,Dominique,,
CE0006131,Not Responsive,,08/29/1999,,,,,,,,,0.00,0.00,0.00,0.00,0.00,N,N,N,,N,N,,,,,0.00,0.00,0.00,0.00,0.00,0.00,0.00,0.00,0.00,N,N,,,Emma,,
CE0006132,Not Responsive,,05/27/1994,,,,,,,,,0.00,0.00,0.00,0.00,0.00,N,N,N,,N,N,,,,,0.00,0.00,0.00,0.00,0.00,0.00,0.00,0.00,0.00,N,N,,,Quennie,,
CE0006133,Not Responsive,,03/11/1989,,,,,,,,,0.00,0.00,0.00,0.00,0.00,N,N,N,,N,N,,,,,0.00,0.00,0.00,0.00,0.00,0.00,0.00,0.00,0.00,N,N,,,Kalie,,
CE0006134,IDS Expired,A+,11/12/1997,,Female,Mixed,"LP, WB, BM,",",bm50ml,bm100ml,",negative,,,73.50,162.00,163.50,64.40,27.90,Y,N,N,,Y,N,,07/28/2020,07/10/2020,10/08/2020,13.80,211.00,39.70,83.00,6.30,0.00,122.00,68.00,36.60,N,N,,,Noelle,,
CE0006135,Not Responsive,,06/18/2002,,,,,,,,,0.00,0.00,0.00,0.00,0.00,N,N,N,,N,N,,,,,0.00,0.00,0.00,0.00,0.00,0.00,0.00,0.00,0.00,N,N,,,Shamari,,
CE0006136,Ineligible,,07/14/1995,,Female,,,,,,,101.40,223.60,166.00,65.40,36.80,N,N,N,,N,N,,,,,0.00,0.00,0.00,0.00,0.00,0.00,0.00,0.00,0.00,N,N,,,Miranda,,
CE0006137,Not Responsive,,04/06/1972,,,,,,,,,0.00,0.00,0.00,0.00,0.00,N,N,N,,N,N,,,,,0.00,0.00,0.00,0.00,0.00,0.00,0.00,0.00,0.00,N,N,,,Christan,,
CE0006138,Ineligible,A-,08/13/1966,,Female,Caucasian,,,Negative,,,78.70,173.50,166.00,65.40,29.40,Y,N,N,,Y,N,03/09/2021,01/27/2021,03/09/2021,06/07/2021,14.30,266.00,42.70,71.00,5.40,0.00,117.00,75.00,37.00,N,N,,,Kimberly,,
CE0006139,IDS Expired,A+,03/25/1998,,Female,Caucasian,"LP, WB,",,negative,,,60.30,132.90,167.00,65.80,21.10,N,N,N,,Y,Y,,07/24/2020,07/13/2020,10/11/2020,11.60,286.00,32.90,69.00,4.90,0.00,100.00,58.00,36.40,N,N,,,Lucy,,
CE0006140,Not Responsive,,11/22/1979,,,,,,,,,0.00,0.00,0.00,0.00,0.00,N,N,N,,N,N,,,,,0.00,0.00,0.00,0.00,0.00,0.00,0.00,0.00,0.00,N,N,,,Lakeisha,,
CE0006141,Not Responsive,,08/28/1991,,Male,,,,,,,0.00,0.00,0.00,0.00,0.00,N,N,N,,N,N,,,,,0.00,0.00,0.00,0.00,0.00,0.00,0.00,0.00,0.00,N,N,,,Jonathan,,
CE0006142,Not Responsive,,10/12/1986,,,,,,,,,0.00,0.00,0.00,0.00,0.00,N,N,N,,N,N,,,,,0.00,0.00,0.00,0.00,0.00,0.00,0.00,0.00,0.00,N,N,,,Eileen,,
CE0006143,Not Responsive,,10/12/1986,,,,,,,,,0.00,0.00,0.00,0.00,0.00,N,N,N,,N,N,,,,,0.00,0.00,0.00,0.00,0.00,0.00,0.00,0.00,0.00,N,N,,,Sarah,,
CE0006144,IDS Expired,O+,11/25/1968,,Male,asian,"LP, WB,",,positive,,,58.70,129.40,166.00,65.40,21.20,N,N,N,,Y,Y,,08/26/2020,07/14/2020,10/12/2020,14.00,213.00,41.50,80.00,4.80,0.00,108.00,70.00,36.10,N,N,,,Tommy,,
CE0006145,Not Responsive,,04/20/1998,,,,,,,,,0.00,0.00,0.00,0.00,0.00,N,N,N,,N,N,,,,,0.00,0.00,0.00,0.00,0.00,0.00,0.00,0.00,0.00,N,N,,,Kenneth,,
CE0006146,Not Responsive,,03/29/1967,,,,,,,,,0.00,0.00,0.00,0.00,0.00,N,N,N,,N,N,,,,,0.00,0.00,0.00,0.00,0.00,0.00,0.00,0.00,0.00,N,N,,,Christine,,
CE0006147,Not Responsive,,01/29/1991,,,,,,,,,0.00,0.00,0.00,0.00,0.00,N,N,N,,N,N,,,,,0.00,0.00,0.00,0.00,0.00,0.00,0.00,0.00,0.00,N,N,,,Connie,,
CE0006148,Not Responsive,,12/18/1990,,,,,,,,,0.00,0.00,0.00,0.00,0.00,N,N,N,,N,N,,,,,0.00,0.00,0.00,0.00,0.00,0.00,0.00,0.00,0.00,N,N,,,Nimrah,,
CE0006149,Not Responsive,,09/27/2000,,,,,,,,,0.00,0.00,0.00,0.00,0.00,N,N,N,,N,N,,,,,0.00,0.00,0.00,0.00,0.00,0.00,0.00,0.00,0.00,N,N,,,Kevin,,
CE0006150,IDS Expired,O-,01/02/1989,,Male,Caucasian,"LP, WB,",,positive,,,80.40,177.30,175.00,68.90,26.30,N,N,N,,N,N,,,07/24/2020,10/22/2020,14.00,256.00,38.80,88.00,8.20,0.00,122.00,73.00,36.70,N,N,,,Sergei,,
CE0006151,Not Responsive,,09/26/1999,,,,,,,,,0.00,0.00,0.00,0.00,0.00,N,N,N,,N,N,,,,,0.00,0.00,0.00,0.00,0.00,0.00,0.00,0.00,0.00,N,N,,,Claire,,
CE0006152,Ineligible,O+,06/06/1967,,Male,Mixed,"LP, WB,",Not Interested,,Positive,,114.50,252.40,190.00,74.80,31.70,Y,N,N,,Y,Y,,10/07/2021,08/23/2021,11/21/2021,13.70,174.00,39.10,71.00,3.70,0.00,148.00,84.00,36.70,N,N,,,Michael,,
CE0006153,IDS Expired,A+,06/09/1984,,Female,Caucasian,"LP, WB,",,Positive,,,126.60,279.10,175.00,68.90,41.70,N,N,N,,Y,N,,04/14/2021,02/01/2021,05/02/2021,13.70,226.00,39.90,64.00,4.90,0.00,105.00,68.00,36.60,N,N,,,Elizabeth,,
CE0006154,Not Responsive,,06/17/1971,,,,,,,,,0.00,0.00,0.00,0.00,0.00,N,N,N,,N,N,,,,,0.00,0.00,0.00,0.00,0.00,0.00,0.00,0.00,0.00,N,N,,,Tammy,,
CE0006155,Not Responsive,,06/17/1971,,,,,,,,,0.00,0.00,0.00,0.00,0.00,N,N,N,,N,N,,,,,0.00,0.00,0.00,0.00,0.00,0.00,0.00,0.00,0.00,N,N,,,Tammy,,
CE0006156,IDS Expired,A-,05/08/1967,,Female,Caucasian,"LP, WB,",,Positive,,,78.70,173.50,163.00,64.20,29.60,Y,N,N,,N,N,,,07/15/2020,10/13/2020,13.40,256.00,37.90,74.00,9.40,0.00,141.00,92.00,36.40,N,N,,,Kerry,,
CE0006157,Ineligible,,06/17/1998,,Female,Caucasian,,,,,,56.70,125.00,0.00,0.00,0.00,N,N,N,,N,N,,,,,0.00,0.00,0.00,0.00,0.00,0.00,0.00,0.00,0.00,N,N,,,Taylor,,
CE0006159,Ineligible,A-,07/16/1999,,Male,Hispanic,"LP, WB, BM,",",bm100ml,",Negative,,,62.80,138.45,172.00,67.70,19.10,Y,N,N,,Y,Y,02/12/2021,10/28/2020,02/12/2021,05/13/2021,15.93,247.00,47.40,84.00,5.21,0.00,127.00,82.00,36.90,N,N,,,Vicente,,
CE0006160,Ineligible,O+,06/15/1994,,Male,AfricanAmerican,"LP, WB, BM,",BM 100ml,Positive,,,88.50,195.10,179.00,70.50,29.20,N,N,N,,Y,N,05/27/2021,12/01/2020,03/25/2021,06/23/2021,17.00,276.40,44.70,58.00,4.50,0.00,137.00,88.00,36.70,N,N,,,Leandre,,
CE0006161,Not Responsive,,07/21/1999,,,,,,,,,0.00,0.00,0.00,0.00,0.00,N,N,N,,N,N,,,,,0.00,0.00,0.00,0.00,0.00,0.00,0.00,0.00,0.00,N,N,,,Edgar,,
CE0006162,Ineligible,B+,04/19/1991,,Male,asian,,,,POSITIVE,POSITIVE,73.80,162.70,165.00,64.96,27.11,N,N,N,,Y,Y,04/20/2023,05/30/2023,04/13/2023,07/12/2023,15.61,302.20,46.10,85.00,6.81,0.00,120.00,72.00,36.00,N,Y,04/20/2023,,Randie,04/20/2023,POSITIVE
CE0006163,IDS Expired,O+,05/11/1991,,Female,asian,"LP, WB, BM,",",bm50ml,",positive,,,58.50,129.00,159.00,62.60,22.80,Y,N,N,,Y,Y,,10/01/2020,08/03/2020,11/01/2020,13.60,223.60,41.90,94.00,5.80,0.00,115.00,74.00,36.10,N,N,,,Era,,
CE0006164,Eligible,B+,05/07/1982,,Male,Caucasian,"WB, BM,",BM 100ml,,Positive,,123.10,271.39,202.00,79.53,30.17,Y,N,N,,Y,N,07/17/2026,,05/20/2026,08/18/2026,15.20,203.90,45.90,69.00,6.95,0.00,123.00,76.00,36.00,Y,Y,02/16/2022,,Eric,,
CE0006165,Deferred,A+,10/01/1994,,Male,AfricanAmerican,"BM,",BM 100ml,,Positive,Positive,72.90,160.72,178.00,70.08,23.01,N,N,N,,Y,N,01/29/2024,09/09/2020,01/29/2024,04/28/2024,14.13,256.90,41.80,94.00,6.00,0.00,152.00,82.00,36.20,N,Y,01/31/2022,,Clay,,
CE0006166,Not Responsive,,02/21/2000,,,,,,,,,0.00,0.00,0.00,0.00,0.00,N,N,N,,N,N,,,,,0.00,0.00,0.00,0.00,0.00,0.00,0.00,0.00,0.00,N,N,,,Terrence,,
CE0006167,Not Responsive,,02/27/2000,,,,,,,,,0.00,0.00,0.00,0.00,0.00,N,N,N,,N,N,,,,,0.00,0.00,0.00,0.00,0.00,0.00,0.00,0.00,0.00,N,N,,,Tianqi,,
CE0006168,Not Responsive,,06/28/1936,,,,,,,,,0.00,0.00,0.00,0.00,0.00,N,N,N,,N,N,,,,,0.00,0.00,0.00,0.00,0.00,0.00,0.00,0.00,0.00,N,N,,,Edwin,,
CE0006169,Ineligible,B+,10/23/1994,,Male,AfricanAmerican,"LP, WB, BM,",",bm50ml,bm100ml,",Positive,,,81.90,180.60,171.50,67.50,27.90,N,N,N,,N,N,,,07/22/2020,10/20/2020,15.30,160.70,43.30,67.00,3.80,0.00,150.00,95.00,36.70,N,N,,,Marcellius,,
CE0006170,Not Responsive,,10/21/1987,,,,,,,,,0.00,0.00,0.00,0.00,0.00,N,N,N,,N,N,,,,,0.00,0.00,0.00,0.00,0.00,0.00,0.00,0.00,0.00,N,N,,,Aviaire,,
CE0006171,Not Responsive,,12/07/1986,,,,,,,,,0.00,0.00,0.00,0.00,0.00,N,N,N,,N,N,,,,,0.00,0.00,0.00,0.00,0.00,0.00,0.00,0.00,0.00,N,N,,,Nicole,,
CE0006172,Not Responsive,,05/30/1992,,,,,,,,,0.00,0.00,0.00,0.00,0.00,N,N,N,,N,N,,,,,0.00,0.00,0.00,0.00,0.00,0.00,0.00,0.00,0.00,N,N,,,Kia,,
CE0006173,IDS Expired,O+,04/07/1990,,Male,Hispanic,"BM,",BM 100ml,positive,POSITIVE,,77.60,171.08,191.00,75.20,21.27,N,N,N,,Y,N,08/20/2025,,08/04/2025,11/02/2025,13.50,275.60,40.50,77.00,6.30,0.00,107.00,72.00,36.10,N,Y,08/20/2025,,Jefferson,,
CE0006174,Not Responsive,,07/12/1977,,,,,,,,,0.00,0.00,0.00,0.00,0.00,N,N,N,,N,N,,,,,0.00,0.00,0.00,0.00,0.00,0.00,0.00,0.00,0.00,N,N,,,AMANDA,,
CE0006175,Ineligible,,10/10/1970,,Female,PacificIslander,,,,,,0.00,0.00,0.00,0.00,0.00,N,N,N,,N,N,,,,,0.00,0.00,0.00,0.00,0.00,0.00,0.00,0.00,0.00,N,N,,,Nandi,,
CE0006176,Ineligible,A+,02/24/1999,,Female,Hispanic,,,Positive,,,64.10,141.32,157.00,61.81,24.95,N,N,N,,N,N,,09/21/2020,07/21/2020,10/19/2020,13.61,202.10,40.80,90.00,5.36,0.00,113.00,78.00,37.10,N,N,,,Glendy,,
CE0006177,Ineligible,A+,05/11/1998,,Male,Mixed,,,Positive,,,77.50,170.86,168.50,66.34,27.86,N,Y,N,,N,N,07/29/2020,09/23/2020,07/17/2020,10/15/2020,14.70,201.00,45.30,55.00,5.30,0.00,120.00,63.00,36.80,N,N,,,Kacie,,
CE0006178,IDS Expired,A+,04/16/1979,,Male,Caucasian,"WB, BM,",BM 100ml,,Negative,,82.90,182.80,182.90,72.00,24.80,N,N,N,,Y,Y,05/25/2022,,05/25/2022,08/23/2022,15.40,180.70,44.40,97.00,5.00,0.00,136.00,87.00,36.70,N,Y,03/09/2022,,James,,
CE0006179,Ineligible,AB+,12/14/1992,,Male,AfricanAmerican,"LP, WB,",,Negative,,,86.70,191.10,186.00,73.20,25.60,N,N,N,,Y,N,,09/30/2020,07/22/2020,10/20/2020,13.30,316.30,40.60,100.00,7.20,0.00,128.00,76.00,36.70,N,N,,,Sean,,
CE0006180,Not Responsive,,11/24/1982,,,,,,,,,0.00,0.00,0.00,0.00,0.00,N,N,N,,N,N,,,,,0.00,0.00,0.00,0.00,0.00,0.00,0.00,0.00,0.00,N,N,,,Melisaa,,
CE0006181,Not Responsive,,02/15/1989,,,,,,,,,0.00,0.00,0.00,0.00,0.00,N,N,N,,N,N,,,,,0.00,0.00,0.00,0.00,0.00,0.00,0.00,0.00,0.00,N,N,,,Tatiana,,
CE0006182,Not Responsive,,07/02/1981,,,,,,,,,0.00,0.00,0.00,0.00,0.00,N,N,N,,N,N,,,,,0.00,0.00,0.00,0.00,0.00,0.00,0.00,0.00,0.00,N,N,,,paul,,
CE0006183,Ineligible,A+,10/22/1987,,Female,AfricanAmerican,,,negative,,,90.50,199.50,164.00,64.60,34.30,N,N,N,,N,N,,,01/14/2021,04/14/2021,10.80,323.70,33.20,78.00,4.00,0.00,120.00,69.00,36.80,N,N,,,Danielle,,
CE0006184,Not Responsive,,03/30/2001,,,,,,,,,0.00,0.00,0.00,0.00,0.00,N,N,N,,N,N,,,,,0.00,0.00,0.00,0.00,0.00,0.00,0.00,0.00,0.00,N,N,,,Will,,
CE0006185,IDS Expired,O+,10/07/1998,,Female,Caucasian,"WB, BM,",BM 100ml,,Positive,POSITIVE,67.10,147.90,175.00,68.90,21.90,Y,N,N,,Y,Y,10/24/2023,09/28/2020,08/14/2023,11/12/2023,13.90,283.00,39.90,69.00,4.30,0.00,103.00,71.00,36.40,N,Y,01/31/2022,11/21/22 - no time for mLP or LP,Emma,,
CE0006186,Ineligible,B+,11/27/1978,,Male,AfricanAmerican,,,Positive,,,133.00,293.21,183.50,72.20,39.40,N,Y,N,,Y,N,,11/12/2020,10/08/2020,01/06/2021,16.06,181.10,49.10,100.00,9.65,0.00,138.00,82.00,36.70,N,N,,,Darrell,,
CE0006187,Not Responsive,,07/24/1992,,,,,,,,,0.00,0.00,0.00,0.00,0.00,N,N,N,,N,N,,,,,0.00,0.00,0.00,0.00,0.00,0.00,0.00,0.00,0.00,N,N,,,Selma,,
CE0006189,Ineligible,A+,06/05/1983,,Female,Caucasian,"LP, WB,",,positive,,,99.80,220.00,165.50,65.20,36.00,N,Y,N,,Y,Y,,09/24/2020,07/31/2020,10/29/2020,14.20,281.00,43.10,94.00,7.80,0.00,131.00,77.00,36.80,N,N,,,Shawna,,
CE0006190,Deferred,O+,03/21/1974,,Female,NativeAmerican,"LP, WB, BM,",BM 100ml,,Negative,POSITIVE,91.50,201.72,162.00,63.78,34.87,Y,N,Y,"Environmental,",Y,Y,03/06/2024,05/17/2021,05/01/2024,07/30/2024,11.80,250.80,36.00,69.00,6.17,0.00,124.00,81.00,36.10,N,Y,01/24/2022,ALLERGY: IODINE,Annabel,,
CE0006191,Not Responsive,O+,03/16/1989,,Female,AfricanAmerican,"LP, WB, BM,",,Negative,,,69.10,152.30,170.50,67.10,23.80,N,Y,N,,N,N,,,07/23/2020,10/21/2020,14.30,250.00,40.00,100.00,7.70,0.00,129.00,89.00,36.80,N,N,,,Terra,,
CE0006193,Ineligible,,08/17/1988,,,,,,,,,88.40,194.90,165.10,65.00,32.40,N,N,N,,N,N,,,,,11.70,354.00,33.40,100.00,7.60,0.00,109.00,65.00,37.00,N,N,,,Tamica,,
CE0006194,Ineligible,O+,05/29/1984,,Female,AfricanAmerican,,,positive,POSITIVE,,111.00,244.70,163.00,64.20,41.80,N,Y,N,"Medication,",N,N,,07/03/2023,06/20/2023,09/18/2023,12.00,205.60,35.30,54.00,5.90,0.00,123.00,60.00,36.00,N,N,,,Shimika,,
CE0006195,Not Responsive,,07/21/1982,,,,,,,,,0.00,0.00,0.00,0.00,0.00,N,N,N,,N,N,,,,,0.00,0.00,0.00,0.00,0.00,0.00,0.00,0.00,0.00,N,N,,,Adam,,
CE0006196,Not Responsive,,11/27/2000,,,,,,,,,0.00,0.00,0.00,0.00,0.00,N,N,N,,N,N,,,,,0.00,0.00,0.00,0.00,0.00,0.00,0.00,0.00,0.00,N,N,,,Micaela,,
CE0006197,Not Responsive,,10/09/1990,,,,,,,,,0.00,0.00,0.00,0.00,0.00,N,N,N,,N,N,,,,,0.00,0.00,0.00,0.00,0.00,0.00,0.00,0.00,0.00,N,N,,,Jane,,
CE0006198,Not Responsive,,06/28/1990,,,,,,,,,0.00,0.00,0.00,0.00,0.00,N,N,N,,N,N,,,,,0.00,0.00,0.00,0.00,0.00,0.00,0.00,0.00,0.00,N,N,,,Charles,,
CE0006199,Not Responsive,,09/11/1987,,,,,,,,,0.00,0.00,0.00,0.00,0.00,N,N,N,,N,N,,,,,0.00,0.00,0.00,0.00,0.00,0.00,0.00,0.00,0.00,N,N,,,Gerardo,,
CE0006200,IDS Expired,O+,07/17/1991,,Female,Hispanic,"LP, WB,",,positive,,,112.00,246.90,165.00,65.00,40.70,N,N,N,,N,N,,09/10/2020,07/31/2020,10/29/2020,13.10,207.00,38.00,100.00,6.90,0.00,132.00,93.00,36.50,N,N,,,Alma,,
CE0006201,Not Responsive,,10/14/1966,,,,,,,,,0.00,0.00,0.00,0.00,0.00,N,N,N,,N,N,,,,,0.00,0.00,0.00,0.00,0.00,0.00,0.00,0.00,0.00,N,N,,,Rebecca,,
CE0006202,Ineligible,,02/12/1983,,,,,,,,,0.00,0.00,0.00,0.00,0.00,N,N,N,,N,N,,,,,0.00,0.00,0.00,0.00,0.00,0.00,0.00,0.00,0.00,N,N,,,Cristobal,,
CE0006203,Not Responsive,,07/06/1984,,,,,,,,,0.00,0.00,0.00,0.00,0.00,N,N,N,,N,N,,,,,0.00,0.00,0.00,0.00,0.00,0.00,0.00,0.00,0.00,N,N,,,Yolanda,,
CE0006204,IDS Expired,O+,08/28/1990,,Male,Caucasian,"LP, WB, BM,",",bm50ml,bm100ml,",negative,,,114.20,251.80,175.00,68.90,38.60,Y,N,N,,N,N,09/08/2020,,07/24/2020,10/22/2020,15.20,191.00,40.60,74.00,6.10,0.00,141.00,91.00,36.20,N,N,,,Harrison,,
CE0006205,Eligible,A+,11/12/1985,,Male,Caucasian,"LP, WB, BM,",BM 100ml,,Positive,POSITIVE,112.30,247.58,180.00,70.90,34.20,N,N,N,,Y,N,01/14/2026,06/10/2026,05/04/2026,08/02/2026,15.24,212.20,44.50,66.00,3.78,0.00,134.00,80.00,36.30,Y,Y,02/09/2022,,Christopher,09/13/2023,POSITIVE
CE0006206,Not Responsive,,06/18/1990,,,,,,,,,0.00,0.00,0.00,0.00,0.00,N,N,N,,N,N,,,,,0.00,0.00,0.00,0.00,0.00,0.00,0.00,0.00,0.00,N,N,,,Tatiana,,
CE0006207,Not Responsive,,02/20/1999,,,,,,,,,0.00,0.00,0.00,0.00,0.00,N,N,N,,N,N,,,,,0.00,0.00,0.00,0.00,0.00,0.00,0.00,0.00,0.00,N,N,,,Angel,,
CE0006208,Not Responsive,,10/06/2000,,,,,,,,,0.00,0.00,0.00,0.00,0.00,N,N,N,,N,N,,,,,0.00,0.00,0.00,0.00,0.00,0.00,0.00,0.00,0.00,N,N,,,Tomas,,
CE0006209,Not Responsive,,04/25/2001,,,,,,,,,0.00,0.00,0.00,0.00,0.00,N,N,N,,N,N,,,,,0.00,0.00,0.00,0.00,0.00,0.00,0.00,0.00,0.00,N,N,,,Erin,,
CE0006210,Not Responsive,,05/25/1990,,,,,,,,,0.00,0.00,0.00,0.00,0.00,N,N,N,,N,N,,,,,0.00,0.00,0.00,0.00,0.00,0.00,0.00,0.00,0.00,N,N,,,Byron,,
CE0006211,Not Responsive,,05/12/1997,,,,,,,,,0.00,0.00,0.00,0.00,0.00,N,N,N,,N,N,,,,,0.00,0.00,0.00,0.00,0.00,0.00,0.00,0.00,0.00,N,N,,,Joseph,,
CE0006212,IDS Expired,O+,03/06/2002,,Male,Mixed,"LP, WB, BM,",",bm50ml,bm100ml,",positive,,,73.10,161.20,184.40,72.60,20.40,N,N,N,,N,N,08/24/2020,,08/03/2020,11/01/2020,14.70,257.00,49.70,54.00,8.90,0.00,116.00,68.00,36.30,N,N,,,Robert,,
CE0006213,IDS Expired,O+,05/06/1982,,Female,Hispanic,"LP, WB,",,positive,,,66.30,146.20,166.40,65.50,23.90,Y,N,N,,N,N,08/24/2020,,08/03/2020,11/01/2020,12.80,222.00,39.10,70.00,7.20,0.00,114.00,70.00,37.10,N,N,,,Virginia,,
CE0006214,Ineligible,AB-,08/16/2001,,Male,Caucasian,,,positive,,,99.80,220.02,171.00,67.30,32.80,N,N,N,,N,N,,08/26/2020,08/06/2020,11/04/2020,16.36,112.50,48.10,97.00,6.22,0.00,136.00,82.00,36.30,N,N,,,Enes,,
CE0006215,Not Responsive,,01/24/1984,,,,,,,,,0.00,0.00,0.00,0.00,0.00,N,N,N,,N,N,,,,,0.00,0.00,0.00,0.00,0.00,0.00,0.00,0.00,0.00,N,N,,,Elizabeth,,
CE0006216,IDS Expired,A+,05/26/1966,,Female,AfricanAmerican,"LP, WB,",,positive,,,75.80,167.10,166.00,65.40,27.50,Y,N,N,,N,N,,,08/03/2020,11/01/2020,12.70,319.00,39.00,73.00,4.90,0.00,125.00,88.00,37.00,N,N,,,Shonette,,
CE0006217,Not Responsive,,08/30/1976,,,,,,,,,0.00,0.00,0.00,0.00,0.00,N,N,N,,N,N,,,,,0.00,0.00,0.00,0.00,0.00,0.00,0.00,0.00,0.00,N,N,,,Joey,,
CE0006218,Eligible,A+,04/15/1982,,Female,Caucasian,"LP,",DQ,,Positive,POSITIVE,86.40,190.48,168.00,66.14,30.61,Y,N,Y,"Food, Environmental,",Y,N,,07/15/2026,06/25/2026,09/23/2026,12.16,176.90,36.20,36.00,4.66,0.00,103.00,59.00,36.00,Y,N,,"ALLERGIES: SEASONAL, FOOD-chocolate, banana, oat, chicken, eggs;",Lindsey,,
CE0006219,Ineligible,,03/07/1966,,,,,,,,,0.00,0.00,0.00,0.00,0.00,N,N,N,,N,N,,,,,0.00,0.00,0.00,0.00,0.00,0.00,0.00,0.00,0.00,N,N,,,Lauren,,
CE0006220,Ineligible,,10/24/1965,,Female,AfricanAmerican,,,,,,92.40,203.70,157.50,62.00,37.30,N,N,N,,N,N,,,,,0.00,0.00,0.00,81.00,0.00,0.00,137.00,83.00,36.60,N,N,,,Shiree,,
CE0006221,Not Responsive,,01/29/1993,,,,,,,,,0.00,0.00,0.00,0.00,0.00,N,N,N,,N,N,,,,,0.00,0.00,0.00,0.00,0.00,0.00,0.00,0.00,0.00,N,N,,,Jasmine,,
CE0006222,IDS Expired,A+,08/24/1994,,FTM,AfricanAmerican,"LP, WB, BM,",BM 100ml,Negative,,,59.50,131.20,168.00,66.10,20.10,Y,N,N,,Y,Y,,04/15/2021,04/15/2021,07/14/2021,15.10,265.00,46.60,51.00,4.30,0.00,100.00,55.00,37.00,N,N,,,Kieris,,
CE0006223,Not Responsive,,09/17/1981,,,,,,,,,0.00,0.00,0.00,0.00,0.00,N,N,N,,N,N,,,,,0.00,0.00,0.00,0.00,0.00,0.00,0.00,0.00,0.00,N,N,,,Kim,,
CE0006224,Not Responsive,,07/05/1979,,,,,,,,,94.50,208.30,170.00,66.90,32.70,N,N,N,,N,N,,,,,13.30,440.30,40.60,93.00,10.00,0.00,135.00,83.00,36.10,N,N,,,Ketzia,,
CE0006225,IDS Expired,O+,03/08/1969,,Male,Caucasian,"LP, WB,",Not Interested,,Negative,POSITIVE,93.90,207.00,182.00,71.70,28.40,N,N,N,,Y,N,09/09/2021,10/10/2023,08/22/2023,11/20/2023,13.70,259.10,40.00,53.00,3.50,0.00,133.00,75.00,36.30,N,Y,03/08/2022,,Mark,10/10/2023,POSITIVE
CE0006226,IDS Expired,B+,04/04/1973,,Male,asian,"WB, BM,",BM 100ml,,Positive,,76.70,169.10,169.50,66.70,26.70,N,N,N,,Y,N,09/01/2021,,09/01/2021,11/30/2021,16.50,266.00,47.90,89.00,7.10,0.00,134.00,93.00,36.90,N,N,,,Hank,,
CE0006227,Not Responsive,,11/14/1994,,,,,,,,,0.00,0.00,0.00,0.00,0.00,N,N,N,,N,N,,,,,0.00,0.00,0.00,0.00,0.00,0.00,0.00,0.00,0.00,N,N,,,Rei,,
CE0006228,Not Responsive,,08/17/1996,,,,,,,,,0.00,0.00,0.00,0.00,0.00,N,N,N,,N,N,,,,,0.00,0.00,0.00,0.00,0.00,0.00,0.00,0.00,0.00,N,N,,,Tyler,,
CE0006229,Ineligible,,03/07/1968,,,,,,,,,0.00,0.00,0.00,0.00,0.00,N,N,N,,N,N,,,,,0.00,0.00,0.00,0.00,0.00,0.00,0.00,0.00,0.00,N,N,,,John,,
CE0006230,Not Responsive,,03/10/1967,,,,,,,,,0.00,0.00,0.00,0.00,0.00,N,N,N,,N,N,,,,,0.00,0.00,0.00,0.00,0.00,0.00,0.00,0.00,0.00,N,N,,,Nicole,,
CE0006231,Not Responsive,,04/24/1969,,,,,,,,,0.00,0.00,0.00,0.00,0.00,N,N,N,,N,N,,,,,0.00,0.00,0.00,0.00,0.00,0.00,0.00,0.00,0.00,N,N,,,Garth,,
CE0006232,Not Responsive,,07/09/1995,,,,,,,,,0.00,0.00,0.00,0.00,0.00,N,N,N,,N,N,,,,,0.00,0.00,0.00,0.00,0.00,0.00,0.00,0.00,0.00,N,N,,,Mikala Irene,,
CE0006233,Ineligible,O+,12/09/1969,,Male,Caucasian,"LP, WB,",DQ,,Negative,POSITIVE,71.40,157.41,175.00,68.90,23.31,N,N,N,,Y,N,,10/30/2025,09/25/2025,12/24/2025,13.92,196.00,41.20,63.00,4.65,0.00,143.00,79.00,36.00,N,Y,01/31/2022,,Yurik,,
CE0006234,Not Responsive,,05/03/1990,,,,,,,,,0.00,0.00,0.00,0.00,0.00,N,N,N,,N,N,,,,,0.00,0.00,0.00,0.00,0.00,0.00,0.00,0.00,0.00,N,N,,,Joel,,
CE0006235,Not Responsive,,09/07/1980,,,,,,,,,0.00,0.00,0.00,0.00,0.00,N,N,N,,N,N,,,,,0.00,0.00,0.00,0.00,0.00,0.00,0.00,0.00,0.00,N,N,,,Shadi,,
CE0006236,Not Responsive,,06/29/1974,,,,,,,,,0.00,0.00,0.00,0.00,0.00,N,N,N,,N,N,,,,,0.00,0.00,0.00,0.00,0.00,0.00,0.00,0.00,0.00,N,N,,,Viva,,
CE0006237,Ineligible,O+,06/14/1984,,Male,Mixed,"WB, BM,",BM 100ml,,Positive,POSITIVE,109.10,240.50,182.50,71.90,32.80,Y,N,N,,Y,N,11/30/2022,12/01/2021,10/17/2022,01/15/2023,14.00,200.50,46.40,50.00,48.70,0.00,170.00,111.00,36.40,N,Y,01/19/2022,,Ian,,
CE0006238,IDS Expired,A+,04/22/1968,,Female,Mixed,"LP,",,Negative,,,72.00,158.70,180.00,70.90,22.50,N,N,N,,Y,N,,02/08/2021,03/15/2021,06/13/2021,13.40,294.00,41.10,68.00,5.90,0.00,100.00,60.00,35.80,N,N,,,Valerie,,
CE0006239,Not Responsive,,06/15/1965,,,,,,,,,0.00,0.00,0.00,0.00,0.00,N,N,N,,N,N,,,,,0.00,0.00,0.00,0.00,0.00,0.00,0.00,0.00,0.00,N,N,,,Amy,,
CE0006240,Not Responsive,,06/21/1991,,,,,,,,,0.00,0.00,0.00,0.00,0.00,N,N,N,,N,N,,,,,0.00,0.00,0.00,0.00,0.00,0.00,0.00,0.00,0.00,N,N,,,Stacey,,
CE0006241,Ineligible,,05/27/1993,,Female,Caucasian,,,,,,0.00,0.00,0.00,0.00,0.00,N,N,N,,N,N,,,,,0.00,0.00,0.00,0.00,0.00,0.00,0.00,0.00,0.00,N,N,,,Kelly,,
CE0006242,Ineligible,O+,12/27/1995,,Female,Caucasian,"LP,",,negative,,,76.20,168.00,180.00,70.90,25.10,N,N,N,,Y,Y,,,08/04/2020,11/02/2020,10.90,166.30,32.90,62.00,4.70,0.00,112.00,64.00,36.70,N,N,,,Emma,,
CE0006243,IDS Expired,B+,02/16/1973,,Female,Caucasian,"WB,",,negative,,,57.40,126.60,164.00,64.60,21.50,Y,N,N,,Y,Y,,,11/03/2020,02/01/2021,12.80,243.00,38.20,67.00,7.80,0.00,100.00,53.00,36.30,N,N,,,Samantha,,
CE0006244,Not Responsive,,06/10/1986,,,,,,,,,0.00,0.00,0.00,0.00,0.00,N,N,N,,N,N,,,,,0.00,0.00,0.00,0.00,0.00,0.00,0.00,0.00,0.00,N,N,,,Nick,,
CE0006245,Not Responsive,,01/09/1993,,,,,,,,,0.00,0.00,0.00,0.00,0.00,N,N,N,,N,N,,,,,0.00,0.00,0.00,0.00,0.00,0.00,0.00,0.00,0.00,N,N,,,LaTonya,,
CE0006246,Not Responsive,,07/10/1994,,,,,,,,,0.00,0.00,0.00,0.00,0.00,N,N,N,,N,N,,,,,0.00,0.00,0.00,0.00,0.00,0.00,0.00,0.00,0.00,N,N,,,Tiffany,,
CE0006247,Not Responsive,,07/10/1995,,,,,,,,,0.00,0.00,0.00,0.00,0.00,N,N,N,,N,N,,,,,0.00,0.00,0.00,0.00,0.00,0.00,0.00,0.00,0.00,N,N,,,Imani,,
CE0006248,IDS Expired,A+,06/16/1979,,Female,Caucasian,"LP, WB,",DQ,positive,Positive,,90.40,199.30,170.00,66.90,31.30,N,N,N,,Y,N,09/29/2020,09/12/2023,09/12/2023,12/11/2023,13.40,221.80,39.80,64.00,7.60,0.00,154.00,80.00,36.60,N,Y,03/16/2023,,Elizabeth,,
CE0006249,IDS Expired,O+,10/25/1969,,Male,Hispanic,"LP, WB,",Not Interested,,Negative,POSITIVE,83.00,183.00,173.00,68.10,27.70,N,N,N,,Y,Y,,09/11/2024,09/11/2024,12/10/2024,13.70,274.90,42.50,83.00,5.00,0.00,153.00,75.00,36.20,N,Y,02/11/2022,,Daniel,,
CE0006250,Ineligible,O+,04/13/1968,,Male,Caucasian,,,,Positive,,97.30,214.50,178.00,70.10,30.70,Y,N,Y,"Medication,",Y,Y,,07/21/2023,07/21/2023,10/19/2023,13.60,170.40,38.50,68.00,5.80,0.00,135.00,72.00,36.10,N,Y,03/01/2022,ALLERGY: PCN,Kevin,,
CE0006251,IDS Expired,O+,07/29/2000,,Female,Hispanic,"LP, WB,",Not Interested,,positive,Negative,62.30,137.40,152.00,59.80,27.00,Y,N,N,,Y,N,,12/03/2025,12/03/2025,03/03/2026,13.40,204.00,40.20,91.00,6.00,0.00,128.00,69.00,36.40,N,Y,12/17/2024,,Madelyn,05/12/2025,NEGATIVE
CE0006252,Deferred,O-,02/24/1996,,Male,Mixed,,,,Negative,NEGATIVE,79.40,175.05,170.00,66.93,27.47,N,N,N,,Y,Y,10/02/2024,05/05/2025,05/05/2025,08/03/2025,13.21,237.00,38.10,64.00,4.04,0.00,117.00,80.00,36.30,N,Y,02/28/2022,"Ineligible for mobLP: hx of low TNC with extended deferral periods, low WBC counts.",Miguel,11/27/2024,NEGATIVE
CE0006253,Not Responsive,,10/17/1978,,,,,,,,,0.00,0.00,0.00,0.00,0.00,N,N,N,,N,N,,,,,0.00,0.00,0.00,0.00,0.00,0.00,0.00,0.00,0.00,N,N,,,Maria,,
CE0006254,IDS Expired,A-,04/01/1973,,Female,Caucasian,"WB,",,Positive,,,92.10,203.10,166.50,65.60,33.20,Y,N,N,,N,N,,,08/21/2020,11/19/2020,13.90,222.00,41.00,84.00,6.10,0.00,112.00,78.00,36.70,N,N,,,Lempi,,
CE0006255,Not Responsive,,02/18/1997,,,,,,,,,0.00,0.00,0.00,0.00,0.00,N,N,N,,N,N,,,,,0.00,0.00,0.00,0.00,0.00,0.00,0.00,0.00,0.00,N,N,,,Jorge,,
CE0006256,IDS Expired,O+,07/04/1993,,Female,,"LP, WB, BM,",",bm100ml,",positive,,,68.50,151.00,161.00,63.40,25.50,Y,N,N,,Y,N,,09/08/2020,08/17/2020,11/15/2020,12.80,165.70,39.00,94.00,5.80,0.00,128.00,83.00,37.20,N,N,,,Amanda,,
CE0006257,Not Responsive,,10/26/1999,,,,,,,,,0.00,0.00,0.00,0.00,0.00,N,N,N,,N,N,,,,,0.00,0.00,0.00,0.00,0.00,0.00,0.00,0.00,0.00,N,N,,,esmeralda,,
CE0006258,IDS Expired,A+,11/09/1975,,Male,Mixed,"LP, WB,",,positive,,,117.30,258.60,180.50,71.10,35.50,N,N,N,,N,N,,10/05/2020,08/17/2020,11/15/2020,13.50,203.30,40.50,78.00,3.20,0.00,131.00,77.00,36.80,N,N,,,Jeffrey,,
CE0006259,Deferred,A+,05/13/1970,,Male,Caucasian,,,,Positive,,113.30,249.78,188.00,74.02,32.06,Y,N,N,,Y,Y,05/23/2022,,05/23/2022,08/21/2022,14.10,247.00,41.00,65.00,6.60,0.00,184.00,101.00,36.60,N,Y,03/23/2022,,Thomas,,
CE0006260,Not Responsive,,12/05/1985,,,,,,,,,0.00,0.00,0.00,0.00,0.00,N,N,N,,N,N,,,,,0.00,0.00,0.00,0.00,0.00,0.00,0.00,0.00,0.00,N,N,,,Kyan,,
CE0006261,Not Responsive,,01/19/1982,,,,,,,,,0.00,0.00,0.00,0.00,0.00,N,N,N,,N,N,,,,,0.00,0.00,0.00,0.00,0.00,0.00,0.00,0.00,0.00,N,N,,,TRAVIS,,
CE0006262,Not Responsive,,08/22/1980,,,,,,,,,0.00,0.00,0.00,0.00,0.00,N,N,N,,N,N,,,,,0.00,0.00,0.00,0.00,0.00,0.00,0.00,0.00,0.00,N,N,,,Travis,,
CE0006263,Not Responsive,,10/15/1989,,,,,,,,,0.00,0.00,0.00,0.00,0.00,N,N,N,,N,N,,,,,0.00,0.00,0.00,0.00,0.00,0.00,0.00,0.00,0.00,N,N,,,Carlos,,
CE0006264,Not Responsive,,12/05/1986,,,,,,,,,0.00,0.00,0.00,0.00,0.00,N,N,N,,N,N,,,,,0.00,0.00,0.00,0.00,0.00,0.00,0.00,0.00,0.00,N,N,,,Joe,,
CE0006265,Not Responsive,,07/11/1970,,,,,,,,,0.00,0.00,0.00,0.00,0.00,N,N,N,,N,N,,,,,0.00,0.00,0.00,0.00,0.00,0.00,0.00,0.00,0.00,N,N,,,Al,,
CE0006266,IDS Expired,O+,08/11/1989,,Male,Caucasian,"LP, WB,",Not Interested,Negative,NEGATIVE,,82.70,182.30,178.00,70.10,26.10,N,N,N,,Y,N,,10/29/2024,08/15/2024,11/13/2024,14.80,224.30,44.20,76.00,5.50,0.00,128.00,71.00,36.50,N,Y,10/29/2024,Willing to do LP on Friday,Brady,,
CE0006267,Not Responsive,,09/08/1985,,,,,,,,,0.00,0.00,0.00,0.00,0.00,N,N,N,,N,N,,,,,0.00,0.00,0.00,0.00,0.00,0.00,0.00,0.00,0.00,N,N,,,ANGEL,,
CE0006268,Not Responsive,,12/04/1996,,,,,,,,,0.00,0.00,0.00,0.00,0.00,N,N,N,,N,N,,,,,0.00,0.00,0.00,0.00,0.00,0.00,0.00,0.00,0.00,N,N,,,Kathryn,,
CE0006269,Not Responsive,,11/13/2000,,,,,,,,,0.00,0.00,0.00,0.00,0.00,N,N,N,,N,N,,,,,0.00,0.00,0.00,0.00,0.00,0.00,0.00,0.00,0.00,N,N,,,Edward,,
CE0006270,Not Responsive,,03/28/1993,,,,,,,,,0.00,0.00,0.00,0.00,0.00,N,N,N,,N,N,,,,,0.00,0.00,0.00,0.00,0.00,0.00,0.00,0.00,0.00,N,N,,,Janicka,,
CE0006271,IDS Expired,B+,06/15/1973,,Male,Caucasian,"WB,",,Positive,,,108.30,238.80,177.00,69.70,34.20,Y,N,N,,N,N,,,08/19/2020,11/17/2020,16.50,167.00,52.80,84.00,6.30,0.00,153.00,95.00,37.00,N,N,,Work in building for Wareham. 8/21/20/lv,Alberto,,
CE0006272,Not Responsive,,06/05/2000,,,,,,,,,0.00,0.00,0.00,0.00,0.00,N,N,N,,N,N,,,,,0.00,0.00,0.00,0.00,0.00,0.00,0.00,0.00,0.00,N,N,,,Kevin,,
CE0006274,Not Responsive,,10/20/1998,,,,,,,,,0.00,0.00,0.00,0.00,0.00,N,N,N,,N,N,,,,,0.00,0.00,0.00,0.00,0.00,0.00,0.00,0.00,0.00,N,N,,,Tyanna,,
CE0006275,Not Responsive,,11/20/1993,,,,,,,,,0.00,0.00,0.00,0.00,0.00,N,N,N,,N,N,,,,,0.00,0.00,0.00,0.00,0.00,0.00,0.00,0.00,0.00,N,N,,,Shannon,,
CE0006276,Not Responsive,,01/09/1970,,,,,,,,,0.00,0.00,0.00,0.00,0.00,N,N,N,,N,N,,,,,0.00,0.00,0.00,0.00,0.00,0.00,0.00,0.00,0.00,N,N,,,Melissa,,
CE0006277,Not Responsive,,01/09/1996,,,,,,,,,0.00,0.00,0.00,0.00,0.00,N,N,N,,N,N,,,,,0.00,0.00,0.00,0.00,0.00,0.00,0.00,0.00,0.00,N,N,,,Aaron,,
CE0006278,Not Responsive,,07/17/1988,,,,,,,,,0.00,0.00,0.00,0.00,0.00,N,N,N,,N,N,,,,,0.00,0.00,0.00,0.00,0.00,0.00,0.00,0.00,0.00,N,N,,,Felicia,,
CE0006279,IDS Expired,A+,11/06/1998,,Male,Caucasian,"LP, WB,",Not Interested,positive,positive,,88.70,195.60,193.00,76.00,23.80,N,N,N,,Y,Y,,03/22/2021,12/12/2023,03/11/2024,15.90,229.80,43.60,71.00,4.30,0.00,125.00,72.00,36.10,N,N,,,Liam,,
CE0006280,Not Responsive,,07/08/1972,,,,,,,,,0.00,0.00,0.00,0.00,0.00,N,N,N,,N,N,,,,,0.00,0.00,0.00,0.00,0.00,0.00,0.00,0.00,0.00,N,N,,,Earl,,
CE0006281,Not Responsive,,04/06/1970,,,,,,,,,0.00,0.00,0.00,0.00,0.00,N,N,N,,N,N,,,,,0.00,0.00,0.00,0.00,0.00,0.00,0.00,0.00,0.00,N,N,,,Lorrica,,
CE0006282,Not Responsive,,06/29/1990,,,,,,,,,0.00,0.00,0.00,0.00,0.00,N,N,N,,N,N,,,,,0.00,0.00,0.00,0.00,0.00,0.00,0.00,0.00,0.00,N,N,,,Sam,,
CE0006283,IDS Expired,O+,10/10/1985,,Male,Hispanic,"LP, WB,",Not Interested,,Positive,POSITIVE,84.20,185.60,174.50,68.70,27.70,N,N,N,,Y,Y,,04/07/2022,04/05/2022,07/04/2022,16.00,201.90,45.20,79.00,6.90,0.00,141.00,75.00,36.50,N,Y,04/07/2022,,Mark,,
CE0006284,Not Responsive,,06/19/1993,,,,,,,,,0.00,0.00,0.00,0.00,0.00,N,N,N,,N,N,,,,,0.00,0.00,0.00,0.00,0.00,0.00,0.00,0.00,0.00,N,N,,,Christian,,
CE0006285,Not Responsive,A+,04/25/1973,,Female,AfricanAmerican,,,,Positive,,58.00,127.90,162.50,64.00,22.00,Y,N,N,,Y,N,05/26/2022,,05/26/2022,08/24/2022,13.00,222.00,39.40,57.00,6.50,0.00,108.00,71.00,36.50,N,Y,02/25/2022,,Amber S,,
CE0006286,Ineligible,,04/28/1977,,Male,AfricanAmerican,,,,,,0.00,0.00,0.00,0.00,0.00,N,N,N,,N,N,,,,,15.27,294.80,45.20,74.00,4.50,0.00,120.00,72.00,36.50,N,N,,,George,,
CE0006287,IDS Expired,O+,10/03/1986,,Male,Caucasian,"LP, WB,",,Negative,,,114.60,252.70,181.00,71.30,34.70,N,N,N,,Y,Y,,10/28/2020,08/25/2020,11/23/2020,15.60,230.60,47.90,76.00,7.90,0.00,128.00,85.00,36.30,N,N,,,Brian,,
CE0006288,Ineligible,,10/10/2001,,,,,,,,,58.50,128.97,158.00,62.20,23.43,N,N,N,,N,N,,,,,0.00,0.00,0.00,84.00,0.00,0.00,105.00,68.00,37.00,N,N,,,Haily,,
CE0006289,IDS Expired,O+,01/26/1999,,Female,Mixed,"WB, BM,",BM 100ml,,Negative,,60.70,133.80,167.00,65.80,21.90,Y,N,N,,Y,Y,05/26/2021,,05/26/2021,08/24/2021,14.10,254.20,40.80,78.00,6.40,0.00,107.00,73.00,36.90,N,N,,,McKenna,,
CE0006290,Not Responsive,,08/19/1978,,,,,,,,,0.00,0.00,0.00,0.00,0.00,N,N,N,,N,N,,,,,0.00,0.00,0.00,0.00,0.00,0.00,0.00,0.00,0.00,N,N,,,Ross,,
CE0006291,IDS Expired,A+,03/05/1988,,Male,Caucasian,"LP, WB,",Not Interested,Negative,,,78.30,172.60,177.00,69.70,25.40,N,Y,N,,Y,Y,,03/22/2021,03/22/2021,06/20/2021,15.80,209.00,46.90,80.00,5.60,0.00,114.00,70.00,36.90,N,N,,,Travis,,
CE0006292,Not Responsive,,06/28/1994,,,,,,,,,0.00,0.00,0.00,0.00,0.00,N,N,N,,N,N,,,,,0.00,0.00,0.00,0.00,0.00,0.00,0.00,0.00,0.00,N,N,,,Luisa,,
CE0006293,Ineligible,A+,09/26/1976,,Male,Hispanic,,,positive,,,125.50,276.68,172.00,67.70,42.10,N,N,N,,Y,Y,,09/17/2020,08/31/2020,11/29/2020,14.53,278.40,43.30,79.00,8.15,0.00,114.00,78.00,36.60,N,N,,,Denis,,
CE0006294,Ineligible,,05/07/2001,,,,,,,,,57.40,126.55,164.00,64.57,21.34,N,N,N,,N,N,,,,,0.00,0.00,0.00,64.00,0.00,0.00,115.00,66.00,36.30,N,N,,Fear of needles./lv,Giovanna,,
CE0006295,Not Responsive,,07/17/1996,,,,,,,,,0.00,0.00,0.00,0.00,0.00,N,N,N,,N,N,,,,,0.00,0.00,0.00,0.00,0.00,0.00,0.00,0.00,0.00,N,N,,,Okari,,
CE0006296,Not Responsive,,02/25/1971,,,,,,,,,0.00,0.00,0.00,0.00,0.00,N,N,N,,N,N,,,,,0.00,0.00,0.00,0.00,0.00,0.00,0.00,0.00,0.00,N,N,,,Peri,,
CE0006297,Ineligible,A+,09/08/1985,,Male,Mixed,,,Positive,,,89.30,196.90,180.00,70.90,26.60,N,N,N,,Y,N,,09/23/2020,09/03/2020,12/02/2020,16.20,208.00,47.90,72.00,6.20,0.00,132.00,74.00,36.20,N,N,,,Oliver,,
CE0006298,Not Responsive,,09/21/1984,,,,,,,,,0.00,0.00,0.00,0.00,0.00,N,N,N,,N,N,,,,,0.00,0.00,0.00,0.00,0.00,0.00,0.00,0.00,0.00,N,N,,,Christina,,
CE0006299,IDS Expired,A+,05/26/1992,,Female,Caucasian,"LP, WB, BM,",BM 100ml,,Positive,,71.30,157.20,172.70,68.00,23.90,N,Y,N,,Y,N,,11/08/2021,07/07/2022,10/05/2022,14.80,256.40,42.10,81.00,6.20,0.00,113.00,76.00,36.90,N,N,,,Hannah,,
CE0006300,Ineligible,,10/26/1980,,,,,,,,,0.00,0.00,0.00,0.00,0.00,N,N,N,,N,N,,,,,0.00,0.00,0.00,0.00,0.00,0.00,0.00,0.00,0.00,N,N,,,Kathy,,
CE0006301,Not Responsive,,05/06/1998,,,,,,,,,0.00,0.00,0.00,0.00,0.00,N,N,N,,N,N,,,,,0.00,0.00,0.00,0.00,0.00,0.00,0.00,0.00,0.00,N,N,,,Margaret,,
CE0006302,IDS Expired,AB+,05/01/1998,,Female,Mixed,"LP, WB, BM,",",bm50ml,",Positive,,,55.60,122.60,165.50,65.20,21.30,N,N,N,,Y,N,,11/02/2020,09/01/2020,11/30/2020,13.50,217.00,41.60,79.00,6.40,0.00,102.00,68.00,36.60,N,N,,,Mikayla,,
CE0006303,IDS Expired,O+,11/28/1989,,Female,Caucasian,"LP, WB,",,Negative,,,61.30,135.10,167.00,65.80,22.00,Y,N,N,,N,N,,,09/01/2020,11/30/2020,13.40,261.00,39.50,75.00,6.00,0.00,122.00,74.00,37.30,N,N,,,Jennifer,,
CE0006304,IDS Expired,O+,08/27/1997,,Female,Caucasian,"WB, BM,",BM 100ml,,Negative,,61.80,136.30,160.00,63.00,24.10,Y,N,N,,N,N,01/10/2022,,12/01/2021,03/01/2022,13.40,314.50,37.40,79.00,7.30,0.00,122.00,89.00,36.80,N,N,,,Charlotte,,
CE0006305,IDS Expired,O+,08/16/1979,,Male,Caucasian,"WB,",,Positive,,,98.70,217.60,173.00,68.10,33.00,N,N,N,,N,N,,,09/01/2020,11/30/2020,17.80,231.70,52.00,88.00,8.60,0.00,133.00,80.00,36.60,N,N,,,Yaser,,
CE0006306,Ineligible,A+,03/05/1993,,Male,Hispanic,"LP, WB,",,Positive,,,124.10,273.60,173.00,68.10,39.60,N,N,N,,Y,N,,03/02/2021,03/02/2021,05/31/2021,14.70,176.00,43.80,72.00,6.70,0.00,114.00,68.00,36.70,N,N,,,Luis,,
CE0006307,Not Responsive,,04/11/1990,,,,,,,,,0.00,0.00,0.00,0.00,0.00,N,N,N,,N,N,,,,,0.00,0.00,0.00,0.00,0.00,0.00,0.00,0.00,0.00,N,N,,,Melanie,,
CE0006308,Not Responsive,,06/03/1994,,,,,,,,,0.00,0.00,0.00,0.00,0.00,N,N,N,,N,N,,,,,0.00,0.00,0.00,0.00,0.00,0.00,0.00,0.00,0.00,N,N,,,Nathan,,
CE0006309,Not Responsive,,10/31/1996,,,,,,,,,0.00,0.00,0.00,0.00,0.00,N,N,N,,N,N,,,,,0.00,0.00,0.00,0.00,0.00,0.00,0.00,0.00,0.00,N,N,,,Kaylin,,
CE0006310,Not Responsive,,09/20/1970,,,,,,,,,0.00,0.00,0.00,0.00,0.00,N,N,N,,N,N,,,,,0.00,0.00,0.00,0.00,0.00,0.00,0.00,0.00,0.00,N,N,,,Tim,,
CE0006312,IDS Expired,O+,10/08/1986,,,Hispanic,"LP,",,Positive,,,70.00,154.30,151.00,59.50,30.70,N,N,N,,N,N,,,09/04/2020,12/03/2020,12.00,291.00,35.70,71.00,6.00,0.00,137.00,97.00,36.50,N,N,,,Alma,,
CE0006313,Not Responsive,,01/17/1997,,,,,,,,,0.00,0.00,0.00,0.00,0.00,N,N,N,,N,N,,,,,0.00,0.00,0.00,0.00,0.00,0.00,0.00,0.00,0.00,N,N,,,Nathaniel,,
CE0006314,IDS Expired,A+,09/22/2000,,Female,Caucasian,"LP,",,Positive,,,69.20,152.60,172.00,67.70,23.20,Y,N,N,,Y,N,,09/17/2020,09/03/2020,12/02/2020,12.00,242.00,36.20,75.00,6.50,0.00,100.00,54.00,37.00,N,N,,Joan,Christine,,
CE0006315,IDS Expired,O+,01/13/1994,,Male,Caucasian,"LP, WB,",Not Interested,,Negative,POSITIVE,71.00,156.50,177.80,70.00,22.50,N,Y,N,,Y,N,,04/20/2023,04/20/2023,07/19/2023,15.30,228.70,43.90,62.00,4.80,0.00,113.00,62.00,36.10,N,N,,,Adam,,
CE0006316,IDS Expired,AB+,08/28/1996,,Female,Caucasian,"LP, WB,",,positive,,,66.00,145.50,176.50,69.50,19.90,Y,N,N,,Y,Y,,04/05/2021,01/12/2021,04/12/2021,12.50,334.00,38.60,78.00,5.30,0.00,118.00,75.00,36.90,N,N,,,Sonja,,
CE0006317,Not Responsive,,05/16/1989,,,,,,,,,0.00,0.00,0.00,0.00,0.00,N,N,N,,N,N,,,,,0.00,0.00,0.00,0.00,0.00,0.00,0.00,0.00,0.00,N,N,,,Latrice,,
CE0006319,IDS Expired,B+,09/10/1983,,Male,AfricanAmerican,"LP, WB,",,Positive,,,93.10,205.30,180.00,70.90,27.20,N,N,N,,Y,Y,,01/27/2021,01/27/2021,04/27/2021,13.30,156.00,42.50,82.00,4.10,0.00,118.00,78.00,36.90,N,N,,,Fritz,,
CE0006320,Not Responsive,,09/18/1983,,,,,,,,,0.00,0.00,0.00,0.00,0.00,N,N,N,,N,N,,,,,0.00,0.00,0.00,0.00,0.00,0.00,0.00,0.00,0.00,N,N,,,Chanthan,,
CE0006321,IDS Expired,B+,07/06/2000,,Female,asian,"WB, BM,",BM 100ml,positive,positive,,59.00,130.10,165.00,65.00,21.70,Y,N,N,,Y,N,03/26/2025,,03/26/2025,06/24/2025,14.10,402.60,41.90,76.00,5.70,0.00,110.00,77.00,35.70,N,N,,,Tiffany,,
CE0006322,Not Responsive,,09/17/1982,,,,,,,,,0.00,0.00,0.00,0.00,0.00,N,N,N,,N,N,,,,,0.00,0.00,0.00,0.00,0.00,0.00,0.00,0.00,0.00,N,N,,,meghan,,
CE0006323,Not Responsive,,,,,,,,,,,0.00,0.00,0.00,0.00,0.00,N,N,N,,N,N,,,,,0.00,0.00,0.00,0.00,0.00,0.00,0.00,0.00,0.00,N,N,,,Ashalana,,
CE0006324,Ineligible,,12/27/1996,,,,,,,,,70.30,154.98,162.50,63.98,26.62,N,N,N,,N,N,,,,,11.44,320.70,35.30,81.00,5.05,0.00,110.00,68.00,36.80,N,N,,,Christee,,
CE0006325,Not Responsive,,07/26/1968,,,,,,,,,0.00,0.00,0.00,0.00,0.00,N,N,N,,N,N,,,,,0.00,0.00,0.00,0.00,0.00,0.00,0.00,0.00,0.00,N,N,,,Marwan,,
CE0006326,Not Responsive,,01/31/1998,,,,,,,,,0.00,0.00,0.00,0.00,0.00,N,N,N,,N,N,,,,,0.00,0.00,0.00,0.00,0.00,0.00,0.00,0.00,0.00,N,N,,,Mohammadhossein,,
CE0006327,Not Responsive,,08/10/2002,,,,,,,,,0.00,0.00,0.00,0.00,0.00,N,N,N,,N,N,,,,,0.00,0.00,0.00,0.00,0.00,0.00,0.00,0.00,0.00,N,N,,,Mack,,
CE0006328,Not Responsive,,02/17/1994,,,,,,,,,0.00,0.00,0.00,0.00,0.00,N,N,N,,N,N,,,,,0.00,0.00,0.00,0.00,0.00,0.00,0.00,0.00,0.00,N,N,,,Alison,,
CE0006329,Not Responsive,,12/08/2001,,,,,,,,,0.00,0.00,0.00,0.00,0.00,N,N,N,,N,N,,,,,0.00,0.00,0.00,0.00,0.00,0.00,0.00,0.00,0.00,N,N,,,Kathleen,,
CE0006330,Ineligible,,03/31/1993,,,,,,,,,80.20,176.80,175.30,69.00,26.10,N,N,N,,N,N,,,,,0.00,0.00,0.00,83.00,0.00,0.00,119.00,77.00,36.80,N,N,,,Tor,,
CE0006331,IDS Expired,A+,02/28/1993,,Male,Mixed,"LP, WB,",Not Interested,,Negative,positive,91.40,201.50,175.00,68.90,29.80,N,N,Y,"Environmental,",Y,N,,08/11/2023,06/30/2023,09/28/2023,15.10,275.00,43.30,71.00,4.80,0.00,121.00,66.00,36.40,N,N,,,Brett,06/30/2023,positive
CE0006332,IDS Expired,B+,05/08/1978,,Female,Caucasian,"LP, WB,",DQ,,Positive,,58.30,128.50,160.00,63.00,22.80,N,N,N,,Y,N,02/08/2021,03/28/2022,08/08/2022,11/06/2022,13.60,225.60,38.70,65.00,7.90,0.00,110.00,61.00,36.10,N,Y,03/28/2022,,Miriam,,
CE0006333,IDS Expired,B+,11/07/1966,,Male,Caucasian,"WB,",,Negative,,,102.50,226.00,185.50,73.00,29.80,Y,N,N,,Y,N,,,09/18/2020,12/17/2020,14.90,171.60,42.90,90.00,4.70,0.00,146.00,90.00,36.50,N,N,,,Greg,,
CE0006334,Deferred,A+,01/15/1998,,Male,Hispanic,,,positive,,,156.90,346.00,174.50,68.70,51.50,N,N,N,,Y,Y,,,09/18/2020,12/17/2020,16.50,269.00,48.30,100.00,7.40,0.00,138.00,84.00,36.70,N,N,,,Irvin,,
CE0006335,Ineligible,O+,12/27/1996,,Female,Hispanic,,,,Positive,,73.50,162.00,162.20,63.90,27.90,Y,N,N,,Y,N,06/08/2022,04/27/2022,06/08/2022,09/06/2022,14.00,268.10,40.20,77.00,5.10,0.00,108.00,62.00,36.90,N,Y,02/15/2022,,Juliana,,
CE0006336,Ineligible,O+,08/27/2001,,Female,Mixed,,,Negative,,,59.30,130.70,168.00,66.10,21.00,N,N,N,,N,N,,,09/14/2020,12/13/2020,14.50,229.00,42.90,83.00,6.70,0.00,109.00,73.00,37.20,N,N,,,Sherie,,
CE0006337,IDS Expired,O+,03/08/1993,,Female,Hispanic,"LP, WB,",,Positive,,,70.50,155.40,157.00,61.80,28.50,Y,N,N,,N,N,10/06/2020,,09/16/2020,12/15/2020,14.30,319.90,45.20,97.00,6.70,0.00,135.00,85.00,36.30,N,N,,,Elisabet,,
CE0006338,Not Responsive,,03/23/1993,,,,,,,,,0.00,0.00,0.00,0.00,0.00,N,N,N,,N,N,,,,,0.00,0.00,0.00,0.00,0.00,0.00,0.00,0.00,0.00,N,N,,,Troy,,
CE0006339,Ineligible,O+,08/14/1970,,Female,Caucasian,,DQ,,Positive,,101.20,223.11,165.00,65.00,35.20,N,N,N,,Y,Y,01/29/2021,06/02/2021,06/02/2021,08/31/2021,14.41,241.00,43.40,77.00,8.14,0.00,121.00,78.00,36.70,N,N,,,Cheryl,,
CE0006340,Not Responsive,,08/12/1994,,,,,,,,,0.00,0.00,0.00,0.00,0.00,N,N,N,,N,N,,,,,0.00,0.00,0.00,0.00,0.00,0.00,0.00,0.00,0.00,N,N,,,Raven,,
CE0006341,Not Responsive,,07/18/1981,,,,,,,,,0.00,0.00,0.00,0.00,0.00,N,N,N,,N,N,,,,,0.00,0.00,0.00,0.00,0.00,0.00,0.00,0.00,0.00,N,N,,,Daniele,,
CE0006342,Not Responsive,,09/15/1973,,,,,,,,,0.00,0.00,0.00,0.00,0.00,N,N,N,,N,N,,,,,0.00,0.00,0.00,0.00,0.00,0.00,0.00,0.00,0.00,N,N,,,Wade,,
CE0006343,Not Responsive,,05/01/1994,,,,,,,,,57.50,126.80,162.00,63.80,21.90,N,N,N,,N,N,,,,,0.00,0.00,0.00,79.00,0.00,0.00,109.00,79.00,37.40,N,N,,,Veronica,,
CE0006344,IDS Expired,A+,07/04/2002,,Male,Mixed,"LP, WB,",DQ,,Negative,,74.20,163.60,178.50,70.30,22.20,N,N,N,,Y,N,12/17/2020,05/27/2021,05/27/2021,08/25/2021,16.70,208.10,47.30,90.00,7.00,0.00,135.00,85.00,36.80,N,N,,,Ian,,
CE0006345,Ineligible,O-,04/22/1968,,Male,Mixed,,,Positive,,,84.90,187.20,175.00,68.90,27.80,N,Y,N,,Y,Y,,11/19/2020,09/16/2020,12/15/2020,14.50,176.00,42.70,94.00,5.60,0.00,182.00,108.00,36.80,N,N,,,Sean,,
CE0006346,Ineligible,,07/11/1993,,,,,,,,,0.00,0.00,0.00,0.00,0.00,N,N,N,,N,N,,,,,0.00,0.00,0.00,0.00,0.00,0.00,0.00,0.00,0.00,N,N,,,Kimberly,,
CE0006347,Not Responsive,,03/06/1975,,,,,,,,,0.00,0.00,0.00,0.00,0.00,N,N,N,,N,N,,,,,0.00,0.00,0.00,0.00,0.00,0.00,0.00,0.00,0.00,N,N,,,James,,
CE0006348,Not Responsive,,10/18/1974,,,,,,,,,0.00,0.00,0.00,0.00,0.00,N,N,N,,N,N,,,,,0.00,0.00,0.00,0.00,0.00,0.00,0.00,0.00,0.00,N,N,,,Alba,,
CE0006349,IDS Expired,B+,03/22/1997,,Female,Mixed,"LP, WB, BM,",BM 100ml,,Positive,POSITIVE,73.00,160.90,160.00,63.00,28.50,Y,N,N,,Y,Y,06/25/2025,05/08/2023,04/17/2025,07/16/2025,13.80,244.00,41.60,62.00,5.80,0.00,102.00,69.00,36.20,N,Y,03/07/2022,,Tabatha,,
CE0006350,Ineligible,O+,12/18/1981,,Male,Hispanic,,DQ,,Positive,,109.60,241.60,175.30,69.00,35.70,Y,N,N,,Y,N,,08/11/2023,05/06/2025,08/04/2025,15.00,250.60,43.10,57.00,5.60,0.00,117.00,77.00,36.40,N,Y,04/29/2022,,David,,
CE0006351,IDS Expired,A+,11/25/1987,,Female,Caucasian,"LP, WB, BM,",",bm50ml,bm100ml,",Positive,,,86.40,190.50,166.00,65.40,30.20,Y,N,N,,N,N,10/27/2020,,09/17/2020,12/16/2020,12.90,326.60,40.70,87.00,7.90,0.00,155.00,82.00,37.00,N,N,,,Maya,,
CE0006352,IDS Expired,AB+,09/19/1973,,Male,Hispanic,"LP, WB, BM,",BM 100ml,,Positive,,98.00,216.10,178.00,70.10,30.90,N,N,N,,Y,N,09/22/2021,08/12/2021,08/12/2021,11/10/2021,18.70,148.30,52.50,70.00,5.10,0.00,141.00,93.00,36.80,N,N,,,Jesse,,
CE0006353,Ineligible,A+,07/29/1979,,Female,Hispanic,"LP, WB,",,negative,,,101.30,223.30,173.00,68.10,32.70,Y,N,N,,Y,Y,,10/07/2020,09/25/2020,12/24/2020,12.30,263.00,37.10,78.00,5.90,0.00,114.00,75.00,37.10,N,N,,,Jessica,,
CE0006354,Not Responsive,,08/19/1998,,,,,,,,,0.00,0.00,0.00,0.00,0.00,N,N,N,,N,N,,,,,0.00,0.00,0.00,0.00,0.00,0.00,0.00,0.00,0.00,N,N,,,Haarika,,
CE0006355,Not Responsive,,09/18/1978,,,,,,,,,0.00,0.00,0.00,0.00,0.00,N,N,N,,N,N,,,,,0.00,0.00,0.00,0.00,0.00,0.00,0.00,0.00,0.00,N,N,,,Jannelle,,
CE0006356,Not Responsive,,10/12/1968,,,,,,,,,0.00,0.00,0.00,0.00,0.00,N,N,N,,N,N,,,,,0.00,0.00,0.00,0.00,0.00,0.00,0.00,0.00,0.00,N,N,,,John,,
CE0006357,Not Responsive,,07/15/1995,,,,,,,,,0.00,0.00,0.00,0.00,0.00,N,N,N,,N,N,,,,,0.00,0.00,0.00,0.00,0.00,0.00,0.00,0.00,0.00,N,N,,,Raquel,,
CE0006358,IDS Expired,B+,11/11/1979,,Male,asian,"LP, WB,",,Positive,,,61.00,134.50,170.50,67.10,20.40,Y,N,N,,Y,N,,10/13/2020,10/01/2020,12/30/2020,13.90,212.60,42.40,82.00,4.70,0.00,102.00,65.00,36.10,N,N,,,Kinh-Luan,,
CE0006359,Not Responsive,,05/30/1989,,,,,,,,,0.00,0.00,0.00,0.00,0.00,N,N,N,,N,N,,,,,0.00,0.00,0.00,0.00,0.00,0.00,0.00,0.00,0.00,N,N,,,Ragwa,,
CE0006360,IDS Expired,B+,07/01/1972,,Male,Mixed,"LP, WB, BM,",BM 100ml,,Positive,,97.20,214.30,177.80,70.00,30.80,N,N,N,,Y,Y,10/18/2021,06/24/2021,08/11/2021,11/09/2021,13.60,273.00,42.80,65.00,6.20,0.00,150.00,100.00,36.80,N,N,,,Theodore,,
CE0006361,IDS Expired,A+,03/30/1992,,Male,Caucasian,"LP, WB, BM,",BM 100ml,,Positive,,91.60,201.90,182.90,72.00,27.40,Y,N,N,,Y,N,,09/29/2022,07/26/2022,10/24/2022,15.80,261.60,46.70,85.00,5.80,0.00,136.00,79.00,36.90,N,N,,,Matthew,,
CE0006362,Not Responsive,,12/01/1999,,,,,,,,,0.00,0.00,0.00,0.00,0.00,N,N,N,,N,N,,,,,0.00,0.00,0.00,0.00,0.00,0.00,0.00,0.00,0.00,N,N,,,Graciela,,
CE0006363,Not Responsive,,12/26/1973,,,,,,,,,0.00,0.00,0.00,0.00,0.00,N,N,N,,N,N,,,,,0.00,0.00,0.00,0.00,0.00,0.00,0.00,0.00,0.00,N,N,,,Jennifer,,
CE0006364,IDS Expired,O+,04/23/1985,,Female,Hispanic,"LP, WB, BM,",BM 100ml,Positive,,,76.30,168.20,150.50,59.30,33.60,N,N,N,,Y,N,02/25/2021,,02/25/2021,05/26/2021,15.10,318.00,45.00,86.00,7.30,0.00,124.00,77.00,36.90,N,N,,,Erica,,
CE0006365,Ineligible,,04/21/2001,,,,,,,,,73.40,161.80,165.50,65.20,26.80,N,N,N,,N,N,,,,,0.00,0.00,0.00,65.00,0.00,0.00,116.00,80.00,36.70,N,N,,,Thalia,,
CE0006366,IDS Expired,O+,04/27/2001,,Female,Caucasian,"WB, BM,",BM 100ml,,Positive,,93.10,205.30,167.60,66.00,33.10,Y,N,N,,Y,N,12/06/2021,,12/06/2021,03/06/2022,13.80,335.00,41.40,94.00,13.40,0.00,130.00,68.00,36.60,N,N,,,Georgia,,
CE0006367,Ineligible,,04/04/1988,,,,,,,,,156.50,345.00,0.00,0.00,0.00,N,N,N,,N,N,,,,,15.10,284.90,44.50,100.00,7.60,0.00,137.00,87.00,36.70,N,N,,,Martin,,
CE0006368,IDS Expired,O-,11/05/1974,,Male,Caucasian,"LP, WB, BM,",BM 100ml,,Negative,,83.00,183.00,186.50,73.40,23.90,N,Y,N,,Y,N,04/27/2022,05/10/2021,03/02/2022,05/31/2022,14.80,134.50,45.80,73.00,6.50,0.00,139.00,86.00,36.10,N,Y,03/02/2022,,Andrew,,
CE0006369,Not Responsive,,08/12/1982,,,,,,,,,0.00,0.00,0.00,0.00,0.00,N,N,N,,N,N,,,,,0.00,0.00,0.00,0.00,0.00,0.00,0.00,0.00,0.00,N,N,,,Travis,,
CE0006370,Not Responsive,,03/07/1989,,,,,,,,,0.00,0.00,0.00,0.00,0.00,N,N,N,,N,N,,,,,0.00,0.00,0.00,0.00,0.00,0.00,0.00,0.00,0.00,N,N,,,Samantha,,
CE0006371,Eligible,A+,07/11/1993,,Male,Hispanic,"LP, WB, BM,",BM 100ml,,Positive,POSITIVE,67.40,148.59,170.00,66.93,23.88,N,N,N,,Y,Y,02/25/2026,07/16/2026,07/16/2026,10/14/2026,14.72,246.30,43.90,70.00,4.26,0.00,121.00,71.00,36.30,Y,Y,04/05/2022,,Ccarlos,,
CE0006372,Ineligible,,09/15/2000,,Male,Hispanic,,,,,,0.00,0.00,0.00,0.00,0.00,N,Y,N,,N,N,,,,,0.00,0.00,0.00,0.00,0.00,0.00,0.00,0.00,0.00,N,N,,,Juanjose,,
CE0006373,IDS Expired,AB+,07/03/1978,,Male,Caucasian,"LP, WB, BM,",BM 100ml,Negative,,,68.40,150.80,173.00,68.10,23.00,N,N,N,,Y,Y,12/17/2020,10/30/2020,03/29/2021,06/27/2021,13.60,242.00,40.80,57.00,3.40,0.00,107.00,65.00,36.90,N,N,,,Cory,,
CE0006374,IDS Expired,A+,11/01/1974,,Female,Caucasian,"LP, WB,",,negative,,,123.60,272.50,167.00,65.80,44.80,Y,N,N,,N,N,,,09/25/2020,12/24/2020,14.00,312.00,41.70,62.00,11.20,0.00,124.00,82.00,36.00,N,N,,,Kimberly,,
CE0006375,Not Responsive,,08/10/2001,,,,,,,,,0.00,0.00,0.00,0.00,0.00,N,N,N,,N,N,,,,,0.00,0.00,0.00,0.00,0.00,0.00,0.00,0.00,0.00,N,N,,,Emily,,
CE0006376,Eligible,O+,02/23/1978,,Female,Hispanic,"LP,",DQ,,Negative,,88.30,194.67,165.00,64.96,32.43,Y,N,Y,"Medication,",Y,N,,07/15/2026,07/15/2026,10/13/2026,12.05,310.00,35.10,94.00,6.54,0.00,134.00,69.00,36.40,Y,Y,10/14/2025,allergies: sulfa antiobiotics;,Wendy,,
CE0006377,Ineligible,B+,05/11/2000,,FTM,Mixed,,,,Negative,NEGATIVE,69.80,153.88,158.00,62.20,27.96,N,N,N,,Y,N,02/07/2022,04/03/2023,02/14/2023,05/15/2023,11.09,288.20,32.30,91.00,5.48,0.00,113.00,61.00,36.50,N,Y,02/07/2022,DQ from ALL donations d/t consistently low hgb.,Kai Dragon,04/03/2023,NEGATIVE
CE0006378,Deferred,A-,07/27/1975,,Female,Caucasian,"WB, BM,",BM 100ml,,Negative,,92.00,202.83,172.00,67.72,31.10,Y,N,Y,"Environmental,",Y,Y,10/09/2024,,08/28/2024,11/26/2024,12.01,359.00,36.10,73.00,6.59,0.00,109.00,65.00,35.90,N,Y,02/02/2022,ALLERGY: LEAF MOLD,Bronwyn,,
CE0006379,Ineligible,A+,07/27/1998,,FTM,AfricanAmerican,,,Negative,,,64.00,141.10,168.00,66.10,22.30,Y,N,N,,N,N,06/02/2021,,05/20/2021,08/18/2021,15.20,219.00,46.80,81.00,3.10,0.00,125.00,85.00,36.40,N,N,,,Destanye,,
CE0006380,Not Responsive,,01/15/1991,,,,,,,,,0.00,0.00,0.00,0.00,0.00,N,N,N,,N,N,,,,,0.00,0.00,0.00,0.00,0.00,0.00,0.00,0.00,0.00,N,N,,,Gladiliana,,
CE0006381,Ineligible,O-,11/12/1965,,Male,Caucasian,,,,Negative,,67.30,148.37,182.90,72.01,20.12,Y,N,N,,Y,N,10/27/2021,09/16/2021,10/27/2021,01/25/2022,15.63,178.90,44.20,97.00,7.61,0.00,123.00,82.00,36.80,N,N,,,Christopher,,
CE0006382,Ineligible,A+,09/19/1993,,Female,AfricanAmerican,,,,Positive,,88.10,194.20,167.70,66.00,31.30,N,N,N,,Y,N,,11/30/2021,10/18/2021,01/16/2022,12.40,151.10,37.50,83.00,7.70,0.00,108.00,63.00,36.30,N,N,,,Shanikwa,,
CE0006383,IDS Expired,O+,04/21/1990,,Female,Caucasian,"LP, WB, BM,",",bm50ml,bm100ml,",negative,,,84.60,186.50,163.50,64.40,32.20,Y,N,N,,Y,N,,11/30/2020,10/02/2020,12/31/2020,14.10,276.20,40.80,91.00,8.20,0.00,121.00,74.00,36.80,N,N,,,Christi,,
CE0006384,IDS Expired,A+,05/29/1981,,Male,Caucasian,"WB, BM,",BM 100ml,,Negative,POSITIVE,89.50,197.30,171.50,67.50,30.40,N,N,N,,Y,N,04/12/2024,08/19/2022,04/12/2024,07/11/2024,15.20,238.60,44.40,91.00,8.60,0.00,127.00,84.00,36.00,N,Y,03/16/2022,"08/04/23 - ""Prefers BMA. Qualifies for LP if he changes his mind.""
INELIGIBLE for mLP d/t age.",Ryan,,
CE0006385,Not Responsive,,02/18/1997,,,,,,,,,0.00,0.00,0.00,0.00,0.00,N,N,N,,N,N,,,,,0.00,0.00,0.00,0.00,0.00,0.00,0.00,0.00,0.00,N,N,,,"Falakiko ""Kiko""",,
CE0006386,Ineligible,O+,08/27/1969,,Male,AfricanAmerican,,,Positive,,,97.30,214.50,177.00,69.70,30.00,N,Y,N,,Y,Y,,03/03/2021,03/03/2021,06/01/2021,13.20,211.00,41.20,73.00,5.50,0.00,116.00,76.00,36.10,N,N,,,Patrick,,
CE0006387,Not Responsive,,02/28/1992,,,,,,,,,0.00,0.00,0.00,0.00,0.00,N,N,N,,N,N,,,,,0.00,0.00,0.00,0.00,0.00,0.00,0.00,0.00,0.00,N,N,,,Talib,,
CE0006388,Ineligible,,12/26/1997,,Female,AfricanAmerican,,,,,,67.10,147.90,169.50,66.70,23.40,N,N,N,,N,N,,,,,11.70,330.00,36.10,83.00,3.70,0.00,108.00,64.00,37.00,N,N,,,Annie,,
CE0006389,IDS Expired,,11/28/1992,,Female,asian,"LP, WB, BM,",",bm50ml,bm100ml,",Positive,,,97.70,215.40,163.50,64.40,36.60,Y,N,N,,N,N,,,10/02/2020,12/31/2020,14.40,291.00,43.10,96.00,8.00,0.00,145.00,93.00,37.10,N,N,,,Jacy,,
CE0006390,Ineligible,,03/02/1965,,,,,,,,,0.00,0.00,0.00,0.00,0.00,N,N,N,,N,N,,,,,0.00,0.00,0.00,0.00,0.00,0.00,0.00,0.00,0.00,N,N,,,Randall,,
CE0006391,IDS Expired,AB+,02/25/1972,,Female,Caucasian,"LP, WB, BM,",",bm50ml,bm100ml,",positive,,,69.80,153.90,162.60,64.00,26.40,N,N,N,,N,N,,,10/06/2020,01/04/2021,13.70,229.00,42.10,73.00,4.70,0.00,134.00,90.00,36.60,N,N,,,Jennifer,,
CE0006392,IDS Expired,A+,05/15/2000,,Female,Mixed,"BM,",,positive,,,65.10,143.50,156.00,61.40,25.90,Y,N,N,,Y,Y,02/25/2021,,02/25/2021,05/26/2021,14.70,333.00,44.90,78.00,5.70,0.00,113.00,78.00,36.80,N,N,,,Evonnie Lovely,,
CE0006393,Not Responsive,A+,04/23/1992,,Male,Mixed,,DQ,positive,,,103.60,228.40,175.50,69.10,35.70,N,N,N,,Y,Y,,03/30/2021,03/16/2021,06/14/2021,16.00,280.70,40.90,72.00,8.00,0.00,118.00,80.00,37.20,N,N,,,Michael,,
CE0006394,Ineligible,O+,08/28/1981,,Female,Caucasian,"LP,",DQ,,Negative,,86.20,190.00,170.00,66.90,29.80,N,N,N,,Y,Y,12/03/2020,07/11/2024,07/11/2024,10/09/2024,11.70,191.40,35.60,84.00,6.00,0.00,142.00,81.00,36.00,N,Y,02/08/2022,,Andrea,,
CE0006395,Not Responsive,,01/07/1985,,,,,,,,,0.00,0.00,0.00,0.00,0.00,N,N,N,,N,N,,,,,0.00,0.00,0.00,0.00,0.00,0.00,0.00,0.00,0.00,N,N,,,I-Wen,,
CE0006396,Not Responsive,,01/14/1976,,,,,,,,,0.00,0.00,0.00,0.00,0.00,N,N,N,,N,N,,,,,0.00,0.00,0.00,0.00,0.00,0.00,0.00,0.00,0.00,N,N,,,Christina,,
CE0006397,IDS Expired,A+,03/19/1997,,Male,Hispanic,"LP, WB, BM,",BM 100ml,Negative,,,102.50,226.00,177.80,70.00,32.40,N,N,N,,Y,Y,12/22/2021,10/12/2020,11/23/2021,02/21/2022,14.40,210.60,43.20,60.00,5.00,0.00,132.00,76.00,36.50,N,N,,,Aaron,,
CE0006398,Not Responsive,,08/22/1972,,,,,,,,,0.00,0.00,0.00,0.00,0.00,N,N,N,,N,N,,,,,0.00,0.00,0.00,0.00,0.00,0.00,0.00,0.00,0.00,N,N,,,James,,
CE0006399,Not Responsive,,04/04/1992,,,,,,,,,0.00,0.00,0.00,0.00,0.00,N,N,N,,N,N,,,,,0.00,0.00,0.00,0.00,0.00,0.00,0.00,0.00,0.00,N,N,,,Evan,,
CE0006400,Not Responsive,,11/07/1975,,,,,,,,,0.00,0.00,0.00,0.00,0.00,N,N,N,,N,N,,,,,0.00,0.00,0.00,0.00,0.00,0.00,0.00,0.00,0.00,N,N,,,Jacquelyn,,
CE0006401,Not Responsive,,08/15/2000,,,,,,,,,0.00,0.00,0.00,0.00,0.00,N,N,N,,N,N,,,,,0.00,0.00,0.00,0.00,0.00,0.00,0.00,0.00,0.00,N,N,,,Catherine,,
CE0006402,Not Responsive,,04/14/1976,,,,,,,,,0.00,0.00,0.00,0.00,0.00,N,N,N,,N,N,,,,,0.00,0.00,0.00,0.00,0.00,0.00,0.00,0.00,0.00,N,N,,,Jessica,,
CE0006403,Not Responsive,,12/08/1998,,,,,,,,,0.00,0.00,0.00,0.00,0.00,N,N,N,,N,N,,,,,0.00,0.00,0.00,0.00,0.00,0.00,0.00,0.00,0.00,N,N,,,Kayla,,
CE0006404,Not Responsive,,02/12/1991,,,,,,,,,0.00,0.00,0.00,0.00,0.00,N,N,N,,N,N,,,,,0.00,0.00,0.00,0.00,0.00,0.00,0.00,0.00,0.00,N,N,,,Cobbra,,
CE0006405,Not Responsive,,01/22/1993,,,,,,,,,0.00,0.00,0.00,0.00,0.00,N,N,N,,N,N,,,,,0.00,0.00,0.00,0.00,0.00,0.00,0.00,0.00,0.00,N,N,,,Gabriela,,
CE0006406,IDS Expired,A+,05/28/1990,,Male,asian,"LP, WB, BM,",",bm50ml,bm100ml,",positive,,,67.80,149.50,167.50,65.90,24.10,N,N,N,,N,N,11/04/2020,,10/05/2020,01/03/2021,15.80,194.00,44.90,79.00,6.30,0.00,116.00,72.00,36.50,N,N,,,Kelvin,,
CE0006407,Ineligible,A+,05/08/1985,,Male,asian,"LP, WB, BM,",",bm50ml,bm100ml,",negative,,,89.80,197.98,178.50,70.30,27.80,N,N,N,,N,N,,11/19/2020,11/13/2020,02/11/2021,13.91,193.40,41.90,93.00,4.90,0.00,129.00,82.00,36.60,N,N,,,George,,
CE0006408,Ineligible,A+,06/26/1974,,Male,Mixed,"LP, WB, BM,",",bm50ml,bm100ml,",negative,,,114.50,252.40,183.50,72.20,34.00,N,N,N,,N,N,,,10/12/2020,01/10/2021,14.40,233.00,44.60,87.00,6.50,0.00,136.00,92.00,36.80,N,N,,,Adam,,
CE0006409,IDS Expired,B-,03/16/1992,,Male,asian,"LP, WB,",,negative,,,81.20,179.00,181.00,71.30,24.80,N,N,N,,N,N,,,10/07/2020,01/05/2021,16.40,304.00,50.30,74.00,5.50,0.00,142.00,72.00,36.70,N,N,,,Gurdeep,,
CE0006410,Ineligible,O+,12/07/1998,,FTM,Caucasian,"LP, WB,",Not Interested,,Negative,,67.10,147.90,166.50,65.60,24.30,Y,N,N,,Y,Y,,07/29/2021,06/15/2021,09/13/2021,15.60,177.30,47.00,76.00,4.90,0.00,127.00,73.00,36.80,N,N,,,Roberto,,
CE0006411,Not Responsive,,05/07/1999,,,,,,,,,0.00,0.00,0.00,0.00,0.00,N,N,N,,N,N,,,,,0.00,0.00,0.00,0.00,0.00,0.00,0.00,0.00,0.00,N,N,,,Amber,,
CE0006412,Ineligible,O+,07/06/1973,,Female,Mixed,,,Positive,,,71.50,157.60,159.00,62.60,27.60,Y,N,N,,N,N,,,10/06/2020,01/04/2021,12.90,340.90,39.90,74.00,7.40,0.00,177.00,105.00,36.60,N,N,,,Melinda,,
CE0006413,IDS Expired,O+,12/16/1996,,Male,Hispanic,"LP, WB, BM,",BM 100ml,,Negative,Negative,72.60,160.10,170.20,67.00,25.10,N,N,N,,Y,N,11/30/2022,10/24/2022,10/06/2022,01/04/2023,14.90,228.00,44.10,79.00,4.10,0.00,123.00,70.00,36.50,N,Y,10/06/2022,,Nicholas,,
CE0006414,IDS Expired,O+,03/26/1977,,Male,Hispanic,"LP, WB,",DQ,,Negative,,97.70,215.40,178.00,70.10,30.80,Y,N,N,,Y,N,,06/28/2022,06/28/2022,09/26/2022,15.30,149.70,44.30,67.00,3.10,0.00,126.00,68.00,37.10,N,N,,,Antonio M,,
CE0006415,Not Responsive,,04/24/1981,,,,,,,,,0.00,0.00,0.00,0.00,0.00,N,N,N,,N,N,,,,,0.00,0.00,0.00,0.00,0.00,0.00,0.00,0.00,0.00,N,N,,,Benjamin,,
CE0006416,Not Responsive,,10/16/2020,,,,,,,,,0.00,0.00,0.00,0.00,0.00,N,N,N,,N,N,,,,,0.00,0.00,0.00,0.00,0.00,0.00,0.00,0.00,0.00,N,N,,,Deeshane,,
CE0006417,IDS Expired,O+,08/24/1995,,Female,Mixed,"LP, WB,",,positive,,,84.20,185.60,161.00,63.40,32.00,N,N,N,,Y,N,,11/03/2020,10/08/2020,01/06/2021,12.50,235.20,37.40,84.00,9.30,0.00,130.00,65.00,37.00,N,N,,,Elisha,,
CE0006418,IDS Expired,O+,03/22/1997,,Male,Hispanic,"LP, WB,",,negative,,,94.10,207.50,183.00,72.10,28.40,N,N,N,,Y,Y,,11/02/2020,10/15/2020,01/13/2021,15.10,229.00,45.20,77.00,6.80,0.00,151.00,80.00,36.40,N,N,,,Jacob,,
CE0006419,Deferred,B+,07/20/1990,,Male,Caucasian,,,,Positive,POSITIVE,80.70,177.90,178.00,70.10,25.50,N,N,N,,Y,N,,01/04/2022,01/04/2022,04/04/2022,10.80,373.20,30.90,88.00,5.00,0.00,127.00,82.00,36.90,N,N,,,John R,,
CE0006421,Not Responsive,O+,04/16/1989,,Female,asian,"BM,",,positive,,,63.80,140.70,159.00,62.60,25.20,Y,N,N,,N,N,,,10/15/2020,01/13/2021,13.90,256.00,41.60,81.00,5.60,0.00,132.00,86.00,37.40,N,N,,,Sachille,,
CE0006422,Not Responsive,,09/08/2000,,,,,,,,,0.00,0.00,0.00,0.00,0.00,N,N,N,,N,N,,,,,0.00,0.00,0.00,0.00,0.00,0.00,0.00,0.00,0.00,N,N,,,Ashley,,
CE0006423,IDS Expired,B+,06/05/1992,,Female,Caucasian,"LP, WB,",DQ,,Negative,POSITIVE,95.60,210.80,165.00,65.00,35.10,Y,N,N,,Y,N,,02/09/2026,02/09/2026,05/10/2026,13.50,213.40,40.10,85.00,8.50,0.00,112.00,66.00,36.20,N,Y,02/16/2022,DQ mLP d/t vein,Kaitlyn,04/17/2024,Positive
CE0006424,IDS Expired,B+,02/18/1998,,Female,Hispanic,"BM,",BM 100ml,,Positive,,74.20,163.60,160.00,63.00,29.00,N,N,N,,Y,N,11/03/2021,,08/02/2023,10/31/2023,14.00,238.60,40.40,88.00,5.80,0.00,110.00,73.00,36.20,N,N,,,Madeline,,
CE0006425,IDS Expired,A+,01/11/1997,,Male,Mixed,"LP, WB, BM,",BM 100ml,,Negative,,77.60,171.10,174.00,68.50,25.60,N,N,N,,Y,N,03/10/2021,04/19/2021,02/07/2022,05/08/2022,16.60,208.60,49.90,61.00,3.70,0.00,134.00,87.00,36.90,N,N,,,Matthew,,
CE0006426,Not Responsive,,03/03/1999,,,,,,,,,0.00,0.00,0.00,0.00,0.00,N,N,N,,N,N,,,,,0.00,0.00,0.00,0.00,0.00,0.00,0.00,0.00,0.00,N,N,,,A'Shari,,
CE0006427,Not Responsive,,04/05/1980,,,,,,,,,0.00,0.00,0.00,0.00,0.00,N,N,N,,N,N,,,,,0.00,0.00,0.00,0.00,0.00,0.00,0.00,0.00,0.00,N,N,,,Kellie,,
CE0006428,Ineligible,O+,12/16/1997,,Female,asian,,,Negative,,,79.50,175.30,153.50,60.40,33.70,N,N,N,,Y,Y,04/07/2021,11/05/2020,04/07/2021,07/06/2021,14.80,336.00,43.70,87.00,8.50,0.00,117.00,80.00,36.90,N,N,,,Abigail,,
CE0006429,Ineligible,O+,03/24/1967,,Male,asian,,,,Positive,,65.70,144.84,162.20,63.86,24.97,Y,N,N,,Y,N,03/15/2023,07/16/2021,03/15/2023,06/13/2023,15.89,217.40,46.60,97.00,5.29,0.00,145.00,99.00,36.10,N,Y,02/16/2022,"prefers ""Dave""",Thasanai,,
CE0006430,Not Responsive,,04/22/1982,,,,,,,,,0.00,0.00,0.00,0.00,0.00,N,N,N,,N,N,,,,,0.00,0.00,0.00,0.00,0.00,0.00,0.00,0.00,0.00,N,N,,,Sonia,,
CE0006431,Ineligible,,02/18/1981,,,,,,,,,0.00,0.00,0.00,0.00,0.00,N,N,N,,N,N,,,,,0.00,0.00,0.00,0.00,0.00,0.00,0.00,0.00,0.00,N,N,,,Matthew,,
CE0006433,Not Responsive,,04/16/1994,,,,,,,,,0.00,0.00,0.00,0.00,0.00,N,N,N,,N,N,,,,,0.00,0.00,0.00,0.00,0.00,0.00,0.00,0.00,0.00,N,N,,,Rachel,,
CE0006434,IDS Expired,A+,06/24/1983,,Male,Hispanic,"LP, WB,",DQ,,Negative,,81.30,179.20,168.00,66.10,28.80,Y,N,N,,Y,N,,10/12/2021,10/12/2021,01/10/2022,15.80,171.30,45.20,36.90,6.00,0.00,144.00,87.00,66.00,N,N,,,Rafael,,
CE0006435,Eligible,A+,07/06/1995,,Male,Hispanic,"LP, WB, MLP,",Not Interested,,Positive,POSITIVE,86.30,190.26,170.00,66.93,29.86,N,Y,Y,"Environmental,",Y,Y,,06/11/2026,06/11/2026,09/09/2026,15.95,229.50,46.80,80.00,5.05,0.00,131.00,73.00,36.00,Y,Y,03/24/2022,"Next mobilized LP 10/22/2025;
ALLERGIES: SEASONAL/lv",Cesar,,
CE0006436,Ineligible,B+,09/24/1990,,Female,Caucasian,"WB, BM,",BM 100ml,,Negative,,60.20,132.70,167.00,65.80,22.30,Y,N,N,,Y,Y,06/09/2021,04/06/2021,06/09/2021,09/07/2021,14.00,209.70,40.30,83.00,4.80,0.00,112.00,76.00,36.40,N,N,,,Alice,,
CE0006437,IDS Expired,AB+,12/06/1994,,Female,asian,"LP, WB,",Not Interested,,Negative,POSITIVE,60.60,133.60,159.00,62.60,24.00,N,N,Y,"Medication,",Y,N,08/08/2023,05/02/2024,02/20/2024,05/20/2024,15.00,414.80,46.40,90.00,10.30,0.00,131.00,87.00,36.20,N,Y,01/28/2022,02/20 - continue to monitor plt counts for significant increases (already cleared by PCP),Kalawrena,,
CE0006439,Not Responsive,,07/20/1985,,,,,,,,,0.00,0.00,0.00,0.00,0.00,N,N,N,,N,N,,,,,0.00,0.00,0.00,0.00,0.00,0.00,0.00,0.00,0.00,N,N,,,Shasta,,
CE0006440,Not Responsive,,03/15/1984,,Female,AfricanAmerican,,,,,,84.60,186.50,164.00,64.60,31.50,N,N,N,,N,N,,,,,0.00,0.00,0.00,84.00,0.00,0.00,124.00,86.00,36.40,N,N,,,Catherine,,
CE0006441,IDS Expired,O+,03/01/1992,,Male,Caucasian,"LP, WB, BM,",BM 100ml,,Positive,,91.40,201.50,190.50,75.00,25.20,N,N,N,,Y,Y,02/09/2022,,02/09/2022,05/10/2022,13.50,245.80,38.70,90.00,6.40,0.00,152.00,76.00,36.90,N,Y,02/09/2022,,Michael,,
CE0006442,Ineligible,A+,01/19/1999,,Female,Hispanic,,,positive,,,72.60,160.10,160.50,63.20,28.20,N,N,N,,N,N,,,11/05/2020,02/03/2021,14.30,220.40,41.40,71.00,7.20,0.00,124.00,78.00,36.60,N,N,,,Vilma,,
CE0006443,IDS Expired,O+,10/04/1992,,Female,Caucasian,"BM,",BM 100ml,positive,,,65.90,145.30,167.50,65.90,23.60,N,N,N,,N,N,02/04/2021,,02/11/2021,05/12/2021,12.30,254.00,36.90,94.00,3.80,0.00,102.00,64.00,36.90,N,N,,,Amy,,
CE0006444,IDS Expired,O-,04/17/2000,,Female,AfricanAmerican,"LP, WB, BM,",BM 100ml,Positive,,POSITIVE,65.30,144.00,160.00,63.00,24.60,Y,N,N,,Y,N,12/17/2020,10/28/2020,10/20/2020,01/18/2021,13.10,183.00,38.20,70.00,5.70,0.00,141.00,77.00,36.90,N,N,,,Ta Mia,,
CE0006445,Not Responsive,,03/27/1996,,,,,,,,,0.00,0.00,0.00,0.00,0.00,N,N,N,,N,N,,,,,0.00,0.00,0.00,0.00,0.00,0.00,0.00,0.00,0.00,N,N,,,Armida,,
CE0006446,IDS Expired,O+,09/27/1992,,Male,asian,"LP, WB,",Not Interested,,Positive,,81.20,179.00,168.50,66.30,28.60,N,N,N,,Y,N,,04/26/2022,04/26/2022,07/25/2022,14.20,182.10,41.50,82.00,4.60,0.00,143.00,80.00,36.10,N,Y,04/26/2022,,Chu Wen,,
CE0006447,IDS Expired,B+,04/30/1998,,Male,AfricanAmerican,"LP, WB,",Not Interested,,Positive,,65.90,145.30,165.00,65.00,24.20,N,N,N,,Y,N,03/01/2021,07/12/2022,07/12/2022,10/10/2022,14.30,237.70,42.90,67.00,4.90,0.00,110.00,66.00,36.90,N,Y,02/16/2022,,Xavier,,
CE0006448,Ineligible,A+,06/19/1999,,Male,Caucasian,,,,Negative,,87.40,192.68,184.00,72.44,25.82,N,N,N,,Y,N,02/18/2021,09/01/2021,09/01/2021,11/30/2021,13.29,154.60,40.70,70.00,2.95,0.00,130.00,70.00,36.80,N,N,,,Steven,,
CE0006449,Not Responsive,,06/12/1982,,,,,,,,,117.90,259.90,162.50,64.00,44.70,N,N,N,,N,N,,,,,11.90,293.70,35.40,78.00,8.00,0.00,118.00,83.00,36.00,N,N,,,Patricia,,
CE0006450,IDS Expired,A+,04/12/2001,,Male,Hispanic,"LP, WB, BM,",BM 100ml,Negative,,,66.80,147.30,168.00,66.10,22.40,N,N,N,,Y,N,03/16/2021,11/02/2020,03/16/2021,06/14/2021,14.70,257.00,43.10,65.00,4.30,0.00,117.00,64.00,36.90,N,N,,,Jesse,,
CE0006451,IDS Expired,A+,03/12/1985,,Female,Caucasian,"LP, WB, BM,",BM 100ml,,Negative,POSITIVE,101.10,222.90,179.00,70.50,31.60,Y,N,N,,Y,N,04/28/2025,06/12/2023,02/18/2025,05/19/2025,13.30,285.50,39.20,91.00,8.30,0.00,129.00,81.00,36.40,N,Y,01/31/2022,DQ mLP d/t BMI & polypharmacy,Kate,03/29/2023,POSITIVE
CE0006452,Ineligible,,05/02/2000,,Female,AfricanAmerican,,,,,,58.20,128.30,161.00,63.40,22.50,N,N,N,,N,N,,,,,0.00,0.00,0.00,97.00,0.00,0.00,129.00,88.00,36.60,N,N,,,Kaylah,,
CE0006453,Ineligible,,03/11/1997,,,,,,,,,140.10,308.87,181.00,71.26,42.76,N,N,N,,N,N,,,,,0.00,0.00,0.00,0.00,0.00,0.00,0.00,0.00,0.00,N,N,,,Joanna,,
CE0006454,IDS Expired,O+,04/01/1998,,Female,Mixed,"LP, WB,",DQ,,Negative,,87.50,192.90,166.00,65.40,31.80,N,N,N,,Y,N,11/10/2020,07/05/2022,07/05/2022,10/03/2022,13.20,277.30,37.60,100.00,5.90,0.00,116.00,59.00,36.90,N,Y,02/11/2022,,Perla,,
CE0006455,Not Responsive,,03/14/1986,,,,,,,,,0.00,0.00,0.00,0.00,0.00,N,N,N,,N,N,,,,,0.00,0.00,0.00,0.00,0.00,0.00,0.00,0.00,0.00,N,N,,,Mauelua,,
CE0006456,Ineligible,,06/18/1978,,,,,,,,,136.70,301.40,170.00,66.90,47.30,N,N,N,,N,N,,,,,0.00,0.00,0.00,0.00,0.00,0.00,0.00,0.00,0.00,N,N,,,Charis,,
CE0006457,Not Responsive,,12/08/2001,,,,,,,,,0.00,0.00,0.00,0.00,0.00,N,N,N,,N,N,,,,,0.00,0.00,0.00,0.00,0.00,0.00,0.00,0.00,0.00,N,N,,,Reynaldo,,
CE0006458,Not Responsive,,08/28/2020,,,,,,,,,0.00,0.00,0.00,0.00,0.00,N,N,N,,N,N,,,,,0.00,0.00,0.00,0.00,0.00,0.00,0.00,0.00,0.00,N,N,,,Dawn,,
CE0006459,IDS Expired,O+,04/18/1984,,Male,Mixed,"LP, WB, BM,",BM 100ml,,Positive,,87.50,192.90,171.50,67.50,29.80,Y,N,N,,Y,Y,06/09/2021,09/16/2022,09/16/2022,12/15/2022,15.40,200.60,44.60,75.00,6.10,0.00,150.00,88.00,36.80,N,Y,02/08/2022,,Darrin,,
CE0006460,Not Responsive,,04/17/1989,,,,,,,,,0.00,0.00,0.00,0.00,0.00,N,N,N,,N,N,,,,,0.00,0.00,0.00,0.00,0.00,0.00,0.00,0.00,0.00,N,N,,,Dymond,,
CE0006461,Not Responsive,,05/20/1970,,,,,,,,,0.00,0.00,0.00,0.00,0.00,N,N,N,,N,N,,,,,0.00,0.00,0.00,0.00,0.00,0.00,0.00,0.00,0.00,N,N,,,Tina,,
CE0006463,Not Responsive,,01/02/1989,,,,,,,,,0.00,0.00,0.00,0.00,0.00,N,N,N,,N,N,,,,,0.00,0.00,0.00,0.00,0.00,0.00,0.00,0.00,0.00,N,N,,,Christina,,
CE0006465,Not Responsive,,03/30/1983,,,,,,,,,0.00,0.00,0.00,0.00,0.00,N,N,N,,N,N,,,,,0.00,0.00,0.00,0.00,0.00,0.00,0.00,0.00,0.00,N,N,,,Nicole,,
CE0006466,IDS Expired,A+,03/04/1986,,Male,AfricanAmerican,"LP, WB, BM,",",bm100ml,",negative,,,63.90,140.90,167.00,65.80,22.90,Y,N,N,,N,N,,,10/29/2020,01/27/2021,13.80,230.00,41.00,54.00,5.40,0.00,129.00,80.00,36.60,N,N,,,Apollo,,
CE0006467,IDS Expired,A+,03/20/1989,,Male,Caucasian,"BM,",BM 100ml,Negative,,,93.10,205.30,186.00,73.20,26.00,N,N,N,,Y,Y,03/24/2021,02/16/2021,02/16/2021,05/17/2021,13.70,264.00,45.20,74.00,4.80,0.00,131.00,80.00,36.90,N,N,,,David,,
CE0006468,Not Responsive,,01/21/1966,,,,,,,,,0.00,0.00,0.00,0.00,0.00,N,N,N,,N,N,,,,,0.00,0.00,0.00,0.00,0.00,0.00,0.00,0.00,0.00,N,N,,,Kenneth,,
CE0006469,IDS Expired,A-,05/26/1968,,Female,Caucasian,"LP, WB,",DQ,,Positive,,68.50,151.00,176.00,69.30,22.10,N,N,N,,Y,Y,,06/28/2022,06/28/2022,09/26/2022,13.40,147.80,37.30,65.00,4.00,0.00,133.00,78.00,36.90,N,Y,04/01/2022,,Alison,,
CE0006470,Not Responsive,,,,,,,,,,,0.00,0.00,0.00,0.00,0.00,N,N,N,,N,N,,,,,0.00,0.00,0.00,0.00,0.00,0.00,0.00,0.00,0.00,N,N,,,Jessica,,
CE0006471,Not Responsive,,06/01/1997,,,,,,,,,56.40,124.30,169.00,66.50,19.80,N,N,N,,N,N,,,,,0.00,0.00,0.00,92.00,0.00,0.00,120.00,73.00,36.90,N,N,,,Petra,,
CE0006472,Not Responsive,,03/30/1982,,,,,,,,,0.00,0.00,0.00,0.00,0.00,N,N,N,,N,N,,,,,0.00,0.00,0.00,0.00,0.00,0.00,0.00,0.00,0.00,N,N,,,Kristina,,
CE0006473,Ineligible,,06/13/1982,,,,,,,,,85.80,189.20,166.00,65.40,31.10,N,N,N,,N,N,,,,,0.00,0.00,0.00,83.00,0.00,0.00,133.00,94.00,36.30,N,N,,,Robin,,
CE0006474,Ineligible,A+,08/07/1991,,Male,Caucasian,"LP, WB,",Not Interested,,Positive,,113.00,249.10,172.70,68.00,37.90,N,N,N,,Y,Y,,11/29/2021,11/22/2021,02/20/2022,15.30,186.10,44.10,71.00,5.50,0.00,105.00,64.00,36.80,N,N,,,Ahmad,,
CE0006475,Eligible,B+,08/31/2001,,Male,Hispanic,"LP, WB,",DQ,,Positive,POSITIVE,101.20,223.11,168.00,66.14,35.86,Y,N,N,,Y,N,,07/20/2026,06/02/2026,08/31/2026,14.20,238.30,41.40,89.00,3.40,0.00,142.00,75.00,36.30,Y,Y,01/21/2022,DQ mLP d/t veins/suitability,Ronald,,
CE0006476,Ineligible,O+,08/24/1989,,Male,AfricanAmerican,,,negative,,,120.50,265.70,180.00,70.90,37.20,N,Y,N,,N,N,,,10/27/2020,01/25/2021,16.10,214.00,48.20,85.00,6.90,0.00,156.00,94.00,37.00,N,N,,,Daniel,,
CE0006477,Ineligible,,07/16/1994,,,,,,,,,86.60,190.92,167.00,65.75,31.05,N,N,N,,N,N,,,,,0.00,0.00,0.00,97.00,0.00,0.00,117.00,83.00,37.50,N,N,,,Briana,,
CE0006478,Not Responsive,,09/15/1987,,,,,,,,,0.00,0.00,0.00,0.00,0.00,N,N,N,,N,N,,,,,0.00,0.00,0.00,0.00,0.00,0.00,0.00,0.00,0.00,N,N,,,Amanda,,
CE0006479,Not Responsive,,11/29/1994,,,,,,,,,0.00,0.00,0.00,0.00,0.00,N,N,N,,N,N,,,,,0.00,0.00,0.00,0.00,0.00,0.00,0.00,0.00,0.00,N,N,,,Joanna,,
CE0006480,Ineligible,,12/06/1981,,,,,,,,,120.20,265.00,164.50,64.80,44.40,N,N,N,,N,N,,,,,0.00,0.00,0.00,70.00,0.00,0.00,107.00,65.00,0.00,N,N,,,Roxana,,
CE0006481,Eligible,A+,07/26/1993,,Male,Hispanic,"LP, WB,",Not Interested,,Positive,POSITIVE,97.60,215.17,169.00,66.54,34.17,N,Y,N,,Y,Y,,06/11/2026,05/07/2026,08/05/2026,15.18,210.90,45.80,76.00,5.79,0.00,155.00,86.00,36.60,Y,Y,01/24/2022,,Juan,02/20/2024,POSITIVE
CE0006482,IDS Expired,O+,12/01/1980,,Female,asian,"BM,",BM 100ml,,Positive,POSITIVE,72.10,159.00,154.90,61.00,30.10,Y,Y,N,,Y,Y,,03/09/2023,01/12/2023,04/12/2023,13.80,272.30,40.40,77.00,6.80,0.00,112.00,69.00,36.90,N,Y,02/09/2022,,Maria,,
CE0006483,Not Responsive,,08/11/2001,,,,,,,,,0.00,0.00,0.00,0.00,0.00,N,N,N,,N,N,,,,,0.00,0.00,0.00,0.00,0.00,0.00,0.00,0.00,0.00,N,N,,,Alexa,,
CE0006484,IDS Expired,AB-,11/10/1973,,Male,Caucasian,"LP, WB, BM,",",bm100ml,",negative,,,75.90,167.30,183.00,72.10,22.30,N,N,N,,Y,N,,11/17/2020,11/04/2020,02/02/2021,15.50,194.40,44.30,59.00,3.90,0.00,119.00,78.00,36.00,N,N,,,Peter,,
CE0006485,IDS Expired,O+,04/16/1991,,Female,Hispanic,"LP, WB,",Not Interested,,Negative,,63.20,139.30,155.00,61.00,29.10,N,N,N,,Y,Y,,08/10/2021,06/08/2021,09/06/2021,13.00,325.00,39.00,94.00,6.90,0.00,110.00,74.00,36.80,N,N,,,Natasha,,
CE0006486,IDS Expired,A+,09/14/1992,,Female,asian,"LP,",,negative,Negative,Positive,69.70,153.70,165.00,65.00,25.60,N,N,N,,Y,N,10/31/2024,02/11/2025,02/11/2025,05/12/2025,12.20,343.20,36.50,76.00,6.20,0.00,136.00,77.00,36.00,N,Y,10/31/2024,,Ashley,10/31/2024,Positive
CE0006487,IDS Expired,AB+,07/17/1995,,Female,Mixed,"LP, WB, BM,",BM 100ml,negative,,,60.60,133.60,165.50,65.20,20.90,Y,N,N,,Y,N,03/24/2021,,03/05/2021,06/03/2021,13.40,230.90,44.90,80.00,4.50,0.00,109.00,69.00,36.90,N,N,,,Briana,,
CE0006488,IDS Expired,O+,02/16/2001,,Female,Mixed,"BM,",",bm100ml,",negative,,,71.30,157.20,160.00,63.00,27.90,N,N,N,,N,N,,,11/05/2020,02/03/2021,13.70,241.90,42.00,76.00,5.30,0.00,110.00,71.00,36.00,N,N,,,Tierra,,
CE0006489,Not Responsive,,02/01/1998,,,,,,,,,0.00,0.00,0.00,0.00,0.00,N,N,N,,N,N,,,,,0.00,0.00,0.00,0.00,0.00,0.00,0.00,0.00,0.00,N,N,,,Emily,,
CE0006490,Ineligible,A+,04/20/1998,,Female,AfricanAmerican,"BM,",BM 100ml,positive,,,61.10,134.70,161.50,63.60,23.70,N,N,N,,Y,N,02/19/2021,,03/12/2021,06/10/2021,13.50,198.00,40.60,92.00,5.60,0.00,106.00,66.00,36.60,N,N,,,Trinity,,
CE0006491,Not Responsive,,09/15/1965,,,,,,,,,0.00,0.00,0.00,0.00,0.00,N,N,N,,N,N,,,,,0.00,0.00,0.00,0.00,0.00,0.00,0.00,0.00,0.00,N,N,,,Marchelle,,
CE0006492,IDS Expired,O+,06/18/2001,,Male,AfricanAmerican,"WB, BM,",",bm100ml,",negative,,,98.30,216.70,182.00,71.70,29.70,N,N,N,,N,N,,,11/04/2020,02/02/2021,14.70,220.00,43.90,73.00,5.30,0.00,134.00,79.00,36.90,N,N,,,Jordan,,
CE0006493,Not Responsive,,02/28/1977,,,,,,,,,0.00,0.00,0.00,0.00,0.00,N,N,N,,N,N,,,,,0.00,0.00,0.00,0.00,0.00,0.00,0.00,0.00,0.00,N,N,,,Erica,,
CE0006494,Not Responsive,,02/09/1991,,,,,,,,,0.00,0.00,0.00,0.00,0.00,N,N,N,,N,N,,,,,0.00,0.00,0.00,0.00,0.00,0.00,0.00,0.00,0.00,N,N,,,Raquel,,
CE0006495,IDS Expired,A+,05/12/1988,,Male,Caucasian,"LP, WB,",Not Interested,Negative,,,72.50,159.80,179.50,70.70,22.40,N,N,N,,Y,N,,02/08/2021,02/08/2021,05/09/2021,13.70,232.00,40.90,76.00,4.20,0.00,118.00,61.00,36.50,N,N,,,Jason,,
CE0006496,Not Responsive,,10/20/2001,,,,,,,,,0.00,0.00,0.00,0.00,0.00,N,N,N,,N,N,,,,,0.00,0.00,0.00,0.00,0.00,0.00,0.00,0.00,0.00,N,N,,,Josie,,
CE0006497,IDS Expired,O+,05/19/1981,,Male,Mixed,"LP, WB, BM,",BM 100ml,,Negative,,67.40,148.60,190.50,75.00,18.60,N,Y,N,,Y,Y,03/07/2022,08/03/2021,02/14/2022,05/15/2022,14.50,208.00,41.20,74.00,6.20,0.00,147.00,98.00,36.50,N,Y,03/07/2022,,Akim Jamal,,
CE0006498,Not Responsive,,05/05/1992,,,,,,,,,0.00,0.00,0.00,0.00,0.00,N,N,N,,N,N,,,,,0.00,0.00,0.00,0.00,0.00,0.00,0.00,0.00,0.00,N,N,,,Jeremiah,,
CE0006499,Not Responsive,,02/04/1973,,,,,,,,,0.00,0.00,0.00,0.00,0.00,N,N,N,,N,N,,,,,0.00,0.00,0.00,0.00,0.00,0.00,0.00,0.00,0.00,N,N,,,Michael,,
CE0006500,IDS Expired,B+,07/30/1985,,Female,asian,"LP, WB,",,positive,,,83.60,184.30,164.00,64.60,29.80,N,N,N,,Y,Y,,04/08/2021,02/02/2021,05/03/2021,13.00,265.00,38.80,75.00,5.80,0.00,106.00,66.00,36.40,N,N,,,Judy,,
CE0006501,Ineligible,,09/01/1980,,,,,,,,,76.00,167.60,165.00,65.00,27.90,N,N,N,,N,N,,,,,0.00,0.00,0.00,100.00,0.00,0.00,109.00,81.00,37.30,N,N,,,Kathryn,,
CE0006502,Not Responsive,,03/01/1979,,,,,,,,,0.00,0.00,0.00,0.00,0.00,N,N,N,,N,N,,,,,0.00,0.00,0.00,0.00,0.00,0.00,0.00,0.00,0.00,N,N,,,Gretchen,,
CE0006503,Not Responsive,,08/29/1994,,,,,,,,,0.00,0.00,0.00,0.00,0.00,N,N,N,,N,N,,,,,0.00,0.00,0.00,0.00,0.00,0.00,0.00,0.00,0.00,N,N,,,Laura,,
CE0006504,Not Responsive,,12/18/1993,,,,,,,,,0.00,0.00,0.00,0.00,0.00,N,N,N,,N,N,,,,,0.00,0.00,0.00,0.00,0.00,0.00,0.00,0.00,0.00,N,N,,,Mouaadh,,
CE0006505,Not Responsive,,05/02/1988,,,,,,,,,0.00,0.00,0.00,0.00,0.00,N,N,N,,N,N,,,,,0.00,0.00,0.00,0.00,0.00,0.00,0.00,0.00,0.00,N,N,,,Charles,,
CE0006506,Not Responsive,,02/02/1994,,,,,,,,,0.00,0.00,0.00,0.00,0.00,N,N,N,,N,N,,,,,0.00,0.00,0.00,0.00,0.00,0.00,0.00,0.00,0.00,N,N,,,Ayanna,,
CE0006507,Not Responsive,,02/12/1992,,,,,,,,,0.00,0.00,0.00,0.00,0.00,N,N,N,,N,N,,,,,0.00,0.00,0.00,0.00,0.00,0.00,0.00,0.00,0.00,N,N,,,Molly,,
CE0006508,Not Responsive,,02/19/2001,,,,,,,,,0.00,0.00,0.00,0.00,0.00,N,N,N,,N,N,,,,,0.00,0.00,0.00,0.00,0.00,0.00,0.00,0.00,0.00,N,N,,,Jamison,,
CE0006509,IDS Expired,A+,05/12/1978,,Female,Caucasian,"LP, WB, BM,",BM 100ml,Positive,,,67.80,149.50,160.00,63.00,26.50,N,N,N,,N,N,11/20/2020,,11/12/2020,02/10/2021,13.30,211.70,39.00,78.00,5.10,0.00,109.00,60.00,36.50,N,N,,,Rachel M,,
CE0006510,Not Responsive,,04/03/1992,,,,,,,,,0.00,0.00,0.00,0.00,0.00,N,N,N,,N,N,,,,,0.00,0.00,0.00,0.00,0.00,0.00,0.00,0.00,0.00,N,N,,,Julie,,
CE0006511,IDS Expired,A+,09/19/1985,,Male,asian,,,positive,,,0.00,0.00,0.00,0.00,0.00,N,N,N,,N,N,,,11/12/2020,02/10/2021,14.80,187.00,44.20,62.00,3.90,0.00,145.00,76.00,37.00,N,N,,,Matthew,,
CE0006512,IDS Expired,B+,07/11/1987,,Male,asian,"LP, WB, BM,",BM 100ml,positive,,,85.00,187.40,165.00,65.00,28.90,Y,N,N,,Y,Y,03/24/2021,,03/24/2021,06/22/2021,16.60,361.00,49.70,74.00,5.10,0.00,126.00,88.00,36.90,N,N,,,Kevin,,
CE0006513,Not Responsive,,11/08/1968,,,,,,,,,0.00,0.00,0.00,0.00,0.00,N,N,N,,N,N,,,,,0.00,0.00,0.00,0.00,0.00,0.00,0.00,0.00,0.00,N,N,,,Rosa Miriam,,
CE0006514,IDS Expired,O+,10/26/1991,,Male,asian,"LP, WB, BM,",BM 100ml,Negative,,,86.70,191.10,167.00,65.80,30.30,N,N,N,,Y,N,04/07/2021,,04/07/2021,07/06/2021,16.20,268.00,47.00,100.00,5.50,0.00,144.00,91.00,36.30,N,N,,,Jaime,,
CE0006515,IDS Expired,O+,09/22/1999,,Female,AfricanAmerican,"LP,",DQ,,Negative,,75.40,166.20,166.00,65.40,26.90,Y,N,N,,Y,N,,06/03/2021,06/03/2021,09/01/2021,11.90,272.00,35.10,69.00,4.00,0.00,130.00,81.00,36.50,N,N,,,De'Jah,,
CE0006516,Not Responsive,,08/06/1993,,,,,,,,,0.00,0.00,0.00,0.00,0.00,N,N,N,,N,N,,,,,0.00,0.00,0.00,0.00,0.00,0.00,0.00,0.00,0.00,N,N,,,Andreina,,
CE0006517,Not Responsive,,03/24/1993,,,,,,,,,97.10,214.10,173.50,68.30,32.30,N,N,N,,N,N,,,,,11.10,347.70,33.40,81.00,4.50,0.00,123.00,77.00,36.70,N,N,,,Chiamaka,,
CE0006518,Not Responsive,O+,08/09/1972,,Male,Hispanic,,,negative,,,115.50,254.60,165.50,65.20,41.30,N,N,N,,Y,N,,01/26/2021,12/08/2020,03/08/2021,15.10,219.00,45.20,106.00,10.90,0.00,157.00,106.00,36.90,N,N,,,George,,
CE0006519,Not Responsive,,05/18/1999,,,,,,,,,0.00,0.00,0.00,0.00,0.00,N,N,N,,N,N,,,,,0.00,0.00,0.00,0.00,0.00,0.00,0.00,0.00,0.00,N,N,,,Anna,,
CE0006520,IDS Expired,AB+,03/08/2002,,Female,Caucasian,"BM,",BM 100ml,,Positive,,69.10,152.30,165.10,65.00,25.40,N,N,N,,Y,N,02/25/2022,,01/26/2022,04/26/2022,13.20,191.20,40.90,110.00,4.80,0.00,138.00,83.00,36.50,N,Y,02/25/2022,,Vanessa,,
CE0006521,Not Responsive,,07/03/2002,,,,,,,,,0.00,0.00,0.00,0.00,0.00,N,N,N,,N,N,,,,,0.00,0.00,0.00,0.00,0.00,0.00,0.00,0.00,0.00,N,N,,,Saaraaj,,
CE0006522,Not Responsive,,03/10/1972,,,,,,,,,0.00,0.00,0.00,0.00,0.00,N,N,N,,N,N,,,,,0.00,0.00,0.00,0.00,0.00,0.00,0.00,0.00,0.00,N,N,,,Gregory,,
CE0006524,Ineligible,B+,05/18/1999,,FTM,asian,,,,Positive,NEGATIVE,76.60,168.87,162.00,63.78,29.19,Y,N,Y,"Environmental,",Y,N,07/27/2022,05/30/2023,05/30/2023,08/28/2023,15.14,260.20,44.70,94.00,5.51,0.00,149.00,85.00,36.10,N,Y,02/07/2022,"ALLERGY: POLLEN, DUST",Aaron,05/30/2023,NEGATIVE
CE0006525,IDS Expired,A+,11/03/1979,,Male,Mixed,"LP, WB, BM,",BM 100ml,,Negative,,129.30,285.10,188.50,74.20,36.40,N,N,N,,Y,Y,01/31/2022,12/01/2020,01/31/2022,05/01/2022,14.50,182.30,42.80,66.00,5.70,0.00,124.00,73.00,36.30,N,Y,01/31/2022,"""Used green needle. Deep margins.""",Jeremy,,
CE0006526,Not Responsive,,05/16/2001,,,,,,,,,0.00,0.00,0.00,0.00,0.00,N,N,N,,N,N,,,,,0.00,0.00,0.00,0.00,0.00,0.00,0.00,0.00,0.00,N,N,,,Lyric,,
CE0006527,IDS Expired,O+,06/18/1998,,Female,PacificIslander,"LP, WB,",,negative,,,76.20,168.00,162.50,64.00,28.90,Y,N,N,,N,N,,,11/18/2020,02/16/2021,14.40,273.50,43.00,81.00,6.70,0.00,138.00,85.00,36.90,N,N,,,Danielle,,
CE0006528,IDS Expired,O+,01/10/1999,,Male,PacificIslander,"LP, WB,",Not Interested,Positive,,,84.80,187.00,168.00,66.10,29.40,Y,N,N,,Y,N,,03/03/2021,03/03/2021,06/01/2021,14.00,246.00,44.50,72.00,7.30,0.00,153.00,86.00,36.90,N,N,,,Jeff,,
CE0006529,Not Responsive,,11/03/1991,,,,,,,,,0.00,0.00,0.00,0.00,0.00,N,N,N,,N,N,,,,,0.00,0.00,0.00,0.00,0.00,0.00,0.00,0.00,0.00,N,N,,,Becky,,
CE0006530,IDS Expired,O+,07/16/2001,,Male,Caucasian,"LP, WB, BM,",BM 100ml,,Positive,NEGATIVE,78.70,173.50,179.00,70.50,24.60,N,Y,N,,Y,N,03/30/2021,02/17/2026,02/10/2026,05/11/2026,14.90,154.80,42.70,65.00,4.90,0.00,118.00,61.00,36.20,N,Y,02/17/2022,,Mason Patterson,,
CE0006531,IDS Expired,O+,09/27/1983,,Male,Caucasian,"WB, BM,",,Negative,,,107.80,237.70,189.00,74.40,30.20,Y,N,N,,N,N,,,11/19/2020,02/17/2021,15.70,199.40,44.80,81.00,6.20,0.00,133.00,86.00,37.00,N,N,,,Frank,,
CE0006532,Ineligible,,05/30/1991,,,,,,,,,0.00,0.00,0.00,0.00,0.00,N,N,N,,N,N,,,,,0.00,0.00,0.00,0.00,0.00,0.00,0.00,0.00,0.00,N,N,,,Alyssa,,
CE0006533,Not Responsive,,11/13/1982,,,,,,,,,0.00,0.00,0.00,0.00,0.00,N,N,N,,N,N,,,,,0.00,0.00,0.00,0.00,0.00,0.00,0.00,0.00,0.00,N,N,,,Christina M,,
CE0006534,IDS Expired,B+,03/16/1996,,Female,Mixed,"WB,",,Negative,,,107.00,235.90,174.00,68.50,34.70,Y,N,N,,Y,Y,,,11/19/2020,02/17/2021,13.40,239.70,41.40,86.00,10.40,0.00,131.00,84.00,36.20,N,N,,,Reshonda,,
CE0006535,Not Responsive,,05/01/1967,,,,,,,,,0.00,0.00,0.00,0.00,0.00,N,N,N,,N,N,,,,,0.00,0.00,0.00,0.00,0.00,0.00,0.00,0.00,0.00,N,N,,,Michael C,,
CE0006536,Not Responsive,,07/18/1982,,,,,,,,,0.00,0.00,0.00,0.00,0.00,N,N,N,,N,N,,,,,0.00,0.00,0.00,0.00,0.00,0.00,0.00,0.00,0.00,N,N,,,Hari K,,
CE0006537,IDS Expired,A-,10/09/1993,,Male,AfricanAmerican,"LP, WB,",DQ,positive,,,74.60,164.50,175.00,68.90,23.50,N,N,N,,Y,N,,05/06/2021,03/29/2021,06/27/2021,15.10,187.40,46.80,65.00,3.20,0.00,120.00,80.00,36.80,N,N,,,Rashaud Jamal,,
CE0006538,IDS Expired,A+,06/28/1994,,Female,Hispanic,"LP, WB,",DQ,,Positive,Positive,70.70,155.90,160.00,63.00,27.60,Y,N,N,,Y,N,,12/12/2022,09/22/2023,12/21/2023,14.20,207.70,40.70,68.00,4.40,0.00,122.00,74.00,36.20,N,N,,,Jessica,,
CE0006539,Not Responsive,,12/12/1984,,,,,,,,,0.00,0.00,0.00,0.00,0.00,N,N,N,,N,N,,,,,0.00,0.00,0.00,0.00,0.00,0.00,0.00,0.00,0.00,N,N,,,Lanita,,
CE0006540,Not Responsive,,08/16/1992,,,,,,,,,0.00,0.00,0.00,0.00,0.00,N,N,N,,N,N,,,,,0.00,0.00,0.00,0.00,0.00,0.00,0.00,0.00,0.00,N,N,,,Tyyonia,,
CE0006541,IDS Expired,A-,07/18/1984,,Male,Caucasian,"LP, WB,",,positive,,,86.80,191.40,184.50,72.60,24.80,N,N,N,,Y,Y,,02/16/2021,02/16/2021,05/17/2021,14.20,211.40,42.40,64.00,6.60,0.00,128.00,74.00,36.80,N,N,,,Shane,,
CE0006542,IDS Expired,O+,07/10/1981,,Male,Hispanic,"LP, WB,",,positive,,,86.40,190.50,184.00,72.40,25.50,N,N,N,,N,N,,,12/07/2020,03/07/2021,14.40,202.00,43.80,78.00,6.40,0.00,133.00,82.00,37.00,N,N,,,Roberto,,
CE0006543,Not Responsive,,08/12/1999,,,,,,,,,0.00,0.00,0.00,0.00,0.00,N,N,N,,N,N,,,,,0.00,0.00,0.00,0.00,0.00,0.00,0.00,0.00,0.00,N,N,,,Ana Gallegos,,
CE0006544,Not Responsive,,05/22/1991,,,,,,,,,0.00,0.00,0.00,0.00,0.00,N,N,N,,N,N,,,,,0.00,0.00,0.00,0.00,0.00,0.00,0.00,0.00,0.00,N,N,,,Eva,,
CE0006545,Not Responsive,,04/14/2001,,,,,,,,,0.00,0.00,0.00,0.00,0.00,N,N,N,,N,N,,,,,0.00,0.00,0.00,0.00,0.00,0.00,0.00,0.00,0.00,N,N,,,Hamidu,,
CE0006546,Deferred,O+,09/11/1970,,Male,AfricanAmerican,,Not Interested,,Positive,POSITIVE,107.40,236.78,180.00,70.87,33.15,N,N,N,,Y,Y,,12/17/2024,11/05/2024,02/03/2025,15.27,134.40,45.30,81.00,4.79,0.00,148.00,88.00,35.60,N,N,,,Tawanda James,12/17/2024,POSITIVE
CE0006547,IDS Expired,O+,08/12/1994,,Female,asian,"LP, WB, BM,",BM 100ml,,Positive,POSITIVE,68.90,151.90,156.00,61.40,28.30,Y,N,Y,"Environmental,",Y,Y,,06/11/2024,06/11/2024,09/09/2024,12.70,312.70,38.50,86.00,9.40,0.00,102.00,58.00,36.10,N,Y,02/01/2022,"ALLERGIES: PET DANDER, TREES, GRASS, DUST, MOLD

DQ mLP d/t borderline veins",Hannah,,
CE0006548,Not Responsive,,11/20/1994,,,,,,,,,0.00,0.00,0.00,0.00,0.00,N,N,N,,N,N,,,,,0.00,0.00,0.00,0.00,0.00,0.00,0.00,0.00,0.00,N,N,,,Rozalia,,
CE0006549,Ineligible,,02/15/1984,,Female,Caucasian,,,,,,123.30,271.83,164.00,64.57,45.84,N,N,N,,N,N,,,,,0.00,0.00,0.00,0.00,0.00,0.00,0.00,0.00,0.00,N,N,,,Lori,,
CE0006550,Ineligible,A+,06/19/1990,,Male,Caucasian,"LP, WB,",Not Interested,,Negative,,88.20,194.45,174.50,68.70,27.90,N,Y,N,,Y,Y,,07/27/2021,07/27/2021,10/25/2021,14.93,266.90,43.00,72.00,7.70,0.00,141.00,89.00,36.70,N,N,,,Christopher,,
CE0006551,IDS Expired,B+,07/02/1976,,Male,asian,"LP, WB, BM,",BM 100ml,negative,,,76.30,168.20,158.50,62.40,29.50,N,N,N,,Y,N,,03/17/2021,03/17/2021,06/15/2021,15.70,210.70,48.10,79.00,6.20,0.00,133.00,89.00,37.00,N,N,,,Shelby,,
CE0006552,Ineligible,B+,11/07/1987,,Male,Caucasian,"LP, WB,",,positive,,,121.50,267.90,181.00,71.30,34.60,Y,N,N,,Y,Y,,04/08/2021,04/08/2021,07/07/2021,14.40,175.00,42.10,77.00,5.60,0.00,123.00,75.00,36.40,N,N,,,Marwan,,
CE0006553,Not Responsive,,,,,,,,,,,0.00,0.00,0.00,0.00,0.00,N,N,N,,N,N,,,,,0.00,0.00,0.00,0.00,0.00,0.00,0.00,0.00,0.00,N,N,,,Ruth,,
CE0006554,IDS Expired,AB+,08/01/1997,,Male,Caucasian,"LP, WB,",DQ,,Negative,,58.50,129.00,173.50,68.30,18.70,N,N,N,,Y,Y,,06/28/2021,06/28/2021,09/26/2021,15.50,172.00,43.60,63.00,4.10,0.00,134.00,81.00,36.70,N,N,,,Carson,,
CE0006555,Not Responsive,,12/30/1989,,,,,,,,,0.00,0.00,0.00,0.00,0.00,N,N,N,,N,N,,,,,0.00,0.00,0.00,0.00,0.00,0.00,0.00,0.00,0.00,N,N,,,Jessica,,
CE0006556,IDS Expired,B-,09/19/1989,,Male,Caucasian,"LP,",DQ,,Negative,,70.50,155.40,179.00,70.50,22.00,Y,N,N,,Y,N,02/25/2021,03/14/2022,03/14/2022,06/12/2022,11.20,139.40,33.90,69.00,3.60,0.00,111.00,65.00,35.80,N,Y,03/14/2022,,Spencer,,
CE0006557,Not Responsive,,10/09/1998,,,,,,,,,0.00,0.00,0.00,0.00,0.00,N,N,N,,N,N,,,,,0.00,0.00,0.00,0.00,0.00,0.00,0.00,0.00,0.00,N,N,,,Lance,,
CE0006558,Not Responsive,,12/05/1999,,,,,,,,,0.00,0.00,0.00,0.00,0.00,N,N,N,,N,N,,,,,0.00,0.00,0.00,0.00,0.00,0.00,0.00,0.00,0.00,N,N,,,Linnea,,
CE0006559,IDS Expired,O+,03/08/1970,,Male,Mixed,"LP, WB, BM,",,negative,,,65.90,145.30,174.00,68.50,21.80,N,Y,N,,N,N,,,12/01/2020,03/01/2021,13.40,284.00,39.80,70.00,8.10,0.00,115.00,79.00,36.90,N,N,,,David,,
CE0006560,Not Responsive,,07/15/1998,,,,,,,,,0.00,0.00,0.00,0.00,0.00,N,N,N,,N,N,,,,,0.00,0.00,0.00,0.00,0.00,0.00,0.00,0.00,0.00,N,N,,,Mario,,
CE0006561,Ineligible,O+,12/30/1997,,Male,AfricanAmerican,,,,Negative,,65.70,144.80,176.50,69.50,22.00,N,Y,N,,Y,Y,07/21/2021,,07/21/2021,10/19/2021,16.90,225.00,48.40,75.00,5.10,0.00,104.00,63.00,36.70,N,N,,,Ayo,,
CE0006562,Not Responsive,,07/01/1979,,,,,,,,,0.00,0.00,0.00,0.00,0.00,N,N,N,,N,N,,,,,0.00,0.00,0.00,0.00,0.00,0.00,0.00,0.00,0.00,N,N,,,Jaime,,
CE0006563,Not Responsive,,03/29/1993,,,,,,,,,0.00,0.00,0.00,0.00,0.00,N,N,N,,N,N,,,,,0.00,0.00,0.00,0.00,0.00,0.00,0.00,0.00,0.00,N,N,,,Eric,,
CE0006564,Ineligible,,10/26/1999,,,,,,,,,76.20,168.00,176.50,69.50,24.50,N,N,N,,N,N,,,,,12.40,192.30,37.30,64.00,7.10,0.00,111.00,65.00,36.90,N,N,,,Raquel,,
CE0006565,Not Responsive,,04/17/1998,,,,,,,,,0.00,0.00,0.00,0.00,0.00,N,N,N,,N,N,,,,,0.00,0.00,0.00,0.00,0.00,0.00,0.00,0.00,0.00,N,N,,,Anna,,
CE0006566,IDS Expired,O+,11/15/1996,,Female,Caucasian,"BM,",BM 100ml,Negative,,,66.30,146.20,177.00,69.70,21.50,N,N,N,,Y,N,03/09/2021,,03/09/2021,06/07/2021,12.30,294.30,36.10,74.00,4.50,0.00,113.00,66.00,36.90,N,N,,,Cinderella,,
CE0006567,Not Responsive,,05/23/1977,,,,,,,,,0.00,0.00,0.00,0.00,0.00,N,N,N,,N,N,,,,,0.00,0.00,0.00,0.00,0.00,0.00,0.00,0.00,0.00,N,N,,,Felicia,,
CE0006568,Not Responsive,,,,,,,,,,,0.00,0.00,0.00,0.00,0.00,N,N,N,,N,N,,,,,0.00,0.00,0.00,0.00,0.00,0.00,0.00,0.00,0.00,N,N,,,Erica,,
CE0006569,Not Responsive,,04/30/2000,,,,,,,,,0.00,0.00,0.00,0.00,0.00,N,N,N,,N,N,,,,,0.00,0.00,0.00,0.00,0.00,0.00,0.00,0.00,0.00,N,N,,,Dylan,,
CE0006570,Not Responsive,,,,,,,,,,,0.00,0.00,0.00,0.00,0.00,N,N,N,,N,N,,,,,0.00,0.00,0.00,0.00,0.00,0.00,0.00,0.00,0.00,N,N,,,Dylan,,
CE0006571,Ineligible,,12/24/1994,,,,,,,,,107.30,236.60,157.00,61.80,43.50,N,N,N,,N,N,,,,,0.00,0.00,0.00,0.00,0.00,0.00,0.00,0.00,0.00,N,N,,,Shalika,,
CE0006572,Not Responsive,,12/24/1994,,,,,,,,,0.00,0.00,0.00,0.00,0.00,N,N,N,,N,N,,,,,0.00,0.00,0.00,0.00,0.00,0.00,0.00,0.00,0.00,N,N,,,Shalika,,
CE0006573,Not Responsive,,08/17/1992,,,,,,,,,0.00,0.00,0.00,0.00,0.00,N,N,N,,N,N,,,,,0.00,0.00,0.00,0.00,0.00,0.00,0.00,0.00,0.00,N,N,,,Brit,,
CE0006574,IDS Expired,A+,06/25/1979,,Male,Caucasian,"LP, WB,",,Positive,,,83.30,183.70,178.00,70.10,26.30,N,N,N,,N,N,,,12/08/2020,03/08/2021,14.80,239.40,43.90,67.00,4.90,0.00,132.00,82.00,36.90,N,N,,,Rodney,,
CE0006575,Not Responsive,,12/03/1974,,,,,,,,,0.00,0.00,0.00,0.00,0.00,N,N,N,,N,N,,,,,0.00,0.00,0.00,0.00,0.00,0.00,0.00,0.00,0.00,N,N,,,Bria,,
CE0006576,IDS Expired,O-,12/03/1974,,Female,Caucasian,"LP,",,Positive,,,59.70,131.60,160.00,63.00,22.30,N,N,N,,Y,N,,03/29/2021,03/29/2021,06/27/2021,12.20,220.70,36.50,60.00,4.20,0.00,117.00,65.00,36.60,N,N,,,Lili R,,
CE0006577,IDS Expired,O+,02/16/1979,,Male,Hispanic,"LP, WB,",,Positive,,,105.00,231.49,177.00,69.69,32.56,N,N,N,,Y,Y,,01/27/2021,12/08/2020,03/08/2021,14.40,176.30,42.70,100.00,6.83,0.00,134.00,83.00,36.80,N,N,,,Tomas,,
CE0006578,Not Responsive,,05/19/1989,,,,,,,,,0.00,0.00,0.00,0.00,0.00,N,N,N,,N,N,,,,,0.00,0.00,0.00,0.00,0.00,0.00,0.00,0.00,0.00,N,N,,,Enrique,,
CE0006579,Not Responsive,,05/30/1994,,,,,,,,,0.00,0.00,0.00,0.00,0.00,N,N,N,,N,N,,,,,0.00,0.00,0.00,0.00,0.00,0.00,0.00,0.00,0.00,N,N,,,Hannah,,
CE0006580,IDS Expired,O+,07/18/1989,,Male,Caucasian,"LP, WB,",DQ,Positive,,,150.50,331.80,187.50,73.80,42.00,Y,N,N,,Y,Y,,06/28/2021,05/03/2021,08/01/2021,14.20,243.30,40.80,82.00,7.10,0.00,146.00,84.00,36.40,N,N,,,Miles,,
CE0006581,Not Responsive,,12/17/1973,,,,,,,,,0.00,0.00,0.00,0.00,0.00,N,N,N,,N,N,,,,,0.00,0.00,0.00,0.00,0.00,0.00,0.00,0.00,0.00,N,N,,,Tracy,,
CE0006582,Not Responsive,,06/13/1991,,,,,,,,,0.00,0.00,0.00,0.00,0.00,N,N,N,,N,N,,,,,0.00,0.00,0.00,0.00,0.00,0.00,0.00,0.00,0.00,N,N,,,Marea,,
CE0006583,Not Responsive,,01/05/2000,,,,,,,,,0.00,0.00,0.00,0.00,0.00,N,N,N,,N,N,,,,,0.00,0.00,0.00,0.00,0.00,0.00,0.00,0.00,0.00,N,N,,,Brenda,,
CE0006584,Ineligible,B+,07/17/2000,,Female,AfricanAmerican,,,,Positive,,98.50,217.16,157.50,62.01,39.71,Y,N,N,,Y,Y,,04/04/2022,02/10/2022,05/11/2022,13.46,272.80,39.50,85.00,3.92,0.00,127.00,73.00,36.90,N,Y,02/10/2022,,Jazzmine,,
CE0006585,IDS Expired,O+,05/27/1986,,Male,Caucasian,"LP, WB, BM, MLP,",BM 100ml,,Positive,POSITIVE,98.60,217.40,175.00,68.90,32.20,Y,N,Y,"Environmental,",Y,N,11/25/2024,09/12/2023,10/06/2025,01/04/2026,16.20,201.70,49.00,91.00,4.80,0.00,142.00,86.00,36.60,N,N,,"Allergy: dogs;
Eligible for MobLP 10/31/24.",Joshua,,
CE0006586,IDS Expired,O+,11/01/1999,,Female,Caucasian,"BM,",BM 100ml,,Negative,,61.80,136.30,162.00,63.80,23.10,Y,N,N,,Y,N,07/28/2021,,07/28/2021,10/26/2021,13.50,130.50,39.20,80.00,10.70,0.00,130.00,81.00,36.80,N,N,,,Haley Mae,,
CE0006587,IDS Expired,AB+,01/25/1985,,Male,Hispanic,"LP, WB,",DQ,,Negative,,93.50,206.10,175.00,68.90,30.50,N,N,N,,Y,N,04/12/2021,06/24/2021,06/24/2021,09/22/2021,14.90,243.00,43.70,66.00,9.00,0.00,118.00,63.00,36.70,N,N,,,Emmanuel,,
CE0006588,IDS Expired,O+,08/07/1993,,Male,Caucasian,"LP, WB,",DQ,,Positive,Positive,88.10,194.20,188.00,74.00,24.90,N,N,N,,Y,N,,01/16/2024,12/12/2023,03/11/2024,14.30,200.00,41.00,51.00,5.50,0.00,119.00,75.00,36.10,N,Y,07/18/2022,,Daniel,,
CE0006589,Not Responsive,,07/28/1993,,,,,,,,,0.00,0.00,0.00,0.00,0.00,N,N,N,,N,N,,,,,0.00,0.00,0.00,0.00,0.00,0.00,0.00,0.00,0.00,N,N,,,Nicholas,,
CE0006590,Not Responsive,,02/17/1989,,,,,,,,,0.00,0.00,0.00,0.00,0.00,N,N,N,,N,N,,,,,0.00,0.00,0.00,0.00,0.00,0.00,0.00,0.00,0.00,N,N,,,Nicole M.,,
CE0006592,Not Responsive,,09/06/2001,,,,,,,,,0.00,0.00,0.00,0.00,0.00,N,N,N,,N,N,,,,,0.00,0.00,0.00,0.00,0.00,0.00,0.00,0.00,0.00,N,N,,,Madison,,
CE0006593,Not Responsive,,02/02/1966,,,,,,,,,0.00,0.00,0.00,0.00,0.00,N,N,N,,N,N,,,,,0.00,0.00,0.00,0.00,0.00,0.00,0.00,0.00,0.00,N,N,,,Renee,,
CE0006594,Not Responsive,,11/10/1984,,,,,,,,,0.00,0.00,0.00,0.00,0.00,N,N,N,,N,N,,,,,0.00,0.00,0.00,0.00,0.00,0.00,0.00,0.00,0.00,N,N,,,Pamela,,
CE0006595,IDS Expired,A-,03/07/1984,,Female,Hispanic,"LP, WB,",,negative,,,72.10,159.00,156.00,61.40,30.00,Y,N,N,,Y,Y,,02/09/2021,12/17/2020,03/17/2021,13.30,240.60,40.40,66.00,6.90,0.00,100.00,60.00,37.20,N,N,,,Jessica,,
CE0006596,Not Responsive,,07/03/1984,,,,,,,,,0.00,0.00,0.00,0.00,0.00,N,N,N,,N,N,,,,,0.00,0.00,0.00,0.00,0.00,0.00,0.00,0.00,0.00,N,N,,,Jessica,,
CE0006597,Ineligible,B-,01/31/1994,,Female,Caucasian,,,,Negative,,61.60,135.80,173.50,68.30,20.50,Y,N,N,,Y,Y,,10/14/2021,10/14/2021,01/12/2022,13.60,209.00,39.00,72.00,4.70,0.00,105.00,65.00,36.80,N,N,,,Stephanie,,
CE0006598,Not Responsive,,06/02/1979,,,,,,,,,0.00,0.00,0.00,0.00,0.00,N,N,N,,N,N,,,,,0.00,0.00,0.00,0.00,0.00,0.00,0.00,0.00,0.00,N,N,,,Robert,,
CE0006599,Not Responsive,,06/25/1983,,,,,,,,,0.00,0.00,0.00,0.00,0.00,N,N,N,,N,N,,,,,0.00,0.00,0.00,0.00,0.00,0.00,0.00,0.00,0.00,N,N,,,Carlos,,
CE0006600,Not Responsive,,05/23/1996,,,,,,,,,0.00,0.00,0.00,0.00,0.00,N,N,N,,N,N,,,,,0.00,0.00,0.00,0.00,0.00,0.00,0.00,0.00,0.00,N,N,,,Kathryn,,
CE0006601,Not Responsive,,09/23/1996,,,,,,,,,0.00,0.00,0.00,0.00,0.00,N,N,N,,N,N,,,,,0.00,0.00,0.00,0.00,0.00,0.00,0.00,0.00,0.00,N,N,,,Pablo,,
CE0006602,Not Responsive,,09/23/1996,,,,,,,,,0.00,0.00,0.00,0.00,0.00,N,N,N,,N,N,,,,,0.00,0.00,0.00,0.00,0.00,0.00,0.00,0.00,0.00,N,N,,,Pablo,,
CE0006603,Not Responsive,,05/15/1980,,,,,,,,,0.00,0.00,0.00,0.00,0.00,N,N,N,,N,N,,,,,0.00,0.00,0.00,0.00,0.00,0.00,0.00,0.00,0.00,N,N,,,Deneen,,
CE0006604,Not Responsive,,09/24/1991,,,,,,,,,0.00,0.00,0.00,0.00,0.00,N,N,N,,N,N,,,,,0.00,0.00,0.00,0.00,0.00,0.00,0.00,0.00,0.00,N,N,,,Victoria,,
CE0006605,Ineligible,,04/24/1985,,,,,,,,,130.10,286.82,168.00,66.14,46.10,N,N,N,,N,N,,,,,0.00,0.00,0.00,0.00,0.00,0.00,0.00,0.00,0.00,N,N,,,Teren,,
CE0006606,Not Responsive,,02/24/1964,,,,,,,,,0.00,0.00,0.00,0.00,0.00,N,N,N,,N,N,,,,,0.00,0.00,0.00,0.00,0.00,0.00,0.00,0.00,0.00,N,N,,,Troy,,
CE0006607,Not Responsive,,06/15/1989,,,,,,,,,0.00,0.00,0.00,0.00,0.00,N,N,N,,N,N,,,,,0.00,0.00,0.00,0.00,0.00,0.00,0.00,0.00,0.00,N,N,,,Tina,,
CE0006608,Not Responsive,,10/20/1992,,,,,,,,,0.00,0.00,0.00,0.00,0.00,N,N,N,,N,N,,,,,0.00,0.00,0.00,0.00,0.00,0.00,0.00,0.00,0.00,N,N,,,Chavonne,,
CE0006609,Not Responsive,,03/04/1995,,,,,,,,,0.00,0.00,0.00,0.00,0.00,N,N,N,,N,N,,,,,0.00,0.00,0.00,0.00,0.00,0.00,0.00,0.00,0.00,N,N,,,Dalia,,
CE0006610,IDS Expired,O+,01/30/1986,,Female,AfricanAmerican,"LP, WB, BM,",BM 100ml,Negative,negative,,66.90,147.50,166.00,65.40,24.30,N,N,N,,Y,N,01/31/2025,03/22/2021,01/09/2025,04/09/2025,13.60,258.30,39.40,77.00,6.20,0.00,111.00,78.00,36.30,N,Y,01/31/2025,,Monica,,
CE0006611,Not Responsive,,11/16/1983,,,,,,,,,0.00,0.00,0.00,0.00,0.00,N,N,N,,N,N,,,,,0.00,0.00,0.00,0.00,0.00,0.00,0.00,0.00,0.00,N,N,,,Gina Rose,,
CE0006612,Not Responsive,,09/10/1992,,,,,,,,,0.00,0.00,0.00,0.00,0.00,N,N,N,,N,N,,,,,0.00,0.00,0.00,0.00,0.00,0.00,0.00,0.00,0.00,N,N,,,Johnny Dalvon,,
CE0006613,IDS Expired,O+,10/03/1995,,Female,Hispanic,"LP, WB, BM,",BM 100ml,,Positive,POSITIVE,93.20,205.50,160.00,63.00,36.00,N,N,Y,"Environmental,",Y,N,06/10/2026,10/11/2021,04/07/2026,07/06/2026,14.00,312.70,46.10,87.00,7.50,0.00,145.00,99.00,36.40,N,Y,02/02/2022,ALLERGY: CATS;,Andrea,,
CE0006614,Not Responsive,,06/06/1989,,,,,,,,,0.00,0.00,0.00,0.00,0.00,N,N,N,,N,N,,,,,0.00,0.00,0.00,0.00,0.00,0.00,0.00,0.00,0.00,N,N,,,Elizabeth,,
CE0006616,Not Responsive,,05/10/2001,,,,,,,,,0.00,0.00,0.00,0.00,0.00,N,N,N,,N,N,,,,,0.00,0.00,0.00,0.00,0.00,0.00,0.00,0.00,0.00,N,N,,,Kiah,,
CE0006617,Not Responsive,,11/15/1996,,,,,,,,,0.00,0.00,0.00,0.00,0.00,N,N,N,,N,N,,,,,0.00,0.00,0.00,0.00,0.00,0.00,0.00,0.00,0.00,N,N,,,Stefany,,
CE0006618,Not Responsive,,11/02/2001,,,,,,,,,0.00,0.00,0.00,0.00,0.00,N,N,N,,N,N,,,,,0.00,0.00,0.00,0.00,0.00,0.00,0.00,0.00,0.00,N,N,,,Rayanne,,
CE0006619,Not Responsive,,04/09/2004,,,,,,,,,0.00,0.00,0.00,0.00,0.00,N,N,N,,N,N,,,,,0.00,0.00,0.00,0.00,0.00,0.00,0.00,0.00,0.00,N,N,,,Ayat,,
CE0006620,Ineligible,O+,01/06/1997,,Female,Caucasian,"LP, WB, BM,",,Negative,,,79.20,174.60,178.50,70.30,25.00,N,N,N,,N,N,02/12/2021,,01/11/2021,04/11/2021,13.00,201.00,41.50,74.00,6.60,0.00,108.00,72.00,36.60,N,N,,,Kimberly,,
CE0006621,IDS Expired,O+,11/17/1990,,Female,Hispanic,"LP, WB, BM,",BM 100ml,,Positive,Positive,60.80,134.00,152.40,60.00,26.20,N,N,N,,Y,N,,03/18/2024,03/11/2024,06/09/2024,13.40,242.40,39.40,75.00,3.60,0.00,116.00,67.00,36.10,N,Y,03/11/2024,,Andrea,02/22/2024,Positive
CE0006623,IDS Expired,O+,11/29/1984,,Female,Mixed,"LP,",Not Interested,,Negative,POSITIVE,66.90,147.50,165.00,65.00,24.60,N,N,Y,"Environmental,",Y,Y,,03/09/2026,03/09/2026,06/07/2026,12.10,265.00,35.20,61.00,3.80,0.00,120.00,70.00,36.50,N,Y,02/03/2022,"DQ mLP (unsuitable veins);
ALLERGIES: SEASONAL, POLLEN, BLACK MOLD, METAL- NICKEL",Brandy,10/03/2023,POSITIVE
CE0006624,Not Responsive,,08/02/1982,,,,,,,,,0.00,0.00,0.00,0.00,0.00,N,N,N,,N,N,,,,,0.00,0.00,0.00,0.00,0.00,0.00,0.00,0.00,0.00,N,N,,,Emily,,
CE0006625,Ineligible,O+,05/16/1989,,Male,AfricanAmerican,"LP, WB,",Not Interested,,Positive,Positive,81.90,180.60,180.10,70.90,25.30,N,N,N,,Y,Y,,10/18/2022,10/18/2022,01/16/2023,14.80,147.10,44.60,53.00,3.70,0.00,129.00,53.00,36.80,N,Y,02/10/2022,,Lamont,,
CE0006626,Not Responsive,,12/26/1987,,,,,,,,,0.00,0.00,0.00,0.00,0.00,N,N,N,,N,N,,,,,0.00,0.00,0.00,0.00,0.00,0.00,0.00,0.00,0.00,N,N,,,Jeronimo,,
CE0006627,IDS Expired,A+,11/29/1984,,Female,Caucasian,"LP, WB, BM,",BM 100ml,,Negative,POSITIVE,74.80,164.90,163.00,64.20,28.20,Y,N,Y,"Food,",Y,Y,05/04/2026,03/18/2026,03/18/2026,06/16/2026,13.50,241.20,39.10,96.00,7.90,0.00,120.00,86.00,36.60,N,Y,02/18/2025,Allergy: cherries,Lana,,
CE0006628,Eligible,O+,10/16/1979,,Male,AfricanAmerican,"WB, BM,",BM 100ml,Negative,Negative,,101.80,224.43,180.00,70.87,31.42,Y,N,N,,Y,Y,07/17/2026,08/26/2025,05/18/2026,08/16/2026,14.30,253.30,46.30,94.00,6.65,0.00,178.00,100.00,36.40,Y,Y,06/10/2024,"No longer interested in LP, no time. AC",Chad Evans,,
CE0006633,IDS Expired,O+,12/30/1995,,Female,AfricanAmerican,"WB,",,Negative,,,76.70,169.10,176.50,69.50,24.40,N,N,N,,N,N,,,01/28/2021,04/28/2021,12.80,227.00,38.50,82.00,2.80,0.00,114.00,61.00,36.70,N,N,,,Asaundra,,
CE0006634,Eligible,O+,09/28/1994,,Male,Mixed,"LP, WB, BM, MLP,",BM 100ml,,Negative,POSITIVE,73.70,162.48,173.00,68.11,23.99,N,N,N,,Y,N,05/18/2026,06/22/2026,05/20/2026,08/18/2026,15.12,278.30,45.30,76.00,5.79,0.00,119.00,70.00,35.80,Y,Y,02/14/2022,"""GABB - ree - elle"" (name pronunciation)",Gabriel,,
CE0006640,Ineligible,,03/02/1966,,,,,,,,,87.10,192.02,167.00,65.75,31.23,Y,N,N,,N,N,,,,,0.00,0.00,0.00,71.00,0.00,0.00,132.00,87.00,36.20,N,N,,DQ for med: Lisinopril,Priscilla,,
CE0006641,Ineligible,,07/09/1968,,,,,,,,,0.00,0.00,0.00,0.00,0.00,N,N,N,,N,N,,,,,0.00,0.00,0.00,0.00,0.00,0.00,0.00,0.00,0.00,N,N,,,Alicia,,
CE0006643,IDS Expired,O+,10/22/1987,,Male,Caucasian,"LP, WB,",,Positive,,,72.20,159.20,178.00,70.10,22.80,N,Y,N,,N,N,,,02/02/2021,05/03/2021,16.60,326.10,49.10,85.00,6.20,0.00,160.00,92.00,36.90,N,N,,,Trevor,,
CE0006644,IDS Expired,B+,01/27/1983,,Female,Caucasian,"LP, WB,",,Positive,,,78.10,172.20,183.00,72.10,22.40,N,N,N,,Y,N,,03/23/2021,02/02/2021,05/03/2021,13.30,240.00,39.60,70.00,6.00,0.00,100.00,58.00,37.00,N,N,,,Kaytlyn,,
CE0006645,Ineligible,O+,11/20/1997,,Male,Hispanic,,,negative,,,64.70,142.64,181.00,71.30,20.10,N,N,N,,N,N,03/04/2021,,02/17/2021,05/18/2021,14.80,160.40,43.50,72.00,6.80,0.00,102.00,70.00,36.70,N,N,,,Bryan,,
CE0006646,IDS Expired,O+,07/08/1991,,Female,AfricanAmerican,"LP,",,Positive,,,95.00,209.40,171.00,67.30,32.50,Y,N,N,,N,N,,,02/01/2021,05/02/2021,11.80,233.90,35.90,64.00,6.70,0.00,101.00,56.00,36.90,N,N,,,Antonique,,
CE0006652,Ineligible,O+,02/09/1998,,Male,AfricanAmerican,"WB,",,Positive,,,88.60,195.33,178.50,70.28,27.81,N,N,N,,N,N,,,02/05/2021,05/06/2021,13.93,128.60,41.80,61.00,3.67,0.00,118.00,53.00,36.90,N,N,,,Tyrique,,
CE0006653,IDS Expired,A+,02/13/1990,,Male,asian,"LP, WB, BM,",BM 100ml,,Negative,,63.40,139.80,175.00,68.90,20.20,N,N,N,,Y,N,,05/25/2021,05/25/2021,08/23/2021,14.20,220.40,42.00,66.00,3.50,0.00,104.00,61.00,36.80,N,N,,,Justin H,,
CE0006655,Ineligible,,03/04/2002,,,,,,,,,49.94,110.10,0.00,0.00,0.00,N,N,N,,N,N,,,,,0.00,0.00,0.00,0.00,0.00,0.00,0.00,0.00,0.00,N,N,,,Breeanna,,
CE0006657,Not Responsive,,02/02/1995,,Female,PacificIslander,,,,,,93.70,206.60,161.00,63.40,36.20,N,Y,N,,N,N,,,,,0.00,0.00,0.00,89.00,0.00,0.00,108.00,78.00,37.20,N,N,,,Diane,,
CE0006658,Ineligible,,05/09/1999,,,,,,,,,0.00,0.00,0.00,0.00,0.00,N,N,N,,N,N,,,,,0.00,0.00,0.00,0.00,0.00,0.00,0.00,0.00,0.00,N,N,,,Jenny,,
CE0006662,Ineligible,,12/17/1998,,,,,,,,,86.00,189.60,0.00,0.00,0.00,N,N,N,,N,N,,,,,0.00,0.00,0.00,98.00,0.00,0.00,155.00,94.00,36.90,N,N,,,Jake T,,
CE0006664,IDS Expired,O+,07/14/1997,,Female,Hispanic,"LP, WB,",DQ,,Negative,,108.70,239.60,163.00,0.00,38.80,N,N,N,,Y,Y,,06/22/2021,06/22/2021,09/20/2021,13.50,226.50,40.10,77.00,6.40,0.00,144.00,76.00,36.80,N,N,,,Elva,,
CE0006666,Eligible,O+,09/04/1985,,Male,Hispanic,"LP, WB, BM, MLP,",BM 100ml,,Positive,Positive,36.20,79.81,173.00,68.11,33.08,N,N,Y,"Food,",Y,N,01/20/2026,07/13/2026,07/13/2026,10/11/2026,13.60,223.70,40.80,60.00,4.19,0.00,135.00,70.00,36.20,Y,Y,03/07/2022,Allergy: chocolate/lv,Gustavo,,
CE0006670,Not Responsive,,03/20/2000,,,,,,,,,0.00,0.00,0.00,0.00,0.00,N,N,N,,N,N,,,,,0.00,0.00,0.00,0.00,0.00,0.00,0.00,0.00,0.00,N,N,,,Eve,,
CE0006673,Ineligible,,01/15/1999,,Female,Caucasian,,DQ,,,,98.70,217.60,160.00,63.00,38.60,Y,N,N,,N,N,,,,,0.00,0.00,0.00,0.00,0.00,0.00,0.00,0.00,0.00,N,N,,,Cameron,,
CE0006674,Not Responsive,O+,01/20/1988,,Female,AfricanAmerican,"BM,",BM 100ml,Negative,,,85.60,188.70,165.10,65.00,31.00,N,N,N,,Y,N,05/19/2021,,05/19/2021,08/17/2021,12.10,301.00,12.10,91.00,7.40,0.00,131.00,86.00,35.90,N,N,,,Martia,,
CE0006676,Not Responsive,,02/06/1966,,Female,Caucasian,,,,,,69.70,153.70,177.80,70.00,22.10,N,N,N,,N,N,,,02/25/2021,,12.00,170.90,35.80,74.00,5.10,0.00,129.00,83.00,36.70,N,N,,,Genevieve,,
CE0006679,IDS Expired,A+,02/12/1993,,Male,asian,"LP, WB, BM,",BM 100ml,,Negative,,91.60,201.90,178.00,70.10,28.90,N,N,N,,Y,N,10/13/2023,01/19/2022,10/05/2023,01/03/2024,14.30,228.00,46.70,86.00,6.70,0.00,118.00,81.00,36.60,N,Y,01/19/2022,,Peter,,
CE0006680,Ineligible,B+,04/25/2001,,Male,asian,"LP, WB, BM,",BM 100ml,,Negative,,64.40,142.00,170.20,67.00,23.20,Y,N,N,,Y,N,,05/24/2021,05/24/2021,08/22/2021,15.20,201.90,44.80,66.00,5.00,0.00,107.00,66.00,36.30,N,N,,,Salil,,
CE0006683,Not Responsive,,06/10/1987,,,,,,,,,54.20,119.50,165.10,65.00,19.90,N,N,N,,N,N,,,,,0.00,0.00,0.00,0.00,0.00,0.00,0.00,0.00,0.00,N,N,,,Caitlin,,
CE0006686,IDS Expired,O+,11/10/1998,,Female,Hispanic,"LP,",DQ,,Positive,3.40 IU/mL,70.70,155.90,152.40,60.00,29.60,N,N,N,,Y,Y,,07/19/2021,06/10/2021,09/08/2021,12.30,246.40,37.30,81.00,5.50,0.00,100.00,59.00,36.80,N,N,,,Alondra,,
CE0006690,IDS Expired,O+,06/27/1988,,Female,Hispanic,"LP, WB,",Not Interested,Positive,,,67.20,148.20,154.90,61.00,28.00,N,N,N,,N,N,,,02/25/2021,05/26/2021,13.90,167.00,41.90,61.00,5.00,0.00,123.00,78.00,36.90,N,N,,,Ingrid,,
CE0006691,IDS Expired,O+,12/31/1992,,Male,Hispanic,"LP, WB,",Not Interested,,Positive,POSITIVE,77.20,170.20,182.00,71.70,23.30,N,N,N,,Y,N,,12/11/2025,12/11/2025,03/11/2026,13.70,150.60,40.70,50.00,5.10,0.00,127.00,73.00,35.90,N,Y,10/10/2025,,Armando,06/07/2023,POSITIVE
CE0006696,IDS Expired,A-,11/12/1994,,Female,Caucasian,"LP,",,,inconclusive -redraw,POSITIVE,61.60,135.80,157.50,62.00,24.60,N,N,N,,Y,Y,,06/14/2021,06/14/2021,09/12/2021,12.70,244.00,38.30,63.00,5.90,0.00,123.00,70.00,36.60,N,N,,,Cody,,
CE0006701,Ineligible,O+,03/05/1987,,Male,AfricanAmerican,,,,Positive,,86.60,190.92,172.70,68.00,29.00,N,Y,N,,Y,N,03/24/2021,05/25/2021,05/25/2021,08/23/2021,15.59,206.00,44.90,79.00,9.35,0.00,133.00,79.00,36.80,N,N,,,Dorian,,
CE0006705,IDS Expired,A+,06/24/1975,,Female,AfricanAmerican,"LP,",DQ,,Negative,POSITIVE,87.70,193.40,165.00,65.00,32.20,Y,N,Y,"Environmental,",Y,Y,,12/10/2024,10/16/2024,01/14/2025,12.10,332.50,37.20,77.00,3.40,0.00,105.00,67.00,36.00,N,Y,02/01/2022,,Denice,10/16/2024,POSITIVE
CE0006708,IDS Expired,B+,03/24/2000,,Male,Hispanic,"LP, WB, BM,",BM 100ml,,NEGATIVE,POSITIVE,102.70,226.40,170.00,66.90,35.50,Y,N,N,,Y,N,11/13/2023,10/06/2023,09/18/2023,12/17/2023,16.10,241.60,42.30,71.00,7.30,0.00,130.00,78.00,36.30,N,Y,10/06/2023,,Jaime,10/06/2023,POSITIVE
CE0006709,Ineligible,O-,12/08/1999,,Female,Caucasian,,,Positive,,,60.00,132.28,170.20,67.00,21.10,Y,N,N,,N,N,,,03/10/2021,06/08/2021,13.58,215.60,38.10,96.00,5.47,0.00,116.00,63.00,36.70,N,N,,,Sydney,,
CE0006710,Eligible,A+,12/30/1992,,Male,Caucasian,"LP, WB, BM,",BM 100ml,,Negative,Positive,77.30,170.42,178.00,70.08,24.40,N,Y,N,,Y,Y,08/04/2025,05/05/2026,05/05/2026,08/03/2026,15.49,213.80,46.80,58.00,5.06,0.00,114.00,62.00,35.80,Y,Y,02/02/2022,,Ryan,01/30/2023,POSITIVE
CE0006714,Ineligible,O+,02/18/1994,,Male,Caucasian,,,Positive,,,80.80,178.13,182.88,72.00,23.32,N,N,N,,N,N,,04/07/2021,03/18/2021,06/16/2021,14.91,211.20,42.70,79.00,6.01,0.00,110.00,60.00,36.20,N,N,,,Lucas,,
CE0006718,IDS Expired,O+,09/05/1993,,Male,Hispanic,"LP, WB,",,,Positive,Positive,78.40,172.80,165.00,65.00,28.80,N,Y,N,,Y,Y,,10/10/2023,09/22/2023,12/21/2023,15.50,233.80,44.30,85.00,5.70,0.00,152.00,90.00,36.40,N,N,,,Alejandro,10/10/2023,Positive
CE0006719,Not Responsive,,10/07/1981,,Female,AfricanAmerican,,,,,,91.90,202.60,170.20,67.00,31.70,Y,N,N,,N,N,,,,,11.90,304.00,37.40,98.00,6.10,0.00,117.00,80.00,36.70,N,N,,,LaTisha,,
CE0006720,Ineligible,A+,05/09/1969,,Female,Caucasian,,,,Negative,,62.90,138.67,158.00,62.20,25.20,Y,N,N,,Y,Y,05/05/2025,03/31/2025,05/05/2025,08/03/2025,12.72,187.60,37.60,83.00,4.82,0.00,100.00,55.00,35.90,N,Y,02/09/2022,,Christine,,
CE0006721,IDS Expired,A+,03/20/1982,,Female,Hispanic,"LP, WB,",Not Interested,,Negative,,77.70,171.30,152.40,60.00,33.50,Y,N,N,,N,N,,,09/27/2022,12/26/2022,13.40,335.90,38.70,68.00,9.00,0.00,134.00,84.00,36.80,N,N,,,Melissa,,
CE0006724,Ineligible,O+,12/21/1989,,Female,Caucasian,"LP,",DQ,,Negative,,69.00,152.10,177.80,70.00,21.00,N,N,N,,Y,N,,06/21/2021,06/21/2021,09/19/2021,13.20,231.10,38.60,72.00,4.80,0.00,122.00,61.00,36.30,N,N,,,Ashley,,
CE0006725,IDS Expired,O+,07/17/1984,,Female,Hispanic,"LP, WB,",DQ,,Positive,POSITIVE,86.80,191.40,154.90,61.00,36.20,N,N,N,,Y,N,06/09/2021,01/27/2022,12/16/2021,03/16/2022,13.10,340.50,38.30,94.00,5.30,0.00,124.00,81.00,36.60,N,Y,01/27/2022,,Maria,,
CE0006728,IDS Expired,B-,12/14/1993,,Female,Mixed,"LP, WB,",DQ,,Positive,,55.40,122.10,162.60,64.00,22.10,Y,N,N,,Y,N,,06/10/2021,06/10/2021,09/08/2021,14.70,206.20,43.50,60.00,5.10,0.00,105.00,64.00,36.90,N,N,,,Dinora,,
CE0006729,Ineligible,,12/28/2001,,Female,AfricanAmerican,,,,,,78.00,172.00,177.80,70.00,21.60,N,Y,N,,N,N,,,,,11.30,397.30,34.10,91.00,7.40,0.00,102.00,71.00,36.60,N,N,,,Itai,,
CE0006730,Ineligible,,04/16/1995,,,,,,,,,97.80,215.60,0.00,0.00,0.00,N,N,N,,N,N,,,,,0.00,0.00,0.00,80.00,0.00,0.00,121.00,79.00,36.70,N,N,,,Kyundre,,
CE0006731,Ineligible,O+,05/01/1996,,Female,Caucasian,,Not Interested,,Negative,,68.30,150.58,165.10,65.00,25.20,N,N,N,,N,N,,,06/29/2021,09/27/2021,14.20,214.00,39.90,78.00,6.60,0.00,111.00,62.00,36.80,N,N,,,Kara,,
CE0006736,IDS Expired,A+,02/01/1994,,Female,Caucasian,"LP, WB,",Not Interested,Negative,,,62.70,138.20,167.60,66.00,22.30,Y,N,N,,Y,N,,04/13/2021,03/10/2021,06/08/2021,12.90,192.80,37.40,60.00,4.60,0.00,100.00,63.00,36.60,N,N,,,Elaine,,
CE0006737,IDS Expired,A+,05/16/1984,,Male,Hispanic,"LP, WB, BM,",BM 100ml,,Negative,,114.20,251.80,177.80,70.00,36.10,N,N,N,,Y,N,12/20/2021,10/20/2021,10/20/2021,01/18/2022,15.10,305.00,44.90,65.00,5.50,0.00,150.00,95.00,37.10,N,N,,,Daniel,,
CE0006740,IDS Expired,A-,04/27/1989,,Female,Caucasian,"LP,",Not Interested,,Negative,Positive,75.10,165.60,178.00,70.10,23.70,Y,N,N,,Y,N,10/04/2021,08/22/2024,08/22/2024,11/20/2024,11.90,174.50,37.10,78.00,6.80,0.00,100.00,50.00,35.80,N,N,,,Katelyn,10/10/2023,Positive
CE0006743,IDS Expired,A+,12/22/1991,,Male,Hispanic,"LP, WB, BM,",BM 100ml,Positive,,,80.10,176.60,0.00,0.00,0.00,N,N,N,,N,N,,,04/15/2021,07/14/2021,15.50,387.00,44.20,64.00,6.80,0.00,131.00,74.00,36.90,N,N,,,Gustabo,,
CE0006756,IDS Expired,B+,06/06/1998,,Male,AfricanAmerican,"LP, WB, BM, MLP,",BM 100ml,,Positive,POSITIVE,94.40,208.12,198.00,77.95,24.08,N,N,N,,Y,N,09/12/2025,01/08/2025,07/18/2025,10/16/2025,14.90,184.50,43.80,72.00,6.24,0.00,130.00,78.00,36.30,N,Y,12/20/2023,,Jalen,,
CE0006758,IDS Expired,A+,09/17/1987,,,,"BM,",BM 100ml,Positive,,,87.60,193.10,172.70,68.00,29.40,Y,N,N,,N,N,,,04/13/2021,07/12/2021,14.30,277.00,41.40,82.00,6.50,0.00,141.00,80.00,36.60,N,N,,,Amanda Nicole,,
CE0006759,IDS Expired,O+,04/22/2000,,Female,Caucasian,"LP, WB,",,Positive,Positive,negative,61.70,136.03,165.00,64.96,22.66,N,N,N,,Y,N,,12/23/2025,12/23/2025,03/23/2026,13.17,236.40,39.90,78.00,5.32,0.00,111.00,66.00,36.20,N,Y,01/23/2025,,Angelina,03/27/2025,NEGATIVE
CE0006760,IDS Expired,O+,10/20/1999,,Male,Hispanic,"LP, WB, BM,",BM 100ml,,Negative,POSITIVE,76.70,169.10,175.60,69.10,24.90,Y,N,N,,Y,N,02/15/2023,01/25/2022,12/15/2022,03/15/2023,13.70,242.10,41.90,52.00,5.40,0.00,136.00,71.00,36.80,N,Y,01/25/2022,,Thomas Xavier,,
CE0006763,IDS Expired,A-,04/08/1979,,Male,Caucasian,"WB,",BM 100ml,,Positive,,86.40,190.50,168.00,66.10,30.60,N,N,N,,Y,N,05/24/2024,11/10/2021,03/29/2024,06/27/2024,16.10,281.70,47.70,85.00,8.00,0.00,119.00,74.00,36.70,N,Y,02/09/2022,,Tal,,
CE0006765,IDS Expired,O+,09/21/1997,,Female,Caucasian,"BM,",BM 100ml,,Negative,,74.20,163.60,177.80,70.00,24.80,Y,N,N,,Y,N,07/07/2021,,07/07/2021,10/05/2021,13.00,207.00,37.20,91.00,5.40,0.00,130.00,78.00,36.90,N,N,,,Lauren,,
CE0006771,Ineligible,,07/05/1999,,,,,,,,,98.40,216.90,154.90,61.00,41.00,N,N,N,,N,N,,,,,0.00,0.00,0.00,92.00,0.00,0.00,152.00,102.00,36.80,N,N,,,Cynthia Jessica,,
CE0006772,IDS Expired,O+,07/01/1999,,Male,Mixed,"LP, WB,",Not Interested,Positive,,,70.20,154.80,185.40,73.00,20.40,N,N,N,,N,N,,,04/01/2021,06/30/2021,14.90,227.00,43.50,50.00,7.50,0.00,124.00,70.00,36.80,N,N,,,Robert,,
CE0006773,Ineligible,,04/29/1995,,,,,,,,,78.50,173.10,170.20,67.00,27.10,N,N,N,,N,N,,,,,15.50,99.60,46.10,77.00,50.80,0.00,143.00,79.00,36.80,N,N,,,Alcir Bruno,,
CE0006775,IDS Expired,O+,02/21/1993,,Male,Mixed,"LP, WB,",DQ,,Positive,Positive,72.40,159.60,175.00,68.90,23.60,N,N,N,,Y,N,,11/18/2024,11/12/2024,02/10/2025,16.50,144.90,48.80,50.00,3.10,0.00,129.00,67.00,36.20,N,Y,02/14/2022,,Corey,03/07/2024,Positive
CE0006778,Ineligible,B+,12/08/1994,,Male,asian,,DQ,,Positive,,75.60,166.70,172.70,68.00,25.40,N,N,N,,Y,Y,04/12/2021,01/13/2022,01/13/2022,04/13/2022,15.20,263.50,45.10,65.00,6.00,0.00,115.00,63.00,36.80,N,N,,,Bryan,,
CE0006779,Ineligible,,07/11/1970,,,,,,,,,87.70,193.35,0.00,0.00,0.00,N,N,N,,N,N,,,,,0.00,0.00,0.00,80.00,0.00,0.00,150.00,96.00,36.90,N,N,,,Alvin Kaihau,,
CE0006780,IDS Expired,O+,02/03/1968,,Female,Hispanic,"LP,",,Positive,,,59.00,130.10,152.40,60.00,24.60,Y,N,N,,Y,Y,,06/15/2021,04/07/2021,07/06/2021,11.60,302.30,35.60,62.00,5.80,0.00,116.00,72.00,36.60,N,N,,,Jeovana,,
CE0006781,IDS Expired,O+,05/04/1985,,Male,asian,"LP, WB, BM,",BM 100ml,,Negative,,73.50,162.00,173.00,68.10,24.60,Y,N,N,,Y,N,,03/22/2023,03/01/2023,05/30/2023,16.10,197.00,47.60,66.00,5.10,0.00,118.00,68.00,36.50,N,Y,02/04/2022,,Solomon,,
CE0006782,Not Responsive,,12/20/1996,,Female,Caucasian,,,negative,,,61.10,134.70,142.20,56.00,30.20,Y,N,N,,N,N,,,04/08/2021,07/07/2021,12.80,396.40,37.60,87.00,5.90,0.00,109.00,71.00,36.80,N,N,,,Shelly,,
CE0006783,Ineligible,,01/19/1996,,Female,Caucasian,,,,,,78.80,173.70,0.00,0.00,0.00,Y,N,N,,N,N,,,,,0.00,0.00,0.00,0.00,0.00,0.00,0.00,0.00,0.00,N,N,,,Jodie,,
CE0006786,IDS Expired,O+,03/08/1995,,Male,Hispanic,"LP, WB, BM,",BM 100ml,,Negative,,69.50,153.20,175.30,69.00,22.60,N,N,N,,Y,N,,05/11/2022,04/15/2022,07/14/2022,15.60,212.10,44.40,65.00,5.20,0.00,147.00,67.00,36.60,N,Y,05/11/2022,,Marito,,
CE0006787,Ineligible,B+,11/30/1992,,Male,Caucasian,,,,Positive,,78.00,172.00,175.00,68.90,25.50,Y,N,N,,Y,Y,,04/15/2022,02/16/2022,05/17/2022,16.10,179.00,46.80,74.00,5.30,0.00,131.00,72.00,36.10,N,Y,02/16/2022,,Dylan,,
CE0006788,Ineligible,A+,03/16/1985,,Male,Caucasian,,DQ,,Positive,,96.20,212.08,177.80,70.00,30.43,N,N,N,,Y,Y,10/18/2021,08/02/2022,06/29/2022,09/27/2022,16.50,212.20,48.60,93.00,8.54,0.00,160.00,94.00,36.30,N,N,,,Bruno,,
CE0006789,IDS Expired,B+,05/12/1990,,Male,asian,"LP, WB,",Not Interested,,Positive,Positive,93.10,205.30,177.80,70.00,29.50,N,N,N,,Y,N,,11/29/2022,10/18/2022,01/16/2023,15.60,190.90,44.20,79.00,4.90,0.00,130.00,75.00,36.10,N,Y,04/28/2022,,Haiyang,,
CE0006791,IDS Expired,A+,01/23/1998,,Male,Caucasian,"LP, WB,",DQ,,Positive,,56.70,125.00,172.70,68.00,19.00,N,N,N,,Y,N,,09/16/2022,09/16/2022,12/15/2022,14.40,222.10,42.30,69.00,6.00,0.00,115.00,67.00,36.90,N,Y,02/03/2022,,Shaun,,
CE0006793,Not Responsive,,02/03/1989,,,,,,,,,53.50,118.00,0.00,0.00,0.00,N,N,N,,N,N,,,,,0.00,0.00,0.00,0.00,0.00,0.00,0.00,0.00,0.00,N,N,,,Sadie,,
CE0006795,IDS Expired,O+,12/08/1981,,Male,Hispanic,"LP, WB, BM,",BM 100ml,,Positive,,79.30,174.80,175.30,69.00,26.20,N,Y,N,,Y,N,07/14/2021,08/19/2021,07/14/2021,10/12/2021,14.40,275.80,41.90,62.00,8.20,0.00,125.00,79.00,36.80,N,N,,"""hard bones"" per BMA NP; Allow 5 minutes dwell time for lidocaine. R side extra 3mL lidocaine.",Noel,,
CE0006796,IDS Expired,O+,03/12/1985,,Female,Mixed,"LP, WB,",DQ,,Negative,,56.00,123.50,175.30,69.00,18.20,N,N,N,,Y,Y,,08/17/2022,08/17/2022,11/15/2022,14.40,159.40,40.80,85.00,5.10,0.00,105.00,70.00,36.90,N,N,,,Amanda,,
CE0006798,Deferred,O+,09/20/1987,,Female,AfricanAmerican,"LP,",,,Positive,,103.10,227.30,167.60,65.98,36.70,N,N,N,,Y,N,12/01/2021,03/01/2022,03/01/2022,05/30/2022,12.20,373.70,34.80,100.00,4.90,0.00,138.00,101.00,36.40,N,Y,03/01/2022,,Tasha Q,,
CE0006799,IDS Expired,A+,03/24/2001,,Male,Hispanic,"LP, WB, BM,",BM 100ml,,Negative,,88.10,194.20,180.30,71.00,27.10,N,N,N,,Y,Y,04/25/2022,,04/25/2022,07/24/2022,15.00,254.90,44.60,67.00,6.50,0.00,116.00,72.00,36.70,N,Y,02/07/2022,,Esteban,,
CE0006800,Ineligible,A+,08/11/1984,,Male,Caucasian,,,Negative,,,137.00,302.03,182.90,72.00,40.50,N,N,N,,N,N,,,04/14/2021,07/13/2021,15.70,205.00,51.80,98.00,11.10,0.00,142.00,94.00,36.90,N,N,,,Joseph,,
CE0006801,IDS Expired,A+,05/25/1985,,Female,Hispanic,"LP, WB,",DQ,,Negative,,89.90,198.20,175.30,69.00,29.30,Y,N,N,,Y,Y,,08/02/2021,08/02/2021,10/31/2021,13.60,168.50,39.20,88.00,6.80,0.00,126.00,82.00,36.90,N,N,,,Melissa,,
CE0006802,IDS Expired,A-,12/30/1992,,Female,Hispanic,"LP, WB,",DQ,,Not Detected,POSITIVE,59.40,130.90,162.60,64.00,22.50,N,N,N,,Y,Y,,01/18/2022,01/18/2022,04/18/2022,12.60,267.80,36.60,71.00,4.30,0.00,125.00,86.00,36.90,N,Y,01/18/2022,,Yeny,,
CE0006805,IDS Expired,O-,09/24/1996,,Male,Caucasian,"LP, WB, BM,",BM 100ml,,Negative,NEGATIVE,93.80,206.80,188.00,74.00,26.50,N,N,N,,Y,Y,08/08/2022,07/21/2021,08/08/2022,11/06/2022,17.80,182.50,50.50,96.00,4.30,0.00,145.00,82.00,36.90,N,N,,,Ocean,,
CE0006807,IDS Expired,O+,01/15/1996,,Male,Caucasian,"LP, WB, BM,",BM 100ml,Negative,,,97.90,215.80,188.00,74.00,27.80,Y,N,N,,Y,N,,05/18/2021,04/16/2021,07/15/2021,15.40,176.00,45.20,59.00,4.80,0.00,127.00,68.00,36.70,N,N,,,Devin,,
CE0006808,Eligible,O+,06/15/1989,,Male,AfricanAmerican,"LP, WB, BM,",BM 100ml,,Positive,,115.60,254.85,183.00,72.05,34.07,N,N,N,,Y,N,12/04/2025,06/18/2026,04/29/2026,07/28/2026,14.15,319.40,43.10,62.00,4.44,0.00,147.00,88.00,36.00,Y,Y,09/11/2025,,De'Marcus,,
CE0006809,IDS Expired,A+,01/23/1998,,Male,Caucasian,"WB, BM,",BM 100ml,,Positive,,71.90,158.50,175.30,69.00,23.40,N,N,N,,Y,Y,01/24/2022,,11/29/2021,02/27/2022,14.00,239.40,42.10,79.00,5.60,0.00,128.00,76.00,37.40,N,N,,,Cameron,,
CE0006813,IDS Expired,O+,07/06/1996,,Female,Caucasian,"LP, WB, BM,",BM 100ml,,Negative,,62.00,136.70,162.60,64.00,25.10,Y,N,N,,Y,Y,07/14/2021,05/11/2021,07/14/2021,10/12/2021,13.00,219.10,14.30,88.00,4.40,0.00,124.00,63.00,36.90,N,N,,,Hannah,,
CE0006815,Not Responsive,,03/27/2000,,,,,,,,,119.90,264.30,175.30,69.00,39.00,N,N,N,,N,N,,,04/20/2021,,0.00,0.00,0.00,100.00,0.00,0.00,124.00,82.00,36.50,N,N,,,Raven,,
CE0006818,IDS Expired,O-,04/01/2001,,Male,Caucasian,"LP, WB,",DQ,,Negative,,89.90,198.20,177.80,70.00,28.40,N,Y,N,,Y,Y,,12/02/2021,12/02/2021,03/02/2022,16.70,215.80,47.20,79.00,16.20,0.00,129.00,67.00,37.40,N,Y,01/20/2022,,Nicholas,,
CE0006823,IDS Expired,O+,11/03/1983,,Male,Caucasian,"LP, WB, BM,",BM 100ml,,Positive,,70.80,156.10,170.20,67.00,24.40,N,N,N,,Y,Y,10/11/2021,,10/11/2021,01/09/2022,16.00,189.00,45.30,66.00,4.20,0.00,132.00,86.00,36.70,N,N,,,Eric,,
CE0006824,Not Responsive,,05/14/1982,,Female,Caucasian,,,,,,65.40,144.20,0.00,0.00,0.00,N,N,N,,N,N,,,,,11.60,0.00,34.00,65.00,4.20,0.00,116.00,82.00,36.90,N,N,,Plt 281.8,Margaret Mae,,
CE0006825,IDS Expired,B+,04/04/1974,,Male,Hispanic,"LP, WB,",Not Interested,Positive,,,90.40,199.30,188.00,74.00,25.60,N,N,N,,N,N,,,04/22/2021,07/21/2021,15.50,301.50,45.30,57.00,7.10,0.00,116.00,70.00,36.40,N,N,,,Armando,,
CE0006826,Ineligible,,02/23/1995,,Female,,,,,,,94.40,208.10,0.00,0.00,0.00,Y,N,N,,N,N,,,,,0.00,0.00,0.00,71.00,0.00,0.00,138.00,89.00,36.80,N,N,,,Elizabeth,,
CE0006827,IDS Expired,O+,09/08/2002,,FTM,Hispanic,"BM,",BM 100ml,Positive,,,66.00,145.50,170.20,67.00,22.30,N,N,N,,Y,N,,,04/23/2021,07/22/2021,12.60,239.00,39.50,89.00,4.40,0.00,129.00,72.00,37.10,N,N,,,Haiden,,
CE0006828,Not Responsive,,12/25/1972,,,,,,,,,0.00,0.00,0.00,0.00,0.00,N,N,N,,N,N,,,,,0.00,0.00,0.00,0.00,0.00,0.00,0.00,0.00,0.00,N,N,,,Elan,,
CE0006829,Eligible,B+,09/21/1985,,Male,asian,"LP, WB, BM,",BM 100ml,,Positive,,74.60,164.46,165.00,64.96,27.40,N,N,N,,Y,N,06/15/2026,07/27/2023,06/15/2026,09/13/2026,15.23,218.20,46.40,76.00,3.77,0.00,112.00,64.00,36.40,Y,Y,02/16/2022,,Erickson,,
CE0006830,Not Responsive,,09/16/1983,,,,,,,,,130.60,287.90,170.20,67.00,45.10,N,N,N,,N,N,,,,,0.00,0.00,0.00,78.00,0.00,0.00,128.00,83.00,35.90,N,N,,,Jennifer,,
CE0006833,IDS Expired,O+,08/18/1988,,Female,Caucasian,"LP, WB,",DQ,,Positive,POSITIVE,61.30,135.10,167.60,66.00,21.80,Y,N,N,,Y,Y,,02/01/2023,11/30/2022,02/28/2023,16.20,197.60,45.70,100.00,3.10,0.00,117.00,63.00,35.70,N,Y,01/31/2022,,Natasha,,
CE0006834,IDS Expired,O-,05/17/1996,,Male,Hispanic,"LP, WB, BM,",BM 100ml,,Negative,,64.80,142.90,172.70,68.00,21.70,N,N,N,,Y,Y,,09/27/2021,09/27/2021,12/26/2021,14.80,159.00,44.00,77.00,6.00,0.00,122.00,61.00,37.00,N,N,,,Angel,,
CE0006837,Not Responsive,,05/15/1974,,Male,Caucasian,,,,,,83.60,184.30,175.30,69.00,27.20,N,N,N,,N,N,,,,,12.40,289.70,36.40,70.00,5.00,0.00,109.00,75.00,36.80,N,N,,,Brian,,
CE0006838,IDS Expired,B+,10/10/2001,,Male,Hispanic,"LP, WB, BM,",BM 100ml,Negative,,,84.70,186.70,177.80,70.00,26.60,N,N,N,,Y,Y,,05/12/2021,04/28/2021,07/27/2021,14.30,190.30,42.30,58.00,5.90,0.00,116.00,59.00,36.60,N,N,,,Daniel,,
CE0006839,IDS Expired,O+,11/08/1992,,Female,asian,"LP, WB,",Not Interested,Negative,,,72.00,158.70,170.20,67.00,24.90,N,N,N,,N,N,,,04/29/2021,07/28/2021,14.40,280.90,42.80,69.00,5.60,0.00,130.00,88.00,36.20,N,N,,,Katherine Clara,,
CE0006842,IDS Expired,A+,11/14/2002,,Female,Hispanic,"LP, WB,",,,Negative,POSITIVE,59.80,131.80,163.00,64.20,22.50,Y,N,N,,Y,Y,02/27/2026,04/21/2025,01/26/2026,04/26/2026,14.10,330.00,42.10,89.00,12.80,0.00,102.00,56.00,36.30,N,Y,07/07/2022,Mobilized LP: DQ for citrate sensitivity and intolerance of CaGl. (10/25/23),Agustina,08/28/2023,POSITIVE
CE0006843,Ineligible,,03/29/1990,,,,,,,,,0.00,0.00,0.00,0.00,0.00,Y,N,N,,N,N,,,,,0.00,0.00,0.00,0.00,0.00,0.00,0.00,0.00,0.00,N,N,,,Raymond,,
CE0006846,Ineligible,A+,11/01/1987,,Female,AfricanAmerican,,,Positive,,,71.70,158.10,149.90,59.00,31.90,N,N,N,,N,N,,,04/29/2021,07/28/2021,13.30,358.20,39.70,99.00,6.80,0.00,115.00,78.00,36.80,N,N,,,Derecka,,
CE0006848,Eligible,O+,04/19/1971,,Male,AfricanAmerican,"LP, WB, BM,",BM 100ml,,Positive,Positive,84.60,186.51,180.00,70.87,26.11,Y,Y,N,,Y,Y,03/23/2026,06/10/2026,04/27/2026,07/26/2026,13.77,259.40,42.10,68.00,6.65,0.00,133.00,68.00,35.80,Y,Y,01/25/2022,"prefers ""Dimitrius""
DQ mLP d/t age",Marcus Dimitrius,,
CE0006849,Ineligible,,10/04/2001,,,,,,,,,0.00,0.00,0.00,0.00,0.00,N,N,N,,N,N,,,,,0.00,0.00,0.00,0.00,0.00,0.00,0.00,0.00,0.00,N,N,,,Janet,,
CE0006850,IDS Expired,O+,08/11/1988,,Male,Caucasian,"LP, WB, BM,",BM 100ml,,Negative,,66.60,146.80,175.30,69.00,21.70,N,N,N,,N,N,10/20/2021,,09/16/2021,12/15/2021,13.70,321.00,42.00,91.00,10.10,0.00,122.00,80.00,36.90,N,N,,,Jay,,
CE0006853,IDS Expired,O+,10/04/1999,,Male,AfricanAmerican,"LP,",DQ,,Negative,POSITIVE,60.40,133.20,183.00,72.10,18.00,N,N,Y,"Environmental,",Y,Y,,03/04/2025,03/04/2025,06/02/2025,12.60,276.20,39.00,75.00,5.40,0.00,123.00,73.00,35.90,N,Y,03/08/2022,,Rodney,10/04/2023,POSITIVE
CE0006856,Ineligible,,02/06/1995,,Female,Caucasian,,,,,,53.40,117.73,162.56,64.00,18.01,N,N,N,,N,N,,,,,0.00,0.00,0.00,0.00,0.00,0.00,0.00,0.00,36.30,N,N,,,Brittany,,
CE0006859,IDS Expired,O+,02/20/1996,,Male,asian,"LP, WB, BM,",BM 100ml,,Negative,POSITIVE,83.80,184.80,167.60,66.00,28.80,Y,N,N,,Y,N,,08/05/2021,08/05/2021,11/03/2021,13.80,381.00,40.50,67.00,6.40,0.00,135.00,73.00,36.80,N,N,,,Matthew,,
CE0006860,IDS Expired,A+,12/03/1996,,Female,Caucasian,"LP,",DQ,,Negative,Positive,66.70,147.10,162.00,63.80,25.40,Y,N,N,,Y,Y,,12/12/2023,11/07/2023,02/05/2024,12.00,352.30,33.00,87.00,8.20,0.00,126.00,77.00,36.20,N,Y,01/31/2022,,Elizabeth,11/07/2023,Positive
CE0006863,Not Responsive,,06/11/2002,,Female,AfricanAmerican,,,,,,61.40,135.40,167.60,66.00,21.90,Y,Y,N,,N,N,,,,,12.40,161.00,36.20,72.00,2.50,0.00,113.00,67.00,36.90,N,N,,,Camille,,
CE0006864,IDS Expired,O+,08/31/1990,,Male,asian,"LP, WB, BM,",BM 100ml,,Positive,positive,79.90,176.20,180.00,70.90,24.70,N,N,N,,Y,Y,02/06/2025,03/19/2025,03/19/2025,06/17/2025,13.90,347.70,42.70,93.00,3.80,0.00,133.00,70.00,35.70,N,Y,03/24/2022,9/29 - NO TIME for mLP,Aaron,06/30/2023,positive
CE0006865,IDS Expired,O+,02/03/1990,,Female,asian,"LP, WB,",DQ,Positive,,,57.10,125.90,160.00,63.00,22.80,Y,Y,N,,Y,Y,,06/30/2021,05/14/2021,08/12/2021,12.60,177.10,37.10,69.00,5.00,0.00,137.00,68.00,36.80,N,N,,,Francine,,
CE0006867,IDS Expired,O+,06/14/1999,,Female,Caucasian,"LP,",Not Interested,,Negative,POSITIVE,66.60,146.80,168.00,66.10,23.60,N,N,N,,Y,N,,09/05/2023,09/05/2023,12/04/2023,12.30,204.40,35.00,71.00,3.90,0.00,117.00,72.00,36.50,N,Y,03/25/2022,,Lauren,,
CE0006870,IDS Expired,O+,10/31/1993,,Female,Hispanic,"LP, WB,",DQ,Positive,,,55.80,123.00,157.50,62.00,22.50,N,N,N,,N,N,,,05/17/2021,08/15/2021,13.20,316.10,38.80,86.00,11.80,0.00,116.00,85.00,36.80,N,N,,,Victoria,,
CE0006874,IDS Expired,O+,11/21/1994,,Male,asian,"LP, WB,",Not Interested,Positive,,,78.30,172.60,0.00,0.00,0.00,N,N,N,,N,N,,,05/17/2021,08/15/2021,14.80,233.40,44.40,76.00,3.80,0.00,124.00,76.00,36.70,N,N,,,Eric,,
CE0006877,IDS Expired,B+,05/30/1990,,Male,Caucasian,"LP, WB, BM,",BM 100ml,Negative,,,73.50,162.00,180.30,71.00,22.60,N,N,N,,N,N,,,05/17/2021,08/15/2021,15.40,185.00,44.50,55.00,5.30,0.00,131.00,75.00,36.90,N,N,,,Max Bochert,,
CE0006881,Ineligible,,09/16/1996,,MTF,Caucasian,,,,,,112.90,248.90,170.20,67.00,39.00,Y,N,N,,N,N,,,,,0.00,0.00,0.00,94.00,0.00,0.00,115.00,74.00,36.20,N,N,,,Samuel Max,,
CE0006884,IDS Expired,O+,12/24/1968,,Male,,"LP, WB,",DQ,,Positive,,112.30,247.60,0.00,0.00,0.00,N,N,N,,N,N,,,05/25/2021,08/23/2021,17.20,212.00,49.80,98.00,5.30,0.00,141.00,95.00,36.60,N,N,,,Joey,,
CE0006885,IDS Expired,O+,07/19/1998,,Female,Caucasian,"BM,",BM 100ml,Positive,,,70.70,155.90,170.20,67.00,24.40,Y,Y,N,,N,N,,,05/20/2021,08/18/2021,14.50,313.00,43.10,71.00,6.60,0.00,102.00,63.00,36.90,N,N,,,Shira,,
CE0006889,Ineligible,AB+,06/02/1989,,Female,Caucasian,,,,Positive,,93.90,207.00,168.90,66.50,32.90,Y,N,N,,Y,N,,01/13/2022,01/13/2022,04/13/2022,13.50,211.60,39.90,88.00,6.30,0.00,115.00,70.00,36.90,N,N,,,Laura M,,
CE0006893,IDS Expired,B+,01/09/1988,,Male,AfricanAmerican,"LP, WB,",DQ,,Negative,,83.30,183.70,175.00,68.90,27.20,N,N,N,,Y,Y,,10/11/2021,10/11/2021,01/09/2022,15.00,196.90,43.70,59.00,4.30,0.00,120.00,64.00,36.80,N,N,,,Graham,,
CE0006894,Ineligible,O+,08/18/1994,,Male,AfricanAmerican,"LP, WB,",Not Interested,,Negative,,70.20,154.80,170.20,67.00,24.60,N,N,N,,Y,Y,,06/23/2021,05/25/2021,08/23/2021,15.50,211.30,45.10,71.00,5.60,0.00,114.00,69.00,36.80,N,N,,,Kim,,
CE0006895,IDS Expired,B+,03/07/2001,,Male,Mixed,"LP, WB,",Not Interested,,Negative,,123.90,273.10,188.00,74.00,35.00,N,N,N,,N,N,,06/07/2021,05/24/2021,08/22/2021,16.10,242.80,45.60,79.00,8.20,0.00,115.00,63.00,36.90,N,N,,,Grant,,
CE0006899,IDS Expired,O+,05/12/1987,,Female,AfricanAmerican,"LP,",DQ,,Positive,,94.70,208.80,154.90,61.00,39.50,N,N,N,,Y,N,,08/30/2021,08/30/2021,11/28/2021,12.00,235.00,35.90,100.00,6.30,0.00,132.00,97.00,36.80,N,N,,,Rochelle,,
CE0006900,IDS Expired,O+,08/01/1993,,Male,AfricanAmerican,"LP, WB, BM,",BM 100ml,,Positive,,85.10,187.60,180.30,71.00,27.50,N,N,N,,Y,N,06/21/2021,08/19/2021,08/19/2021,11/17/2021,14.50,186.80,42.70,72.00,7.00,0.00,132.00,67.00,36.60,N,N,,,Benjamin,,
CE0006902,Eligible,A+,06/03/1986,,Male,Caucasian,"LP, WB, BM,",BM 100ml,,Negative,POSITIVE,74.10,163.36,183.00,72.05,22.13,N,N,N,,Y,Y,02/19/2026,06/08/2026,04/30/2026,07/29/2026,14.78,130.00,43.00,83.00,4.05,0.00,134.00,81.00,36.40,Y,Y,03/02/2022,6/24/25: DQ for mob LP due to low product cell counts per Denny.,Devin,07/05/2023,POSITIVE
CE0006903,Not Responsive,,09/08/2000,,Female,Hispanic,,,,,,53.60,118.20,149.90,59.00,23.90,Y,N,N,,N,N,,,,,0.00,0.00,0.00,0.00,0.00,0.00,0.00,0.00,0.00,N,N,,,Kaelley,,
CE0006904,IDS Expired,O+,09/16/1994,,Male,Mixed,"LP, WB,",Not Interested,,Positive,,72.30,159.39,167.00,65.75,25.92,N,N,N,,Y,N,,07/11/2022,07/11/2022,10/09/2022,14.46,184.40,42.90,66.00,4.34,0.00,122.00,63.00,37.00,N,Y,07/11/2022,,Kaique,,
CE0006908,Ineligible,A+,06/20/1990,,Male,AfricanAmerican,,,,Negative,POSITIVE,104.80,231.04,188.00,74.02,29.65,N,N,N,,Y,N,06/22/2022,05/18/2022,05/18/2022,08/16/2022,13.90,243.50,43.90,68.00,5.98,0.00,126.00,76.00,36.90,N,Y,03/01/2022,,Michael,,
CE0006911,IDS Expired,O+,12/13/1980,,Male,Caucasian,"LP, WB, BM,",BM 100ml,,Negative,,88.40,194.90,172.70,68.00,29.60,N,N,N,,Y,N,,07/14/2021,06/02/2021,08/31/2021,16.20,205.00,46.90,83.00,6.30,0.00,147.00,87.00,36.90,N,N,,,Joseph,,
CE0006916,IDS Expired,O+,07/11/1979,,Female,asian,"LP, WB,",DQ,,Positive,,58.10,128.10,167.60,66.00,20.70,N,N,N,,Y,Y,,04/01/2022,04/01/2022,06/30/2022,13.40,225.60,38.10,66.00,5.70,0.00,122.00,63.00,36.70,N,Y,02/24/2022,,Yuri,,
CE0006921,Not Responsive,A+,01/01/1987,,Male,AfricanAmerican,,,,Negative,,76.20,168.00,180.30,71.00,22.90,N,Y,N,,Y,N,,06/14/2021,06/08/2021,09/06/2021,12.10,292.30,35.70,78.00,8.30,0.00,111.00,61.00,36.80,N,N,,,Ersell,,
CE0006923,IDS Expired,O-,08/28/1967,,Female,Caucasian,"LP, WB,",Not Interested,,Positive,,77.40,170.60,162.60,64.00,29.30,Y,N,N,,Y,N,,05/17/2022,04/21/2022,07/20/2022,14.20,193.00,41.00,87.00,4.30,0.00,144.00,79.00,36.30,N,N,,,Elaine,,
CE0006925,IDS Expired,O+,11/06/2002,,Female,Hispanic,"BM,",BM 100ml,,Positive,,76.40,168.40,170.20,67.00,26.80,N,N,N,,N,N,06/23/2021,,06/04/2021,09/02/2021,14.50,300.00,40.40,69.00,4.70,0.00,100.00,61.00,36.90,N,N,,,Jessica,,
CE0006927,Not Responsive,,10/28/1967,,,,,,,,,0.00,0.00,0.00,0.00,0.00,N,N,N,,N,N,,,,,0.00,0.00,0.00,0.00,0.00,0.00,0.00,0.00,0.00,N,N,,,Joseph,,
CE0006929,IDS Expired,A+,08/22/1997,,Female,Mixed,"LP, WB,",DQ,,Negative,positive,57.80,127.43,158.00,62.20,24.50,Y,N,Y,"Food,",Y,Y,,01/27/2025,02/25/2026,05/26/2026,13.20,259.90,39.80,90.00,7.40,0.00,113.00,75.00,36.70,N,Y,07/27/2023,"ALLERGIES: wheat/gluten;
DQ mLP (unsuitable veins)",Robin S,07/27/2023,positive
CE0006930,IDS Expired,O-,08/09/1968,,Male,Caucasian,"LP, WB,",DQ,,Positive,,114.30,252.00,188.00,74.00,32.30,N,N,N,,Y,N,01/26/2022,05/23/2022,04/15/2022,07/14/2022,14.20,229.40,40.20,58.00,7.10,0.00,122.00,77.00,36.90,N,Y,01/26/2022,,Warren,,
CE0006936,IDS Expired,A+,03/13/1998,,Female,Caucasian,"LP, WB,",Not Interested,,Negative,,68.60,151.20,165.10,65.00,25.30,Y,N,N,,Y,N,,06/15/2021,06/09/2021,09/07/2021,13.40,213.00,38.10,64.00,4.30,0.00,108.00,67.00,37.00,N,N,,,Hannah,,
CE0006943,IDS Expired,B+,07/25/1977,,Male,asian,"LP, WB, BM,",BM 100ml,,Positive,,77.80,171.50,180.30,71.00,23.90,N,N,N,,Y,Y,,03/29/2022,03/25/2022,06/23/2022,16.60,245.20,47.70,84.00,5.30,0.00,133.00,72.00,36.90,N,N,,,Rahul,,
CE0006945,IDS Expired,O+,12/04/1992,,Male,Hispanic,"LP, WB,",Not Interested,,Positive,,85.10,187.60,180.30,71.00,26.70,N,N,N,,Y,N,,06/22/2021,06/10/2021,09/08/2021,14.90,256.90,42.40,60.00,6.70,0.00,119.00,74.00,36.90,N,N,,,Jonathan,,
CE0006946,IDS Expired,B-,07/28/1996,,Male,Caucasian,"LP, WB,",DQ,,Negative,,79.70,175.70,182.90,72.00,23.80,N,N,N,,Y,N,,03/15/2022,02/08/2022,05/09/2022,15.00,181.20,43.20,53.00,4.90,0.00,106.00,59.00,36.80,N,Y,02/08/2022,,Christopher,,
CE0006947,IDS Expired,O+,08/09/1977,,Male,AfricanAmerican,"LP, WB,",Not Interested,,Positive,5.20 IU/mL,67.90,149.70,177.80,70.00,21.50,N,Y,N,,N,N,,,06/10/2021,09/08/2021,14.70,268.50,41.70,100.00,5.60,0.00,109.00,65.00,36.40,N,N,,,Michael,,
CE0006948,Ineligible,O+,05/04/1987,,Female,Hispanic,"LP, WB, BM,",BM 100ml,,Negative,,102.40,225.75,167.64,66.00,36.44,Y,N,N,,Y,N,,08/16/2021,06/18/2021,09/16/2021,15.41,195.00,43.90,82.00,8.66,0.00,127.00,71.00,36.30,N,N,,,Tara,,
CE0006952,IDS Expired,O+,03/07/2000,,Female,Hispanic,"LP, WB,",DQ,,Positive,,130.40,287.50,167.60,66.00,46.40,N,N,N,,Y,N,,03/30/2022,01/20/2022,04/20/2022,14.40,245.90,41.90,91.00,8.80,0.00,127.00,70.00,36.90,N,Y,03/30/2022,,Amy,,
CE0006958,IDS Expired,B+,06/18/1995,,Female,Mixed,"WB, BM,",BM 100ml,,Positive,positive,67.90,149.70,173.00,68.10,22.70,Y,N,N,,Y,Y,11/12/2025,,10/15/2025,01/13/2026,14.30,245.80,42.40,64.00,4.40,0.00,107.00,74.00,36.40,N,Y,04/11/2024,,Kyana,06/13/2024,positive
CE0006962,IDS Expired,A+,09/04/2001,,Female,Hispanic,"LP,",DQ,,Positive,,91.90,202.60,162.60,64.00,34.80,N,N,N,,Y,Y,,09/08/2021,09/08/2021,12/07/2021,12.20,261.00,36.50,89.00,7.10,0.00,102.00,62.00,36.80,N,N,,,Libya,,
CE0006970,Eligible,O+,09/16/1983,,Male,asian,"LP, WB, BM,",BM 100ml,,Negative,POSITIVE,83.70,184.53,175.00,68.90,27.33,N,N,N,,Y,N,07/08/2026,05/12/2026,05/12/2026,08/10/2026,16.20,300.70,46.20,78.00,6.05,0.00,126.00,78.00,36.10,Y,Y,01/14/2026,,Jonathan,,
CE0006972,Ineligible,O+,06/03/1997,,Male,Hispanic,,DQ,,Positive,,66.10,145.73,172.70,68.00,22.10,N,N,N,,Y,N,,06/29/2021,06/18/2021,09/16/2021,15.99,242.00,46.00,76.00,5.18,0.00,130.00,85.00,36.90,N,N,,,Jason,,
CE0006973,IDS Expired,B+,01/13/1999,,Female,Caucasian,"LP, WB, BM,",BM 100ml,,Negative,,73.20,161.40,170.20,67.00,25.30,Y,N,N,,N,N,09/08/2021,,09/08/2021,12/07/2021,14.80,229.00,43.20,85.00,8.00,0.00,121.00,74.00,36.80,N,N,,,Courtney,,
CE0006974,Ineligible,B+,01/30/1969,,Female,Mixed,,,,Positive,,63.20,139.33,162.20,63.86,24.02,N,N,N,,Y,N,,09/20/2021,07/13/2021,10/11/2021,13.94,298.90,42.10,94.00,6.85,0.00,146.00,97.00,36.80,N,N,,,Andrea,,
CE0006975,IDS Expired,O+,04/02/2003,,Female,AfricanAmerican,"LP, WB, BM,",BM 100ml,,Negative,POSITIVE,85.80,189.20,162.60,64.00,32.50,N,Y,N,,Y,N,02/15/2023,08/25/2021,01/09/2023,04/09/2023,12.60,261.20,37.90,92.00,10.10,0.00,128.00,84.00,36.50,N,N,,,Taiena,,
CE0006989,Not Responsive,,06/23/1995,,,,,,,,,90.10,198.60,182.90,72.00,26.90,N,N,N,,N,N,,,,,14.50,117.00,41.20,59.00,2.60,0.00,130.00,76.00,36.80,N,N,,,Anthony,,
CE0006991,IDS Expired,A+,01/28/2000,,Female,Hispanic,"LP, WB,",DQ,,Positive,,91.30,201.30,154.90,61.00,38.10,Y,N,N,,Y,Y,,10/14/2021,10/14/2021,01/12/2022,13.20,288.00,38.30,79.00,10.30,0.00,101.00,68.00,36.80,N,N,,,Alicia,,
CE0006998,Ineligible,A-,07/09/1988,,Male,Hispanic,,,,Negative,,82.00,180.80,180.30,71.00,25.20,Y,Y,N,,Y,Y,04/13/2022,09/21/2021,02/07/2022,05/08/2022,15.30,185.70,45.10,72.00,7.10,0.00,132.00,81.00,36.70,N,Y,02/07/2022,,Anthony,,
CE0007000,Ineligible,A+,09/24/1967,,Female,Caucasian,,,,POSITIVE,,102.90,226.90,170.20,67.00,35.50,N,N,N,,Y,N,,06/28/2023,05/16/2023,08/14/2023,13.80,286.90,39.80,80.00,4.30,0.00,120.00,71.00,35.90,N,Y,03/03/2022,,Erin,,
CE0007001,IDS Expired,A+,05/01/1999,,Female,Caucasian,"LP, WB, BM,",BM 100ml,,Positive,,63.20,139.30,170.20,67.00,21.80,Y,N,N,,Y,Y,,10/27/2021,10/27/2021,01/25/2022,13.30,162.90,39.40,78.00,5.00,0.00,119.00,71.00,36.80,N,N,,,Chloe,,
CE0007003,Ineligible,,12/14/1975,,Female,AfricanAmerican,,DQ,,,,0.00,0.00,0.00,0.00,0.00,N,Y,N,,N,N,,,,,0.00,0.00,0.00,0.00,0.00,0.00,0.00,0.00,0.00,N,N,,,Yvonne,,
CE0007007,IDS Expired,A+,07/26/2001,,Female,Hispanic,"LP,",Not Interested,,Positive,POSITIVE,74.70,164.70,160.00,63.00,29.20,N,N,N,,Y,N,,01/30/2024,01/30/2024,04/29/2024,11.60,250.00,33.10,84.00,5.70,0.00,103.00,60.00,36.00,N,Y,03/14/2022,,Bianca,11/20/2023,POSITIVE
CE0007010,IDS Expired,A+,10/15/1991,,Female,Caucasian,"BM,",BM 100ml,,Negative,,73.80,162.70,0.00,0.00,0.00,N,N,N,,N,N,,,06/28/2021,09/26/2021,14.50,201.00,42.30,98.00,7.50,0.00,128.00,90.00,36.80,N,N,,,Vanessa,,
CE0007012,IDS Expired,O+,07/18/1996,,Male,Hispanic,"LP, WB, BM,",BM 100ml,,Positive,,103.40,228.00,180.30,71.00,31.80,N,Y,N,,Y,N,,08/02/2021,06/28/2021,09/26/2021,15.00,183.70,44.00,52.00,6.80,0.00,133.00,74.00,36.80,N,N,,,David,,
CE0007013,Ineligible,,02/03/1956,,,,,,,,,0.00,0.00,0.00,0.00,0.00,N,N,N,,N,N,,,06/29/2021,,0.00,0.00,0.00,0.00,0.00,0.00,0.00,0.00,0.00,N,N,,,Gena,,
CE0007016,Ineligible,A+,10/06/1988,,Male,AfricanAmerican,"LP, WB,",Not Interested,,Positive,,74.30,163.80,170.20,67.00,25.30,N,N,N,,Y,Y,,07/20/2021,07/06/2021,10/04/2021,13.43,272.00,40.80,57.00,6.25,0.00,121.00,75.00,36.80,N,N,,,Michael,,
CE0007018,IDS Expired,O+,04/01/1991,,Female,Caucasian,"LP, WB,",Not Interested,,Positive,,85.00,187.40,175.30,69.00,27.70,N,N,N,,N,N,,,07/08/2021,10/06/2021,14.70,212.00,42.50,73.00,5.60,0.00,124.00,62.00,36.80,N,N,,,Sydney,,
CE0007023,IDS Expired,O+,08/26/1996,,Male,asian,"LP, WB,",Not Interested,,Negative,,69.80,153.90,175.30,69.00,22.70,N,Y,N,,Y,Y,,03/24/2022,02/08/2022,05/09/2022,15.60,207.30,44.90,59.00,4.70,0.00,121.00,71.00,36.90,N,Y,02/08/2022,,Justin,,
CE0007029,IDS Expired,A+,09/01/1998,,Male,Hispanic,"LP, WB,",DQ,,Negative,,145.00,319.70,182.90,72.00,43.00,N,N,N,,Y,Y,,07/27/2021,07/06/2021,10/04/2021,15.60,255.20,45.30,82.00,8.90,0.00,123.00,77.00,36.80,N,N,,,Jonathan,,
CE0007032,IDS Expired,O+,09/08/1996,,Male,Mixed,"LP, WB,",DQ,,Positive,,90.10,198.60,188.00,74.00,24.80,Y,Y,N,,Y,N,,08/10/2021,06/03/2022,09/01/2022,16.20,174.30,47.00,66.00,8.30,0.00,122.00,78.00,36.70,N,N,,"07/15/21 - Donor approved by Dr. Bauer.
07/14/21 - Donor reports hx SVT @ age 15. Had ablation @ age 15: Holter monitor immediately after & repeated 1 year ago reveal NSR. Will confirm donor qualification with Medical Director.",Mario,,
CE0007033,Not Responsive,,11/26/1978,,Male,AfricanAmerican,,,,,,127.70,281.50,180.30,71.00,39.30,Y,N,N,,N,N,,,,,0.00,0.00,0.00,118.00,0.00,0.00,153.00,101.00,36.20,N,N,,,Lewis,,
CE0007034,IDS Expired,O+,01/15/1999,,Female,Caucasian,"LP, WB,",DQ,,Negative,,57.80,127.40,165.10,65.00,21.20,Y,N,N,,Y,N,,02/14/2022,02/14/2022,05/15/2022,13.00,343.20,38.70,84.00,3.60,0.00,103.00,56.00,36.90,N,N,,,Madeline Rose,,
CE0007035,IDS Expired,A+,12/28/1998,,Female,Caucasian,"LP,",,,Positive,POSITIVE,70.40,155.21,165.00,64.96,25.86,Y,N,N,,Y,Y,12/17/2025,09/25/2024,11/24/2025,02/22/2026,13.50,258.20,37.30,97.00,6.68,0.00,126.00,81.00,36.20,N,Y,03/25/2022,,Abby,08/14/2024,Positive
CE0007036,Ineligible,,09/29/1968,,,,,,,,,73.60,162.26,180.34,71.00,22.63,N,N,N,,N,N,,,,,0.00,0.00,0.00,95.00,0.00,0.00,125.00,75.00,36.90,N,N,,,Calvin,,
CE0007038,IDS Expired,A+,09/09/1991,,Male,Mixed,"LP, WB, BM,",Not Interested,,Negative,,75.70,166.90,182.90,72.00,22.60,N,N,N,,N,N,,,07/14/2021,10/12/2021,14.80,219.60,43.50,80.00,4.70,0.00,134.00,78.00,36.90,N,N,,Still thinking about BMA donation.,Taylor,,
CE0007041,Ineligible,O+,10/21/1999,,Male,Caucasian,"LP, WB,",Not Interested,,Positive,,66.00,145.51,165.10,65.00,23.70,N,N,N,,Y,N,,07/20/2021,07/08/2021,10/06/2021,14.37,242.00,44.10,76.00,6.07,0.00,130.00,72.00,36.80,N,N,,,Augusto Cesar,,
CE0007045,Not Responsive,A+,09/10/2000,,Female,Caucasian,"LP, WB, BM,",BM 100ml,,Positive,,67.40,148.60,170.20,67.00,23.30,Y,N,N,,N,N,,,07/13/2021,10/11/2021,12.90,261.00,38.00,54.00,8.00,0.00,129.00,82.00,36.90,N,N,,,Isabel Grace,,
CE0007046,Ineligible,B+,02/01/2002,,Female,Caucasian,,,,Positive,,59.90,132.06,172.70,68.00,20.30,Y,N,N,,N,N,,,07/19/2021,10/17/2021,12.40,224.00,36.30,89.00,2.40,0.00,111.00,64.00,36.80,N,N,,,Erin,,
CE0007051,Not Responsive,,11/02/1999,,,,,,,,,0.00,0.00,0.00,0.00,0.00,N,N,N,,N,N,,,,,0.00,0.00,0.00,0.00,0.00,0.00,0.00,0.00,0.00,N,N,,,Julian,,
CE0007057,IDS Expired,B+,05/20/1987,,Female,Caucasian,"LP, WB,",,,Negative,,58.00,127.90,167.60,66.00,20.70,Y,N,N,,N,N,,,07/15/2021,10/13/2021,13.70,178.50,40.60,83.00,6.00,0.00,105.00,71.00,36.80,N,N,,,Tandis,,
CE0007058,IDS Expired,O+,07/20/1999,,Female,Caucasian,"LP, WB,",Not Interested,,Negative,,66.50,146.60,172.70,68.00,22.30,N,N,N,,N,N,,,07/12/2021,10/10/2021,13.50,279.70,38.60,63.00,7.10,0.00,113.00,77.00,37.00,N,N,,,Isabel Clare,,
CE0007059,Ineligible,,08/11/2002,,Female,Hispanic,,,,,,54.30,119.70,154.00,60.60,23.20,N,N,N,,N,N,,,,,0.00,0.00,0.00,0.00,0.00,0.00,0.00,0.00,0.00,N,N,,,Yuliana,,
CE0007060,Eligible,A+,04/12/1989,,Male,Hispanic,"BM,",BM 100ml,,Negative,POSITIVE,104.20,229.72,173.00,68.11,34.82,N,N,N,,Y,Y,12/18/2025,10/30/2025,06/04/2026,09/02/2026,13.89,351.60,41.60,96.00,7.47,0.00,150.00,88.00,36.40,Y,N,03/14/2022,"DQ mLP d/t poor veins
DQ LP poor veins",Jonathan E,05/16/2023,POSITIVE
CE0007061,Ineligible,,11/21/1999,,Female,asian,,,,,,0.00,0.00,0.00,0.00,0.00,N,N,N,,N,N,,,,,0.00,0.00,0.00,0.00,0.00,0.00,0.00,0.00,0.00,N,N,,,Maria Celerina,,
CE0007062,IDS Expired,O+,10/11/1984,,Female,Hispanic,"LP,",,,Positive,,73.30,161.60,157.50,62.00,29.60,Y,N,N,,N,N,,,07/15/2021,10/13/2021,12.30,383.70,35.80,82.00,7.60,0.00,124.00,80.00,36.50,N,N,,,Norma,,
CE0007065,IDS Expired,B+,03/30/2002,,Female,asian,"LP, WB, BM,",BM 100ml,,Negative,,62.10,136.91,165.00,64.96,22.81,Y,Y,Y,"Food, Environmental,",N,N,,,07/14/2021,10/12/2021,11.80,336.80,36.60,73.00,5.62,0.00,104.00,67.00,36.40,N,N,,,Ligaya,,
CE0007066,IDS Expired,A+,02/02/2003,,Male,Caucasian,"LP, WB,",Not Interested,,Positive,,80.70,177.90,177.80,70.00,25.50,N,Y,N,,N,N,,,07/13/2021,10/11/2021,15.40,223.50,44.20,73.00,5.30,0.00,131.00,76.00,37.30,N,N,,,Jude,,
CE0007070,Deferred,O+,06/20/1987,,Male,Mixed,,DQ,,Negative,,158.50,349.43,183.00,72.05,47.33,Y,N,Y,"Medication, Environmental,",Y,N,,09/26/2025,09/26/2025,12/25/2025,15.10,226.50,46.70,99.00,5.28,0.00,155.00,81.00,34.70,N,Y,02/10/2022,,Oran,,
CE0007074,IDS Expired,B+,10/25/1991,,Female,asian,"LP,",,,Negative,,74.20,163.60,162.20,63.90,28.20,Y,N,N,,Y,N,08/09/2021,02/23/2022,02/16/2022,05/17/2022,11.80,231.00,34.80,65.00,5.70,0.00,137.00,82.00,36.90,N,N,,,Sydney,,
CE0007075,Ineligible,,06/17/1968,,,,,,,,,0.00,0.00,0.00,0.00,0.00,N,N,N,,N,N,,,,,0.00,0.00,0.00,0.00,0.00,0.00,0.00,0.00,0.00,N,N,,,Hilda,,
CE0007078,Not Responsive,,02/07/2000,,,,,,,,,0.00,0.00,0.00,0.00,0.00,N,N,N,,N,N,,,,,0.00,0.00,0.00,0.00,0.00,0.00,0.00,0.00,0.00,N,N,,,Edward,,
CE0007080,IDS Expired,O+,06/04/1990,,Female,Mixed,"LP, WB, BM,",BM 100ml,,Positive,,89.00,196.20,162.20,63.90,33.80,N,N,N,,Y,Y,,09/17/2021,11/02/2022,01/31/2023,13.70,267.40,39.50,53.00,7.40,0.00,114.00,81.00,36.40,N,N,,,Rosario,,
CE0007083,IDS Expired,A+,09/05/1996,,Female,Caucasian,"WB, BM,",BM 100ml,,Positive,,63.30,139.60,167.60,66.00,22.50,N,N,N,,N,N,,,07/20/2021,10/18/2021,13.20,188.00,37.70,65.00,6.40,0.00,111.00,32.00,36.90,N,N,,,Alexis,,
CE0007089,IDS Expired,O+,04/15/1984,,Male,AfricanAmerican,"LP, WB, BM,",BM 100ml,,Negative,,84.00,185.20,165.10,65.00,30.80,Y,N,N,,N,N,08/23/2021,,07/20/2021,10/18/2021,15.60,178.00,47.30,97.00,5.90,0.00,136.00,94.00,35.20,N,N,,"R inner wrist surgical scar from ""running & falling""; R upper arm surgical scar from ""when I was younger I used to use drugs.""",Glenn,,
CE0007094,Not Responsive,,03/06/1983,,,,,,,,,0.00,0.00,0.00,0.00,0.00,N,N,N,,N,N,,,,,0.00,0.00,0.00,0.00,0.00,0.00,0.00,0.00,0.00,N,N,,,Lester,,
CE0007095,Ineligible,A+,05/28/1996,,Male,Hispanic,,,,Negative,POSITIVE,112.80,248.68,183.00,72.05,33.68,Y,N,Y,"Environmental,",Y,N,,04/11/2023,07/31/2024,10/29/2024,15.62,272.80,46.20,83.00,5.17,0.00,171.00,90.00,36.40,N,Y,03/07/2022,,Adrian,,
CE0007097,Ineligible,O+,07/22/2002,,Female,asian,,Not Interested,,Negative,,86.70,191.10,160.00,63.00,33.90,Y,N,N,,Y,N,,12/09/2021,10/13/2021,01/11/2022,12.10,345.30,34.80,85.00,7.30,0.00,118.00,78.00,36.80,N,N,,,Brigitta,,
CE0007098,IDS Expired,O+,06/13/1991,,Female,Mixed,"LP, WB,",DQ,,Positive,,107.60,237.20,162.20,63.90,40.90,N,N,N,,Y,Y,,08/30/2021,07/21/2021,10/19/2021,15.20,303.00,44.40,73.00,9.80,0.00,109.00,77.00,36.80,N,N,,,Marleni,,
CE0007101,IDS Expired,O+,11/21/1997,,Female,Caucasian,"LP, WB,",DQ,,Negative,POSITIVE,57.20,126.10,165.00,65.00,21.00,N,N,N,,Y,N,04/24/2023,07/25/2023,07/11/2023,10/09/2023,13.40,160.50,37.90,52.00,4.60,0.00,113.00,65.00,36.20,N,Y,01/18/2022,,Karissa,,
CE0007102,Ineligible,,02/26/1991,,Female,Mixed,,,,,,68.80,151.68,470.92,185.40,3.10,N,N,N,,N,N,,,,,0.00,0.00,0.00,0.00,0.00,0.00,0.00,0.00,36.90,N,N,,,Jenise,,
CE0007108,IDS Expired,O+,12/22/1996,,Female,Caucasian,"LP, WB, BM,",BM 100ml,,Positive,,64.10,141.32,152.40,60.00,27.60,N,N,N,,Y,Y,04/18/2022,,04/18/2022,07/17/2022,14.26,349.40,40.10,69.00,5.32,0.00,132.00,84.00,36.90,N,Y,02/07/2022,,Mikaela,,
CE0007110,Ineligible,,08/08/1981,,,,,,,,,75.50,166.45,172.72,68.00,25.31,N,N,N,,N,N,,,,,0.00,0.00,0.00,0.00,0.00,0.00,0.00,0.00,36.90,N,N,,,Eve Marie,,
CE0007114,IDS Expired,B-,08/28/1993,,Male,Hispanic,"LP, WB,",DQ,,Positive,,110.20,243.00,170.20,67.00,38.10,N,N,N,,Y,N,,06/28/2022,06/02/2022,08/31/2022,14.60,370.20,44.70,75.00,7.00,0.00,143.00,77.00,37.10,N,N,,,Jonathan,,
CE0007122,IDS Expired,A+,04/06/1989,,Male,Caucasian,"LP, WB,",Not Interested,,Negative,POSITIVE,97.10,214.10,191.00,75.20,26.60,Y,N,Y,"Medication,",Y,Y,02/21/2024,02/24/2026,01/05/2026,04/05/2026,14.70,224.30,43.90,89.00,5.10,0.00,127.00,71.00,36.30,N,Y,02/21/2024,Donor has done multiple mLPs at another facility before becoming a Canventa donor. Perm DQ for mLP.; allergy: morphine,Brandon,10/26/2023,POSITIVE
CE0007124,Ineligible,,09/27/1975,,Male,AfricanAmerican,,DQ,,,,87.90,193.80,172.70,68.00,29.50,N,N,N,,N,N,,,,,12.40,299.00,36.90,73.00,5.80,0.00,131.00,70.00,36.80,N,N,,,Curlie,,
CE0007125,IDS Expired,A-,06/20/1981,,Male,Caucasian,"LP, WB,",DQ,,Negative,POSITIVE,101.10,222.90,173.00,68.10,33.80,Y,Y,Y,"Medication,",Y,N,,07/29/2024,06/18/2024,09/16/2024,13.00,249.60,40.00,82.00,6.10,0.00,162.00,85.00,36.30,N,Y,01/24/2022,,Matthew,05/23/2023,POSITIVE
CE0007126,Ineligible,,05/18/1981,,,,,,,,,0.00,0.00,0.00,0.00,0.00,N,N,N,,N,N,,,,,0.00,0.00,0.00,0.00,0.00,0.00,0.00,0.00,0.00,N,N,,,Catherine,,
CE0007129,IDS Expired,O+,08/06/1971,,Female,AfricanAmerican,"LP, WB, BM,",BM 100ml,,Positive,POSITIVE,94.00,207.20,165.00,65.00,34.50,Y,N,N,,Y,Y,,11/06/2023,11/06/2023,02/04/2024,13.90,356.40,42.10,76.00,5.70,0.00,146.00,77.00,35.40,N,Y,01/25/2022,,Mesalina,08/21/2023,Positive
CE0007137,Not Responsive,,09/16/1984,,,,,,,,,0.00,0.00,0.00,0.00,0.00,N,N,N,,N,N,,,,,0.00,0.00,0.00,0.00,0.00,0.00,0.00,0.00,0.00,N,N,,,Hendra,,
CE0007138,IDS Expired,O+,12/14/1972,,Male,AfricanAmerican,"LP, WB,",Not Interested,,Positive,,91.80,202.40,170.20,67.00,31.70,N,N,N,,Y,N,,03/11/2022,03/11/2022,06/09/2022,13.70,238.70,39.90,76.00,4.20,0.00,157.00,84.00,36.80,N,Y,03/11/2022,,Ronald,,
CE0007143,IDS Expired,O+,04/22/1983,,Male,Caucasian,"LP, WB,",Not Interested,,Positive,,90.00,198.40,167.60,66.00,32.00,Y,N,N,,N,N,,,08/09/2021,11/07/2021,16.20,191.90,47.00,65.00,9.80,0.00,125.00,73.00,37.10,N,N,,,Tristan,,
CE0007149,Not Responsive,,12/04/2000,,,,,,,,,0.00,0.00,0.00,0.00,0.00,N,N,N,,N,N,,,,,0.00,0.00,0.00,0.00,0.00,0.00,0.00,0.00,0.00,N,N,,,Mariam,,
CE0007150,IDS Expired,A+,03/19/1970,,Male,asian,"LP, WB, BM,",BM 100ml,,Positive,,79.70,175.70,165.10,65.00,29.20,N,N,N,,N,N,,,08/03/2021,11/01/2021,15.20,211.00,45.50,88.00,5.80,0.00,115.00,70.00,36.80,N,N,,,Chung,,
CE0007151,IDS Expired,O+,09/26/1975,,Male,AfricanAmerican,"LP, WB, BM,",BM 100ml,,Positive,,79.30,174.80,185.40,73.00,23.10,N,N,N,,Y,N,,09/21/2021,08/03/2021,11/01/2021,13.30,220.00,38.50,100.00,6.70,0.00,149.00,88.00,36.80,N,N,,,Maurice Dante,,
CE0007153,IDS Expired,O+,05/03/1984,,Male,Caucasian,"LP, WB, BM,",BM 100ml,,Negative,,92.30,203.50,180.00,70.90,28.50,Y,Y,N,,Y,N,05/08/2023,11/09/2023,11/09/2023,02/07/2024,15.00,187.40,44.70,91.00,7.70,0.00,133.00,76.00,36.70,N,Y,01/27/2022,"""ages out"" of mLP eligibility in May 2024",Erik,,
CE0007154,IDS Expired,O+,03/23/1982,,Female,Caucasian,"LP, WB, BM,",BM 100ml,,Positive,,76.70,169.10,170.20,67.00,26.50,Y,N,N,,N,N,,,08/05/2021,11/03/2021,14.00,380.00,43.10,68.00,8.20,0.00,134.00,70.00,37.20,N,N,,,Samantha,,
CE0007156,Ineligible,O+,06/13/1991,,Male,,"LP, WB,",Not Interested,,Negative,,75.80,167.10,177.80,70.00,24.00,N,N,N,,N,N,,,08/10/2021,11/08/2021,17.40,159.40,49.50,88.00,4.90,0.00,123.00,78.00,36.80,N,N,,,Rajiv,,
CE0007158,IDS Expired,O+,11/11/1971,,Female,Hispanic,"LP, WB, BM,",BM 100ml,,Positive,,82.60,182.10,170.20,67.00,28.50,N,N,N,,N,N,,,08/03/2021,11/01/2021,12.50,217.00,37.00,70.00,4.90,0.00,124.00,78.00,36.90,N,N,,,Icela G Lara,,
CE0007162,IDS Expired,A+,10/27/1983,,Male,Caucasian,"LP, WB, BM,",BM 100ml,,Positive,POSITIVE,87.80,193.60,170.00,66.90,30.40,N,N,N,,Y,N,02/27/2025,11/10/2022,02/26/2025,05/27/2025,14.90,216.90,44.70,78.00,5.10,0.00,125.00,85.00,36.00,N,N,,,Brian,,
CE0007165,IDS Expired,B+,05/19/1988,,Female,AfricanAmerican,"LP,",,,Negative,Positive,68.40,150.80,173.00,68.10,22.90,N,N,N,,Y,N,,10/10/2023,10/10/2023,01/08/2024,11.90,214.90,35.10,93.00,9.60,0.00,114.00,65.00,36.00,N,Y,02/09/2022,,LiaDonna,,
CE0007166,Ineligible,A+,01/02/2002,,Male,Mixed,,,,Negative,,57.50,126.80,167.60,66.00,20.50,N,Y,N,,N,N,,,08/12/2021,11/10/2021,15.00,197.30,44.50,58.00,7.70,0.00,120.00,74.00,37.00,N,N,,,Angelo,,
CE0007167,IDS Expired,A+,01/20/1980,,Male,Caucasian,"LP, WB, BM,",BM 100ml,,Negative,,111.20,245.20,185.40,73.00,32.30,N,N,N,,N,N,,,08/06/2021,11/04/2021,14.90,279.00,44.90,69.00,5.30,0.00,151.00,71.00,36.80,N,N,,,Bradley W,,
CE0007169,IDS Expired,A+,09/05/1990,,Male,AfricanAmerican,"LP, WB, BM,",BM 100ml,,Negative,,84.90,187.20,175.30,69.00,27.60,Y,N,N,,N,N,,,08/06/2021,11/04/2021,16.10,164.00,47.50,77.00,5.50,0.00,122.00,56.00,36.80,N,N,,,Nathaniel,,
CE0007172,IDS Expired,O-,10/24/2001,,Female,Hispanic,"LP, WB,",,,Positive,,58.20,128.30,157.50,62.00,23.50,Y,N,N,,N,N,,,08/06/2021,11/04/2021,13.20,279.00,39.30,84.00,5.10,0.00,106.00,65.00,36.90,N,N,,,Vittoria,,
CE0007173,IDS Expired,O+,12/19/1991,,Male,asian,"LP, WB, BM,",BM 100ml,,Negative,,88.00,194.00,170.20,67.00,30.40,N,N,N,,Y,N,,08/31/2021,08/03/2021,11/01/2021,16.10,215.20,45.90,82.00,8.50,0.00,126.00,77.00,36.90,N,N,,,Harold,,
CE0007176,Ineligible,AB+,07/10/1968,,Female,asian,,DQ,,Positive,,97.40,214.70,152.00,59.80,42.20,Y,N,Y,"Medication,",Y,N,,06/01/2023,03/20/2023,06/18/2023,12.60,171.60,37.20,83.00,8.20,0.00,146.00,86.00,36.50,N,Y,02/10/2022,,Daisy,,
CE0007177,Ineligible,,04/11/1969,,,,,,,,,113.40,250.00,187.96,74.00,32.10,N,N,N,,N,N,,,08/05/2021,,0.00,0.00,0.00,76.00,0.00,0.00,139.00,88.00,36.20,N,N,,,Damon,,
CE0007179,IDS Expired,O+,05/01/1974,,Female,Caucasian,"LP, WB,",,,Positive,,89.50,197.30,170.20,67.00,30.90,Y,N,N,,N,N,,,08/05/2021,11/03/2021,15.00,254.00,44.40,75.00,6.40,0.00,116.00,73.00,36.80,N,N,,,Jennifer,,
CE0007182,Ineligible,,05/03/1995,,,,,,,,,76.50,168.70,180.30,71.00,23.50,N,N,N,,N,N,,,,,12.10,185.70,35.90,77.00,6.30,0.00,109.00,61.00,36.90,N,N,,,Mark,,
CE0007183,IDS Expired,B+,07/22/1999,,Female,Hispanic,"WB, BM,",BM 100ml,,Positive,,77.00,169.80,158.00,62.20,30.80,Y,N,N,,N,N,04/03/2024,,03/05/2024,06/03/2024,12.60,215.90,39.30,76.00,6.30,0.00,118.00,81.00,36.10,N,N,,,Cristina Teresa,,
CE0007184,IDS Expired,B+,12/01/1998,,Female,Hispanic,"LP, WB, BM,",BM 100ml,,Positive,,57.70,127.20,152.40,60.00,25.80,N,Y,N,,N,N,,,08/09/2021,11/07/2021,13.80,306.00,39.40,65.00,6.00,0.00,104.00,64.00,36.80,N,N,,,Niccolette,,
CE0007185,IDS Expired,B+,05/11/1995,,Male,Caucasian,"LP, WB,",Not Interested,,Negative,,68.80,151.70,180.30,71.00,21.20,Y,N,N,,Y,N,,09/01/2021,08/09/2021,11/07/2021,16.20,155.70,46.10,62.00,5.90,0.00,123.00,79.00,36.80,N,N,,,Jordan,,
CE0007186,Ineligible,O+,10/22/1998,,Female,Mixed,,DQ,,Positive,,118.90,262.13,157.50,62.01,47.93,N,N,N,,Y,Y,,11/18/2021,09/08/2021,12/07/2021,12.01,328.00,36.50,74.00,4.84,0.00,142.00,87.00,36.80,N,N,,,Keziah,,
CE0007187,IDS Expired,A+,04/27/1990,,Male,Mixed,"LP, WB,",DQ,,positive,,116.80,257.50,175.30,69.00,38.00,N,Y,N,,N,N,,,08/11/2021,11/09/2021,14.80,205.80,42.90,85.00,5.10,0.00,136.00,89.00,36.70,N,N,,,Ntr,,
CE0007188,IDS Expired,O+,03/14/1997,,Male,Caucasian,"LP, WB,",Not Interested,,negative,,77.80,171.50,172.70,68.00,26.10,N,N,N,,N,N,,,08/09/2021,11/07/2021,16.10,160.40,45.60,62.00,4.80,0.00,114.00,62.00,36.90,N,N,,,Kyle,,
CE0007189,IDS Expired,O+,12/16/1997,,Female,Caucasian,"LP, WB, BM,",BM 100ml,,Negative,,78.30,172.60,170.20,67.00,27.00,Y,N,N,,N,N,,,08/10/2021,11/08/2021,13.70,271.10,38.80,92.00,6.90,0.00,114.00,74.00,36.80,N,N,,,Valeska Noelle,,
CE0007190,Not Responsive,,05/09/1996,,,,,,,,,69.00,152.10,177.80,70.00,21.80,N,N,N,,N,N,,,,,0.00,0.00,0.00,78.00,0.00,0.00,122.00,77.00,36.90,N,N,,,Isaiah,,
CE0007193,IDS Expired,O+,09/08/1977,,Female,Caucasian,"BM,",BM 100ml,,Positive,,97.80,215.60,167.60,66.00,34.80,Y,N,N,,N,N,09/29/2021,,08/18/2021,11/16/2021,14.20,261.50,36.00,75.00,7.30,0.00,138.00,95.00,36.80,N,N,,,Paulina,,
CE0007194,IDS Expired,O+,05/05/1997,,Female,asian,"LP, WB, BM,",BM 100ml,,Negative,,60.20,132.70,170.20,67.00,20.80,Y,N,N,,Y,N,,09/07/2021,08/20/2021,11/18/2021,13.60,272.00,39.20,70.00,7.40,0.00,123.00,78.00,36.80,N,N,,Advised to maintain/increase weight for BMA eligibility.,Stephanie,,
CE0007196,IDS Expired,B+,01/03/1991,,Male,asian,"LP, WB, BM,",BM 100ml,,Positive,,73.20,161.40,177.80,70.00,23.20,N,N,N,,Y,Y,11/10/2021,,11/10/2021,02/08/2022,16.00,181.00,45.40,89.00,3.60,0.00,120.00,75.00,36.50,N,N,,,Adelson,,
CE0007197,IDS Expired,B+,02/03/1992,,Male,asian,"LP, WB, BM,",BM 100ml,,Positive,,61.40,135.40,170.20,67.00,21.20,N,Y,N,,N,N,,,08/12/2021,11/10/2021,16.00,241.70,46.30,80.00,5.80,0.00,128.00,79.00,36.80,N,N,,,Edwin,,
CE0007202,IDS Expired,O+,10/17/1996,,Female,Caucasian,"LP, WB,",Not Interested,,Negative,,64.60,142.40,160.00,63.00,25.20,Y,N,N,,Y,N,,12/15/2021,12/15/2021,03/15/2022,13.90,257.90,40.20,88.00,8.20,0.00,124.00,71.00,36.90,N,N,,,Jacqueline,,
CE0007204,IDS Expired,B+,07/26/1983,,Female,Caucasian,"LP, WB, BM,",BM 100ml,,Negative,,75.50,166.50,177.80,70.00,23.90,Y,N,N,,Y,N,,09/13/2021,06/17/2022,09/15/2022,14.90,205.70,43.00,76.00,8.40,0.00,114.00,78.00,36.90,N,N,,,Elizabeth,,
CE0007205,Ineligible,B+,06/28/2002,,Male,Caucasian,"WB, BM,",BM 100ml,,Negative,,62.30,137.35,172.00,67.72,21.06,N,N,N,,Y,N,,11/24/2021,09/01/2023,11/30/2023,15.41,170.80,42.40,57.00,3.07,0.00,113.00,68.00,37.20,N,N,,,Matthew,,
CE0007206,IDS Expired,O+,06/29/1981,,Female,Caucasian,"LP, WB,",DQ,,Positive,,81.70,180.10,162.60,64.00,30.90,Y,N,N,,Y,Y,,05/09/2022,05/09/2022,08/07/2022,15.30,289.70,44.00,69.00,9.90,0.00,116.00,67.00,36.90,N,Y,04/04/2022,,Jessica,,
CE0007209,IDS Expired,A+,10/06/2001,,Female,Hispanic,"LP, WB, BM,",BM 100ml,,Negative,,93.10,205.30,167.60,66.00,33.10,N,N,N,,N,N,09/24/2021,,09/03/2021,12/02/2021,13.20,264.50,38.20,81.00,6.30,0.00,136.00,77.00,37.20,N,N,,,Estefania,,
CE0007210,Deferred,O+,10/22/1996,,Female,AfricanAmerican,"LP,",DQ,,positive,POSITIVE,110.90,244.49,165.00,64.96,40.73,N,N,N,,Y,N,,06/12/2023,06/12/2023,09/10/2023,10.84,348.40,32.50,71.00,4.04,0.00,139.00,78.00,36.80,N,Y,03/04/2022,,Jasmine,,
CE0007211,Ineligible,,01/07/1982,,Female,AfricanAmerican,,DQ,,,,0.00,0.00,0.00,0.00,0.00,N,N,N,,N,N,,,,,0.00,0.00,0.00,0.00,0.00,0.00,0.00,0.00,0.00,N,N,,,Nanyamka,,
CE0007217,IDS Expired,O+,03/12/1994,,Female,Hispanic,"LP, WB, BM,",BM 100ml,,Negative,POSITIVE,66.50,146.60,172.70,68.00,22.30,Y,N,N,,Y,Y,,05/25/2022,04/05/2022,07/04/2022,12.90,188.00,35.10,80.00,4.60,0.00,109.00,54.00,36.90,N,Y,02/22/2022,,Brianna,,
CE0007218,IDS Expired,B-,03/12/1991,,Female,Mixed,"LP, WB,",DQ,,Negative,,82.60,182.10,152.40,60.00,35.60,Y,N,N,,Y,N,,03/03/2022,02/10/2022,05/11/2022,14.80,278.60,41.50,74.00,5.70,0.00,145.00,74.00,145.00,N,N,,,Sofia,,
CE0007221,IDS Expired,O+,07/29/1983,,Male,Hispanic,"LP, WB,",DQ,,Positive,,123.00,271.20,185.40,73.00,35.80,N,N,N,,Y,N,,04/29/2022,04/29/2022,07/28/2022,14.90,234.50,43.70,77.00,5.00,0.00,139.00,86.00,36.70,N,Y,02/01/2022,,Adrian,,
CE0007226,IDS Expired,A+,05/30/1998,,Female,Caucasian,"LP, WB, BM,",BM 100ml,,Negative,,63.00,138.90,170.20,67.00,21.80,Y,N,N,,Y,N,09/09/2021,,08/20/2021,11/18/2021,14.40,271.70,42.50,82.00,6.50,0.00,110.00,68.00,36.80,N,N,,,Rachel,,
CE0007227,Ineligible,O+,03/17/1987,,Female,Mixed,"LP,",DQ,,Positive,POSITIVE,106.90,235.70,175.30,69.00,34.80,Y,N,N,,Y,Y,,08/26/2022,05/28/2024,08/26/2024,12.50,239.10,39.00,84.00,7.70,0.00,109.00,79.00,36.00,N,Y,03/21/2022,,Jenna,,
CE0007228,IDS Expired,A+,10/07/1995,,Male,Caucasian,"LP, WB, BM,",BM 100ml,,Negative,,74.00,163.10,182.90,72.00,22.10,Y,N,N,,N,N,09/09/2021,,08/17/2021,11/15/2021,14.70,183.00,45.00,74.00,7.70,0.00,119.00,74.00,35.70,N,N,,,Jonathan,,
CE0007236,IDS Expired,O+,02/12/1989,,Male,Caucasian,"LP, WB, BM,",BM 100ml,,Negative,POSITIVE,101.80,224.40,185.00,72.80,29.70,N,N,N,,Y,Y,01/09/2025,,01/09/2025,04/09/2025,15.60,235.50,45.20,94.00,4.70,0.00,129.00,81.00,36.40,N,Y,03/14/2022,,Alexander,,
CE0007237,IDS Expired,A+,02/09/1994,,Female,Caucasian,"LP,",,,Negative,,72.40,159.60,160.00,63.00,28.30,N,N,N,,N,N,,,08/18/2021,11/16/2021,12.40,142.10,36.60,84.00,5.00,0.00,103.00,67.00,37.30,N,N,,,Emily,,
CE0007238,Ineligible,,07/12/1982,,,,,DQ,,,,0.00,0.00,0.00,0.00,0.00,N,N,N,,N,N,,,,,0.00,0.00,0.00,0.00,0.00,0.00,0.00,0.00,0.00,N,N,,hx seizure d/o (epilepsy),Stephanie,,
CE0007244,Ineligible,B+,05/12/1988,,Male,AfricanAmerican,,,,Negative,,121.10,266.98,177.80,70.00,38.31,Y,N,N,,N,N,,,11/17/2021,02/15/2022,13.66,259.60,42.20,96.00,7.32,0.00,124.00,80.00,36.80,N,N,,,Brandon J,,
CE0007248,Ineligible,,05/27/1977,,,,,,,,,82.50,181.88,0.00,0.00,0.00,N,N,N,,N,N,,,,,0.00,0.00,0.00,86.00,0.00,0.00,221.00,140.00,37.00,N,N,,,Byrce,,
CE0007249,IDS Expired,A+,11/22/1997,,Female,Caucasian,"LP, WB, BM,",BM 100ml,,Positive,,67.00,147.70,177.80,70.00,21.20,Y,N,N,,Y,N,,12/20/2021,12/20/2021,03/20/2022,14.40,188.50,41.50,74.00,5.20,0.00,130.00,71.00,36.90,N,N,,,Blanca,,
CE0007251,Ineligible,O+,07/18/1993,,Male,AfricanAmerican,"LP, WB,",DQ,,Positive,,63.70,140.40,180.30,71.00,19.60,N,N,N,,Y,N,,11/30/2021,11/30/2021,02/28/2022,14.40,212.40,41.90,64.00,4.60,0.00,125.00,71.00,36.90,N,N,,,Cameron,,
CE0007252,Not Responsive,,07/05/1980,,Male,AfricanAmerican,,,,,,84.50,186.30,188.00,74.00,23.90,N,N,N,,N,N,,,08/24/2021,,15.50,200.00,45.50,69.00,2.50,0.00,123.00,92.00,36.90,N,N,,,Shamar,,
CE0007253,IDS Expired,AB+,06/09/1994,,Female,Hispanic,"LP, WB,",Not Interested,,POSITIVE,,101.70,224.20,167.60,66.00,36.20,Y,N,N,,Y,N,,08/12/2024,07/08/2024,10/06/2024,13.10,225.20,39.70,81.00,7.40,0.00,141.00,81.00,36.10,N,Y,03/18/2022,"DAILY MEDS: ""Allegra occasionally""",Jenifer,,
CE0007254,IDS Expired,B+,05/26/1990,,Male,asian,"LP, WB,",Not Interested,,Negative,,96.30,212.30,188.00,74.00,27.30,Y,Y,N,,N,N,,,05/26/2022,08/24/2022,14.90,248.80,43.60,61.00,9.30,0.00,140.00,68.00,36.90,N,N,,,David Eun,,
CE0007260,IDS Expired,O+,12/03/1993,,Male,Caucasian,"LP, WB, BM,",BM 100ml,,Positive,,90.30,199.10,185.40,73.00,26.30,N,N,N,,N,N,,,08/24/2021,11/22/2021,15.80,205.40,46.20,54.00,4.20,0.00,132.00,74.00,36.70,N,N,,,Thomas Monroe,,
CE0007261,IDS Expired,O+,03/23/1991,,Female,Hispanic,"LP,",,,Negative,,89.90,198.20,160.00,63.00,35.10,N,N,N,,Y,Y,,05/24/2022,05/24/2022,08/22/2022,12.10,196.90,34.60,97.00,4.20,0.00,143.00,78.00,36.90,N,Y,02/18/2022,,Tiffany,,
CE0007265,IDS Expired,O+,04/01/2002,,Male,Caucasian,"LP, WB,",Not Interested,,Positive,,77.40,170.60,177.80,70.00,24.50,N,N,N,,Y,N,,08/04/2022,06/23/2022,09/21/2022,15.30,239.10,44.40,58.00,6.40,0.00,134.00,75.00,36.90,N,Y,08/04/2022,,David,,
CE0007269,IDS Expired,O+,06/22/1985,,Female,Mixed,"LP, WB, BM,",BM 100ml,,Negative,,71.60,157.90,165.10,65.00,26.30,Y,N,N,,Y,Y,,12/02/2022,12/02/2022,03/02/2023,13.80,210.80,39.60,70.00,5.20,0.00,153.00,81.00,36.10,N,Y,01/21/2022,,Cyndia Ortega,,
CE0007270,IDS Expired,B+,11/28/1994,,Female,Caucasian,"LP, WB,",Not Interested,,Positive,Positive,69.40,153.00,152.40,70.00,29.90,Y,N,N,,Y,N,,03/14/2023,03/02/2023,05/31/2023,14.70,215.00,42.10,50.00,4.80,0.00,113.00,68.00,36.80,N,Y,06/21/2022,,Lena,,
CE0007272,IDS Expired,A+,10/04/1989,,Male,Mixed,"LP, WB, BM,",BM 100ml,,Positive,,97.60,215.20,172.70,68.00,32.70,Y,N,N,,Y,N,03/14/2022,04/25/2022,03/14/2022,06/12/2022,15.60,176.30,44.70,65.00,6.80,0.00,150.00,72.00,36.70,N,Y,03/14/2022,,Vincent,,
CE0007274,IDS Expired,A+,08/24/1974,,Female,Caucasian,"LP, WB,",DQ,,Positive,POSITIVE,118.60,261.50,168.00,66.10,42.00,N,N,Y,"Medication,",Y,N,,07/31/2023,06/02/2023,08/31/2023,15.20,270.90,42.80,84.00,8.80,0.00,151.00,88.00,36.10,N,Y,02/28/2022,ALLERGY: MACROBID,Tina,,
CE0007275,IDS Expired,A+,09/08/1996,,Female,,"LP,",DQ,,negative,,103.40,228.00,163.00,64.20,38.90,Y,N,N,,N,N,,,01/14/2025,04/14/2025,13.90,268.00,40.80,68.00,8.40,0.00,136.00,72.00,36.10,N,N,,,Tori,,
CE0007276,Ineligible,,06/02/1970,,Female,Caucasian,,,,,,0.00,0.00,0.00,0.00,0.00,Y,N,N,,N,N,,,,,0.00,0.00,0.00,0.00,0.00,0.00,0.00,0.00,0.00,N,N,,,Kimberley,,
CE0007277,IDS Expired,B+,05/16/2001,,Male,Hispanic,"LP, WB,",Not Interested,,Negative,POSITIVE,86.90,191.60,178.00,70.10,27.40,N,N,N,,Y,N,,08/07/2023,06/23/2023,09/21/2023,16.70,275.60,47.00,77.00,7.70,0.00,147.00,87.00,36.80,N,Y,03/04/2022,,Ruben,06/23/2023,POSITIVE
CE0007278,IDS Expired,O+,09/08/1970,,Female,Caucasian,"LP,",DQ,,Negative,Positive,58.50,129.00,173.00,68.10,19.60,N,N,N,,Y,N,,04/11/2023,02/13/2023,05/14/2023,12.50,210.00,37.00,51.00,4.30,0.00,120.00,69.00,35.80,N,Y,02/11/2022,,Jennifer,,
CE0007279,IDS Expired,O+,06/30/2001,,Female,Hispanic,"LP, WB, BM,",BM 100ml,,Positive,,62.40,137.60,165.10,65.00,22.90,Y,N,N,,Y,Y,,09/21/2021,08/30/2021,11/28/2021,14.10,243.80,41.30,66.00,7.60,0.00,122.00,68.00,36.90,N,N,,,Yuliana,,
CE0007280,IDS Expired,A+,05/14/2002,,Female,asian,"WB, BM,",BM 100ml,,Negative,Positive,63.80,140.70,152.00,59.80,27.60,N,N,Y,"Environmental,",Y,Y,04/25/2024,,04/25/2024,07/24/2024,12.70,282.30,38.00,65.00,8.10,0.00,107.00,69.00,36.70,N,Y,03/07/2022,"ALLERGIES: CAT & DOG DANDER; GRASS
SMALL WB ONLY
No Time for LP",Kylie,04/25/2024,Positive
CE0007284,IDS Expired,B+,08/17/1972,,Female,Mixed,"LP, WB, BM,",BM 100ml,,Negative,,87.20,192.20,167.60,66.00,31.00,N,N,N,,Y,N,05/04/2022,11/30/2021,04/07/2022,07/06/2022,14.40,231.70,42.20,83.00,5.80,0.00,121.00,81.00,36.90,N,Y,05/04/2022,,Robin,,
CE0007286,IDS Expired,O+,02/02/1997,,Female,Mixed,"LP, WB,",Not Interested,,Negative,,83.00,183.00,160.00,63.00,32.40,Y,N,N,,Y,N,,04/21/2022,02/10/2022,05/11/2022,16.30,327.20,47.10,92.00,7.70,0.00,121.00,71.00,37.00,N,Y,04/21/2022,,Isabel,,
CE0007289,Ineligible,A+,04/14/1999,,Female,Mixed,"LP, WB, BM,",BM 100ml,,Positive,,61.80,136.30,162.60,64.00,23.40,N,N,N,,N,N,,,08/30/2021,11/28/2021,13.60,215.00,39.60,65.00,4.80,0.00,107.00,71.00,37.00,N,N,,,Claribel,,
CE0007290,IDS Expired,O+,07/22/1996,,Male,Caucasian,"LP, WB, BM,",BM 100ml,,Positive,,71.20,157.00,182.90,72.00,21.30,N,N,N,,Y,N,01/24/2022,10/21/2021,11/29/2021,02/27/2022,13.00,174.80,40.60,93.00,4.70,0.00,126.00,77.00,36.90,N,Y,01/24/2022,,Arin,,
CE0007291,IDS Expired,O+,12/15/1998,,Female,Mixed,"LP,",,,Negative,,74.20,163.60,165.00,65.00,27.30,Y,N,N,,Y,N,09/22/2021,02/17/2022,12/09/2021,03/09/2022,12.30,351.00,37.90,87.00,6.70,0.00,130.00,68.00,36.20,N,Y,02/17/2022,,Kaylee,,
CE0007300,IDS Expired,O+,10/07/1991,,Female,Hispanic,"LP,",DQ,,Positive,POSITIVE,104.20,229.70,165.00,65.00,38.30,N,N,N,,Y,Y,,03/03/2025,12/17/2024,03/17/2025,11.90,316.10,36.50,82.00,6.50,0.00,126.00,68.00,36.10,N,Y,10/25/2023,mLP: DQ for high BMI & hx unreliability.,Lisa,10/25/2023,POSITIVE
CE0007301,Not Responsive,A+,03/15/1995,,Female,Hispanic,,,,Positive,,57.80,127.40,168.00,66.10,20.50,Y,N,N,,N,N,,,09/21/2021,12/20/2021,11.70,229.00,35.50,89.00,2.80,0.00,145.00,87.00,36.80,N,N,,,Karla,,
CE0007304,IDS Expired,O+,08/03/1982,,Female,Hispanic,"LP, WB,",DQ,,Positive,,97.90,215.80,160.00,63.00,38.20,Y,N,N,,Y,N,,11/29/2021,11/29/2021,02/27/2022,13.60,288.70,39.40,78.00,9.90,0.00,131.00,79.00,36.40,N,N,,,Elfega,,
CE0007305,IDS Expired,A+,01/27/1967,,Male,Caucasian,"LP, WB,",Not Interested,,Negative,,70.60,155.70,172.70,68.00,23.70,N,N,N,,Y,Y,,03/29/2022,01/12/2022,04/12/2022,13.70,283.50,38.60,88.00,6.10,0.00,169.00,81.00,37.00,N,Y,03/29/2022,,Dean,,
CE0007306,Ineligible,A+,07/12/1993,,Female,Mixed,"LP, WB,",Not Interested,,Negative,,71.40,157.40,165.10,65.00,26.20,Y,N,N,,N,N,,,08/31/2021,11/29/2021,12.80,264.00,37.60,76.00,6.30,0.00,127.00,81.00,36.90,N,N,,,Avian,,
CE0007307,Ineligible,O+,11/21/1980,,Male,NativeAmerican,,DQ,,Positive,,113.10,249.30,175.00,68.90,36.90,Y,N,N,,Y,N,04/21/2023,,02/17/2023,05/18/2023,15.80,323.70,45.70,74.00,4.10,0.00,143.00,79.00,36.40,N,Y,02/07/2022,,Chad,,
CE0007310,Eligible,O+,05/19/2001,,Male,Caucasian,"WB, BM,",BM 100ml,,Negative,Positive,75.70,166.89,190.00,74.80,20.97,N,N,N,,Y,N,05/22/2026,07/20/2023,05/22/2026,08/20/2026,14.98,190.80,44.30,68.00,5.92,0.00,124.00,70.00,36.30,Y,Y,02/17/2022,DQ from mLP d/t previous reaction during 7/20/23 LP collection on 7/20/23.,Azimuth,,
CE0007315,IDS Expired,O+,06/09/1981,,FTM,Caucasian,"LP, WB, BM,",BM 100ml,,Negative,Positive,72.50,159.80,160.00,63.00,28.30,Y,N,N,,Y,Y,,02/06/2023,12/21/2022,03/21/2023,16.30,293.60,47.30,82.00,10.80,0.00,111.00,69.00,36.30,N,N,,,Benjamin,,
CE0007317,IDS Expired,B+,11/02/1995,,Female,Caucasian,"LP,",,,Negative,POSITIVE,85.00,187.40,180.00,70.90,26.20,Y,N,N,,Y,Y,11/10/2021,04/16/2024,04/16/2024,07/15/2024,13.30,208.00,40.60,92.00,5.90,0.00,124.00,77.00,36.40,N,Y,07/24/2023,INELIGIBLE for mLP d/t hx low hgb.,Katherine,05/18/2023,POSITIVE
CE0007319,IDS Expired,A+,05/28/1999,,Female,Hispanic,"LP, WB,",Not Interested,,Negative,,84.70,186.70,160.00,63.00,33.10,Y,N,N,,Y,N,,11/16/2021,09/07/2021,12/06/2021,12.40,264.00,36.10,88.00,9.10,0.00,133.00,84.00,36.90,N,N,,,Evelyn,,
CE0007320,Ineligible,O+,07/08/1997,,Male,Mixed,"WB,",Not Interested,,Positive,,80.40,177.30,193.00,76.00,21.60,N,N,N,,Y,N,,11/16/2021,09/07/2021,12/06/2021,15.60,182.90,45.40,66.00,4.70,0.00,119.00,62.00,36.90,N,N,,,Adrian,,
CE0007321,Not Responsive,,11/16/1968,,,,,,,,,0.00,0.00,0.00,0.00,0.00,N,N,N,,N,N,,,,,0.00,0.00,0.00,0.00,0.00,0.00,0.00,0.00,0.00,N,N,,,Ramon,,
CE0007324,IDS Expired,B+,03/15/2000,,Male,asian,"LP, WB,",Not Interested,,Positive,,70.20,154.80,172.70,68.00,23.50,N,Y,N,,Y,N,,09/30/2021,09/08/2021,12/07/2021,16.50,213.00,48.50,70.00,7.30,0.00,112.00,72.00,36.80,N,N,,,Xavier,,
CE0007327,Ineligible,A+,08/31/1996,,Female,Mixed,"LP, WB,",DQ,,Positive,,121.10,267.00,162.60,64.00,45.80,N,N,N,,N,N,,,09/21/2021,12/20/2021,14.10,369.00,41.20,82.00,12.50,0.00,118.00,83.00,36.70,N,N,,,Dariana,,
CE0007330,Eligible,O+,10/08/1970,,Female,Hispanic,"BM,",BM 100ml,,Positive,,83.80,184.75,162.00,63.80,31.80,Y,N,N,,Y,Y,07/09/2026,,07/09/2026,10/07/2026,13.73,240.20,41.30,85.00,8.18,0.00,111.00,75.00,36.50,Y,Y,04/18/2022,,Marta,,
CE0007334,Ineligible,O+,11/16/1976,,Female,Hispanic,,,,Negative,,91.50,201.70,165.10,65.00,33.60,N,N,N,,N,N,,,07/12/2022,10/10/2022,13.10,275.70,37.70,60.00,5.70,0.00,100.00,66.00,37.20,N,N,,,Tennille,,
CE0007336,IDS Expired,B+,01/02/2001,,Female,Caucasian,"LP, WB,",Not Interested,,Negative,,110.40,243.40,170.20,67.00,38.10,N,N,N,,Y,Y,,02/28/2022,02/28/2022,05/29/2022,13.90,270.70,41.60,100.00,9.70,0.00,119.00,71.00,36.80,N,Y,02/28/2022,,Joanna,,
CE0007341,IDS Expired,O+,05/25/1996,,Male,Mixed,"LP, WB, BM,",BM 100ml,,Negative,Positive,105.30,232.20,196.00,77.20,27.40,N,N,N,,Y,N,04/03/2023,09/18/2023,09/18/2023,12/17/2023,13.30,216.70,37.30,81.00,5.40,0.00,137.00,76.00,36.50,N,Y,08/01/2022,,Vincent,,
CE0007342,IDS Expired,A-,06/02/1991,,Male,AfricanAmerican,"LP, WB, BM,",BM 100ml,,Negative,POSITIVE,88.50,195.10,180.00,70.90,27.30,N,N,N,,Y,Y,06/01/2026,08/27/2024,03/25/2026,06/23/2026,14.40,169.40,43.80,94.00,5.60,0.00,112.00,73.00,35.80,N,Y,02/02/2022,,Terrance,07/10/2024,Positive
CE0007346,IDS Expired,A+,02/27/1996,,Female,Mixed,"LP, WB, BM,",BM 100ml,,Positive,,67.00,147.70,157.50,59.70,27.00,Y,N,N,,N,N,,,09/13/2021,12/12/2021,13.10,295.00,39.00,72.00,6.10,0.00,127.00,85.00,36.80,N,N,,,Ashlie,,
CE0007348,IDS Expired,A+,12/03/1999,,Male,Caucasian,"LP, WB,",Not Interested,,Negative,,80.90,178.40,193.00,76.00,21.70,Y,N,N,,Y,N,,10/11/2021,09/13/2021,12/12/2021,15.30,328.20,44.40,88.00,7.00,0.00,120.00,61.00,36.40,N,N,,,Zavrey,,
CE0007350,IDS Expired,A+,10/16/1989,,Male,asian,"LP, WB, BM,",BM 100ml,,Negative,POSITIVE,69.50,153.20,170.20,67.00,24.00,N,N,Y,"Environmental,",Y,N,06/22/2023,,05/15/2023,08/13/2023,16.70,252.10,47.60,70.00,4.90,0.00,129.00,58.00,36.60,N,Y,04/18/2022,"ALLERGIES: mold, pollen, seasonal",June Allan M,,
CE0007358,IDS Expired,O+,06/03/1996,,Female,asian,"LP, WB, BM,",BM 100ml,,Positive,POSITIVE,77.70,171.30,173.00,68.11,25.96,N,N,N,,Y,N,,11/14/2024,11/14/2024,02/12/2025,12.83,280.30,37.60,68.00,6.69,0.00,115.00,64.00,36.10,N,Y,03/18/2022,10/23/23 - currently NO TIME for mLP - may revisit in future,Mae,04/17/2023,POSITIVE
CE0007359,IDS Expired,A+,02/01/1995,,Female,AfricanAmerican,"LP, WB,",DQ,,Positive,POSITIVE,100.30,221.10,160.00,63.00,39.20,N,N,Y,"Environmental,",Y,N,,11/06/2024,10/16/2024,01/14/2025,14.40,348.70,43.60,98.00,8.80,0.00,123.00,71.00,36.10,N,Y,03/21/2022,,Kendal,03/28/2023,POSITIVE
CE0007363,IDS Expired,O+,12/13/1996,,FTM,AfricanAmerican,"LP, WB, BM,",BM 100ml,,Positive,,61.90,136.50,172.70,68.00,20.80,Y,Y,N,,N,N,10/04/2021,,09/17/2021,12/16/2021,13.70,222.40,44.60,84.00,5.00,0.00,102.00,66.00,37.00,N,N,,,Imara K,,
CE0007365,IDS Expired,O+,10/06/1980,,Male,Mixed,"LP, WB, BM,",BM 100ml,,Positive,,80.20,176.80,175.30,69.00,26.10,Y,N,N,,N,N,,,07/27/2022,10/25/2022,16.30,262.20,47.80,64.00,4.80,0.00,128.00,79.00,36.90,N,N,,,Jacob,,
CE0007366,IDS Expired,O+,01/16/1998,,Male,AfricanAmerican,"LP, WB, BM,",BM 100ml,,Positive,,70.40,155.20,177.80,70.00,22.30,N,Y,N,,N,N,10/06/2021,,09/15/2021,12/14/2021,14.90,280.90,45.30,68.00,4.90,0.00,119.00,79.00,36.80,N,N,,,Davonte,,
CE0007368,IDS Expired,B+,09/20/1995,,Female,Caucasian,"LP,",DQ,,Positive,,128.50,283.30,162.20,63.90,48.80,N,N,N,,Y,N,,09/29/2021,09/20/2021,12/19/2021,11.80,297.90,35.90,100.00,10.70,0.00,125.00,65.00,37.00,N,N,,,Nadine,,
CE0007375,IDS Expired,A+,08/02/1983,,Male,Hispanic,"LP, WB, BM,",BM 100ml,,Positive,,110.70,244.10,182.90,72.00,33.10,N,Y,N,,Y,N,07/27/2022,06/13/2022,07/27/2022,10/25/2022,17.90,216.50,50.30,88.00,5.60,0.00,136.00,96.00,36.30,N,Y,04/20/2022,,Ivan,,
CE0007378,IDS Expired,O-,11/29/1998,,Male,Caucasian,"LP, WB, BM,",BM 100ml,,Positive,,76.80,169.30,182.90,72.00,23.00,N,N,N,,N,N,,,09/21/2021,12/20/2021,15.30,185.00,44.30,62.00,5.10,0.00,124.00,68.00,37.60,N,N,,,Ryan,,
CE0007379,Not Responsive,,04/26/1996,,,,,,,,,0.00,0.00,0.00,0.00,0.00,N,N,N,,N,N,,,,,0.00,0.00,0.00,0.00,0.00,0.00,0.00,0.00,0.00,N,N,,,Bailey,,
CE0007380,Deferred,B+,02/20/2003,,Female,Hispanic,,DQ,,Positive,,85.90,189.40,160.00,63.00,33.60,N,N,N,,Y,Y,,02/02/2022,12/15/2021,03/15/2022,14.20,337.80,40.90,95.00,10.00,0.00,153.00,82.00,36.00,N,Y,02/02/2022,,Melanie,,
CE0007381,IDS Expired,B+,09/02/1986,,Male,Caucasian,"LP, WB, BM,",BM 100ml,,Negative,NEGATIVE,90.90,200.40,170.00,66.90,30.80,Y,N,Y,"Environmental,",Y,N,08/06/2025,07/21/2026,03/12/2026,06/10/2026,13.75,219.40,40.50,80.00,5.66,0.00,144.00,85.00,35.80,N,Y,01/18/2022,"ALLERGY: TREE, WEED POLLEN",Ryan,12/18/2024,NEGATIVE
CE0007382,Eligible,O+,06/03/2002,,Female,Mixed,"LP, WB, BM,",BM 100ml,,Negative,POSITIVE,90.80,200.18,165.00,65.00,32.70,Y,N,Y,"Environmental,",Y,Y,02/18/2026,06/03/2026,06/03/2026,09/01/2026,12.60,256.30,37.20,80.00,6.06,0.00,139.00,77.00,36.40,Y,Y,04/22/2025,Allergy: cat hair;,Lillian Rae,,
CE0007383,Ineligible,O+,04/21/1992,,Male,AfricanAmerican,,,,Negative,POSITIVE,70.60,155.65,"1,753.00",690.16,22.97,N,N,N,,Y,Y,,11/08/2022,09/09/2022,12/08/2022,12.82,206.60,38.90,78.00,779.00,0.00,111.00,57.00,36.80,N,Y,01/28/2022,,Ronnell,,
CE0007385,IDS Expired,O+,10/23/1984,,Male,Caucasian,"LP, WB, BM,",BM 100ml,,Positive,,83.60,184.30,180.30,71.00,25.70,N,Y,N,,Y,Y,10/18/2021,04/26/2022,02/10/2022,05/11/2022,14.80,259.20,42.30,87.00,10.20,0.00,125.00,82.00,37.00,N,Y,02/10/2022,,Robert Jacob,,
CE0007386,IDS Expired,O+,01/23/2000,,Male,Hispanic,"LP, WB,",Not Interested,,Positive,,86.80,191.40,175.30,69.00,28.30,N,N,N,,N,N,,,09/23/2021,12/22/2021,16.40,209.00,49.10,87.00,5.90,0.00,110.00,71.00,37.20,N,N,,,Felipe,,
CE0007389,IDS Expired,O+,11/12/1993,,Male,asian,"LP, WB, BM,",BM 100ml,,Positive,,67.20,148.20,165.10,65.00,24.70,N,N,N,,N,N,,,09/24/2021,12/23/2021,16.70,259.00,49.10,67.00,9.20,0.00,118.00,71.00,37.00,N,N,,,N John,,
CE0007390,IDS Expired,B+,01/03/1999,,Male,Mixed,"LP, WB, BM,",BM 100ml,,Positive,POSITIVE,118.90,262.10,193.00,76.00,31.90,N,N,N,,Y,N,10/24/2022,12/12/2022,12/12/2022,03/12/2023,16.40,194.60,46.40,100.00,6.80,0.00,154.00,88.00,36.10,N,Y,02/16/2022,,Vincent,,
CE0007393,IDS Expired,A+,03/01/1989,,Male,Hispanic,"LP, WB, BM,",BM 100ml,,Positive,,77.40,170.60,167.60,66.00,27.60,N,N,N,,Y,N,,11/24/2021,10/01/2021,12/30/2021,16.00,274.40,46.90,69.00,6.50,0.00,136.00,84.00,36.90,N,N,,,Juan,,
CE0007394,Ineligible,B+,04/20/1978,,Female,Caucasian,,,,Positive,,116.60,257.06,172.70,67.99,39.09,Y,N,N,,Y,Y,,05/04/2023,05/04/2023,08/02/2023,14.99,334.50,43.40,80.00,5.38,0.00,143.00,85.00,36.20,N,N,,,Elena,,
CE0007395,IDS Expired,O+,04/19/1993,,Male,AfricanAmerican,"LP, WB, BM,",BM 100ml,,Positive,,104.40,230.20,185.40,73.00,30.40,N,N,N,,Y,N,07/08/2022,11/19/2021,06/23/2022,09/21/2022,17.00,278.30,50.70,76.00,9.40,0.00,130.00,81.00,36.90,N,Y,07/08/2022,,ShaMikel,,
CE0007396,IDS Expired,A+,07/30/1968,,Female,Hispanic,"LP, WB,",DQ,,Positive,POSITIVE,59.50,131.20,160.00,63.00,23.20,Y,N,N,,Y,N,,04/27/2022,04/27/2022,07/26/2022,13.40,246.70,39.60,81.00,5.80,0.00,127.00,66.00,36.40,N,Y,03/09/2022,,Amy,,
CE0007399,Eligible,AB+,03/22/1989,,Female,Caucasian,"LP, WB, BM, MLP,",BM 100ml,,Positive,POSITIVE,65.70,144.84,160.00,62.99,25.66,N,N,N,,Y,N,05/20/2026,12/07/2022,05/20/2026,08/18/2026,13.56,230.80,40.00,83.00,6.92,0.00,101.00,66.00,36.50,Y,Y,02/01/2022,,Jessica,,
CE0007401,IDS Expired,A+,09/20/1981,,Female,Caucasian,"WB, BM,",BM 100ml,,Negative,,84.10,185.40,168.00,66.10,29.80,Y,N,N,,N,N,,,09/27/2021,12/26/2021,13.20,223.00,40.10,70.00,4.90,0.00,118.00,78.00,37.00,N,N,,,Suzanna,,
CE0007404,Ineligible,,01/29/1975,,Male,,,,,,,0.00,0.00,0.00,0.00,0.00,N,N,N,,N,N,,,,,0.00,0.00,0.00,0.00,0.00,0.00,0.00,0.00,0.00,N,N,,,Dan,,
CE0007405,IDS Expired,O+,07/07/1995,,Female,Caucasian,"LP,",,,Not Detected,POSITIVE,73.60,162.30,165.10,65.00,27.00,N,N,N,,Y,N,,01/18/2022,01/18/2022,04/18/2022,12.50,176.30,37.00,84.00,5.00,0.00,108.00,63.00,37.60,N,Y,01/18/2022,,Serena,,
CE0007408,Deferred,O+,03/22/1976,,Male,AfricanAmerican,"LP, WB,",DQ,,Positive,,122.20,269.40,168.00,66.14,43.30,N,N,Y,"Food,",Y,Y,,05/15/2023,04/10/2023,07/09/2023,12.82,231.60,37.90,64.00,4.97,0.00,110.00,68.00,36.30,N,Y,02/04/2022,Wants both e-consent & snail mail documents; DAIRY ALLERGY,Kevin,,
CE0007415,Not Responsive,,08/11/2003,,Female,Hispanic,,,,,,68.90,151.90,149.90,59.00,30.70,N,N,N,,N,N,,,,,0.00,0.00,0.00,0.00,0.00,0.00,0.00,0.00,0.00,N,N,,,Dulce,,
CE0007416,IDS Expired,A+,05/15/1975,,Female,Hispanic,"LP, WB,",Not Interested,,Positive,,88.60,195.30,167.60,66.00,31.50,Y,N,N,,Y,Y,,10/28/2021,09/30/2021,12/29/2021,14.50,199.90,42.50,75.00,5.50,0.00,138.00,84.00,36.80,N,N,,,Patricia,,
CE0007420,IDS Expired,O+,03/10/1988,,Female,Mixed,"LP, WB, BM,",BM 100ml,,Positive,,85.80,189.20,180.30,71.00,26.40,N,N,N,,N,N,,,10/04/2021,01/02/2022,13.00,248.60,38.20,72.00,9.50,0.00,127.00,63.00,36.90,N,N,,,Victoria,,
CE0007424,IDS Expired,A+,03/19/1989,,Female,Mixed,"LP, WB,",DQ,,Negative,Positive,88.70,195.60,155.00,61.00,36.90,Y,N,N,,Y,Y,,04/12/2023,02/03/2023,05/04/2023,14.30,334.10,43.20,77.00,7.00,0.00,142.00,76.00,36.40,N,Y,05/18/2022,,Leann,,
CE0007425,IDS Expired,O+,01/30/2003,,,Hispanic,"LP, WB,",Not Interested,,Negative,,88.50,195.10,175.30,69.00,28.80,N,N,N,,N,N,,,10/05/2021,01/03/2022,14.50,235.00,43.50,72.00,6.30,0.00,130.00,86.00,37.40,N,N,,,Edwyn,,
CE0007428,IDS Expired,A+,04/20/1996,,Female,Caucasian,"LP, WB, BM,",BM 100ml,,Positive,,72.10,159.00,167.60,66.00,25.70,N,N,N,,N,N,,,09/30/2021,12/29/2021,13.60,196.30,39.20,95.00,4.80,0.00,123.00,67.00,37.00,N,N,,,Kayleigh,,
CE0007429,IDS Expired,A+,02/24/1996,,Female,Hispanic,"WB, BM,",BM 100ml,,Negative,,72.10,159.00,160.00,63.00,28.20,Y,N,N,,N,N,,,09/30/2021,12/29/2021,13.10,243.80,38.00,89.00,7.00,0.00,117.00,69.00,37.10,N,N,,,Marina,,
CE0007436,Eligible,A+,04/05/1975,,Female,AfricanAmerican,"LP, WB, BM,",BM 100ml,,Positive,Positive,111.00,244.71,173.00,68.10,37.29,N,N,Y,"Medication,",Y,N,,07/08/2026,04/27/2026,07/26/2026,12.48,277.90,39.50,70.00,6.04,0.00,114.00,68.00,36.40,Y,Y,01/09/2024,"allergies: aspirin, ibuprofen",Tamika,02/21/2024,Positive
CE0007441,Not Responsive,,12/19/1988,,Female,AfricanAmerican,,,,,,57.30,126.30,157.50,62.00,23.10,N,N,N,,N,N,,,,,10.30,340.00,31.20,74.00,6.60,0.00,114.00,78.00,36.80,N,N,,,Taylor,,
CE0007444,Ineligible,B+,12/24/2000,,Female,asian,"LP, WB,",Not Interested,,Positive,,67.50,148.80,149.90,59.00,30.00,Y,N,N,,Y,Y,,12/13/2021,10/13/2021,01/11/2022,13.50,199.90,38.20,64.00,8.30,0.00,112.00,74.00,36.80,N,N,,,Grace,,
CE0007445,IDS Expired,O+,03/25/1970,,Male,AfricanAmerican,"WB, BM,",BM 100ml,,Negative,,94.20,207.70,177.80,70.00,29.80,N,N,N,,Y,N,11/03/2021,,12/14/2022,03/14/2023,15.00,207.20,43.20,84.00,8.40,0.00,138.00,98.00,36.40,N,N,,,Courtney,,
CE0007450,Deferred,O+,11/15/1986,,Female,Hispanic,,DQ,,Positive,POSITIVE,105.20,231.93,165.00,64.96,38.64,Y,N,N,,Y,N,02/15/2023,01/11/2024,09/19/2023,12/18/2023,12.35,311.90,36.50,78.00,4.98,0.00,131.00,80.00,36.20,N,Y,04/06/2022,,Lizeth,04/17/2023,POSITIVE
CE0007451,Not Responsive,,07/20/2002,,Female,Hispanic,,,,,,89.40,197.10,167.60,66.00,31.80,Y,N,N,,N,N,,,,,0.00,0.00,0.00,74.00,0.00,0.00,141.00,82.00,36.80,N,N,,,Carmen,,
CE0007452,IDS Expired,A+,04/13/2001,,Male,Hispanic,"LP, WB, BM,",BM 100ml,,Negative,,78.80,173.70,170.20,67.00,27.20,N,N,N,,N,N,,,10/13/2021,01/11/2022,15.00,229.00,43.40,66.00,9.80,0.00,121.00,53.00,36.80,N,N,,,Ivan,,
CE0007457,Ineligible,,09/26/1988,,,,,,,,,98.50,217.16,180.34,71.00,30.29,N,N,N,,N,N,,,11/24/2021,,15.49,151.80,46.80,74.00,2.71,0.00,127.00,82.00,36.90,N,N,,,Saamuel P,,
CE0007459,IDS Expired,A+,09/11/2001,,Male,asian,"LP, WB, BM,",BM 100ml,,Positive,,92.70,204.40,185.40,73.00,27.00,N,N,N,,Y,N,,11/04/2021,10/12/2021,01/10/2022,14.70,281.00,43.10,86.00,13.40,0.00,123.00,66.00,36.60,N,N,,,Abhijishyo,,
CE0007460,IDS Expired,B+,05/08/1994,,Male,asian,"LP, WB,",Not Interested,,Positive,,71.10,156.80,177.80,70.00,22.50,N,N,N,,Y,N,,04/26/2022,04/08/2022,07/07/2022,16.40,174.70,47.00,91.00,4.40,0.00,148.00,79.00,36.90,N,Y,04/26/2022,,Daniel,,
CE0007462,Not Responsive,,06/09/1992,,,,,,,,,99.20,218.70,175.30,69.00,32.30,N,N,N,,N,N,,,,,14.90,92.00,43.70,65.00,4.60,0.00,140.00,71.00,36.60,N,N,,,John,,
CE0007463,Not Responsive,,05/25/1979,,,,,,,,,0.00,0.00,0.00,0.00,0.00,N,N,N,,N,N,,,,,0.00,0.00,0.00,0.00,0.00,0.00,0.00,0.00,0.00,N,N,,,Catherine,,
CE0007465,IDS Expired,O+,01/16/2002,,Female,Hispanic,"LP,",,,Positive,POSITIVE,91.60,201.90,162.00,63.80,34.90,N,N,N,,Y,Y,,09/27/2023,08/03/2023,11/01/2023,12.40,212.40,37.50,90.00,6.40,0.00,146.00,72.00,36.40,N,Y,03/08/2022,,Grace,08/03/2023,POSITIVE
CE0007468,Ineligible,B+,02/25/1994,,Female,Hispanic,,,,Negative,,66.90,147.49,160.20,63.07,26.07,Y,N,N,,Y,Y,,02/18/2022,11/02/2021,01/31/2022,14.24,259.90,41.30,82.00,8.07,0.00,116.00,64.00,36.40,N,N,,,Diana,,
CE0007469,IDS Expired,O-,06/28/1979,,Male,Caucasian,"LP, WB, BM,",BM 100ml,,Positive,,88.80,195.80,172.70,68.00,29.80,Y,N,N,,N,N,,,10/14/2021,01/12/2022,17.10,218.00,50.20,82.00,7.10,0.00,148.00,85.00,36.90,N,N,,,Ira,,
CE0007470,Ineligible,AB+,11/01/1990,,Female,Hispanic,"LP, WB, BM,",BM 100ml,,Negative,,75.80,167.10,165.00,65.00,27.80,Y,N,N,,Y,N,11/17/2021,03/14/2022,01/24/2022,04/24/2022,13.80,163.90,40.30,60.00,5.30,0.00,121.00,80.00,36.90,N,Y,01/24/2022,,Erika,,
CE0007471,IDS Expired,A-,07/26/1998,,Male,Caucasian,"LP, WB, BM,",BM 100ml,,Positive,,81.40,179.50,185.40,73.00,23.70,N,N,N,,N,N,,,10/22/2021,01/20/2022,15.90,192.10,45.60,54.00,4.20,0.00,108.00,61.00,36.90,N,N,,,Cameron,,
CE0007472,IDS Expired,O-,10/04/2000,,Female,Hispanic,"LP,",,,Negative,,73.70,162.50,170.20,67.00,25.50,N,N,N,,N,N,,,10/14/2021,01/12/2022,12.30,226.00,35.70,67.00,4.30,0.00,101.00,61.00,36.90,N,N,,,Carmen,,
CE0007476,IDS Expired,A+,04/17/1989,,Female,asian,"LP, WB,",Not Interested,,Negative,,85.40,188.30,165.00,65.00,31.40,N,N,N,,Y,Y,,11/19/2021,10/14/2021,01/12/2022,13.50,295.50,39.60,92.00,8.20,0.00,111.00,65.00,36.90,N,N,,,Ashlee L,,
CE0007479,IDS Expired,O+,04/26/1980,,Female,asian,"LP, WB, BM,",BM 100ml,,Positive,,68.90,151.90,160.00,63.00,26.90,N,N,N,,N,N,,,10/19/2021,01/17/2022,13.20,250.50,38.90,69.00,7.20,0.00,100.00,58.00,36.80,N,N,,,Nicol,,
CE0007480,Ineligible,,01/01/1993,,,,,,,,,0.00,0.00,0.00,0.00,0.00,N,N,N,,N,N,,,,,0.00,0.00,0.00,0.00,0.00,0.00,0.00,0.00,0.00,N,N,,,Hillary,,
CE0007484,IDS Expired,O+,07/09/2002,,Female,Hispanic,"LP, WB, BM,",BM 100ml,,Negative,,85.10,187.60,160.00,63.00,33.20,N,N,N,,N,N,11/15/2021,,10/18/2021,01/16/2022,14.90,243.00,43.70,82.00,8.90,0.00,111.00,75.00,36.80,N,N,,,Stephanie,,
CE0007493,Eligible,A+,03/25/1993,,Male,Hispanic,"LP, WB,",DQ,,Positive,POSITIVE,77.40,170.64,168.00,66.10,25.90,N,N,Y,"Environmental,",Y,Y,,06/30/2026,05/26/2026,08/24/2026,15.47,185.30,47.20,63.00,5.71,0.00,124.00,70.00,36.30,Y,Y,03/21/2022,"allergy to: ""outdoor allergies"";
lives too far for mLP (currently 01/22/24)",Regino,,
CE0007498,Ineligible,O-,03/30/1982,,Male,Hispanic,"LP, WB,",DQ,,Positive,,115.20,254.00,167.60,66.00,41.00,N,N,N,,Y,Y,,03/10/2022,03/10/2022,06/08/2022,14.60,243.00,42.30,86.00,5.70,0.00,181.00,96.00,36.40,N,Y,03/10/2022,,Juan,,
CE0007499,Ineligible,,01/08/1992,,,,,,,,,133.70,294.80,160.00,63.00,52.20,N,N,N,,N,N,,,,,0.00,0.00,0.00,83.00,0.00,0.00,121.00,81.00,36.90,N,N,,,Gabriel,,
CE0007500,IDS Expired,O+,11/30/1995,,Female,Mixed,"LP,",Not Interested,,Negative,,79.80,175.90,165.10,65.00,29.30,Y,N,N,,Y,Y,,02/07/2022,02/07/2022,05/08/2022,12.20,241.90,35.90,85.00,4.90,0.00,113.00,70.00,37.00,N,Y,02/07/2022,,Carly,,
CE0007506,IDS Expired,A+,03/04/2000,,Male,Hispanic,"WB, BM,",BM 100ml,,Positive,POSITIVE,85.90,189.40,177.80,70.00,27.20,Y,N,Y,"Environmental,",Y,N,03/08/2023,11/07/2022,01/09/2023,04/09/2023,13.80,192.20,42.10,81.00,5.00,0.00,138.00,78.00,36.90,N,Y,01/19/2022,"ALLERGY: ""seasonal""",Bryan,,
CE0007508,IDS Expired,B+,04/07/1999,,Female,AfricanAmerican,"LP, WB,",Not Interested,,Negative,Positive,57.70,127.20,152.00,59.80,25.00,N,N,N,,Y,Y,,08/11/2023,07/07/2023,10/05/2023,13.50,355.70,38.80,84.00,6.30,0.00,140.00,84.00,36.80,N,Y,01/26/2022,,Margeaux,,
CE0007509,Ineligible,,01/05/2003,,Male,Caucasian,,,,,,0.00,0.00,0.00,0.00,0.00,N,N,N,,N,N,,,,,0.00,0.00,0.00,0.00,0.00,0.00,0.00,0.00,0.00,N,N,,,William,,
CE0007512,Ineligible,,02/13/1999,,Female,Hispanic,,,,,,0.00,0.00,0.00,0.00,0.00,Y,N,N,,N,N,,,,,0.00,0.00,0.00,0.00,0.00,0.00,0.00,0.00,0.00,N,N,,INELIGIBLE due to disqualifying medical condition.,Michelle,,
CE0007522,IDS Expired,O+,05/28/1998,,Male,Caucasian,"LP, WB, BM,",BM 100ml,,Negative,,78.90,173.90,195.60,77.00,20.60,Y,N,N,,Y,N,03/09/2022,,02/10/2022,05/11/2022,15.80,203.40,45.10,89.00,4.10,0.00,122.00,83.00,36.80,N,Y,03/09/2022,,Bradley,,
CE0007525,Ineligible,,07/20/1999,,Female,Caucasian,,,,,,62.20,137.13,177.80,70.00,19.68,N,N,N,,N,N,,,,,14.48,214.40,42.00,98.00,4.72,0.00,113.00,72.00,36.90,N,N,,,Amber,,
CE0007527,Ineligible,B+,10/05/2000,,Female,asian,"LP,",,,Positive,,60.70,133.80,170.20,67.00,21.00,N,N,N,,N,N,,,02/16/2022,05/17/2022,12.10,228.80,36.00,100.00,4.60,0.00,109.00,75.00,36.90,N,N,,,Kulsoom,,
CE0007528,Not Responsive,,11/05/2000,,,,,,,,,48.40,106.70,0.00,0.00,0.00,N,N,N,,N,N,,,,,0.00,0.00,0.00,0.00,0.00,0.00,0.00,0.00,0.00,N,N,,,Sanna,,
CE0007529,IDS Expired,O+,09/22/1992,,Male,Caucasian,"LP, WB, BM,",BM 100ml,,,,97.30,214.50,180.30,71.00,29.90,Y,N,N,,N,N,,,10/29/2021,01/27/2022,16.80,188.00,48.40,74.00,4.70,0.00,123.00,69.00,36.80,N,N,,,Evan,,
CE0007538,IDS Expired,O+,10/23/2002,,Male,Caucasian,"LP, WB, BM,",BM 100ml,,Negative,,72.20,159.20,180.00,70.90,22.30,Y,N,N,,Y,N,,12/15/2021,02/12/2024,05/12/2024,14.80,186.00,42.00,80.00,3.70,0.00,129.00,74.00,36.50,N,N,,,Brandon,,
CE0007541,Ineligible,,05/02/1990,,,,,,,,,0.00,0.00,0.00,0.00,0.00,N,N,N,,N,N,,,,,0.00,0.00,0.00,0.00,0.00,0.00,0.00,0.00,0.00,N,N,,,Jene,,
CE0007544,IDS Expired,O+,03/12/1979,,Female,Caucasian,"LP, WB, BM,",BM 100ml,,Negative,,89.40,197.10,160.00,63.00,34.90,Y,N,N,,Y,Y,,12/02/2021,11/03/2021,02/01/2022,14.40,248.80,41.00,99.00,6.30,0.00,161.00,95.00,36.80,N,N,,,Rebecca,,
CE0007545,Eligible,O+,05/27/1993,,Male,Hispanic,"LP, WB,",DQ,,Negative,POSITIVE,57.20,126.10,168.00,66.14,20.27,N,N,N,,Y,Y,,06/10/2026,06/10/2026,09/08/2026,13.19,177.10,38.60,65.00,5.96,0.00,116.00,61.00,36.40,Y,Y,10/29/2024,,Luis,10/29/2024,POSITIVE
CE0007550,IDS Expired,O+,10/01/1975,,Male,AfricanAmerican,"LP, WB, BM,",BM 100ml,,Negative,,99.10,218.50,175.30,69.00,32.30,N,N,N,,N,N,02/02/2022,,02/02/2022,05/03/2022,18.80,298.80,55.40,79.00,6.70,0.00,140.00,94.00,36.20,N,Y,02/02/2022,,James,,
CE0007552,IDS Expired,A+,07/12/1985,,Female,Hispanic,"LP, WB,",,,Positive,,67.80,149.50,165.10,65.00,24.90,Y,N,N,,Y,Y,,11/23/2021,11/09/2021,02/07/2022,14.00,354.90,40.70,62.00,4.70,0.00,109.00,72.00,36.60,N,N,,,Marisela,,
CE0007553,IDS Expired,O+,10/31/2000,,Female,Caucasian,"LP, WB, BM,",BM 100ml,,Positive,,78.90,173.90,175.30,69.00,25.70,Y,N,N,,N,N,,,11/09/2021,02/07/2022,14.10,199.60,40.20,79.00,3.70,0.00,105.00,65.00,37.00,N,N,,,Tessa,,
CE0007554,Not Responsive,,06/27/2000,,,,,,,,,115.30,254.20,160.00,63.00,45.00,N,N,N,,N,N,,,,,12.00,337.90,36.30,75.00,7.90,0.00,110.00,73.00,36.90,N,N,,,Mya Katrina,,
CE0007556,IDS Expired,A+,11/21/1990,,Female,asian,"LP, WB,",Not Interested,,Positive,,71.50,157.60,162.00,63.80,27.24,N,N,N,,Y,Y,,02/18/2022,01/11/2022,04/11/2022,13.40,240.10,39.00,84.00,5.30,0.00,135.00,73.00,36.80,N,Y,02/18/2022,,Mary Pauline,,
CE0007562,IDS Expired,O+,04/12/1985,,Female,asian,"LP, WB,",,,positive,,69.30,152.80,162.60,64.00,26.20,N,N,N,,N,N,,,12/20/2021,03/20/2022,13.30,236.50,38.10,90.00,9.00,0.00,114.00,69.00,36.90,N,N,,,Sumaira,,
CE0007563,Deferred,O+,09/29/1995,,Female,asian,,DQ,,Positive,,55.60,122.60,157.50,62.00,22.40,N,N,N,,Y,N,,11/16/2021,11/04/2021,02/02/2022,10.50,258.00,31.70,80.00,7.00,0.00,113.00,58.00,35.90,N,N,,,Wenting,,
CE0007564,IDS Expired,O-,01/30/1994,,Female,Mixed,"LP, WB, BM,",BM 100ml,,Positive,POSITIVE,97.70,215.39,167.60,65.98,34.78,N,N,N,,Y,N,08/17/2022,,08/17/2022,11/15/2022,14.92,176.80,42.30,85.00,7.35,0.00,118.00,81.00,36.50,N,Y,03/16/2022,,Alexis,,
CE0007565,Ineligible,B+,10/13/1977,,Male,asian,,DQ,,Negative,POSITIVE,72.80,160.50,172.70,67.99,24.41,N,Y,N,,Y,Y,07/25/2022,12/12/2022,12/12/2022,03/12/2023,16.72,202.70,47.70,100.00,4.81,0.00,161.00,90.00,36.60,N,Y,02/22/2022,,Jeffrey,,
CE0007566,IDS Expired,A+,08/16/2003,,Female,Hispanic,"LP, WB, BM,",,,Positive,,67.70,149.30,162.60,64.00,25.60,N,N,N,,N,N,,,12/07/2021,03/07/2022,12.80,317.60,38.40,73.00,7.90,0.00,101.00,56.00,37.30,N,N,,,Fatima Gonzalez,,
CE0007569,IDS Expired,O-,02/02/2003,,Female,Hispanic,"LP, WB,",Not Interested,,Positive,POSITIVE,72.90,160.70,157.50,62.00,29.40,N,N,N,,Y,N,,12/07/2021,11/04/2021,02/02/2022,12.70,414.90,38.10,100.00,8.20,0.00,114.00,69.00,37.10,N,N,,,Julia,,
CE0007573,Eligible,O+,09/05/1989,,Male,Caucasian,"WB, BM,",BM 100ml,,Positive,Positive,82.10,181.00,170.00,66.93,28.41,N,N,Y,"Medication, Environmental,",Y,Y,06/03/2026,01/11/2022,04/08/2026,07/07/2026,15.80,130.30,47.40,78.00,4.55,0.00,113.00,76.00,36.30,N,Y,04/20/2022,"ALLERGIES: SULFUR;

09/27/23 - no time for mLP",Benjamin Clayton,,
CE0007574,IDS Expired,A+,06/19/1967,,Male,Mixed,"LP, WB,",,,Negative,,131.00,288.80,177.80,70.00,41.40,N,N,N,,N,N,,,11/08/2021,02/06/2022,15.30,199.70,43.10,81.00,8.20,0.00,126.00,74.00,36.80,N,N,,,Michael,,
CE0007580,Not Responsive,,08/06/1978,,,,,,,,,113.50,250.20,162.60,64.00,43.00,N,N,N,,N,N,,,11/10/2021,,0.00,0.00,0.00,0.00,0.00,0.00,0.00,0.00,0.00,N,N,,,Serena,,
CE0007581,IDS Expired,B+,08/10/1972,,Male,PacificIslander,"LP, WB, BM,",BM 100ml,,Positive,,103.70,228.60,177.80,70.00,32.80,N,N,N,,Y,N,03/09/2022,,03/09/2022,06/07/2022,15.20,187.50,44.10,84.00,5.70,0.00,137.00,83.00,37.00,N,Y,03/09/2022,,Edwin,,
CE0007583,IDS Expired,O+,09/19/1991,,Male,asian,"LP, WB,",Not Interested,,Positive,,69.00,152.10,170.20,67.00,23.80,Y,Y,N,,N,N,,,11/15/2021,02/13/2022,15.20,238.20,43.50,84.00,5.30,0.00,115.00,72.00,36.80,N,N,,,Mark,,
CE0007585,IDS Expired,A+,01/02/1997,,Male,Caucasian,"LP, WB, BM,",BM 100ml,,NEGATIVE,negative,67.00,147.70,170.00,66.90,23.20,N,N,N,,Y,Y,06/02/2025,07/08/2025,05/20/2025,08/18/2025,17.40,15.00,51.40,81.00,6.20,0.00,130.00,68.00,36.50,N,Y,07/08/2025,,Paul,,
CE0007588,Not Responsive,,07/21/1990,,,,,,,,,0.00,0.00,0.00,0.00,0.00,N,N,N,,N,N,,,,,0.00,0.00,0.00,0.00,0.00,0.00,0.00,0.00,0.00,N,N,,,Daniel,,
CE0007590,Ineligible,O+,08/22/1990,,Male,Caucasian,,,,Negative,,92.10,203.05,170.20,67.01,31.79,N,N,N,,Y,N,12/01/2021,05/16/2022,05/16/2022,08/14/2022,16.60,170.90,48.10,70.00,4.93,0.00,131.00,66.00,36.90,N,Y,02/28/2022,,Kasra Casey,,
CE0007591,IDS Expired,O+,09/30/1986,,Female,asian,"LP, WB, BM,",BM 100ml,,Positive,,62.30,137.40,165.10,65.00,22.90,N,N,N,,Y,Y,,04/26/2022,03/08/2022,06/06/2022,12.90,220.10,37.60,67.00,4.40,0.00,103.00,61.00,36.70,N,Y,03/08/2022,,Firishta,,
CE0007593,Ineligible,O+,05/21/1996,,Male,AfricanAmerican,,,,Positive,,77.10,169.98,182.90,72.01,23.05,N,N,N,,N,N,11/29/2021,,11/17/2021,02/15/2022,13.20,212.50,39.70,91.00,4.60,0.00,130.00,85.00,36.90,N,N,,,Collin,,
CE0007594,IDS Expired,O+,12/03/1985,,Male,Hispanic,"LP, WB, BM,",BM 100ml,,Positive,,81.60,179.90,182.90,72.00,24.40,N,N,N,,N,N,,,11/16/2021,02/14/2022,15.60,217.50,44.90,63.00,7.30,0.00,132.00,71.00,36.90,N,N,,,Timothy,,
CE0007599,IDS Expired,A+,03/11/1995,,Male,Hispanic,"LP, WB,",DQ,,Negative,POSITIVE,114.30,251.99,183.00,72.10,38.50,Y,N,N,,Y,Y,05/17/2024,06/24/2026,06/24/2026,09/22/2026,14.72,191.50,45.60,91.00,5.14,0.00,151.00,82.00,36.40,Y,Y,03/23/2022,DEFERRED for mLP d/t high BMI,Jose,,
CE0007604,IDS Expired,O+,05/14/1993,,Female,Mixed,"LP, WB, BM,",BM 100ml,,Positive,,84.10,185.40,162.00,63.80,32.10,Y,N,N,,Y,N,,02/23/2022,02/23/2022,05/24/2022,13.30,185.00,38.00,70.00,4.70,0.00,135.00,68.00,36.90,N,Y,02/23/2022,,Cheyenne,,
CE0007605,Not Responsive,,12/03/1992,,FTM,,,,,,,76.60,168.90,154.90,61.00,31.90,N,N,N,,N,N,,,,,0.00,0.00,0.00,129.00,0.00,0.00,132.00,78.00,37.40,N,N,,,"Kaitlyn ""Kade""",,
CE0007606,IDS Expired,A+,08/17/2000,,Female,Mixed,"LP, WB,",,,Negative,,108.90,240.10,172.70,68.00,36.50,N,N,N,,Y,Y,,12/21/2021,11/19/2021,02/17/2022,14.60,270.70,42.10,76.00,10.40,0.00,138.00,73.00,37.00,N,N,,,Isabella,,
CE0007609,Not Responsive,,05/18/1996,,Female,Hispanic,,,,,,53.00,116.80,0.00,0.00,0.00,N,N,N,,N,N,,,,,0.00,0.00,0.00,0.00,0.00,0.00,0.00,0.00,0.00,N,N,,,Jennie,,
CE0007614,Ineligible,,08/06/1971,,Female,AfricanAmerican,,,,,,105.00,231.50,165.10,65.00,38.50,Y,N,N,,N,N,,,,,0.00,0.00,0.00,99.00,0.00,0.00,156.00,101.00,36.80,N,N,,,Emily,,
CE0007618,IDS Expired,O-,10/26/1989,,Male,Caucasian,"LP, BM,",BM 100ml,,NEGATIVE,POSITIVE,83.10,183.20,175.00,68.90,27.10,N,N,Y,"Environmental,",Y,Y,12/11/2023,,10/11/2023,01/09/2024,13.40,129.20,37.80,82.00,3.00,0.00,134.00,79.00,36.40,N,Y,03/07/2022,"ALLERGY: CATS
** Donor DOES NOT consent to WB donations **",Matthew,04/17/2023,POSITIVE
CE0007620,Ineligible,,08/02/1971,,,,,,,,,0.00,0.00,0.00,0.00,0.00,N,N,N,,N,N,,,,,0.00,0.00,0.00,0.00,0.00,0.00,0.00,0.00,0.00,N,N,,,Felicia,,
CE0007624,IDS Expired,O+,12/20/2001,,Female,Hispanic,"LP, WB,",Not Interested,,Positive,Positive,90.00,198.42,158.00,62.20,36.05,N,N,N,,Y,Y,,07/07/2025,07/07/2025,10/05/2025,13.85,358.30,39.90,72.00,7.04,0.00,130.00,69.00,36.20,N,Y,02/15/2022,,Gloria,06/14/2023,POSITIVE
CE0007625,Eligible,O+,02/13/2002,,Male,Hispanic,"LP, WB,",Not Interested,,Negative,Positive,99.10,218.48,168.00,66.14,35.11,N,N,N,,Y,Y,,05/20/2026,04/14/2026,07/13/2026,13.67,281.10,41.20,77.00,6.64,0.00,123.00,72.00,36.50,N,Y,02/15/2022,DQ mLP d/t veins,Christian,,
CE0007626,Eligible,B-,12/19/1993,,Male,AfricanAmerican,"BM,",BM 100ml,,positive,Positive,90.90,200.40,180.00,70.87,28.06,N,N,N,,Y,Y,05/28/2026,,05/28/2026,08/26/2026,16.69,212.00,47.90,61.00,4.03,0.00,135.00,80.00,36.20,Y,Y,02/28/2022,,Eromosele,,
CE0007628,IDS Expired,O+,04/17/2001,,Male,Caucasian,"LP, WB,",DQ,,positive,,74.20,163.60,182.90,72.00,22.20,Y,N,N,,N,N,,,11/24/2021,02/22/2022,16.40,231.20,47.50,70.00,5.30,0.00,110.00,69.00,36.90,N,N,,,Azael,,
CE0007632,IDS Expired,A+,09/29/1993,,MTF,Mixed,"LP, WB, BM,",BM 100ml,,Positive,POSITIVE,88.20,194.50,188.00,74.00,25.00,Y,Y,Y,"Food,",Y,N,03/20/2023,11/04/2022,03/20/2023,06/18/2023,13.00,239.20,37.90,92.00,4.20,0.00,129.00,82.00,36.30,N,Y,02/16/2022,,"Samuel ""Sammy""",,
CE0007637,IDS Expired,B+,05/29/1990,,Female,Hispanic,"LP, WB,",Not Interested,,positive,POSITIVE,75.60,166.70,162.60,64.00,28.60,N,N,N,,Y,N,,03/01/2023,03/01/2023,05/30/2023,13.90,140.90,40.60,68.00,6.00,0.00,100.00,55.00,36.40,N,Y,11/22/2022,,Hazel,,
CE0007639,IDS Expired,A+,02/07/2002,,Female,Hispanic,"LP, WB,",DQ,,Positive,,54.70,120.60,154.90,61.00,22.80,N,N,N,,N,N,,,12/01/2021,03/01/2022,13.10,232.70,38.00,76.00,5.10,0.00,101.00,60.00,33.90,N,N,,,Hilda Yeraldyn,,
CE0007640,IDS Expired,A+,03/17/1997,,Female,Hispanic,"LP, WB,",Not Interested,,Positive,,59.80,131.80,154.90,61.00,24.90,N,N,N,,N,N,,,12/01/2021,03/01/2022,12.00,331.10,36.80,82.00,7.40,0.00,105.00,70.00,36.80,N,N,,,Karen Judith,,
CE0007646,Not Responsive,,06/29/2000,,,,,,,,,0.00,0.00,0.00,0.00,0.00,N,N,N,,N,N,,,,,0.00,0.00,0.00,0.00,0.00,0.00,0.00,0.00,0.00,N,N,,,Anna,,
CE0007650,IDS Expired,A+,02/11/2003,,Female,Hispanic,"LP,",,,Negative,,63.60,140.20,165.10,65.00,23.30,N,N,N,,N,N,,,12/06/2021,03/06/2022,12.40,225.10,35.60,87.00,6.50,0.00,110.00,67.00,36.80,N,N,,,Erica,,
CE0007651,IDS Expired,O+,08/14/1993,,Female,Hispanic,"LP, WB,",DQ,,Negative,,72.00,158.70,162.60,64.00,27.30,Y,N,N,,N,N,01/26/2022,,12/01/2021,03/01/2022,13.90,351.80,37.60,78.00,12.20,0.00,115.00,71.00,36.80,N,N,,,Monica,,
CE0007653,IDS Expired,AB+,11/28/1992,,Female,Caucasian,"LP, WB,",Not Interested,,Negative,,61.90,136.50,165.10,65.00,22.70,Y,N,N,,N,N,,,12/01/2021,03/01/2022,13.60,235.40,38.70,77.00,5.70,0.00,100.00,62.00,36.80,N,N,,,Madeline,,
CE0007657,Ineligible,O+,06/22/1994,,Male,Caucasian,,,,Positive,,82.50,181.90,170.20,67.00,28.50,Y,N,N,,N,N,,,12/01/2021,03/01/2022,13.50,262.00,38.50,54.00,6.70,0.00,100.00,59.00,35.60,N,N,,,Dakota,,
CE0007668,IDS Expired,A+,09/03/1983,,Female,asian,"LP, WB,",Not Interested,,Negative,,67.40,148.60,162.20,63.90,25.60,Y,N,N,,N,N,,,12/02/2021,03/02/2022,13.30,378.50,38.60,70.00,5.80,0.00,111.00,74.00,36.80,N,N,,,Bonny,,
CE0007670,IDS Expired,O+,02/05/1991,,Male,Caucasian,"LP, WB,",,,,,120.10,264.80,180.30,71.00,36.90,N,Y,N,,N,N,,,12/03/2021,03/03/2022,15.20,232.60,44.00,87.00,9.10,0.00,136.00,82.00,36.80,N,N,,,Nikolas,,
CE0007677,Ineligible,,03/29/1996,,Female,AfricanAmerican,,DQ,,,,150.40,331.58,180.30,70.98,46.27,Y,N,N,,N,N,,,,,0.00,0.00,0.00,0.00,0.00,0.00,0.00,0.00,36.70,N,N,,,Taryn,,
CE0007680,Ineligible,A+,05/02/1967,,Male,Caucasian,,,,Positive,,117.30,258.60,193.00,76.00,31.50,N,Y,N,,Y,N,02/28/2022,01/06/2022,02/28/2022,05/29/2022,16.20,180.50,46.20,71.00,8.80,0.00,136.00,82.00,37.00,N,Y,02/28/2022,,Kenneth,,
CE0007682,Ineligible,,03/04/1967,,Female,,,,,,,0.00,0.00,0.00,0.00,0.00,Y,N,N,,N,N,,,,,0.00,0.00,0.00,0.00,0.00,0.00,0.00,0.00,0.00,N,N,,INELGIBLE due to Lisinopril.,Judith,,
CE0007683,IDS Expired,B+,10/17/1993,,Male,Mixed,"LP, WB,",DQ,,Positive,Positive,91.50,201.70,180.00,70.90,28.20,N,N,N,,Y,Y,02/23/2022,09/18/2023,09/18/2023,12/17/2023,17.00,323.50,49.50,100.00,5.90,0.00,135.00,79.00,36.00,N,Y,02/23/2022,,Brian,,
CE0007684,IDS Expired,A+,01/29/1979,,Male,Caucasian,"LP, WB, BM,",,,Positive,,100.70,222.00,175.30,69.00,32.80,Y,N,N,,N,N,,,12/07/2021,03/07/2022,17.00,314.60,47.20,86.00,6.90,0.00,132.00,84.00,36.40,N,N,,,Shane,,
CE0007685,Not Responsive,,12/19/2002,,Female,AfricanAmerican,,DQ,,,,0.00,0.00,0.00,0.00,0.00,N,N,N,,N,N,,,,,0.00,0.00,0.00,0.00,0.00,0.00,0.00,0.00,0.00,N,N,,,Jazmond,,
CE0007687,IDS Expired,A+,04/30/1990,,Male,AfricanAmerican,"LP, WB, BM,",BM 100ml,,Positive,,75.40,166.20,162.60,64.00,28.50,Y,N,N,,Y,N,02/25/2022,,02/25/2022,05/26/2022,13.70,280.40,43.40,81.00,6.10,0.00,114.00,68.00,37.10,N,Y,02/25/2022,,Robert,,
CE0007691,IDS Expired,A+,05/21/1993,,Male,Hispanic,"LP, WB,",DQ,,Positive,,92.30,203.50,175.30,69.00,30.00,N,N,N,,N,N,04/20/2022,,03/30/2022,06/28/2022,15.70,257.10,44.20,67.00,6.60,0.00,114.00,80.00,36.90,N,Y,04/20/2022,,Israel,,
CE0007694,IDS Expired,O+,07/24/1983,,Male,Hispanic,"LP, WB, BM,",BM 100ml,,Positive,,95.10,209.70,167.70,66.00,33.80,N,N,N,,Y,N,,02/09/2022,12/03/2021,03/03/2022,16.50,213.30,48.10,90.00,6.40,0.00,135.00,93.00,36.20,N,N,,,Joshua,,
CE0007697,IDS Expired,O+,08/05/1988,,Female,Hispanic,"BM,",BM 100ml,,Positive,,69.00,152.10,172.70,68.00,23.10,N,N,N,,N,N,,,12/14/2021,03/14/2022,13.10,207.60,38.50,86.00,5.30,0.00,138.00,93.00,36.70,N,N,,,Brooke,,
CE0007699,Not Responsive,,06/13/1977,,,,,,,,,111.60,246.00,195.60,77.00,29.20,N,N,N,,N,N,,,,,15.20,233.40,44.40,63.00,3.00,0.00,138.00,71.00,36.00,N,N,,,Kevin,,
CE0007701,IDS Expired,A+,02/06/1994,,Male,Caucasian,"LP, WB, BM,",BM 100ml,,,,96.50,212.80,177.80,70.00,30.50,Y,N,N,,N,N,,,12/03/2021,03/03/2022,16.80,187.30,48.20,80.00,6.70,0.00,127.00,69.00,36.70,N,N,,,"Christian ""Tiers""",,
CE0007702,Ineligible,,10/06/1998,,Female,Mixed,,,,,,83.60,184.31,168.00,66.14,29.62,Y,N,N,,N,N,,,,,10.88,208.80,34.90,63.00,6.05,0.00,110.00,63.00,36.80,N,N,,,Amanda,,
CE0007703,IDS Expired,O+,08/12/1996,,Female,NativeAmerican,"LP, WB,",DQ,,Positive,Positive,94.30,207.90,157.00,61.80,38.30,Y,Y,N,,Y,N,01/03/2024,04/03/2025,01/30/2025,04/30/2025,12.90,267.70,39.20,70.00,5.70,0.00,109.00,67.00,36.00,N,Y,01/25/2022,"2/12/24 - reports being a smoker altho does not indicate it on Donor History Questionnaire
INELIGIBLE for mLP d/t schedule
4/10/24. Donor states she smokes e-cigarettes at 4/8/24 screening.",Ramona,02/12/2024,Positive
CE0007704,IDS Expired,O+,08/16/1985,,Female,Caucasian,"LP, WB,",Not Interested,,Negative,,66.40,146.40,163.00,64.20,25.00,N,N,N,,Y,N,,09/19/2024,08/29/2024,11/27/2024,13.30,262.20,40.20,70.00,5.60,0.00,100.00,58.00,35.50,N,Y,02/08/2022,,Katharine,,
CE0007705,IDS Expired,O+,04/02/1979,,Male,Caucasian,"BM,",BM 100ml,,Negative,,134.00,295.40,190.50,75.00,36.90,N,N,N,,N,N,,,12/10/2021,03/10/2022,16.40,271.60,49.00,78.00,8.30,0.00,142.00,97.00,36.10,N,N,,,Michael,,
CE0007706,IDS Expired,O+,07/23/1997,,Female,Caucasian,"LP, WB, BM,",BM 100ml,,Negative,,78.90,173.90,162.60,64.00,29.90,Y,N,N,,N,N,,,12/10/2021,03/10/2022,12.90,286.40,37.80,73.00,6.10,0.00,122.00,84.00,36.70,N,N,,,Jeraca,,
CE0007707,IDS Expired,A+,08/26/1987,,Male,Mixed,"LP, WB, BM,",BM 100ml,,Negative,,74.60,164.50,175.30,69.00,24.30,Y,Y,N,,N,N,,,12/10/2021,03/10/2022,15.50,230.70,44.90,67.00,5.90,0.00,111.00,77.00,36.90,N,N,,,John,,
CE0007708,Ineligible,,10/06/1988,,,,,,,,,0.00,0.00,0.00,0.00,0.00,N,N,N,,N,N,,,,,0.00,0.00,0.00,0.00,0.00,0.00,0.00,0.00,0.00,N,N,,,Dante,,
CE0007709,Ineligible,B+,07/02/1969,,Male,Mixed,,,,Negative,,96.50,212.75,177.80,70.00,30.53,Y,Y,N,,Y,N,03/20/2023,12/09/2022,01/23/2023,04/23/2023,16.90,277.60,48.50,89.00,4.60,0.00,155.00,110.00,36.30,N,Y,03/16/2022,,Kenneth,,
CE0007710,Ineligible,,09/18/1999,,Female,Hispanic,,DQ,,,,53.40,117.73,149.90,59.02,23.77,N,N,N,,N,N,,,,,0.00,0.00,0.00,0.00,0.00,0.00,0.00,0.00,37.00,N,N,,,Lourdes,,
CE0007719,Ineligible,,04/13/1969,,Female,,,,,,,0.00,0.00,0.00,0.00,0.00,N,N,N,,N,N,,,,,0.00,0.00,0.00,0.00,0.00,0.00,0.00,0.00,0.00,N,N,,,Jill,,
CE0007721,Ineligible,AB+,07/25/1996,,Female,asian,,DQ,,Positive,,99.50,219.36,160.00,62.99,38.87,N,N,N,,N,N,,01/10/2022,12/15/2021,03/15/2022,13.82,212.80,40.30,81.00,6.44,0.00,135.00,82.00,36.80,N,N,,,Chanele,,
CE0007729,IDS Expired,O+,01/16/2001,,Female,Mixed,"LP, WB,",Not Interested,,Negative,POSITIVE,63.30,139.60,154.90,61.00,26.40,Y,N,N,,Y,N,,09/21/2022,08/02/2022,10/31/2022,13.60,209.00,39.40,69.00,5.20,0.00,100.00,58.00,36.90,N,Y,03/30/2022,,Cassey,,
CE0007730,IDS Expired,B+,02/05/1979,,Male,asian,"LP, WB, BM,",BM 100ml,,Positive,,77.40,170.60,165.10,65.00,28.40,Y,N,N,,N,N,,,12/10/2021,03/10/2022,15.30,257.60,44.30,98.00,6.60,0.00,133.00,85.00,37.40,N,N,,,Muhammad,,
CE0007732,IDS Expired,O+,11/06/1998,,Female,Caucasian,"LP, WB,",Not Interested,,Not Detected,<0.20 IU/mL,67.50,148.80,162.60,64.00,25.50,Y,N,N,,Y,N,,,01/27/2022,04/27/2022,14.10,206.40,41.60,86.00,7.40,0.00,123.00,71.00,36.70,N,Y,04/06/2022,,Marley,,
CE0007733,Ineligible,AB+,08/03/2003,,Female,Caucasian,"LP, WB, BM,",BM 100ml,,Negative,,62.80,138.40,175.30,69.00,20.40,N,N,N,,Y,N,,,12/16/2021,03/16/2022,14.70,195.70,42.70,89.00,7.50,0.00,118.00,68.00,36.80,N,N,,,Mia,,
CE0007735,Ineligible,B+,07/30/2001,,Female,Mixed,,Not Interested,,Negative,,69.40,153.00,149.90,59.00,30.90,N,N,N,,N,N,,04/13/2022,12/21/2021,03/21/2022,13.10,188.70,37.40,74.00,8.60,0.00,136.00,81.00,36.90,N,Y,04/13/2022,,Sarah,,
CE0007739,IDS Expired,B+,01/27/2003,,Female,PacificIslander,"LP, WB,",,,Positive,,59.40,130.90,167.60,66.00,21.20,N,N,N,,Y,Y,,01/20/2022,12/21/2021,03/21/2022,13.50,267.90,39.60,91.00,8.20,0.00,109.00,72.00,36.70,N,Y,01/20/2022,,Mele,,
CE0007740,IDS Expired,A+,09/13/2003,,Female,AfricanAmerican,"BM,",BM 100ml,,Negative,,70.70,155.90,175.30,69.00,23.00,N,N,N,,N,N,,,12/21/2021,03/21/2022,13.10,245.80,38.50,81.00,6.90,0.00,117.00,73.00,36.80,N,N,,,Azaria,,
CE0007741,IDS Expired,O+,03/19/1985,,Male,Hispanic,"LP, WB,",DQ,,Positive,,106.10,233.90,165.10,65.00,38.90,Y,N,N,,Y,Y,,06/03/2022,06/03/2022,09/01/2022,17.10,201.60,49.10,84.00,4.90,0.00,136.00,81.00,36.50,N,Y,01/25/2022,,Isai,,
CE0007746,Not Responsive,,05/24/1997,,Female,Hispanic,,DQ,,,,98.50,217.20,160.00,63.00,38.50,N,N,N,,N,N,,,,,0.00,0.00,0.00,70.00,0.00,0.00,124.00,80.00,36.80,N,N,,,Mariana,,
CE0007750,Ineligible,A+,08/03/2000,,Male,Mixed,"LP, WB, BM,",BM 100ml,,Positive,,85.80,189.20,175.30,69.00,27.90,N,N,N,,N,N,,,12/16/2021,03/16/2022,17.20,245.00,46.60,91.00,6.60,0.00,139.00,72.00,36.90,N,N,,,Alijah,,
CE0007751,IDS Expired,O+,07/22/1982,,Male,Hispanic,"LP, WB, BM,",BM 100ml,,Negative,,96.20,212.10,180.30,71.00,29.60,N,N,N,,Y,Y,04/04/2022,,03/11/2022,06/09/2022,16.00,325.80,46.40,89.00,6.90,0.00,127.00,81.00,36.90,N,N,,,Angelo,,
CE0007757,Ineligible,A+,10/12/1999,,Female,Hispanic,,,,Positive,,96.10,211.90,162.60,64.00,36.40,N,N,N,,N,N,,,01/06/2022,04/06/2022,13.70,298.30,39.30,82.00,9.20,0.00,127.00,89.00,36.30,N,N,,,Katlin,,
CE0007758,IDS Expired,O+,01/02/1984,,Male,Hispanic,"LP, WB, BM,",BM 100ml,,Detected,5.6 IU/mL,118.00,260.10,167.60,66.00,42.00,Y,Y,N,,Y,N,02/23/2022,06/09/2022,06/09/2022,09/07/2022,14.90,246.70,41.90,81.00,6.70,0.00,140.00,86.00,36.90,N,Y,02/23/2022,,Michael S,,
CE0007760,IDS Expired,O+,06/05/1980,,Female,Caucasian,"LP, WB, BM,",BM 100ml,,Negative,,66.30,146.20,163.00,64.20,25.00,Y,N,N,,Y,N,05/03/2023,11/03/2022,05/03/2023,08/01/2023,13.90,266.30,39.80,74.00,10.30,0.00,110.00,69.00,36.00,N,Y,09/19/2022,borderline weight - must be 59kg to do BMA.,Rachel,,
CE0007765,IDS Expired,O+,10/14/1992,,Female,Hispanic,"LP, WB,",DQ,,Positive,POSITIVE,98.90,218.00,170.20,67.00,34.10,N,N,N,,Y,Y,,08/17/2022,08/02/2022,10/31/2022,13.10,337.00,38.40,81.00,8.70,0.00,115.00,77.00,36.90,N,Y,02/28/2022,,Emily,,
CE0007766,IDS Expired,O+,11/20/1994,,Female,Hispanic,"LP, WB,",Not Interested,,Positive,,60.90,134.30,160.00,63.00,23.80,N,N,N,,Y,Y,,02/28/2022,01/28/2022,04/28/2022,12.70,329.10,37.70,72.00,7.40,0.00,107.00,67.00,36.90,N,N,,,Ana,,
CE0007769,IDS Expired,O+,04/30/2001,,Female,Hispanic,"LP, WB,",DQ,,Positive,POSITIVE,83.30,183.70,164.00,64.60,31.00,N,N,N,,Y,Y,,10/20/2022,10/20/2022,01/18/2023,13.20,349.30,36.90,80.00,6.20,0.00,105.00,64.00,36.40,N,Y,03/01/2022,,Alondra,,
CE0007773,IDS Expired,O+,07/16/1992,,Female,Hispanic,"LP, WB, BM,",BM 100ml,,Positive,,83.90,185.00,157.50,62.00,33.80,N,N,N,,Y,N,05/25/2022,04/20/2022,04/20/2022,07/19/2022,13.80,297.20,38.40,80.00,8.50,0.00,123.00,85.00,36.80,N,Y,04/20/2022,,Karina,,
CE0007783,IDS Expired,O+,10/17/2000,,Female,Hispanic,"LP, WB,",,,Negative,,59.70,131.60,162.60,64.00,22.60,Y,N,N,,N,N,,,01/07/2022,04/07/2022,12.70,265.70,36.50,64.00,5.50,0.00,113.00,65.00,36.90,N,Y,02/01/2022,,Samantha,,
CE0007785,Deferred,O+,11/07/2000,,Male,AfricanAmerican,"LP, WB, BM,",BM 100ml,,Positive,positive,72.70,160.28,173.00,68.11,24.29,N,N,Y,"Food,",Y,N,10/29/2025,05/28/2025,10/29/2025,01/27/2026,13.00,285.90,40.20,62.00,2.89,0.00,110.00,70.00,36.50,N,Y,03/23/2022,"ALLERGY: PEANUTS
mLP DQ  - hx difficult return line placement",Khalil,08/14/2023,positive
CE0007787,IDS Expired,B+,12/04/1994,,Female,Mixed,"LP, WB,",Not Interested,,Positive,,74.80,164.90,160.00,63.00,29.20,N,N,N,,N,N,,,01/10/2022,04/10/2022,14.00,291.60,40.50,63.00,8.80,0.00,102.00,58.00,36.80,N,N,,,Dabryla,,
CE0007795,IDS Expired,A+,06/02/1978,,Male,Hispanic,"LP, WB,",Not Interested,,Negative,,95.80,211.20,172.70,68.00,32.10,Y,N,N,,N,N,,,06/21/2022,09/19/2022,13.00,232.00,38.10,67.00,5.10,0.00,118.00,72.00,36.90,N,N,,,Gilbert,,
CE0007802,IDS Expired,A+,07/24/1984,,Female,Mixed,"LP, WB, BM,",BM 100ml,,,,60.70,133.80,170.20,67.00,21.00,N,N,N,,N,N,,,01/13/2022,04/13/2022,14.50,332.90,40.60,92.00,7.80,0.00,110.00,71.00,36.80,N,N,,,Anne,,
CE0007803,Deferred,O+,08/11/1989,,Female,Mixed,,,,Positive,,89.50,197.31,157.50,62.01,36.08,N,Y,N,,Y,Y,,02/28/2022,04/11/2022,07/10/2022,13.24,292.20,39.40,100.00,15.65,0.00,138.00,72.00,36.90,N,Y,02/28/2022,,Danielle,,
CE0007808,Ineligible,A-,03/12/1969,,Male,Caucasian,,,,Negative,,90.90,200.40,178.00,70.08,28.69,N,Y,N,,Y,Y,01/28/2025,,11/12/2024,02/10/2025,14.12,277.80,43.00,76.00,9.05,0.00,143.00,75.00,36.70,N,Y,02/02/2022,,William C,,
CE0007814,Eligible,O+,01/25/1984,,Female,asian,"LP, WB,",,,Positive,POSITIVE,58.40,128.75,160.00,63.00,23.60,Y,N,Y,"Environmental,",Y,N,06/01/2026,07/07/2026,05/14/2026,08/12/2026,14.50,255.50,44.20,90.00,6.13,0.00,120.00,88.00,36.30,Y,Y,03/17/2022,Allergies: seasonal;,Cynthia,,
CE0007815,IDS Expired,AB+,03/03/1989,,Male,Caucasian,"LP, WB, BM,",BM 100ml,,Negative,,104.20,229.72,182.90,72.01,31.15,Y,N,N,,Y,N,08/17/2022,02/15/2022,08/17/2022,11/15/2022,15.29,363.60,44.00,87.00,7.41,0.00,126.00,82.00,36.50,N,Y,02/15/2022,,Jestin,,
CE0007816,Not Responsive,,05/02/1985,,Female,,,,,,,130.40,287.50,161.30,63.50,50.10,N,N,N,,N,N,,,,,0.00,0.00,0.00,0.00,0.00,0.00,0.00,0.00,0.00,N,N,,,Jessica,,
CE0007817,IDS Expired,O+,05/30/2000,,Female,AfricanAmerican,"LP,",DQ,,Positive,Positive,90.70,200.00,160.00,63.00,35.40,N,N,N,,Y,N,,05/22/2023,04/17/2023,07/16/2023,12.00,231.40,35.40,68.00,5.50,0.00,116.00,61.00,36.50,N,Y,02/14/2022,,Ajah,,
CE0007821,IDS Expired,O+,08/06/2000,,Female,Hispanic,"LP, WB, BM,",BM 100ml,,Positive,POSITIVE,64.00,141.10,155.00,61.02,26.64,N,N,N,,Y,N,10/03/2023,09/09/2025,06/17/2025,09/15/2025,13.01,251.80,38.20,78.00,4.69,0.00,100.00,68.00,36.10,N,Y,01/31/2022,DEFERRED mLP d/t veins,Lea,08/21/2024,Positive
CE0007830,Ineligible,,08/15/1991,,,,,,,,,48.53,107.00,0.00,0.00,0.00,N,N,N,,N,N,,,,,0.00,0.00,0.00,0.00,0.00,0.00,0.00,0.00,0.00,N,N,,,Jaze,,
CE0007831,IDS Expired,A+,05/06/1997,,Male,Hispanic,"LP, WB,",Not Interested,,Not Detected,,88.30,194.70,167.60,66.00,31.40,N,N,N,,Y,Y,,02/17/2022,01/20/2022,04/20/2022,15.10,187.70,44.00,91.00,8.20,0.00,148.00,72.00,37.20,N,Y,02/17/2022,,Josemiguel,,
CE0007836,IDS Expired,O+,03/22/1987,,Female,Caucasian,"LP, WB, BM,",BM 100ml,,Negative,,74.30,163.80,175.30,69.00,24.20,N,N,N,,N,N,,,01/18/2022,04/18/2022,12.70,266.20,37.10,83.00,9.60,0.00,112.00,77.00,36.80,N,N,,,Sarah Margaret,,
CE0007837,Ineligible,,05/03/1997,,Female,AfricanAmerican,"BM,",BM 100ml,,Not Detected,<0.20 IU/mL,80.80,178.10,170.20,67.00,27.90,Y,N,N,,N,N,,,01/18/2022,04/18/2022,15.20,190.20,44.20,82.00,5.00,0.00,124.00,88.00,36.90,N,N,,,Rochelle,,
CE0007843,IDS Expired,O+,04/04/2003,,Female,Caucasian,"LP, WB, BM,",BM 100ml,,Negative,POSITIVE,64.20,141.50,175.00,68.90,21.00,N,N,N,,Y,N,01/28/2026,05/18/2026,03/05/2026,06/03/2026,13.90,156.50,39.00,96.00,4.80,0.00,100.00,59.00,35.90,N,Y,02/18/2022,,Kira,01/25/2025,
CE0007847,IDS Expired,O+,06/16/1999,,Female,Mixed,"LP, WB,",Not Interested,,Negative,,67.30,148.40,175.30,69.00,21.90,N,N,N,,Y,N,,04/05/2022,02/15/2022,05/16/2022,14.10,251.70,40.20,85.00,4.60,0.00,110.00,67.00,36.80,N,Y,02/15/2022,,Hannah,,
CE0007849,Ineligible,,11/13/1992,,Female,AfricanAmerican,,,,,,75.30,166.01,162.56,64.00,28.49,N,N,N,,N,N,,,,,11.83,234.50,35.20,94.00,6.24,0.00,129.00,59.00,36.90,N,N,,,Kayla,,
CE0007854,IDS Expired,O+,04/11/1978,,Male,AfricanAmerican,"LP, WB, BM,",BM 100ml,,Detected,7.6 IU/mL,89.90,198.20,172.70,68.00,30.10,Y,Y,N,,N,N,,,01/20/2022,04/20/2022,13.40,240.40,39.90,57.00,3.80,0.00,127.00,78.00,36.50,N,N,,,Adam,,
CE0007855,IDS Expired,A+,04/07/1977,,Male,Mixed,"LP, WB, BM,",BM 100ml,,Negative,,115.50,254.60,188.00,74.00,32.70,Y,N,N,,Y,N,05/26/2022,02/22/2022,11/03/2023,02/01/2024,14.80,207.30,42.80,62.00,4.80,0.00,138.00,85.00,36.00,N,Y,02/22/2022,,Christopher,,
CE0007857,IDS Expired,A-,07/22/1985,,Male,AfricanAmerican,"LP, WB,",DQ,,Not Detected,,80.70,177.90,188.00,74.00,22.80,Y,N,N,,N,N,,02/02/2022,02/02/2022,05/03/2022,15.00,171.30,44.80,71.00,7.60,0.00,146.00,85.00,36.50,N,N,,,Sule,,
CE0007859,IDS Expired,O+,07/03/1989,,Male,Mixed,"LP, WB, BM,",BM 100ml,,Negative,,91.00,200.60,175.30,69.00,29.60,Y,N,N,,Y,Y,07/06/2022,,07/06/2022,10/04/2022,15.80,189.70,46.20,89.00,8.90,0.00,138.00,89.00,36.90,N,Y,02/23/2022,,John,,
CE0007861,IDS Expired,A+,10/23/1995,,Male,Caucasian,"LP, WB,",DQ,,Positive,Positive,56.20,123.90,178.00,70.10,17.70,N,N,N,,Y,Y,,04/09/2024,03/28/2024,06/26/2024,15.70,196.30,463.00,72.00,4.20,0.00,131.00,72.00,36.50,N,Y,04/09/2024,,Laurence,03/26/2024,Positive
CE0007862,Ineligible,,05/20/1991,,,,,,,,,0.00,0.00,0.00,0.00,0.00,N,N,N,,N,N,,,,,0.00,0.00,0.00,0.00,0.00,0.00,0.00,0.00,0.00,N,N,,,Gian,,
CE0007863,Ineligible,,07/29/2000,,,,,,,,,96.90,213.63,406.40,160.00,5.87,N,N,N,,N,N,,,,,0.00,0.00,0.00,91.00,0.00,0.00,121.00,80.00,36.80,N,N,,,Alexa,,
CE0007865,IDS Expired,A+,08/19/1996,,Female,asian,"LP, WB, BM,",BM 100ml,,Not Detected,,62.20,137.10,157.50,62.00,25.10,N,N,N,,Y,N,,05/17/2022,04/21/2022,07/20/2022,13.30,228.30,39.40,75.00,5.50,0.00,120.00,66.00,35.50,N,Y,02/24/2022,,Sarah,,
CE0007866,Ineligible,,06/15/1978,,,,,,,,,154.60,340.83,190.50,75.00,42.60,N,N,N,,N,N,,,,,0.00,0.00,0.00,92.00,0.00,0.00,135.00,93.00,36.20,N,N,,,John,,
CE0007867,IDS Expired,O+,05/11/1999,,Female,Caucasian,"LP, WB, BM,",BM 100ml,,Negative,,63.90,140.90,162.60,64.00,24.20,Y,N,N,,N,N,,,01/24/2022,04/24/2022,12.90,217.90,37.50,81.00,4.10,0.00,107.00,77.00,36.90,N,N,,,Samantha,,
CE0007871,IDS Expired,O+,05/20/1991,,Female,Hispanic,"LP,",DQ,,Positive,POSITIVE,83.60,184.30,155.00,61.00,34.80,Y,N,Y,"Environmental,",Y,Y,,08/28/2023,05/25/2023,08/23/2023,12.50,220.30,36.20,87.00,7.00,0.00,135.00,74.00,36.60,N,Y,02/24/2022,ALLERGY: SEASONAL,Nadine,,
CE0007872,IDS Expired,A+,02/13/2000,,Male,Hispanic,"LP, WB,",Not Interested,,Positive,,126.30,278.40,185.40,73.00,36.70,Y,N,N,,N,N,,,01/24/2022,04/24/2022,14.90,166.00,43.20,75.00,6.40,0.00,146.00,77.00,36.90,N,N,,,Victor,,
CE0007879,IDS Expired,O+,02/13/2000,,Male,Hispanic,"LP, WB, BM,",BM 100ml,,Negative,,81.60,179.90,175.30,69.00,26.60,N,N,N,,Y,Y,04/04/2022,02/14/2022,01/25/2022,04/25/2022,17.20,168.10,46.80,99.00,5.70,0.00,162.00,88.00,36.90,N,N,,,Diego,,
CE0007880,IDS Expired,A+,08/14/1984,,Female,Hispanic,"LP, WB,",Not Interested,,Negative,,82.60,182.10,175.30,69.00,26.90,N,N,N,,Y,N,,04/19/2022,04/19/2022,07/18/2022,13.10,241.00,37.70,75.00,7.20,0.00,135.00,71.00,36.80,N,Y,04/19/2022,,Olga,,
CE0007882,IDS Expired,O-,07/24/1973,,Female,Hispanic,"LP, WB,",Not Interested,,Detected,4.7 IU/mL,87.80,193.60,172.70,68.00,29.40,Y,N,N,,Y,Y,,06/21/2022,06/21/2022,09/19/2022,15.60,321.00,44.40,71.00,6.10,0.00,152.00,92.00,36.90,N,N,,,Megan,,
CE0007883,Ineligible,B+,03/21/1980,,Male,AfricanAmerican,,,,Negative,,72.30,159.39,170.00,66.93,25.02,N,Y,N,,Y,N,08/01/2024,,04/24/2024,07/23/2024,15.48,318.00,45.70,87.00,7.68,0.00,114.00,77.00,36.30,N,N,,Donor states doesn't know how to use email. Declines E-1099,Joe,,
CE0007884,IDS Expired,O+,03/09/2001,,Female,asian,"LP, WB,",,,Negative,,59.60,131.40,162.60,64.00,22.60,Y,N,N,,N,N,,,01/26/2022,04/26/2022,15.30,196.30,44.00,77.00,4.60,0.00,111.00,73.00,36.90,N,N,,,Julisa,,
CE0007887,IDS Expired,B+,04/29/1972,,Male,AfricanAmerican,"LP, WB, BM,",BM 100ml,,Positive,,94.80,209.00,175.30,69.00,30.90,N,N,N,,Y,Y,,02/09/2022,01/26/2022,04/26/2022,15.00,230.70,45.60,72.00,6.30,0.00,175.00,98.00,36.80,N,N,,,Jan,,
CE0007888,Eligible,B+,09/24/2001,,Male,asian,"WB, BM,",BM 100ml,,Positive,POSITIVE,77.10,169.98,170.00,66.93,26.68,Y,N,N,,Y,Y,07/17/2026,,07/17/2026,10/15/2026,14.37,213.80,42.30,76.00,5.51,0.00,105.00,61.00,36.20,Y,Y,02/25/2022,DQ mLP (does not donate LP; schedule conflict),Zaid,,
CE0007890,IDS Expired,O+,10/25/1997,,Female,Hispanic,"LP, WB,",Not Interested,,Positive,POSITIVE,62.40,137.60,160.00,63.00,24.40,N,N,N,,Y,Y,10/28/2022,02/26/2024,02/05/2024,05/05/2024,14.10,328.10,43.80,65.00,5.00,0.00,130.00,75.00,36.50,N,Y,03/09/2022,,Jennifer,,
CE0007891,IDS Expired,B-,03/12/1997,,Male,Caucasian,"LP, WB, BM,",,,Negative,,89.60,197.50,180.30,71.00,27.60,N,Y,N,,N,N,02/28/2022,,01/26/2022,04/26/2022,16.70,241.50,45.60,80.00,6.00,0.00,130.00,83.00,36.60,N,Y,02/28/2022,,Ryan,,
CE0007892,IDS Expired,O+,03/26/2000,,Male,asian,"LP, WB,",DQ,,Negative,POSITIVE,57.80,127.40,170.20,67.00,20.00,N,N,N,,Y,N,,10/24/2022,10/24/2022,01/22/2023,16.00,295.90,46.40,78.00,5.20,0.00,143.00,78.00,36.50,N,Y,03/18/2022,,John,,
CE0007898,Eligible,O+,07/06/2002,,Female,Hispanic,"LP, WB,",DQ,,Positive,POSITIVE,57.00,125.66,152.00,59.84,24.67,N,N,N,,Y,Y,,05/14/2026,05/14/2026,08/12/2026,13.33,215.40,39.90,61.00,6.88,0.00,100.00,62.00,36.30,Y,Y,01/05/2026,allergies: kiwi;,"Judith ""Ruth""",,
CE0007901,Not Responsive,,04/24/1980,,,,,,,,,0.00,0.00,0.00,0.00,0.00,N,N,N,,N,N,,,,,0.00,0.00,0.00,0.00,0.00,0.00,0.00,0.00,0.00,N,N,,,Vernica,,
CE0007902,IDS Expired,O+,05/23/1997,,Female,asian,"LP, WB,",Not Interested,,Positive,,66.80,147.30,157.50,62.00,26.90,Y,N,N,,N,N,,,03/18/2022,06/16/2022,13.10,250.60,37.50,71.00,4.30,0.00,112.00,70.00,36.90,N,N,,,Katarina,,
CE0007906,IDS Expired,A+,07/17/1990,,Female,Hispanic,"BM,",BM 100ml,,Positive,Positive,75.30,166.00,155.00,61.00,31.30,Y,N,Y,"Food,",Y,N,12/01/2023,,12/01/2023,02/29/2024,14.40,275.60,40.90,82.00,4.50,0.00,112.00,68.00,36.00,N,Y,03/28/2022,"ALLERGY: GLUTEN
BM only: No veins",Ginna,,
CE0007907,IDS Expired,A+,07/21/1999,,Female,Caucasian,"LP, WB,",DQ,,Positive,,74.50,164.20,167.60,66.00,26.50,Y,N,N,,N,N,,,02/01/2022,05/02/2022,14.80,256.70,42.30,100.00,10.10,0.00,122.00,72.00,36.80,N,N,,,Sofia,,
CE0007908,IDS Expired,O+,03/12/1998,,Female,Caucasian,"LP, WB,",Not Interested,,Negative,POSITIVE,67.60,149.00,162.00,63.80,25.80,Y,N,N,,Y,N,,06/12/2024,06/12/2024,09/10/2024,14.40,269.30,42.60,99.00,6.10,0.00,123.00,72.00,36.10,N,Y,03/14/2022,,Bailey,07/25/2023,POSITIVE
CE0007910,Ineligible,,04/20/2003,,Female,AfricanAmerican,,,,,,81.30,179.20,165.10,65.00,29.80,Y,N,N,,N,N,,,,,0.00,0.00,0.00,72.00,0.00,0.00,127.00,81.00,36.90,N,N,,,Angelina,,
CE0007911,IDS Expired,O-,10/03/2000,,Female,Caucasian,"LP, WB, BM,",BM 100ml,,Negative,,67.80,149.50,163.80,64.50,25.30,Y,Y,N,,N,N,03/07/2022,,02/01/2022,05/02/2022,13.90,409.50,37.30,100.00,7.40,0.00,128.00,72.00,36.90,N,Y,03/07/2022,,Eden,,
CE0007918,IDS Expired,A+,12/26/1999,,Female,AfricanAmerican,"LP,",DQ,,Positive,POSITIVE,76.20,168.00,170.20,67.00,26.30,Y,N,N,,Y,N,,04/01/2022,12/12/2022,03/12/2023,11.70,247.30,33.20,87.00,5.10,0.00,123.00,63.00,36.40,N,Y,,,Rouguiata,,
CE0007919,Ineligible,,10/29/1972,,,,,,,Positive,,82.20,181.22,170.20,67.01,28.38,N,N,N,,Y,Y,08/15/2022,06/17/2022,04/05/2022,07/04/2022,12.08,286.40,36.00,57.00,7.96,0.00,102.00,68.00,36.80,N,Y,05/13/2022,,Elliett,,
CE0007921,Ineligible,,08/11/1995,,Female,Caucasian,,DQ,,,,58.80,129.63,167.60,65.98,20.93,Y,N,N,,N,N,,,,,0.00,0.00,0.00,81.00,0.00,0.00,126.00,81.00,36.90,N,N,,,Cameron,,
CE0007922,Ineligible,,10/07/1982,,,,,,,,,91.20,201.06,187.96,74.00,25.81,N,N,N,,N,N,,,,,13.83,91.80,40.20,79.00,2.55,0.00,129.00,85.00,36.90,N,N,,,Garrett,,
CE0007925,IDS Expired,O+,07/27/1981,,Female,AfricanAmerican,"LP, WB,",DQ,,POSITIVE,POSITIVE,98.80,217.80,168.00,66.10,35.00,Y,N,N,,Y,N,,01/05/2024,01/05/2024,04/04/2024,15.00,204.50,44.00,77.00,4.30,0.00,151.00,95.00,36.20,N,Y,02/24/2022,,Australia,10/12/2023,POSITIVE
CE0007929,IDS Expired,O+,01/06/1970,,Male,Mixed,"LP, WB,",DQ,,Negative,,136.10,300.10,173.60,68.40,45.20,N,N,N,,Y,N,,11/10/2022,11/10/2022,02/08/2023,17.40,251.40,49.80,76.00,7.00,0.00,156.00,81.00,36.30,N,Y,03/03/2022,,SLB,,
CE0007930,IDS Expired,B+,06/19/2001,,Male,Hispanic,"LP, WB,",Not Interested,,Positive,POSITIVE,93.90,207.00,180.30,71.00,28.90,N,Y,N,,Y,N,,10/26/2022,08/08/2022,11/06/2022,16.70,195.10,49.10,64.00,11.40,0.00,159.00,77.00,35.70,N,Y,03/28/2022,,Lino,,
CE0007931,IDS Expired,O+,09/30/1969,,Female,AfricanAmerican,"LP, WB,",DQ,,Positive,,133.90,295.20,170.20,67.00,46.20,Y,N,N,,Y,Y,,04/11/2022,01/31/2022,05/01/2022,14.30,315.80,40.70,74.00,6.10,0.00,107.00,73.00,36.50,N,Y,04/11/2022,,Cheryl,,
CE0007934,IDS Expired,AB-,12/05/1989,,Male,Caucasian,"LP, WB,",Not Interested,,Positive,,81.50,179.70,177.80,70.00,25.80,N,N,N,,N,N,,,02/08/2022,05/09/2022,17.70,199.60,50.60,72.00,4.80,0.00,121.00,70.00,36.80,N,N,,,Nicholas,,
CE0007939,IDS Expired,O+,11/24/2003,,,AfricanAmerican,"BM,",BM 100ml,,Positive,,62.50,137.80,172.70,68.00,21.00,N,N,N,,N,N,,,02/08/2022,05/09/2022,13.20,181.10,38.70,97.00,4.00,0.00,109.00,72.00,36.90,N,N,,,Leah,,
CE0007940,Not Responsive,,12/22/2001,,Female,Hispanic,,,,,,71.60,157.90,165.10,65.00,26.30,Y,N,N,,N,N,,,,,11.90,252.60,35.10,89.00,5.90,0.00,113.00,71.00,36.90,N,N,,,Iris,,
CE0007944,Ineligible,,04/30/2000,,Female,Hispanic,,DQ,,,,81.10,178.79,0.00,0.00,0.00,Y,N,N,,N,N,,,,,0.00,0.00,0.00,0.00,0.00,0.00,0.00,0.00,36.80,N,N,,,Citlali,,
CE0007951,IDS Expired,A+,10/19/1995,,Male,Caucasian,"LP, WB, BM,",BM 100ml,,Negative,,87.90,193.80,182.90,72.00,26.30,N,N,N,,N,N,03/02/2022,,02/08/2022,05/09/2022,13.70,238.50,44.80,74.00,6.60,0.00,127.00,66.00,37.00,N,N,,,Jakub,,
CE0007952,Ineligible,,07/17/1990,,Female,Caucasian,,,,,,80.20,176.80,182.90,72.00,24.00,Y,N,N,,N,N,,,,,13.80,95.20,41.30,70.00,6.40,0.00,109.00,77.00,36.80,N,N,,,Natalya,,
CE0007953,IDS Expired,O+,12/06/1999,,Male,Hispanic,"LP, WB, BM,",BM 100ml,,Positive,,83.20,183.40,165.10,65.00,30.50,N,N,N,,Y,N,06/06/2022,,06/06/2022,09/04/2022,16.50,220.00,46.00,52.00,6.50,0.00,123.00,81.00,36.90,N,N,,,Javier,,
CE0007954,Ineligible,,11/23/1997,,,,,,,,,102.50,225.97,177.80,70.00,32.42,N,N,N,,N,N,,,,,0.00,0.00,0.00,0.00,0.00,0.00,0.00,0.00,0.00,N,N,,,Daniel,,
CE0007955,Not Responsive,,07/22/1997,,,,,,,,,55.90,123.20,167.60,66.00,19.90,N,N,N,,N,N,,,,,0.00,0.00,0.00,0.00,0.00,0.00,0.00,0.00,36.80,N,N,,,Ethan,,
CE0007956,Ineligible,,08/15/2003,,Female,Hispanic,,,,,,91.80,202.38,165.10,65.00,33.68,Y,N,N,,N,N,,,,,0.00,0.00,0.00,84.00,0.00,0.00,118.00,67.00,36.90,N,N,,,Mariela,,
CE0007957,IDS Expired,O+,06/15/2001,,Female,Hispanic,"LP,",DQ,,Negative,POSITIVE,61.80,136.30,167.00,65.80,22.20,N,N,N,,Y,Y,,08/03/2023,06/15/2023,09/13/2023,12.20,226.20,34.30,76.00,4.80,0.00,106.00,61.00,36.10,N,Y,02/22/2022,DO NOT SCHEDULE for back-up pls :),Leslie,,
CE0007959,IDS Expired,A+,02/14/1995,,Male,AfricanAmerican,"LP, WB, BM,",BM 100ml,,Negative,Positive,90.90,200.40,175.30,69.00,29.60,N,N,N,,Y,N,10/07/2022,,10/07/2022,01/05/2023,16.00,160.90,45.00,56.00,5.00,0.00,128.00,89.00,36.10,N,Y,03/14/2022,,Austin,,
CE0007960,IDS Expired,O+,01/17/1994,,Female,Caucasian,"LP, WB,",Not Interested,,Positive,,84.80,187.00,172.70,68.00,28.40,Y,N,N,,N,N,,,02/11/2022,05/12/2022,14.70,296.40,43.60,76.00,6.70,0.00,120.00,81.00,36.80,N,N,,,Devon,,
CE0007963,Not Responsive,,08/04/2001,,,,,,,,,0.00,0.00,0.00,0.00,0.00,N,N,N,,N,N,,,,,0.00,0.00,0.00,0.00,0.00,0.00,0.00,0.00,0.00,N,N,,,Railyne,,
CE0007964,IDS Expired,O+,01/08/2003,,Male,asian,"LP, WB, BM,",BM 100ml,,Positive,,72.80,160.50,167.60,66.00,25.90,N,N,N,,N,N,04/18/2022,,02/16/2022,05/17/2022,14.00,248.20,45.20,69.00,5.10,0.00,141.00,79.00,36.90,N,Y,04/18/2022,,Ralf,,
CE0007968,IDS Expired,B+,12/14/1995,,Male,Caucasian,"LP, WB, BM,",BM 100ml,,Negative,,69.90,154.10,175.30,69.00,22.80,Y,N,N,,Y,Y,,07/29/2022,07/29/2022,10/27/2022,15.80,182.90,46.40,79.00,6.50,0.00,123.00,73.00,36.60,N,Y,03/07/2022,,Tyler,,
CE0007972,Ineligible,,05/29/1996,,,,,,,,,81.10,178.80,157.50,62.00,32.70,N,N,N,,N,N,,,,,12.70,194.60,37.10,73.00,5.50,0.00,106.00,65.00,36.80,N,N,,,Zania,,
CE0007973,IDS Expired,O+,01/13/2003,,Female,Mixed,"LP, WB,",DQ,,Negative,,55.90,123.20,162.20,63.90,21.30,Y,N,N,,N,N,,,02/15/2022,05/16/2022,12.90,288.60,37.20,73.00,8.80,0.00,107.00,69.00,37.20,N,N,,,Kayli,,
CE0007979,IDS Expired,B+,09/29/2000,,Male,asian,"LP, WB,",Not Interested,,Negative,,87.20,192.20,190.50,75.00,24.00,N,N,N,,N,N,,,02/15/2022,05/16/2022,16.10,200.20,46.90,76.00,7.60,0.00,143.00,74.00,35.90,N,N,,,Param,,
CE0007983,IDS Expired,B-,06/23/1986,,Male,Mixed,"LP, WB, BM,",BM 100ml,,Negative,,89.00,196.21,175.00,68.90,28.80,N,N,N,,N,N,02/24/2026,06/08/2026,06/08/2026,09/06/2026,12.97,243.90,39.00,84.00,4.44,0.00,133.00,69.00,36.30,Y,Y,02/24/2026,Former LeukoLab donor; has done 2 mobLP already,Christopher,,
CE0007984,IDS Expired,A+,05/24/1996,,Female,asian,"BM,",BM 100ml,,Positive,,71.10,156.80,162.60,64.00,26.90,Y,N,N,,N,N,,,02/16/2022,05/17/2022,12.80,202.90,37.90,70.00,5.50,0.00,107.00,69.00,36.80,N,N,,,Samantha,,
CE0007987,IDS Expired,O+,11/22/2003,,Male,Mixed,"LP, WB,",Not Interested,,Negative,Positive,68.20,150.36,170.00,66.93,23.60,N,N,Y,"Environmental,",Y,N,04/03/2023,06/11/2025,06/05/2025,09/03/2025,15.64,183.40,45.50,54.00,5.36,0.00,125.00,75.00,36.10,N,Y,04/19/2022,,Hank,,
CE0007988,IDS Expired,O-,08/19/2003,,Male,Caucasian,"LP, WB,",DQ,,Negative,,58.50,129.00,182.90,72.00,17.50,N,N,N,,Y,N,,03/03/2022,02/17/2022,05/18/2022,15.10,141.30,43.00,59.00,5.80,0.00,127.00,72.00,36.80,N,Y,03/03/2022,,Kyle,,
CE0007992,IDS Expired,A+,10/26/1987,,Female,Hispanic,"LP, WB, BM,",BM 100ml,,Positive,,71.00,156.50,162.20,63.90,27.00,N,Y,N,,N,N,02/28/2022,,02/22/2022,05/23/2022,14.10,273.20,45.50,84.00,8.60,0.00,121.00,82.00,36.90,N,Y,02/28/2022,,Jennifer,,
CE0007995,IDS Expired,O+,05/01/1994,,Female,asian,"LP, WB, BM,",BM 100ml,,Negative,POSITIVE,68.40,150.80,162.00,63.80,26.10,N,Y,Y,"Environmental,",Y,Y,03/02/2022,04/06/2026,03/25/2026,06/23/2026,13.10,288.20,38.40,67.00,5.40,0.00,119.00,66.00,36.30,N,Y,03/02/2022,allergy: seasonal,Rachel,,
CE0007996,Ineligible,O+,11/17/2000,,Male,PacificIslander,"WB, BM,",BM 100ml,,Negative,POSITIVE,72.80,160.50,162.20,63.90,27.70,N,N,N,,Y,N,09/28/2022,,09/28/2022,12/27/2022,14.40,296.60,41.90,81.00,5.20,0.00,149.00,87.00,36.90,N,Y,05/13/2022,,James,,
CE0007998,IDS Expired,B+,08/28/1988,,Female,asian,"LP, WB, BM,",BM 100ml,,Negative,,74.70,164.70,160.00,63.00,29.20,N,N,N,,N,N,,,02/24/2022,05/25/2022,13.90,299.90,40.80,88.00,3.80,0.00,125.00,97.00,36.90,N,N,,,Elaine,,
CE0007999,Ineligible,,06/07/2003,,,,,,,,,61.50,135.60,154.90,61.00,25.60,N,N,N,,N,N,,,,,11.20,185.50,33.50,90.00,5.10,0.00,111.00,65.00,37.00,N,N,,,Laila,,
CE0008002,Ineligible,B-,01/31/2000,,Female,Mixed,,,,Positive,POSITIVE,59.20,130.51,152.40,60.00,25.49,Y,N,N,,Y,N,,10/20/2022,10/20/2022,01/18/2023,11.87,260.50,35.00,77.00,3.94,0.00,126.00,74.00,36.10,N,Y,05/25/2022,,Giann,,
CE0008005,Ineligible,,04/15/1992,,,,,,,,,0.00,0.00,0.00,0.00,0.00,N,N,N,,N,N,,,,,0.00,0.00,0.00,0.00,0.00,0.00,0.00,0.00,0.00,N,N,,,Jemal,,
CE0008008,Ineligible,,08/06/2001,,Female,AfricanAmerican,,DQ,,,,88.50,195.11,0.00,0.00,0.00,N,N,N,,N,N,,,,,0.00,0.00,0.00,0.00,0.00,0.00,0.00,0.00,36.60,N,N,,,Esther,,
CE0008010,Ineligible,,04/22/1982,,Male,Caucasian,,DQ,,,,90.10,198.64,160.00,62.99,35.20,N,N,N,,N,N,,,,,0.00,0.00,0.00,114.00,0.00,0.00,147.00,101.00,36.60,N,N,,,Patrick,,
CE0008012,Ineligible,,06/08/1999,,Female,AfricanAmerican,,,,,,84.10,185.41,167.60,65.98,29.94,N,N,N,,N,N,,,,,0.00,0.00,0.00,67.00,0.00,0.00,129.00,86.00,36.40,N,N,,,Mary,,
CE0008014,IDS Expired,O+,12/25/1993,,Male,Caucasian,"LP, WB, BM,",BM 100ml,,Negative,,95.90,211.40,190.50,75.00,26.40,N,N,N,,Y,Y,,03/04/2022,02/11/2022,05/12/2022,14.50,247.20,41.30,72.00,5.40,0.00,136.00,75.00,36.60,N,Y,03/04/2022,,Christian,,
CE0008016,IDS Expired,AB+,02/17/1979,,Male,asian,"WB, BM,",BM 100ml,,Positive,,68.30,150.60,167.60,66.00,24.30,Y,N,N,,N,N,,,02/11/2022,05/12/2022,13.90,201.30,39.60,83.00,4.40,0.00,115.00,63.00,37.50,N,N,,,Samuel,,
CE0008017,IDS Expired,A+,07/20/1997,,Female,Caucasian,"LP,",DQ,,Negative,,72.50,159.80,162.20,63.90,27.60,Y,Y,N,,Y,Y,,05/04/2022,02/24/2022,05/25/2022,12.30,275.90,36.00,72.00,8.80,0.00,138.00,73.00,36.30,N,Y,03/09/2022,,Rachel,,
CE0008019,Not Responsive,,04/16/1995,,,,,,,,,58.90,129.90,167.60,66.00,21.00,N,N,N,,N,N,,,,,11.70,279.80,35.50,80.00,5.70,0.00,100.00,61.00,36.90,N,N,,,Dominique,,
CE0008021,IDS Expired,B+,05/28/1994,,Female,asian,"LP, WB,",Not Interested,,Negative,,85.20,187.80,165.10,65.00,31.30,N,N,N,,N,N,,,02/23/2022,05/24/2022,13.80,310.00,40.00,65.00,3.80,0.00,135.00,78.00,36.60,N,N,,,Diane,,
CE0008024,Ineligible,O+,07/28/1976,,Female,AfricanAmerican,,DQ,,Positive,POSITIVE,117.90,259.93,165.00,65.00,43.70,N,N,N,,Y,Y,,06/02/2026,04/24/2026,07/23/2026,12.32,408.00,37.70,81.00,6.13,0.00,146.00,94.00,36.30,Y,Y,03/10/2022,,Tania,03/06/2024,POSITIVE
CE0008026,IDS Expired,A+,07/04/1992,,Male,Caucasian,"LP, WB,",,,Negative,,60.30,132.90,167.60,66.00,21.50,N,N,N,,N,N,,,10/18/2022,01/16/2023,15.80,171.00,45.70,50.00,4.30,0.00,113.00,62.00,36.40,N,N,,,Matthew,,
CE0008034,Ineligible,B+,07/05/1972,,Female,Mixed,,,,Positive,POSITIVE,88.20,194.50,170.20,67.00,30.50,N,N,N,,Y,Y,07/18/2022,05/31/2022,06/07/2022,09/05/2022,16.10,269.60,41.40,87.00,7.90,0.00,139.00,90.00,36.70,N,Y,03/11/2022,,Raquel,,
CE0008035,Ineligible,A+,06/15/1990,,Male,Mixed,,,,Negative,,74.80,164.91,170.20,67.01,25.82,N,N,N,,N,N,,08/10/2022,06/09/2022,09/07/2022,14.62,222.40,43.00,71.00,5.23,0.00,152.00,87.00,36.70,N,Y,03/23/2022,,Howard Andrew,,
CE0008039,IDS Expired,AB-,12/26/1985,,Male,Caucasian,"LP, WB,",Not Interested,,Negative,,86.40,190.50,177.80,70.00,27.30,Y,N,N,,Y,N,,01/24/2023,01/24/2023,04/24/2023,15.20,274.80,44.60,81.00,9.00,0.00,160.00,91.00,36.20,N,Y,03/08/2022,,Piotr,,
CE0008045,IDS Expired,O+,06/15/2001,,Male,Hispanic,"LP, WB,",Not Interested,,Positive,POSITIVE,70.50,155.40,170.00,66.90,24.40,N,Y,N,,Y,N,,01/16/2025,01/16/2025,04/16/2025,16.00,238.10,47.90,60.00,9.10,0.00,128.00,74.00,36.40,N,Y,06/09/2022,mLP: lives TOO FAR (Manteca),Kavin,,
CE0008046,Ineligible,AB+,03/06/1997,,Female,AfricanAmerican,"LP, WB,",,,Positive,,59.80,131.80,160.00,63.00,23.40,N,N,N,,N,N,,,03/03/2022,06/01/2022,13.30,246.10,39.20,96.00,6.60,0.00,111.00,70.00,36.80,N,N,,,Hitayzjah,,
CE0008047,Eligible,A+,11/13/1981,,Female,Caucasian,"WB, BM,",BM 100ml,,Negative,POSITIVE,63.80,140.65,173.00,68.11,21.32,N,N,N,,Y,N,07/01/2026,09/24/2024,04/24/2026,07/23/2026,12.90,251.60,37.00,75.00,4.94,0.00,106.00,68.00,36.10,Y,Y,03/21/2022,DQ LP d/t low Cell Counts,Hilary,,
CE0008049,Not Responsive,O+,07/27/1982,,Female,Hispanic,,,,Positive,,61.20,134.90,155.00,61.00,25.50,Y,N,N,,N,N,,04/11/2022,03/04/2022,06/02/2022,11.50,222.00,34.60,80.00,7.10,0.00,111.00,65.00,36.90,N,N,,,Jessica Diane,,
CE0008052,IDS Expired,O+,05/03/1992,,Male,asian,"WB, BM,",BM 100ml,,Positive,POSITIVE,112.00,246.90,185.00,72.80,32.70,Y,N,Y,"Food,",Y,Y,11/06/2024,04/27/2022,08/22/2024,11/20/2024,13.60,274.30,42.10,67.00,5.80,0.00,157.00,89.00,36.70,N,Y,03/16/2022,ALLERGY: CRAB,Philip,05/26/2023,POSITIVE
CE0008054,Eligible,O+,10/15/1981,,Male,Hispanic,"LP, WB, BM,",BM 100ml,,Negative,,85.50,188.50,170.00,66.93,29.58,N,N,N,,Y,N,06/15/2026,03/15/2023,06/15/2026,09/13/2026,16.23,223.10,49.10,76.00,6.46,0.00,123.00,70.00,36.50,Y,Y,03/02/2022,DQ mLP d/t age,Javier D,,
CE0008055,IDS Expired,O+,07/25/2000,,Male,Hispanic,"LP, WB, BM,",BM 100ml,,Positive,,110.30,243.20,190.50,75.00,30.40,N,N,N,,N,N,,,12/20/2022,03/20/2023,16.80,192.80,49.10,80.00,5.80,0.00,113.00,78.00,36.30,N,N,,,Christopher,,
CE0008056,IDS Expired,O+,07/17/2001,,Female,AfricanAmerican,"LP,",DQ,,Positive,,61.00,134.50,167.60,66.00,21.70,Y,N,N,,Y,N,,04/05/2022,03/01/2022,05/30/2022,11.60,369.50,33.90,83.00,6.10,0.00,100.00,60.00,36.40,N,Y,04/05/2022,,Laloni,,
CE0008063,IDS Expired,O+,09/29/1999,,Female,Hispanic,"LP, WB, BM,",Not Interested,,Negative,,61.90,136.50,157.50,62.00,25.00,N,N,N,,Y,Y,03/16/2022,,03/02/2022,05/31/2022,14.20,289.90,42.40,84.00,5.30,0.00,127.00,83.00,36.80,N,N,,,Ariana,,
CE0008066,Ineligible,,07/03/1997,,,,,,,,,112.60,248.20,160.00,63.00,44.00,N,N,N,,N,N,,,,,10.20,479.50,30.90,90.00,5.90,0.00,119.00,75.00,36.80,N,N,,,Kelaia,,
CE0008069,IDS Expired,O+,08/12/1976,,Male,asian,"LP, WB, BM,",BM 100ml,,Positive,,75.60,166.70,167.60,66.00,26.90,N,N,N,,N,N,,,03/07/2022,06/05/2022,16.00,239.10,45.60,62.00,7.10,0.00,143.00,91.00,36.90,N,N,,,John,,
CE0008073,Eligible,B+,06/01/1991,,Female,AfricanAmerican,"BM,",BM 100ml,,Negative,POSITIVE,103.10,227.30,183.00,72.10,31.20,N,N,N,,Y,Y,05/27/2026,08/15/2022,05/27/2026,08/25/2026,13.80,346.40,40.50,76.00,4.90,0.00,126.00,74.00,36.30,Y,Y,03/21/2022,"DQ for LP & mLP - RAC severe scar tissue (regular plasma donor); small volume WB ok
5/27/26: BMA only. No WB due to veins per LV.",Athena,,
CE0008074,Ineligible,,09/30/1998,,Female,PacificIslander,,,,,,102.20,225.31,165.10,65.00,37.24,N,N,N,,N,N,,,,,0.00,0.00,0.00,82.00,0.00,0.00,120.00,68.00,36.60,N,N,,,Malia,,
CE0008083,IDS Expired,A+,02/01/1979,,Male,Hispanic,"WB, BM,",BM 100ml,,Positive,,83.90,185.00,168.00,66.10,29.70,N,N,Y,"Medication, Environmental,",Y,Y,06/25/2024,,06/21/2024,09/19/2024,13.40,181.10,13.10,66.00,4.80,0.00,118.00,77.00,36.30,N,Y,09/14/2022,,Jeriel,,
CE0008084,IDS Expired,O+,11/21/1992,,Female,Hispanic,"LP, WB,",Not Interested,,NEGATIVE,POSITIVE,96.90,213.60,172.00,67.70,32.80,N,N,N,,Y,Y,,04/15/2024,03/14/2024,06/12/2024,13.70,339.90,42.30,70.00,6.80,0.00,130.00,79.00,36.10,N,Y,07/25/2023,,Jessica,09/11/2023,POSITIVE
CE0008086,Not Responsive,,12/22/2000,,,,,,,,,0.00,0.00,0.00,0.00,0.00,N,N,N,,N,N,,,,,0.00,0.00,0.00,0.00,0.00,0.00,0.00,0.00,38.00,N,N,,,Nolan,,
CE0008089,Deferred,O+,08/16/2001,,Female,Mixed,,,,Positive,Positive,78.00,171.96,160.00,62.99,30.47,N,N,N,,Y,Y,,05/24/2023,05/08/2023,08/06/2023,12.59,462.30,37.70,92.00,9.91,0.00,127.00,70.00,36.50,N,Y,04/11/2022,,Anika,05/24/2023,Positive
CE0008090,Eligible,O-,03/04/1999,,FTM,Hispanic,"LP, WB,",DQ,,Negative,POSITIVE,95.00,209.44,170.00,66.93,32.87,Y,Y,N,,Y,Y,,05/07/2026,05/07/2026,08/05/2026,15.32,209.90,45.20,74.00,6.87,0.00,128.00,72.00,36.30,Y,Y,04/11/2023,currently NOT taking hormone injections,"Sadie ""Marco""",,
CE0008095,IDS Expired,O+,12/20/2000,,Male,Unknown,"LP, WB, BM,",BM 100ml,,Negative,,73.60,162.30,185.40,73.00,21.40,N,N,N,,N,N,04/04/2022,,03/08/2022,06/06/2022,14.10,284.90,39.60,77.00,5.70,0.00,129.00,76.00,37.10,N,Y,04/04/2022,,Luke,,
CE0008098,IDS Expired,A+,06/29/1982,,Female,Caucasian,"WB, BM,",BM 100ml,,Negative,,89.80,198.00,170.00,66.90,31.10,Y,N,Y,"Environmental,",Y,N,01/17/2025,08/24/2023,01/17/2025,04/17/2025,13.80,361.70,40.30,92.00,5.70,0.00,110.00,79.00,36.00,N,Y,03/30/2022,"ALLERGIES: Grass, Dust, Pollen, Oak trees, Cats",Kathryn,,
CE0008099,IDS Expired,O+,03/27/1995,,Female,Hispanic,"BM,",BM 100ml,,Positive,,62.80,138.40,152.40,60.00,27.00,Y,N,N,,N,N,03/21/2022,,03/08/2022,06/06/2022,14.10,276.40,42.10,76.00,7.20,0.00,106.00,78.00,37.10,N,Y,03/21/2022,,Veronica,,
CE0008100,IDS Expired,B+,01/18/2000,,Female,Caucasian,"LP, WB, BM,",BM 100ml,,Negative,,87.30,192.50,172.70,68.00,29.30,Y,N,N,,N,N,,,03/11/2022,06/09/2022,14.00,258.70,39.80,92.00,6.90,0.00,134.00,85.00,36.80,N,N,,,Madison,,
CE0008106,Ineligible,A+,12/19/1987,,Male,AfricanAmerican,,,,Negative,POSITIVE,74.20,163.60,178.00,70.10,23.40,Y,Y,N,,Y,Y,06/14/2023,04/27/2023,06/14/2023,09/12/2023,13.70,250.40,40.20,53.00,8.70,0.00,131.00,88.00,36.20,N,Y,03/23/2022,,Grand,,
CE0008109,Not Responsive,,04/26/1992,,,,,,,,,56.70,125.00,162.60,64.00,21.50,N,N,N,,N,N,,,,,0.00,0.00,0.00,70.00,0.00,0.00,114.00,68.00,36.40,N,N,,,Sophie,,
CE0008110,IDS Expired,O+,03/13/2001,,Male,AfricanAmerican,"LP, WB,",Not Interested,,Positive,,95.70,211.00,188.00,74.00,27.10,N,Y,N,,N,N,,,03/09/2022,06/07/2022,13.40,215.40,37.70,76.00,7.00,0.00,122.00,73.00,36.80,N,N,,,Bazine,,
CE0008114,IDS Expired,B+,05/28/1997,,Female,Caucasian,"LP, WB,",,,Positive,POSITIVE,55.60,122.60,170.00,66.90,19.20,Y,N,N,,Y,N,10/28/2024,05/08/2025,02/25/2025,05/26/2025,13.80,282.10,41.60,67.00,5.60,0.00,122.00,73.00,36.50,N,Y,03/21/2022,mLP = ineligible d/t schedule,Kiana,01/31/2024,POSITIVE
CE0008115,Not Responsive,,10/13/2003,,,,,,,,,0.00,0.00,0.00,0.00,0.00,N,N,N,,N,N,,,,,0.00,0.00,0.00,0.00,0.00,0.00,0.00,0.00,0.00,N,N,,,Isabella,,
CE0008116,Not Responsive,,10/07/1992,,,,,,,,,71.50,157.60,160.00,63.00,27.90,N,N,N,,N,N,,,,,0.00,0.00,0.00,68.00,0.00,0.00,108.00,64.00,36.90,N,N,,,Angelina,,
CE0008118,IDS Expired,O+,01/27/1974,,Female,asian,"LP, WB,",DQ,,Negative,,57.90,127.70,166.00,65.40,21.00,N,N,N,,Y,Y,,10/14/2024,10/07/2024,01/05/2025,12.50,389.60,38.30,70.00,4.80,0.00,118.00,74.00,36.50,N,Y,05/09/2022,,Janet,,
CE0008119,IDS Expired,A-,12/31/1975,,Male,Caucasian,"WB, BM,",BM 100ml,,Positive,positive,79.30,174.83,170.00,66.93,27.44,N,N,N,,Y,N,07/17/2026,,05/22/2026,08/20/2026,15.10,199.70,42.60,67.00,3.57,0.00,100.00,56.00,36.50,Y,Y,04/04/2022,,Jason,,
CE0008123,Ineligible,,06/02/1985,,,,,,,,,0.00,0.00,0.00,0.00,0.00,N,N,N,,N,N,,,,,0.00,0.00,0.00,0.00,0.00,0.00,0.00,0.00,0.00,N,N,,"does not have 4 hours to commit to donation; did not draw blood, did not proceed with screening assessment",Kimberly,,
CE0008129,Ineligible,,10/02/1980,,,,,,,,,0.00,0.00,0.00,0.00,0.00,N,N,N,,N,N,,,,,0.00,0.00,0.00,0.00,0.00,0.00,0.00,0.00,0.00,N,N,,,Evandro,,
CE0008135,Not Responsive,,07/25/1995,,Female,,,,,,,114.60,252.70,165.10,65.00,42.00,N,N,N,,N,N,,,,,0.00,0.00,0.00,90.00,0.00,0.00,114.00,74.00,36.90,N,N,,,Dejanay,,
CE0008136,Ineligible,O+,03/24/2001,,Female,Mixed,"LP, WB, BM,",BM 100ml,,Negative,POSITIVE,28.80,63.40,160.00,63.00,11.20,Y,N,N,,Y,Y,02/08/2023,04/16/2025,04/16/2025,07/15/2025,13.10,279.70,38.10,82.00,7.60,0.00,128.00,79.00,36.10,N,Y,04/20/2022,INELIGIBLE for mLP d/t hx low hgb & schedule,Annabelle,01/04/2024,POSITIVE
CE0008141,IDS Expired,O+,11/10/1997,,Male,Hispanic,"LP, WB, BM,",BM 100ml,,Negative,,82.40,181.70,175.30,69.00,26.80,Y,N,N,,N,N,07/25/2022,,07/25/2022,10/23/2022,14.20,252.80,42.50,61.00,6.20,0.00,123.00,81.00,36.90,N,N,,,Martin,,
CE0008142,Not Responsive,,11/14/1995,,Male,Caucasian,,,,,,80.10,176.60,186.00,73.20,23.20,Y,N,N,,N,N,,,,,12.50,257.50,36.60,96.00,6.20,0.00,127.00,70.00,36.80,N,N,,,Gage,,
CE0008143,IDS Expired,O-,06/26/1998,,Male,Caucasian,"LP, WB,",Not Interested,,Negative,,74.00,163.10,185.40,73.00,21.50,Y,N,N,,Y,Y,,05/02/2022,03/17/2022,06/15/2022,15.20,219.70,44.60,75.00,5.30,0.00,113.00,64.00,36.90,N,Y,04/20/2022,,Griffin,,
CE0008144,IDS Expired,O+,02/22/1994,,Female,Hispanic,"LP, WB, BM,",BM 100ml,,Positive,POSITIVE,95.70,211.00,158.00,62.20,38.30,Y,N,Y,"Medication,",Y,N,08/07/2023,11/14/2022,08/07/2023,11/05/2023,13.60,254.50,38.70,72.00,9.20,0.00,111.00,78.00,36.30,N,Y,04/25/2022,,Maria,,
CE0008145,IDS Expired,B+,02/25/2003,,Female,Hispanic,"LP, WB,",Not Interested,,Negative,,60.90,134.30,162.60,64.00,23.10,N,Y,N,,N,N,,,03/17/2022,06/15/2022,15.40,234.00,46.80,68.00,6.30,0.00,103.00,68.00,36.90,N,N,,,Jazmine,,
CE0008146,IDS Expired,O+,07/02/1983,,Female,Hispanic,"LP, WB, BM,",BM 100ml,,Positive,,71.30,157.20,157.50,62.00,28.80,N,Y,N,,N,N,,,03/17/2022,06/15/2022,13.30,169.20,38.60,87.00,7.30,0.00,121.00,77.00,37.20,N,N,,,Nuvia,,
CE0008148,IDS Expired,O-,07/15/1969,,Female,Caucasian,"LP, WB,",,,Positive,,59.00,130.10,162.20,63.90,22.40,Y,N,N,,Y,Y,,04/25/2022,03/25/2022,06/23/2022,13.50,167.40,39.60,78.00,5.80,0.00,109.00,52.00,36.00,N,Y,04/25/2022,,Candace,,
CE0008149,IDS Expired,A+,08/27/1992,,Male,asian,"LP, WB, BM,",BM 100ml,,Positive,POSITIVE,65.10,143.50,165.10,65.00,23.90,N,N,N,,Y,N,,09/01/2022,09/01/2022,11/30/2022,15.90,251.70,46.50,73.00,6.80,0.00,147.00,81.00,36.90,N,Y,04/22/2022,,Ralph Edward,,
CE0008153,IDS Expired,O-,03/28/1973,,Female,Caucasian,"LP, WB,",Not Interested,,Negative,,96.50,212.80,170.20,67.00,33.30,N,N,N,,N,N,,,03/22/2022,06/20/2022,14.20,256.90,40.40,66.00,6.50,0.00,131.00,84.00,37.30,N,N,,,Anne,,
CE0008161,IDS Expired,A+,07/08/2003,,Female,Caucasian,"LP, WB,",DQ,,Positive,POSITIVE,57.00,125.70,152.00,59.80,24.70,Y,Y,N,,Y,Y,,10/23/2025,10/23/2025,01/21/2026,12.80,254.10,37.50,75.00,5.20,0.00,116.00,64.00,35.60,N,Y,04/11/2022,,Ciara,,
CE0008162,Ineligible,O+,07/15/1995,,Female,Hispanic,,,,Positive,Positive,85.20,187.80,160.00,63.00,33.30,N,N,N,,Y,N,10/31/2024,04/21/2025,04/21/2025,07/20/2025,12.80,365.00,37.70,69.00,4.30,0.00,112.00,66.00,35.90,N,Y,10/31/2024,,Karen,10/31/2024,Positive
CE0008166,IDS Expired,O+,05/25/1994,,Male,Hispanic,"LP, WB, BM,",BM 100ml,,Positive,,78.80,173.70,172.70,68.00,26.40,N,Y,N,,N,N,,,03/23/2022,06/21/2022,14.30,220.90,40.20,67.00,7.80,0.00,107.00,63.00,37.50,N,N,,,William,,
CE0008170,Ineligible,,11/20/1999,,,,,,,,,51.20,112.90,0.00,0.00,0.00,N,N,N,,N,N,,,,,0.00,0.00,0.00,0.00,0.00,0.00,0.00,0.00,0.00,N,N,,,Monet,,
CE0008174,IDS Expired,O+,04/10/1998,,Female,Caucasian,"LP, WB, BM,",,,positive,,91.40,201.50,177.80,70.00,28.90,Y,N,N,,Y,Y,,06/13/2022,04/07/2022,07/06/2022,14.50,191.20,41.60,59.00,5.60,0.00,125.00,70.00,36.70,N,Y,04/18/2022,,Sydnee,,
CE0008175,Ineligible,,10/26/1976,,,,,,,,,0.00,0.00,0.00,0.00,0.00,N,N,N,,N,N,,,,,0.00,0.00,0.00,0.00,0.00,0.00,0.00,0.00,0.00,N,N,,,Jessica,,
CE0008177,IDS Expired,A+,09/15/1986,,Male,Caucasian,"LP, WB, BM,",BM 100ml,,Positive,,67.80,149.50,172.70,68.00,22.70,N,N,N,,N,N,,,05/04/2022,08/02/2022,14.60,231.50,42.40,67.00,4.70,0.00,121.00,77.00,36.90,N,N,,,Anthony,,
CE0008179,Eligible,O+,06/30/2003,,Male,asian,"LP, WB, BM,",BM 100ml,,Positive,POSITIVE,79.60,175.49,188.00,74.02,22.52,N,N,N,,Y,Y,03/19/2026,04/27/2026,04/27/2026,07/26/2026,13.98,261.10,41.10,82.00,6.24,0.00,127.00,68.00,36.40,Y,Y,04/25/2022,(denies having shrimp allergy),Bruce,10/20/2023,Negative
CE0008185,Ineligible,O+,10/06/1988,,Male,Hispanic,,,,Negative,,76.20,168.00,165.10,65.00,28.00,N,Y,N,,N,N,04/13/2022,,03/28/2022,06/26/2022,15.10,193.40,45.40,55.00,3.20,0.00,113.00,64.00,37.00,N,Y,04/13/2022,,Emmanuel,,
CE0008187,Ineligible,,04/29/1979,,Female,AfricanAmerican,,DQ,,,,111.10,244.93,175.30,69.02,36.15,N,N,N,,N,N,,,,,6.76,396.00,21.80,99.00,5.59,0.00,131.00,77.00,37.00,N,N,,,Qiana,,
CE0008190,IDS Expired,O+,11/23/1984,,Male,Hispanic,"LP, WB, BM,",BM 100ml,,Positive,,100.30,221.10,170.20,67.00,34.60,Y,N,N,,Y,N,04/27/2022,,03/31/2022,06/29/2022,13.70,269.80,38.80,86.00,4.30,0.00,142.00,80.00,36.80,N,Y,04/27/2022,,Edmundo,,
CE0008192,Ineligible,,09/07/2001,,Male,asian,,,,,,0.00,0.00,0.00,0.00,0.00,N,N,N,,N,N,,,,,0.00,0.00,0.00,0.00,0.00,0.00,0.00,0.00,0.00,N,N,,,Kyle,,
CE0008193,IDS Expired,A+,03/07/2001,,Male,asian,"LP, WB,",DQ,,Negative,POSITIVE,73.80,162.70,173.00,68.10,24.70,N,Y,N,,Y,Y,,08/21/2023,08/09/2023,11/07/2023,13.70,237.60,38.50,70.00,12.30,0.00,137.00,78.00,36.70,N,Y,07/19/2022,,Aaron,,
CE0008196,IDS Expired,A+,10/30/2002,,Female,Hispanic,"LP,",Not Interested,,Positive,POSITIVE,67.90,149.70,162.00,63.80,25.90,Y,N,N,,Y,Y,,10/22/2024,10/22/2024,01/20/2025,12.30,265.00,37.30,74.00,5.50,0.00,126.00,71.00,36.30,N,Y,04/14/2022,,Ashley,10/22/2024,Positive
CE0008198,IDS Expired,O+,03/07/1968,,Male,Caucasian,"LP, WB,",DQ,,Negative,POSITIVE,151.90,334.90,195.60,77.00,39.70,Y,N,N,,Y,Y,,01/09/2023,01/09/2023,04/09/2023,14.10,223.80,39.70,73.00,8.70,0.00,174.00,93.00,36.70,N,Y,04/08/2022,,James E,,
CE0008200,Ineligible,,07/29/1982,,Male,,,,,,,159.40,351.42,177.80,70.00,50.42,N,N,N,,N,N,,,,,0.00,0.00,0.00,0.00,0.00,0.00,0.00,0.00,36.40,N,N,,,Joshua,,
CE0008202,IDS Expired,B+,12/14/1994,,Male,asian,"WB, BM,",BM 100ml,,Positive,POSITIVE,114.50,252.40,180.00,70.90,35.30,N,Y,N,,Y,N,11/20/2024,01/25/2023,10/03/2024,01/01/2025,14.90,321.30,45.90,81.00,8.00,0.00,141.00,96.00,36.60,N,Y,04/19/2022,DEFER for mLP d/t borderline BP (01/18/24),Calvin,06/14/2023,POSITIVE
CE0008204,Ineligible,O+,07/25/2001,,Female,Hispanic,,,,Negative,,60.30,132.90,149.90,59.00,26.90,N,N,N,,N,N,,,06/02/2022,08/31/2022,14.10,243.90,41.70,64.00,8.30,0.00,100.00,73.00,36.80,N,N,,,Yarizel,,
CE0008205,IDS Expired,O+,07/18/1999,,Female,Hispanic,"LP, WB,",DQ,,POSITIVE,,58.30,128.50,124.50,49.00,37.60,Y,N,N,,N,N,,,03/30/2022,06/28/2022,14.30,250.80,41.00,93.00,6.60,0.00,132.00,80.00,36.80,N,N,,,Ofelia,,
CE0008207,Ineligible,B+,02/24/1990,,Female,Mixed,,,,Positive,,75.50,166.50,165.10,65.00,27.70,N,N,N,,N,N,,,05/23/2022,08/21/2022,12.90,214.40,37.10,74.00,4.20,0.00,119.00,79.00,36.90,N,N,,,Michelle,,
CE0008217,IDS Expired,A+,03/21/1997,,Female,Mixed,"LP,",,,Negative,NEGATIVE,59.20,130.50,165.10,65.00,21.70,N,N,N,,Y,N,,12/06/2022,12/06/2022,03/06/2023,12.40,346.50,36.10,84.00,4.40,0.00,113.00,74.00,36.50,N,Y,06/01/2022,,Rachel,,
CE0008222,IDS Expired,O+,03/11/2003,,Female,Caucasian,"LP, WB,",Not Interested,,Negative,,77.00,169.80,162.20,63.90,29.30,N,N,N,,Y,Y,,04/18/2022,04/04/2022,07/03/2022,13.70,192.20,40.50,86.00,7.40,0.00,106.00,65.00,36.50,N,Y,04/18/2022,,Lauren,,
CE0008224,IDS Expired,O+,02/17/1998,,Female,Hispanic,"LP, WB, BM,",,,positive,,68.90,151.90,157.50,62.00,27.80,N,N,N,,N,N,,,04/07/2022,07/06/2022,14.40,236.90,40.70,81.00,7.70,0.00,106.00,67.00,36.90,N,N,,,Esmeralda,,
CE0008226,IDS Expired,A+,07/05/1987,,Female,Caucasian,"LP, WB, BM,",BM 100ml,,Positive,,82.30,181.40,162.50,64.00,31.20,N,N,N,,N,N,,,04/12/2023,07/11/2023,13.80,284.10,40.40,65.00,5.70,0.00,146.00,98.00,36.20,N,N,,,Miranda,,
CE0008228,Ineligible,O+,05/26/1970,,Male,Caucasian,,,,Positive,,92.40,203.70,178.00,70.10,29.20,Y,Y,N,,Y,Y,10/25/2023,,10/25/2023,01/23/2024,13.70,159.80,40.00,90.00,4.90,0.00,143.00,86.00,36.50,N,Y,04/12/2022,,Matthew,,
CE0008234,IDS Expired,O+,01/28/1980,,Male,Caucasian,"WB, BM,",BM 100ml,,Positive,,82.50,181.90,180.00,70.90,25.50,N,Y,Y,"Medication,",Y,Y,02/24/2025,,02/24/2025,05/25/2025,15.40,193.70,45.20,90.00,5.30,0.00,149.00,97.00,36.20,N,Y,05/11/2022,"ALLERGY; PCN
2/24/25: NI in LP.",Matthew,,
CE0008235,IDS Expired,O+,03/29/1998,,Male,AfricanAmerican,"LP, WB,",Not Interested,,Negative,,64.20,141.50,182.90,72.00,19.20,N,N,N,,N,N,,,03/24/2022,06/22/2022,14.00,165.60,41.60,58.00,6.70,0.00,106.00,62.00,37.00,N,N,,,George,,
CE0008236,IDS Expired,O+,01/20/1989,,Female,AfricanAmerican,"LP, WB,",DQ,,Positive,,88.00,194.00,157.50,62.00,35.50,N,N,N,,Y,N,,06/08/2022,04/22/2022,07/21/2022,13.80,207.70,39.40,77.00,6.40,0.00,116.00,71.00,36.40,N,Y,06/08/2022,,Molly,,
CE0008237,Not Responsive,,06/01/2003,,,,,,,,,58.60,129.20,160.00,63.00,22.90,N,N,N,,N,N,,,,,12.20,226.60,36.10,60.00,7.90,0.00,100.00,53.00,37.00,N,N,,,Shreya,,
CE0008240,Ineligible,O+,08/30/1966,,Female,Caucasian,,DQ,,Positive,,59.80,131.84,160.00,62.99,23.36,N,N,N,,N,N,,08/03/2022,05/16/2022,08/14/2022,14.15,485.20,41.00,94.00,6.17,0.00,116.00,67.00,36.90,N,Y,05/16/2022,,Lisa,,
CE0008247,IDS Expired,AB+,12/05/1996,,Male,Caucasian,"WB, BM,",BM 100ml,,Positive,POSITIVE,84.70,186.70,175.00,68.90,27.70,Y,N,Y,"Medication, Food,",Y,Y,05/11/2026,07/22/2022,03/09/2026,06/07/2026,16.00,199.30,45.40,60.00,4.20,0.00,119.00,75.00,36.30,N,Y,07/22/2022,"Allergies: shellfish, penicillin, prednisone",Eric,,
CE0008249,IDS Expired,O+,02/19/1997,,Male,Hispanic,"WB, BM,",BM 100ml,,Positive,,102.40,225.80,180.30,71.00,31.50,N,N,N,,Y,N,,05/02/2022,04/04/2022,07/03/2022,16.10,224.40,45.80,94.00,7.60,0.00,133.00,79.00,36.90,N,Y,05/02/2022,,Alexis,,
CE0008250,IDS Expired,A+,01/20/1977,,Female,AfricanAmerican,"LP, WB,",DQ,,Positive,,74.80,164.90,152.40,60.00,32.20,N,N,N,,Y,N,05/18/2022,07/06/2022,05/06/2022,08/04/2022,13.40,253.90,41.70,76.00,5.70,0.00,126.00,78.00,36.20,N,Y,05/18/2022,,Darcell,,
CE0008252,IDS Expired,A+,09/17/1996,,Female,Caucasian,"LP, WB, BM,",BM 100ml,,Negative,,62.60,138.00,167.60,66.00,22.30,Y,N,N,,N,N,,,04/06/2022,07/05/2022,13.30,232.30,38.40,82.00,6.60,0.00,100.00,69.00,37.00,N,N,,,Paige,,
CE0008253,Ineligible,,11/21/1988,,,,,,,,,59.50,131.20,177.80,70.00,18.80,N,N,N,,N,N,,,,,0.00,0.00,0.00,75.00,0.00,0.00,118.00,66.00,36.80,N,N,,,Joshua,,
CE0008258,Eligible,A+,05/27/1996,,Female,Mixed,"LP, WB, BM,",BM 100ml,,Positive,Positive,66.70,147.05,157.00,61.81,27.06,Y,N,N,,Y,N,,05/18/2026,05/18/2026,08/16/2026,12.78,298.30,39.40,60.00,7.36,0.00,121.00,73.00,36.40,Y,Y,05/24/2022,,Clarissa,,
CE0008259,IDS Expired,O+,12/31/1989,,Female,Mixed,"LP, WB, BM,",BM 100ml,,Negative,POSITIVE,65.60,144.60,162.60,64.00,24.80,Y,N,N,,Y,Y,,10/26/2022,08/10/2022,11/08/2022,13.50,231.50,39.90,73.00,4.50,0.00,108.00,63.00,35.80,N,Y,09/14/2022,,Marcelena,,
CE0008260,Ineligible,,07/24/2003,,Female,Hispanic,,,,,,71.10,156.75,160.00,62.99,27.77,N,N,N,,N,N,,,,,0.00,0.00,0.00,68.00,0.00,0.00,97.00,61.00,37.20,N,N,,,Yesenia,,
CE0008264,IDS Expired,B+,10/31/1992,,Female,Hispanic,"LP, WB,",DQ,,Negative,POSITIVE,62.90,138.70,150.00,59.10,28.00,Y,N,Y,"Medication,",Y,N,,03/14/2024,01/02/2024,04/01/2024,12.50,418.80,37.40,78.00,7.60,0.00,125.00,74.00,36.50,N,Y,05/12/2022,"ALLERGY: AMOXICILLIN
INELIGIBLE for mLP d/t hx difficult venous access.",Ashley,,
CE0008265,Eligible,O+,01/04/1990,,Male,Caucasian,"WB, BM,",BM 100ml,,Positive,Negative,95.70,210.98,183.00,72.05,28.58,N,N,Y,"Medication,",Y,N,05/18/2026,06/01/2022,05/20/2026,08/18/2026,13.11,251.00,38.40,66.00,5.42,0.00,120.00,82.00,35.80,Y,Y,04/27/2022,ALLERGY: SULFA MEDICATION;,John Scott,11/12/2024,NEGATIVE
CE0008267,IDS Expired,O+,07/03/2003,,Female,Hispanic,"LP, WB,",,,Positive,POSITIVE,86.90,191.60,165.10,65.00,31.90,N,N,N,,Y,Y,,10/04/2022,08/03/2022,11/01/2022,13.90,225.20,40.20,79.00,10.30,0.00,104.00,79.00,36.80,N,N,,,Estefany,,
CE0008271,IDS Expired,A+,09/12/1988,,Female,AfricanAmerican,"LP, WB,",Not Interested,,Positive,,85.90,189.40,175.30,69.00,28.00,N,N,N,,Y,Y,,,11/01/2022,01/30/2023,12.50,199.80,37.10,76.00,6.80,0.00,129.00,74.00,36.60,N,N,,,Nachelle,,
CE0008277,Ineligible,B+,02/08/2002,,Male,asian,,,,Negative,POSITIVE,98.00,216.10,182.80,72.00,29.30,Y,N,N,,Y,N,05/04/2022,08/22/2022,08/22/2022,11/20/2022,14.80,207.50,43.90,59.00,8.60,0.00,121.00,61.00,36.70,N,Y,05/04/2022,,Vijay,,
CE0008279,Ineligible,,10/02/1992,,,Caucasian,,,,,,0.00,0.00,0.00,0.00,0.00,N,N,N,,N,N,,,,,0.00,0.00,0.00,0.00,0.00,0.00,0.00,0.00,0.00,N,N,,,Raul,,
CE0008280,IDS Expired,O+,07/30/1994,,Male,AfricanAmerican,"LP, WB,",DQ,,Negative,POSITIVE,71.60,157.90,175.30,69.00,23.30,N,Y,N,,Y,N,04/20/2022,10/12/2023,10/12/2023,01/10/2024,14.50,276.70,42.30,70.00,3.80,0.00,137.00,73.00,36.20,N,Y,04/20/2022,,Joshua,07/14/2023,POSITIVE
CE0008287,IDS Expired,A+,07/21/1981,,Female,Caucasian,"LP, WB,",Not Interested,,Positive,,80.00,176.40,172.70,68.00,26.80,Y,N,N,,N,N,,,04/12/2022,07/11/2022,15.30,216.50,45.10,77.00,7.00,0.00,0.00,0.00,36.90,N,N,,,Amy,,
CE0008292,IDS Expired,O+,02/19/1980,,Male,AfricanAmerican,"WB, BM,",BM 100ml,,Negative,,75.90,167.30,172.70,68.00,25.50,N,N,N,,N,N,06/15/2022,,05/02/2022,07/31/2022,14.30,199.00,44.30,65.00,5.00,0.00,138.00,77.00,36.90,N,Y,06/15/2022,,Taj,,
CE0008293,Not Responsive,,06/06/1993,,,,,,,,,0.00,0.00,0.00,0.00,0.00,N,N,N,,N,N,,,,,0.00,0.00,0.00,0.00,0.00,0.00,0.00,0.00,0.00,N,N,,Donor is Non US Citizen,Ramez,,
CE0008298,IDS Expired,A+,11/14/1985,,Female,Caucasian,"LP, WB,",Not Interested,,Positive,,76.20,168.00,154.90,61.00,31.80,N,N,N,,Y,Y,,05/02/2022,04/14/2022,07/13/2022,13.00,234.70,37.90,98.00,6.20,0.00,144.00,95.00,36.80,N,N,,,Felicia,,
CE0008299,Ineligible,O+,04/03/2001,,,,,,,Positive,,53.90,118.83,154.90,60.98,22.46,N,Y,N,,N,N,,08/16/2022,04/15/2022,07/14/2022,13.90,374.80,40.90,89.00,6.20,0.00,121.00,75.00,36.70,N,Y,08/16/2022,,Scarlett,,
CE0008302,Ineligible,O+,07/25/2000,,Female,Hispanic,,,,Positive,,62.80,138.45,165.10,65.00,23.04,N,Y,N,,N,N,,08/16/2022,04/15/2022,07/14/2022,13.74,138.70,41.10,93.00,4.65,0.00,100.00,52.00,36.80,N,N,,,Jasmin,,
CE0008304,Ineligible,O+,12/27/1978,,Female,PacificIslander,,,,Positive,,78.80,173.70,160.00,63.00,30.80,Y,N,N,,Y,Y,,05/23/2022,04/06/2022,07/05/2022,15.20,265.40,43.80,100.00,9.80,0.00,111.00,65.00,36.90,N,Y,05/23/2022,,Myra,,
CE0008305,IDS Expired,B-,05/20/1992,,Male,Mixed,"LP, WB, BM,",BM 100ml,,Positive,,99.10,218.50,195.60,77.00,25.90,N,N,N,,N,N,05/11/2022,,04/15/2022,07/14/2022,15.00,229.80,46.20,71.00,6.40,0.00,147.00,89.00,36.90,N,Y,05/11/2022,,Colin,,
CE0008308,IDS Expired,A+,10/08/1992,,Male,Mixed,"LP, WB, BM,",BM 100ml,,Positive,,70.20,154.80,172.70,68.00,23.50,N,Y,N,,Y,N,,05/31/2022,04/15/2022,07/14/2022,18.80,208.20,53.20,76.00,6.80,0.00,150.00,82.00,36.70,N,Y,05/31/2022,,Mark,,
CE0008313,IDS Expired,O+,08/31/1998,,Female,Mixed,"LP, WB, BM,",BM 100ml,,Negative,,75.10,165.60,157.50,62.00,30.30,Y,N,N,,N,N,06/27/2022,,04/22/2022,07/21/2022,13.50,201.40,38.60,72.00,7.70,0.00,106.00,72.00,36.10,N,Y,05/02/2022,,Danielle,,
CE0008319,IDS Expired,A+,06/15/1994,,Male,asian,"LP, WB,",Not Interested,,Positive,,76.60,168.90,180.30,71.00,23.60,N,N,N,,Y,N,,06/01/2022,04/20/2022,07/19/2022,15.10,233.10,43.50,66.00,4.40,0.00,105.00,68.00,36.80,N,N,,,Kirk,,
CE0008321,IDS Expired,A+,03/16/1996,,Male,Caucasian,"LP, WB, BM,",BM 100ml,,Positive,POSITIVE,100.00,220.50,198.10,78.00,25.50,N,Y,N,,Y,Y,08/15/2022,,08/15/2022,11/13/2022,17.20,221.60,50.40,54.00,6.00,0.00,131.00,78.00,36.90,N,N,,,Ryan,,
CE0008322,IDS Expired,O+,07/11/1996,,Female,Mixed,"BM,",BM 100ml,,Negative,,77.20,170.20,175.30,69.00,25.10,Y,N,N,,N,N,05/23/2022,,04/25/2022,07/24/2022,13.00,301.20,40.40,100.00,6.70,0.00,138.00,83.00,36.60,N,N,,,Sabrina,,
CE0008323,IDS Expired,A+,03/07/2002,,Female,AfricanAmerican,"LP,",DQ,,Not Detected,POSITIVE,55.70,122.80,160.00,63.00,21.80,N,N,N,,Y,N,,11/08/2022,09/06/2022,12/05/2022,11.60,295.00,34.70,92.00,6.00,0.00,126.00,78.00,37.20,N,Y,05/17/2022,,Kainasse,,
CE0008330,IDS Expired,O+,08/31/2001,,Female,Mixed,"LP, WB,",,,Positive,,104.40,230.20,170.20,67.00,36.00,Y,N,N,,Y,N,,06/30/2022,04/28/2022,07/27/2022,14.00,259.90,40.40,89.00,6.40,0.00,142.00,81.00,36.80,N,Y,05/23/2022,,Georgiana,,
CE0008334,Not Responsive,,05/22/1968,,Male,,,,,,,0.00,0.00,0.00,0.00,0.00,N,N,N,,N,N,,,,,0.00,0.00,0.00,0.00,0.00,0.00,0.00,0.00,0.00,N,N,,,Colin,,
CE0008337,IDS Expired,O+,03/23/1998,,Male,Caucasian,"LP, WB,",,,Positive,,73.00,160.90,177.80,70.00,23.10,N,N,N,,N,N,,,04/22/2022,07/21/2022,15.00,175.00,43.30,62.00,6.40,0.00,117.00,63.00,37.20,N,N,,,Chase,,
CE0008338,Ineligible,,01/28/1997,,Female,,,,,,,40.82,90.00,0.00,0.00,0.00,N,N,N,,N,N,,,,,0.00,0.00,0.00,0.00,0.00,0.00,0.00,0.00,37.00,N,N,,,Vickie,,
CE0008343,Ineligible,,04/07/1973,,Male,AfricanAmerican,,,,,,86.60,190.92,0.00,0.00,0.00,Y,N,N,,N,N,,,,,0.00,0.00,0.00,0.00,0.00,0.00,0.00,0.00,37.00,N,N,,,James,,
CE0008344,IDS Expired,A+,10/21/1977,,Male,Caucasian,"LP, WB,",DQ,,Negative,,116.20,256.20,182.90,72.00,34.70,Y,N,N,,Y,Y,,01/10/2023,01/10/2023,04/10/2023,15.20,227.90,43.30,93.00,6.20,0.00,157.00,99.00,35.80,N,Y,05/19/2022,,Brett,,
CE0008347,IDS Expired,A+,09/03/1992,,Male,Caucasian,"LP, WB, BM, MLP,",BM 100ml,,Negative,POSITIVE,97.80,215.60,168.00,66.10,34.70,Y,N,N,,Y,Y,05/14/2024,03/12/2024,03/12/2024,06/10/2024,14.10,262.10,43.60,74.00,6.70,0.00,129.00,82.00,36.10,N,Y,06/08/2022,,Alexandre,10/16/2023,Positive
CE0008349,Eligible,A+,04/16/1999,,Female,Hispanic,"LP, WB,",DQ,,Positive,POSITIVE,90.80,200.18,160.00,62.99,35.47,Y,N,Y,"Food, Environmental,",Y,N,,07/02/2026,07/02/2026,09/30/2026,14.74,317.00,44.00,76.00,5.76,0.00,109.00,57.00,36.30,Y,Y,06/02/2022,"Allergies: Seasonal, shrimp, lobster;",Mabel,,
CE0008350,IDS Expired,B+,04/30/1997,,Male,AfricanAmerican,"LP, WB,",Not Interested,,Negative,POSITIVE,128.40,283.10,203.20,80.00,31.10,N,N,N,,Y,N,,01/03/2023,10/25/2022,01/23/2023,15.90,175.10,47.20,60.00,4.20,0.00,152.00,82.00,36.40,N,Y,05/18/2022,,Ernest,,
CE0008351,Ineligible,A+,05/29/1996,,FTM,Caucasian,,DQ,,Negative,Positive,67.70,149.25,157.00,61.81,27.47,Y,Y,Y,"Medication,",Y,N,01/13/2026,,11/05/2025,02/03/2026,12.70,367.30,40.70,97.00,7.14,0.00,131.00,81.00,36.60,N,Y,01/29/2025,Allergy: Amoxicillin,Isaia,03/31/2025,Positive
CE0008353,Ineligible,O+,03/21/2002,,Female,Hispanic,,,,Positive,Negative,70.20,154.80,170.00,66.90,24.30,N,N,N,,Y,N,,,10/12/2022,01/10/2023,11.10,280.40,32.90,85.00,4.40,0.00,119.00,66.00,36.10,N,N,,,Karely,,
CE0008355,Deferred,O-,07/13/1981,,Male,AfricanAmerican,"LP, WB, BM,",BM 100ml,,Positive,,82.40,181.66,191.00,75.20,22.59,N,Y,N,,Y,N,10/03/2022,11/14/2022,10/03/2022,01/01/2023,12.20,322.80,36.30,100.00,6.83,0.00,134.00,86.00,35.80,N,Y,05/16/2022,"Donor hgb low and pulse is elevated, able to screen return in 1 month 6/16/2025",DaShawn,,
CE0008358,IDS Expired,A+,03/03/2000,,Male,asian,"LP, WB,",Not Interested,,Positive,,68.90,151.90,170.20,67.00,23.80,N,N,N,,N,N,,,05/19/2022,08/17/2022,17.30,198.00,48.20,82.00,6.50,0.00,121.00,70.00,36.10,N,N,,,Vahn Carlos,,
CE0008361,IDS Expired,O+,09/04/1976,,Male,Hispanic,"WB, BM,",BM 100ml,,Positive,,111.60,246.00,185.00,72.80,32.60,N,N,N,,Y,Y,10/18/2023,,08/09/2023,11/07/2023,15.00,156.50,44.30,70.00,5.20,0.00,168.00,99.00,36.40,N,Y,04/24/2023,,Yamil,,
CE0008362,IDS Expired,O+,11/19/2000,,Female,Hispanic,"LP, WB,",DQ,,POSITIVE,POSITIVE,55.00,121.25,158.00,62.20,22.03,N,N,N,,Y,Y,,09/06/2023,05/08/2023,08/06/2023,12.65,203.00,36.50,78.00,6.52,0.00,112.00,70.00,36.40,N,Y,07/05/2023,,Venice,07/05/2023,POSITIVE
CE0008363,Ineligible,A+,10/27/1987,,Female,Hispanic,,,,Positive,Positive,79.90,176.20,157.50,62.00,32.20,N,N,N,,Y,N,,04/25/2023,03/14/2023,06/12/2023,11.60,198.90,35.10,96.00,4.80,0.00,104.00,58.00,36.30,N,Y,05/16/2022,,Itzel,04/25/2023,POSITIVE
CE0008373,IDS Expired,B+,04/07/1992,,Male,asian,"LP, WB,",Not Interested,,Negative,,69.90,154.10,165.10,65.00,25.60,N,N,N,,N,N,,,04/29/2022,07/28/2022,15.50,191.80,45.00,62.00,5.60,0.00,112.00,76.00,36.90,N,N,,,Brian,,
CE0008375,IDS Expired,O+,04/12/1983,,Female,AfricanAmerican,"LP,",DQ,,Positive,Positive,58.40,128.80,170.00,66.90,20.20,N,N,N,,Y,N,,01/05/2024,01/05/2024,04/04/2024,11.90,284.90,35.20,78.00,5.00,0.00,113.00,69.00,36.20,N,Y,05/12/2022,,Juanita,,
CE0008376,Ineligible,AB+,02/24/1981,,Female,AfricanAmerican,,,,Positive,,64.50,142.20,165.00,64.96,23.69,N,N,N,,Y,N,08/31/2022,,08/08/2023,11/06/2023,12.21,389.30,36.70,76.00,5.50,0.00,110.00,71.00,36.30,N,Y,05/25/2022,,Nicole,,
CE0008378,IDS Expired,B+,01/31/2000,,Female,Hispanic,"LP,",,,Positive,,64.80,142.90,152.40,60.00,27.90,Y,N,N,,Y,Y,,07/28/2022,05/31/2022,08/29/2022,11.70,168.00,33.70,75.00,5.20,0.00,128.00,69.00,36.90,N,Y,07/28/2022,,Andrea,,
CE0008382,Ineligible,B+,08/03/1977,,Male,Unknown,,,,Negative,,91.30,201.28,180.30,70.98,28.09,N,Y,N,,Y,N,,06/29/2022,05/05/2022,08/03/2022,16.88,257.50,49.40,73.00,8.37,0.00,140.00,85.00,36.90,N,N,,,Tyler,,
CE0008384,IDS Expired,A+,08/30/1997,,Female,Mixed,"LP, WB, BM,",BM 100ml,,Negative,,62.90,138.70,170.20,67.00,21.70,Y,Y,N,,N,N,,,05/16/2022,08/14/2022,13.10,269.60,38.60,80.00,3.60,0.00,117.00,55.00,36.10,N,N,,,Gianna,,
CE0008394,Ineligible,A+,03/28/1968,,Female,Caucasian,,BM 100ml,,Positive,,66.70,147.10,165.00,65.00,24.50,Y,N,Y,"Medication,",Y,N,11/08/2023,,09/26/2023,12/25/2023,14.80,166.20,43.20,93.00,6.50,0.00,160.00,85.00,36.00,N,Y,11/28/2022,,Amy,,
CE0008395,Ineligible,,05/23/1995,,,,,,,,,109.60,241.63,193.04,76.00,29.41,N,N,N,,N,N,,,,,0.00,0.00,0.00,91.00,0.00,0.00,144.00,89.00,37.00,N,N,,,Tyrone,,
CE0008396,Ineligible,A+,12/26/1983,,Female,Caucasian,,,,Negative,,81.00,178.60,172.00,67.70,27.40,Y,N,N,,Y,N,11/02/2023,05/19/2022,11/02/2023,01/31/2024,14.30,270.20,41.90,91.00,4.80,0.00,119.00,61.00,35.60,N,Y,05/19/2022,"mLP DEFERRED - last LP donation in May 2022 (will need recent LP to qualify; will ""age out""  12/2024)",Christine,,
CE0008397,Ineligible,A+,02/11/1995,,Male,AfricanAmerican,,,,Negative,POSITIVE,107.00,235.89,175.00,68.90,34.94,N,Y,N,,Y,Y,06/14/2023,,06/14/2023,09/12/2023,14.01,238.00,39.30,76.00,5.60,0.00,127.00,69.00,36.00,N,Y,11/16/2022,,Deandre,,
CE0008402,Eligible,AB-,05/21/1990,,Male,Caucasian,"LP, WB, BM,",BM 100ml,,Positive,Positive,75.80,167.11,183.00,72.05,22.63,Y,N,N,,Y,N,04/09/2026,11/23/2022,04/09/2026,07/08/2026,15.22,233.10,44.10,50.00,8.26,0.00,119.00,73.00,36.40,N,Y,01/13/2026,,Lev,,
CE0008403,IDS Expired,B+,08/28/1981,,Male,asian,"LP, WB, BM,",BM 100ml,,Positive,,114.40,252.20,182.90,72.00,34.20,N,N,N,,Y,N,09/12/2022,07/20/2022,09/12/2022,12/11/2022,15.30,211.70,44.20,79.00,4.20,0.00,127.00,85.00,36.40,N,Y,07/20/2022,,Evan,,
CE0008411,IDS Expired,A+,09/16/2002,,Male,asian,"WB, BM,",BM 100ml,,Positive,POSITIVE,78.50,173.10,170.00,66.90,27.20,N,N,Y,"Environmental,",Y,Y,10/30/2025,10/25/2022,10/30/2025,01/28/2026,16.60,276.80,49.30,86.00,6.40,0.00,136.00,83.00,36.20,N,Y,06/29/2022,ALLERGIES: POLLEN/lv,Zuhuridin,,
CE0008414,Not Responsive,,05/02/1982,,Female,PacificIslander,,,,,,65.30,144.00,167.60,66.00,23.20,Y,N,N,,N,N,,,,,11.30,302.80,33.80,81.00,4.60,0.00,126.00,74.00,36.50,N,N,,,Punam,,
CE0008415,IDS Expired,O+,01/08/1993,,Female,Hispanic,"LP, WB, BM,",BM 100ml,,Positive,POSITIVE,101.90,224.65,165.00,64.96,37.43,Y,N,N,,Y,N,04/19/2023,06/07/2023,04/19/2023,07/18/2023,13.10,239.30,38.30,78.00,7.79,0.00,108.00,66.00,36.00,N,Y,05/31/2022,,Denise,,
CE0008417,Ineligible,,06/30/1966,,Female,Unknown,,,,,,72.60,160.06,165.10,65.00,26.63,N,N,N,,N,N,,,,,0.00,0.00,0.00,0.00,0.00,0.00,0.00,0.00,36.90,N,N,,,Tina,,
CE0008420,IDS Expired,O+,04/21/1996,,Female,asian,"LP, WB,",DQ,,Positive,,54.50,120.20,154.90,61.00,22.70,Y,N,N,,Y,N,,06/06/2022,05/09/2022,08/07/2022,14.10,236.50,40.60,78.00,5.10,0.00,143.00,77.00,36.90,N,N,,,Kimberly,,
CE0008426,IDS Expired,B-,09/02/2002,,Male,Caucasian,"LP, WB,",Not Interested,,Negative,,98.30,216.70,182.90,72.00,29.40,N,N,N,,N,N,,,05/10/2022,08/08/2022,15.50,251.90,43.70,75.00,5.20,0.00,127.00,63.00,36.80,N,N,,,Jon,,
CE0008436,Eligible,B+,05/08/1981,,Male,AfricanAmerican,"LP, WB, BM,",BM 100ml,,Positive,positive,108.00,238.10,186.00,73.23,31.30,N,N,N,,Y,Y,04/09/2026,06/24/2026,05/18/2026,08/16/2026,14.21,292.90,42.40,69.00,3.23,0.00,141.00,81.00,36.30,Y,Y,05/26/2022,,Elliott Coydell,10/27/2025,positive
CE0008440,Not Responsive,,10/25/2000,,Male,,,,,,,47.90,105.60,0.00,0.00,0.00,N,N,N,,N,N,,,,,0.00,0.00,0.00,0.00,0.00,0.00,0.00,0.00,0.00,N,N,,,Joan,,
CE0008442,Ineligible,,05/14/1996,,,,,,,,,0.00,0.00,0.00,0.00,0.00,N,N,N,,N,N,,,,,0.00,0.00,0.00,0.00,0.00,0.00,0.00,0.00,0.00,N,N,,,Rodrigo,,
CE0008447,IDS Expired,A+,07/25/2001,,Female,Caucasian,"LP, WB, BM,",BM 100ml,,Positive,Positive,73.30,161.60,170.20,67.00,25.30,N,N,N,,Y,N,10/12/2022,06/14/2022,10/12/2022,01/10/2023,13.80,201.80,39.10,76.00,4.80,0.00,116.00,76.00,36.10,N,Y,06/14/2022,,Madeline,,
CE0008451,IDS Expired,A+,02/26/1992,,Female,Caucasian,"LP, WB,",DQ,,Negative,,99.10,218.50,180.30,71.00,30.50,Y,N,N,,N,N,06/15/2022,,05/16/2022,08/14/2022,14.40,280.60,40.30,100.00,6.10,0.00,138.00,81.00,37.00,N,Y,06/15/2022,,Logan,,
CE0008456,IDS Expired,O+,02/18/1969,,Female,Caucasian,"LP, WB, BM,",BM 100ml,,Positive,,69.60,153.40,179.10,70.50,21.70,Y,Y,N,,N,N,06/22/2022,,05/16/2022,08/14/2022,13.80,240.30,37.90,79.00,6.10,0.00,138.00,90.00,36.50,N,N,,,Susan,,
CE0008457,Ineligible,A+,09/16/1999,,Female,Hispanic,"BM,",BM 100ml,,Negative,,63.50,140.00,147.30,58.00,29.30,N,N,N,,N,N,,,06/09/2022,09/07/2022,14.10,319.50,40.90,50.00,6.40,0.00,100.00,61.00,36.90,N,N,,,Andrea,,
CE0008461,IDS Expired,A+,02/24/1999,,Female,Hispanic,"LP, WB,",Not Interested,,positive,POSITIVE,76.00,167.60,157.00,61.80,30.80,N,N,Y,"Medication,",Y,Y,,,03/27/2024,06/25/2024,12.70,232.00,38.90,92.00,5.10,0.00,133.00,82.00,36.60,N,N,,,Glendy,03/27/2024,POSITIVE
CE0008462,IDS Expired,O+,07/28/2001,,Female,asian,"LP,",,,Positive,,74.10,163.40,172.70,68.00,24.80,N,N,N,,N,N,,,05/19/2022,08/17/2022,12.30,287.50,35.80,90.00,5.40,0.00,112.00,72.00,37.10,N,N,,,Abiha,,
CE0008463,IDS Expired,B+,05/10/2003,,Female,asian,"BM,",BM 100ml,,Positive,POSITIVE,82.80,182.50,170.20,67.00,28.60,Y,N,N,,Y,N,06/01/2022,,12/13/2022,03/13/2023,13.00,220.60,38.00,70.00,7.70,0.00,126.00,74.00,36.50,N,Y,06/01/2022,,Kaavya,,
CE0008464,IDS Expired,O+,10/02/2002,,Female,Mixed,"LP,",DQ,,negative,POSITIVE,63.80,140.65,175.00,68.90,20.83,N,Y,N,,Y,Y,05/30/2024,,10/08/2024,01/06/2025,12.00,306.80,35.70,74.00,6.50,0.00,124.00,69.00,36.30,N,N,,,Stella,10/08/2024,POSITIVE
CE0008465,Ineligible,O+,01/30/1991,,Male,AfricanAmerican,,,,Positive,POSITIVE,90.10,198.64,167.60,65.98,32.08,N,N,N,,Y,N,,03/14/2023,03/14/2023,06/12/2023,15.07,187.80,42.40,81.00,4.99,0.00,125.00,70.00,36.80,N,Y,05/24/2022,,Teame,,
CE0008467,IDS Expired,A+,10/27/1979,,Female,Caucasian,"LP, WB,",Not Interested,,Negative,POSITIVE,62.60,138.00,170.00,66.90,21.70,Y,N,Y,"Medication, Environmental,",Y,N,,02/04/2026,02/04/2026,05/05/2026,13.50,362.00,40.60,51.00,10.20,0.00,120.00,68.00,36.40,N,Y,02/17/2026,"allergies: penicillin, ragweed, mold, seasonal",Kimberly,,
CE0008470,IDS Expired,AB+,05/25/2000,,Female,Hispanic,"LP, WB,",Not Interested,,Positive,POSITIVE,88.70,195.60,168.00,66.10,31.40,Y,Y,N,,Y,Y,,08/02/2023,05/24/2023,08/22/2023,14.80,318.90,42.10,73.00,9.20,0.00,124.00,74.00,36.50,N,Y,07/26/2022,,Katherine,,
CE0008471,IDS Expired,B+,11/04/1997,,Male,asian,"LP, WB, BM,",BM 100ml,,Negative,,62.80,138.40,177.80,70.00,19.90,N,N,N,,N,N,,,05/19/2022,08/17/2022,16.30,148.10,46.20,74.00,6.10,0.00,110.00,71.00,36.80,N,N,,,Stanley,,
CE0008475,IDS Expired,O+,09/21/1997,,Female,AfricanAmerican,"LP, WB,",DQ,,Negative,POSITIVE,104.40,230.20,162.60,64.00,39.50,Y,N,N,,Y,Y,,11/04/2022,11/04/2022,02/02/2023,13.30,243.30,38.00,69.00,5.20,0.00,127.00,91.00,36.40,N,Y,06/16/2022,,Audrey,,
CE0008476,Ineligible,A-,07/31/1972,,Female,Caucasian,,,,Negative,,70.40,155.21,165.00,64.96,25.86,N,N,N,,Y,N,12/21/2022,11/14/2023,09/25/2023,12/24/2023,13.09,163.40,38.70,84.00,4.80,0.00,142.00,62.00,36.30,N,Y,11/08/2022,,Catherine,,
CE0008481,IDS Expired,O+,11/09/2001,,Male,Caucasian,"LP, WB, BM,",BM 100ml,,Negative,,86.40,190.50,185.40,73.00,25.10,N,N,N,,N,N,,,05/18/2022,08/16/2022,15.40,229.80,44.50,70.00,7.40,0.00,114.00,66.00,36.90,N,N,,,Roland,,
CE0008483,Ineligible,,08/09/2000,,Female,AfricanAmerican,,,,,,85.10,187.60,167.60,66.00,30.30,N,N,N,,N,N,,,,,6.60,388.10,22.10,36.90,3.10,0.00,111.00,64.00,72.00,N,N,,,Niani,,
CE0008484,Deferred,O+,03/28/1999,,Male,Hispanic,,,,Positive,POSITIVE,60.70,133.80,165.10,65.00,22.30,N,N,N,,Y,N,,03/22/2023,03/22/2023,06/20/2023,16.00,239.50,46.00,87.00,6.00,0.00,119.00,64.00,36.30,N,N,,,Cesar,,
CE0008485,IDS Expired,O-,04/15/2003,,Female,Caucasian,"WB, BM,",BM 100ml,,Negative,,64.70,142.60,167.60,66.00,23.00,N,N,N,,N,N,,,05/18/2022,08/16/2022,13.60,257.40,39.10,59.00,6.00,0.00,101.00,69.00,36.70,N,N,,,Jessica,,
CE0008486,IDS Expired,O+,08/08/1995,,Female,AfricanAmerican,"LP, WB,",Not Interested,,Negative,Positive,70.40,155.20,170.00,66.90,24.40,Y,N,N,,Y,Y,,05/30/2023,04/11/2023,07/10/2023,13.20,322.20,40.10,84.00,4.20,0.00,121.00,72.00,35.90,N,Y,05/30/2023,,Angel,05/30/2023,Positive
CE0008487,IDS Expired,O-,06/14/1975,,Female,Caucasian,"LP, WB, BM,",BM 100ml,,Positive,,75.70,166.90,168.00,66.10,26.70,Y,N,N,,Y,N,,06/23/2026,04/07/2026,07/06/2026,14.10,276.70,40.90,65.00,6.10,0.00,135.00,75.00,36.30,N,Y,09/12/2022,,Donna,,
CE0008489,IDS Expired,A+,11/29/2001,,Male,Caucasian,"LP, WB,",Not Interested,,Negative,,76.00,167.60,180.30,71.00,23.40,N,N,N,,N,N,,,05/19/2022,08/17/2022,14.80,199.60,42.30,65.00,4.40,0.00,128.00,74.00,36.10,N,N,,,Kevin,,
CE0008490,IDS Expired,B+,11/30/1994,,Male,Caucasian,"LP, WB, BM,",BM 100ml,,Negative,,84.00,185.20,180.30,71.00,25.80,N,N,N,,N,N,,,05/19/2022,08/17/2022,14.30,133.50,40.40,78.00,5.80,0.00,146.00,73.00,36.90,N,N,,,Zackery,,
CE0008494,IDS Expired,B+,12/14/1993,,Male,asian,"LP, WB, BM,",BM 100ml,,Positive,,80.90,178.40,167.60,66.00,28.80,Y,N,N,,N,N,,,05/19/2022,08/17/2022,15.40,283.70,45.20,87.00,5.50,0.00,136.00,80.00,36.50,N,N,,,Arty,,
CE0008495,IDS Expired,O+,12/20/1979,,Male,asian,"LP, WB, BM,",BM 100ml,,Positive,,78.30,172.60,170.20,67.00,27.00,Y,N,N,,N,N,,,05/20/2022,08/18/2022,17.40,187.60,49.40,58.00,7.70,0.00,124.00,81.00,36.50,N,N,,,Victor,,
CE0008497,IDS Expired,A+,04/24/1996,,Male,AfricanAmerican,"LP, WB, BM,",BM 100ml,,Negative,,125.10,275.80,185.40,73.00,36.40,N,N,N,,N,N,,,05/23/2022,08/21/2022,15.20,182.50,42.50,69.00,4.50,0.00,147.00,96.00,36.80,N,N,,,Leroy,,
CE0008498,Ineligible,,10/15/1993,,Male,asian,,,,,,0.00,0.00,0.00,0.00,0.00,N,N,N,,N,N,,,,,0.00,0.00,0.00,0.00,0.00,0.00,0.00,0.00,0.00,N,N,,,William,,
CE0008503,IDS Expired,A+,01/04/1995,,Male,Mixed,"LP, WB,",Not Interested,,Negative,,83.80,184.80,172.70,68.00,28.10,N,N,N,,N,N,,,05/24/2022,08/22/2022,17.30,228.00,49.20,83.00,10.90,0.00,149.00,94.00,37.10,N,N,,,Morgan,,
CE0008505,IDS Expired,O+,09/27/2002,,Male,Caucasian,"LP, WB, BM,",BM 100ml,,Negative,,79.20,174.60,180.30,71.00,24.40,N,N,N,,Y,Y,,06/15/2022,05/27/2022,08/25/2022,16.10,145.30,44.60,58.00,4.00,0.00,138.00,72.00,36.70,N,N,,,Caleb,,
CE0008506,IDS Expired,B+,06/26/1992,,Male,asian,"LP, WB,",Not Interested,,Positive,POSITIVE,76.20,168.00,172.00,67.70,25.80,Y,N,N,,Y,Y,,12/16/2024,10/28/2024,01/26/2025,14.90,183.60,43.50,70.00,5.70,0.00,135.00,90.00,37.40,N,Y,06/02/2022,,Daniel,,
CE0008507,Ineligible,,03/21/1991,,Male,Mixed,,,,,,119.70,263.89,185.42,73.00,34.82,N,Y,N,,N,N,,,,,0.00,0.00,0.00,95.00,0.00,0.00,132.00,89.00,36.40,N,N,,,Angelo,,
CE0008508,Not Responsive,,10/18/1979,,Female,,,,,,,0.00,0.00,0.00,0.00,0.00,N,N,N,,N,N,,,,,0.00,0.00,0.00,0.00,0.00,0.00,0.00,0.00,0.00,N,N,,,Jill,,
CE0008509,IDS Expired,A+,05/02/1995,,Female,Caucasian,"BM,",BM 100ml,,Negative,,69.40,153.00,170.20,67.00,24.00,Y,N,N,,N,N,,,05/20/2022,08/18/2022,14.00,254.40,39.50,72.00,4.10,0.00,106.00,73.00,36.80,N,N,,,Felicia,,
CE0008516,IDS Expired,O+,10/14/2001,,Female,Hispanic,"LP, WB,",DQ,,Negative,,56.00,123.50,162.60,64.00,21.20,N,N,N,,N,N,,,06/08/2022,09/06/2022,12.90,268.00,37.50,88.00,7.90,0.00,116.00,71.00,37.00,N,N,,,Brenda,,
CE0008519,Ineligible,A+,11/29/2003,,Male,PacificIslander,,,,Positive,,98.20,216.50,182.90,72.00,29.40,N,N,N,,N,N,,,05/26/2022,08/24/2022,15.50,193.70,44.70,69.00,5.50,0.00,143.00,87.00,36.90,N,N,,,Kesomi,,
CE0008520,IDS Expired,O+,07/08/1996,,Female,Hispanic,"LP, WB,",DQ,,Positive,POSITIVE,96.60,213.00,158.00,62.20,38.70,N,N,N,,Y,N,11/30/2022,10/26/2023,06/05/2024,09/03/2024,14.50,241.50,43.20,80.00,9.40,0.00,131.00,94.00,36.50,N,Y,06/15/2022,"defer BMA until 10 lbs weight loss
DQ for mLP: high BMI",Danielle,,
CE0008521,IDS Expired,O+,10/14/2003,,Male,Mixed,"LP, WB,",Not Interested,,Positive,,83.00,183.00,170.20,67.00,28.70,N,N,N,,Y,Y,,08/04/2022,05/26/2022,08/24/2022,15.00,251.10,43.10,58.00,8.00,0.00,121.00,67.00,37.00,N,Y,08/04/2022,,Michael,,
CE0008523,IDS Expired,A+,04/28/1970,,Male,NativeAmerican,"LP, WB, BM,",BM 100ml,,Negative,,110.80,244.30,177.80,70.00,35.10,Y,N,N,,N,N,,,05/25/2022,08/23/2022,14.30,180.00,41.20,74.00,6.10,0.00,129.00,82.00,36.80,N,N,,,Joseph,,
CE0008525,Ineligible,,03/27/2001,,Female,Hispanic,,DQ,,,,0.00,0.00,0.00,0.00,0.00,N,N,N,,N,N,,,,,0.00,0.00,0.00,0.00,0.00,0.00,0.00,0.00,0.00,N,N,,,Amanda,,
CE0008527,IDS Expired,A-,02/06/1987,,Male,Caucasian,"LP, WB, BM,",BM 100ml,,Positive,,87.20,192.20,198.10,78.00,22.20,Y,N,N,,N,N,,,05/25/2022,08/23/2022,15.80,238.20,43.20,100.00,4.80,0.00,122.00,76.00,36.80,N,N,,,Nicholas,,
CE0008528,IDS Expired,B+,09/29/1971,,Female,Mixed,"WB, BM,",BM 100ml,,Positive,,60.20,132.72,173.00,68.11,20.11,Y,N,N,,Y,N,07/16/2025,05/15/2025,07/16/2025,10/14/2025,13.16,234.40,37.80,85.00,4.05,0.00,123.00,83.00,36.00,N,Y,05/15/2025,"MEDS: birth control, HRT",Allison,,
CE0008529,IDS Expired,O+,11/24/1995,,Female,Hispanic,"WB, BM,",BM 100ml,,Negative,,72.60,160.10,149.90,59.00,32.30,N,N,N,,N,N,,,09/12/2022,12/11/2022,12.40,228.40,35.10,67.00,4.20,0.00,128.00,78.00,36.90,N,Y,10/03/2022,,Jana,,
CE0008531,Deferred,O-,04/15/1984,,Female,Caucasian,,,,Positive,,85.10,187.60,168.00,66.10,30.20,Y,N,N,,Y,Y,09/07/2023,07/19/2022,11/03/2023,02/01/2024,11.90,177.40,34.90,100.00,3.50,0.00,132.00,76.00,36.40,N,Y,07/19/2022,,Angela,,
CE0008534,Eligible,O+,12/12/1989,,Male,Caucasian,"LP, WB, BM,",BM 100ml,,POSITIVE,POSITIVE,95.50,210.54,173.00,68.11,31.91,N,N,N,,Y,N,03/31/2026,06/16/2026,05/05/2026,08/03/2026,15.91,288.00,46.90,77.00,6.58,0.00,152.00,93.00,35.90,Y,Y,06/28/2022,,Chris,05/12/2023,POSITIVE
CE0008536,IDS Expired,B+,06/24/1992,,Male,asian,"LP, WB,",Not Interested,,Positive,POSITIVE,70.80,156.09,167.00,65.75,25.39,N,N,Y,"Environmental,",Y,Y,11/17/2023,09/17/2025,08/13/2025,11/11/2025,16.13,210.70,46.70,95.00,5.35,0.00,132.00,83.00,36.00,N,Y,06/07/2022,"ALLERGIES: POLLEN, DUST",Sam Jagan,11/17/2023,Positive
CE0008537,Ineligible,,11/19/1996,,,,,,,,,59.40,130.95,157.48,62.00,23.95,N,N,N,,N,N,,,,,0.00,0.00,0.00,0.00,0.00,0.00,94.00,63.00,37.00,N,N,,,Jewelana,,
CE0008540,Eligible,O+,03/21/1986,,Male,AfricanAmerican,"LP, WB, BM,",BM 100ml,,Positive,Positive,90.40,199.30,185.00,72.83,26.41,Y,Y,Y,"Environmental,",Y,Y,04/29/2026,06/09/2026,06/09/2026,09/07/2026,14.38,246.60,41.70,72.00,6.46,0.00,154.00,97.00,35.80,Y,Y,09/26/2022,Allergy: Seasonal,Tashian,,
CE0008542,Eligible,O+,04/03/1978,,Female,Mixed,"LP, WB, BM,",BM 100ml,,Negative,POSITIVE,77.30,170.42,163.00,64.17,29.09,N,N,N,,Y,N,01/14/2026,06/16/2026,06/16/2026,09/14/2026,12.85,335.00,39.30,65.00,3.75,0.00,146.00,77.00,36.40,Y,Y,07/12/2022,,Anne,,
CE0008543,Eligible,O+,04/04/1996,,Male,AfricanAmerican,"LP, WB,",DQ,,Negative,POSITIVE,97.80,215.61,170.00,66.93,33.84,N,N,N,,Y,N,08/31/2023,06/16/2026,06/16/2026,09/14/2026,14.60,263.10,45.30,75.00,5.75,0.00,148.00,92.00,36.30,Y,Y,08/24/2022,,Deantrey,,
CE0008548,IDS Expired,A+,04/19/1997,,Female,Mixed,"LP, WB,",DQ,,Negative,POSITIVE,64.10,141.30,170.00,66.90,22.20,Y,N,N,,Y,N,,02/22/2024,02/22/2024,05/22/2024,14.60,256.50,43.20,79.00,7.30,0.00,122.00,66.00,36.40,N,Y,07/19/2022,INELIGIBLE for mLP d/t unsuitable veins.,Alexis,,
CE0008550,IDS Expired,O-,06/21/1985,,Female,Caucasian,"LP, WB, BM,",BM 100ml,,Positive,POSITIVE,75.70,166.90,168.00,66.10,26.80,Y,N,N,,Y,N,05/29/2024,11/02/2022,05/23/2024,08/21/2024,14.70,258.00,41.30,73.00,5.60,0.00,130.00,84.00,36.50,N,Y,11/02/2022,,Crystal,,
CE0008556,IDS Expired,A+,09/23/1997,,Female,Hispanic,"LP,",,,Positive,,61.30,135.10,152.40,60.00,26.40,Y,N,N,,N,N,,,06/02/2022,08/31/2022,12.60,249.10,37.20,61.00,5.70,0.00,111.00,67.00,36.80,N,N,,,Deysie,,
CE0008557,Ineligible,,03/14/1968,,Female,AfricanAmerican,,,,,,0.00,0.00,0.00,0.00,0.00,N,N,N,,N,N,,,,,0.00,0.00,0.00,0.00,0.00,0.00,0.00,0.00,0.00,N,N,,,Tracy,,
CE0008560,Ineligible,,10/05/2003,,Male,Hispanic,,,,,,0.00,0.00,0.00,0.00,0.00,N,N,N,,N,N,,,,,0.00,0.00,0.00,0.00,0.00,0.00,0.00,0.00,0.00,N,N,,,Leonel,,
CE0008569,IDS Expired,O+,08/25/1981,,,Caucasian,"LP,",,,Positive,,79.70,175.70,170.20,67.00,27.50,N,N,N,,N,N,,,06/02/2022,08/31/2022,12.60,189.90,37.00,76.00,5.20,0.00,103.00,61.00,36.90,N,N,,,Francesca,,
CE0008570,IDS Expired,A+,05/11/1989,,Male,PacificIslander,"LP, WB, BM, MLP,",BM 100ml,,Positive,NEGATIVE,68.40,150.80,178.00,70.10,21.60,N,Y,N,,Y,Y,11/08/2023,08/29/2023,10/03/2023,01/01/2024,17.00,325.10,51.50,81.00,7.60,0.00,124.00,92.00,36.50,N,Y,07/13/2022,,Alexander,10/03/2023,NEGATIVE
CE0008571,Ineligible,O+,09/21/1996,,Male,AfricanAmerican,,,,Positive,,93.00,205.03,182.70,71.93,27.86,Y,N,N,,N,N,,,06/02/2022,08/31/2022,13.59,185.80,38.90,58.00,2.71,0.00,117.00,76.00,36.10,N,N,,,James,,
CE0008579,IDS Expired,O+,09/11/1986,,Male,Hispanic,"LP, WB, BM,",BM 100ml,,Positive,,80.80,178.10,160.00,63.00,31.60,Y,Y,N,,Y,Y,01/30/2026,10/27/2025,12/01/2025,03/01/2026,13.50,229.10,45.30,60.00,6.60,0.00,131.00,86.00,36.50,N,Y,07/18/2022,"MEDICATIONS: Finasteride, hydroxyzine, citalopram
Donor now interested in LP--7/15/25",Jeff,,
CE0008580,Not Responsive,,04/18/1996,,Female,Hispanic,,,,,,93.70,206.60,165.10,65.00,34.40,N,N,N,,N,N,,,,,0.00,0.00,0.00,93.00,0.00,0.00,135.00,90.00,36.90,N,N,,,Haily,,
CE0008585,Not Responsive,,11/28/1977,,Male,Hispanic,,,,,,72.70,160.30,165.10,65.00,26.70,N,N,N,,N,N,,,,,0.00,0.00,0.00,0.00,0.00,0.00,0.00,0.00,37.00,N,N,,,Luis,,
CE0008586,IDS Expired,B+,03/18/1993,,Female,AfricanAmerican,"LP, WB, BM,",BM 100ml,,Positive,POSITIVE,83.50,184.10,162.20,63.90,31.70,Y,N,N,,Y,N,,12/22/2023,12/21/2023,03/20/2024,13.20,312.80,38.40,89.00,6.80,0.00,138.00,73.00,37.20,N,Y,12/21/2023,DQ mLP (unsuitable veins),Danielle,07/11/2023,POSITIVE
CE0008588,IDS Expired,O+,12/17/2003,,Female,Hispanic,"LP, WB, BM,",BM 100ml,,Positive,Positive,62.10,136.90,160.00,63.00,24.30,N,N,N,,Y,Y,01/15/2025,09/10/2024,10/28/2025,01/26/2026,13.20,370.50,41.10,62.00,7.40,0.00,106.00,72.00,36.30,N,N,,,Alejandra,,
CE0008589,IDS Expired,O+,11/22/1968,,Female,Caucasian,"LP, WB,",Not Interested,,Positive,,90.60,199.70,170.20,67.00,31.30,Y,N,N,,Y,N,,10/25/2022,09/20/2022,12/19/2022,13.60,329.80,40.10,70.00,8.50,0.00,128.00,70.00,36.10,N,Y,07/05/2022,,Tiffany,,
CE0008590,Ineligible,,07/31/2001,,,,,,,,,0.00,0.00,0.00,0.00,0.00,N,N,N,,N,N,,,,,0.00,0.00,0.00,0.00,0.00,0.00,0.00,0.00,0.00,N,N,,,Karina,,
CE0008591,Not Responsive,,12/27/2000,,,,,,,,,0.00,0.00,0.00,0.00,0.00,N,N,N,,N,N,,,,,0.00,0.00,0.00,0.00,0.00,0.00,0.00,0.00,0.00,N,N,,,Glenda,,
CE0008593,Ineligible,A+,07/12/1989,,Male,Hispanic,"LP, WB, BM,",BM 100ml,,Negative,Positive,113.00,249.10,173.00,68.10,37.80,N,N,N,,Y,N,05/03/2023,02/09/2023,05/02/2023,07/31/2023,15.20,351.60,43.90,75.00,6.20,0.00,154.00,86.00,36.70,N,Y,07/06/2022,,Andrew,,
CE0008598,Ineligible,AB+,03/31/1993,,Male,asian,,,,Negative,POSITIVE,60.90,134.26,162.60,64.02,23.03,N,N,N,,Y,N,04/13/2023,01/11/2023,04/13/2023,07/12/2023,14.24,311.60,41.70,67.00,4.16,0.00,121.00,82.00,36.60,N,Y,06/21/2022,,Gregory,,
CE0008600,IDS Expired,O+,07/18/2002,,Female,Hispanic,"LP, WB,",Not Interested,,,,77.60,171.10,160.00,63.00,30.30,N,N,N,,N,N,,,06/13/2022,09/11/2022,14.00,316.10,40.80,75.00,7.40,0.00,112.00,84.00,36.90,N,N,,,Paola,,
CE0008601,Ineligible,,07/16/2000,,Female,PacificIslander,,,,,,98.10,216.27,0.00,0.00,0.00,N,N,N,,N,N,,,,,0.00,0.00,0.00,0.00,0.00,0.00,0.00,0.00,36.80,N,N,,,Veronica,,
CE0008602,Ineligible,O+,11/11/2003,,Female,AfricanAmerican,,Not Interested,,Negative,POSITIVE,63.60,140.21,165.10,65.00,23.33,N,Y,N,,Y,N,,01/04/2023,01/04/2023,04/04/2023,15.42,231.40,44.80,73.00,5.19,0.00,115.00,69.00,36.20,N,Y,07/07/2022,,Tyshay,,
CE0008603,Ineligible,O+,03/28/2002,,Female,Hispanic,"LP, WB,",Not Interested,,Positive,,85.90,189.40,162.60,64.00,32.50,N,N,N,,N,N,,,06/10/2022,09/08/2022,13.90,274.40,40.50,75.00,4.50,0.00,112.00,72.00,36.90,N,N,,,Alondra,,
CE0008605,IDS Expired,A-,10/03/1983,,Male,Caucasian,"LP, WB, BM,",BM 100ml,,Positive,,86.90,191.60,180.30,71.00,26.70,N,Y,N,,N,N,,,06/08/2022,09/06/2022,16.90,207.10,47.60,76.00,11.30,0.00,120.00,83.00,36.90,N,N,,,David,,
CE0008608,Ineligible,O-,10/16/1969,,Male,Caucasian,,DQ,,Negative,POSITIVE,100.20,220.90,191.00,75.20,27.47,Y,N,N,,Y,N,,10/09/2025,07/29/2025,10/27/2025,14.82,307.40,46.50,97.00,7.83,0.00,165.00,78.00,36.40,N,Y,08/11/2022,,Eric,09/14/2023,POSITIVE
CE0008610,IDS Expired,B-,09/09/1972,,Female,Caucasian,"WB, BM,",BM 100ml,,Positive,,61.40,135.40,165.10,65.00,22.50,Y,N,N,,Y,N,11/30/2022,,09/23/2022,12/22/2022,15.10,252.50,42.20,72.00,13.10,0.00,122.00,78.00,36.10,N,Y,09/23/2022,,Mary,,
CE0008613,Ineligible,A+,04/24/1972,,Male,Mixed,,,,Negative,,84.90,187.20,185.40,73.00,24.70,Y,N,N,,Y,N,,07/12/2022,06/15/2022,09/13/2022,14.70,181.70,42.90,83.00,4.90,0.00,129.00,79.00,36.40,N,Y,07/12/2022,,Aaron,,
CE0008614,IDS Expired,B+,10/25/1981,,Female,Mixed,"LP, WB, BM,",BM 100ml,,Negative,,87.10,192.00,162.60,64.00,32.90,N,Y,N,,N,N,07/11/2022,,06/16/2022,09/14/2022,13.00,324.90,43.10,80.00,7.80,0.00,135.00,87.00,36.60,N,Y,07/11/2022,,Sheryll,,
CE0008616,Not Responsive,,05/14/2000,,,,,,,,,54.00,119.00,0.00,0.00,0.00,N,N,N,,N,N,,,,,0.00,0.00,0.00,0.00,0.00,0.00,0.00,0.00,0.00,N,N,,,Erisijah-Jade,,
CE0008617,IDS Expired,O+,03/26/1997,,Female,Caucasian,"LP, WB, BM,",BM 100ml,,Negative,Positive,62.90,138.70,152.40,65.00,27.10,Y,N,N,,Y,N,01/06/2023,11/15/2022,01/06/2023,04/06/2023,14.20,223.90,40.10,88.00,6.80,0.00,118.00,89.00,36.40,N,Y,07/18/2022,,Claire,,
CE0008618,Ineligible,,09/06/1994,,,,,,,,,53.30,117.40,0.00,0.00,0.00,N,N,N,,N,N,,,,,0.00,0.00,0.00,0.00,0.00,0.00,0.00,0.00,0.00,N,N,,,Alison,,
CE0008619,Ineligible,B+,09/12/1991,,Male,Mixed,,,,Negative,,81.90,175.50,180.30,70.98,25.19,N,N,N,,N,N,,07/14/2022,06/13/2022,09/11/2022,15.84,259.60,46.70,66.00,6.30,0.00,124.00,74.00,36.90,N,Y,07/14/2022,,Oskar,,
CE0008620,IDS Expired,O+,11/05/2001,,Female,Mixed,"LP, WB, BM,",BM 100ml,,Negative,,75.20,165.80,165.10,65.00,27.60,Y,N,N,,N,N,07/08/2022,08/16/2022,06/14/2022,09/12/2022,14.90,322.60,44.80,73.00,7.60,0.00,131.00,77.00,36.70,N,Y,07/08/2022,,Caroline,,
CE0008621,Ineligible,,08/14/1982,,,,,,,,,0.00,0.00,0.00,0.00,0.00,N,N,N,,N,N,,,,,0.00,0.00,0.00,0.00,0.00,0.00,0.00,0.00,0.00,N,N,,,Tiffany,,
CE0008627,IDS Expired,O+,12/14/2001,,Female,asian,"LP, WB, BM,",BM 100ml,,Negative,positive,62.40,137.57,160.00,62.99,24.37,N,N,N,,Y,Y,02/27/2025,07/13/2022,02/27/2025,05/28/2025,12.94,253.10,39.90,73.00,5.00,0.00,119.00,80.00,36.20,N,Y,07/13/2022,,Veronica,02/27/2025,positive
CE0008629,Eligible,O+,02/20/2002,,Female,Hispanic,"LP, WB,",Not Interested,,Positive,POSITIVE,82.60,182.10,160.00,62.99,32.27,Y,N,N,,Y,Y,,06/24/2026,04/30/2026,07/29/2026,12.96,233.50,39.00,79.00,4.47,0.00,114.00,64.00,36.40,Y,Y,01/31/2024,,Tamara,12/20/2023,POSITIVE
CE0008630,Not Responsive,,09/29/1985,,,,,,,,,0.00,0.00,0.00,0.00,0.00,N,N,N,,N,N,,,,,0.00,0.00,0.00,0.00,0.00,0.00,0.00,0.00,0.00,N,N,,,Devin,,
CE0008633,Not Responsive,,07/10/1993,,,,,,,,,104.00,229.30,177.80,70.00,32.90,N,N,N,,N,N,,,,,12.00,179.90,36.00,77.00,7.60,0.00,111.00,67.00,36.90,N,N,,,Loren,,
CE0008634,IDS Expired,O+,10/11/2001,,Female,Mixed,"LP, WB, BM,",BM 100ml,,Positive,,69.50,153.20,167.60,66.00,24.70,Y,N,N,,N,N,07/27/2022,,06/15/2022,09/13/2022,14.80,239.50,42.50,82.00,6.60,0.00,143.00,82.00,36.90,N,Y,07/27/2022,,Gabriele,,
CE0008635,Not Responsive,,03/13/1991,,,,,,,,,0.00,0.00,0.00,0.00,0.00,N,N,N,,N,N,,,,,0.00,0.00,0.00,0.00,0.00,0.00,0.00,0.00,0.00,N,N,,,Allison,,
CE0008636,Ineligible,O+,05/18/2000,,Female,Caucasian,,,,Negative,,65.70,144.84,160.20,63.07,25.60,Y,N,N,,N,N,10/05/2022,,08/31/2022,11/29/2022,14.10,236.90,37.30,75.00,5.77,0.00,104.00,68.00,35.60,N,Y,10/05/2022,,Julie,,
CE0008637,Ineligible,,05/20/1997,,Male,Caucasian,,,,,,82.40,181.70,188.00,74.00,23.30,Y,N,N,,N,N,,,,,15.70,224.90,45.00,78.00,6.20,0.00,129.00,78.00,37.00,N,N,,,Carson,,
CE0008638,Eligible,A+,08/11/1999,,Female,Caucasian,"LP, WB,",Not Interested,,Positive,NEGATIVE,77.00,169.76,170.00,66.93,26.64,Y,N,Y,"Medication, Environmental,",Y,Y,,06/22/2026,06/22/2026,09/20/2026,13.54,248.10,41.30,77.00,7.64,0.00,131.00,74.00,36.40,Y,Y,07/11/2022,"ALLERGIES: LATEX, NEOSPORIN",Annika,01/13/2026,
CE0008639,IDS Expired,B-,09/10/1978,,Female,Caucasian,"LP, WB, BM,",BM 100ml,,Positive,,93.20,205.50,163.00,64.20,35.10,Y,N,Y,"Medication, Food, Environmental,",Y,N,11/16/2023,11/07/2022,11/16/2023,02/14/2024,13.90,262.90,39.80,99.00,8.00,0.00,117.00,83.00,36.50,N,Y,08/01/2022,"DQ mLP (age)
ALLERGIES: SULFA, NAPROXEN, GLUTEN",Christine,,
CE0008641,Deferred,O+,02/10/2000,,Female,AfricanAmerican,,DQ,,NEGATIVE,POSITIVE,99.80,220.02,160.00,62.99,38.98,Y,N,Y,"Environmental,",Y,N,,02/08/2023,01/23/2023,04/23/2023,12.63,442.10,35.70,77.00,9.15,0.00,120.00,84.00,36.40,N,Y,07/21/2022,,Sanihya,,
CE0008642,IDS Expired,O+,04/10/2001,,Female,Mixed,"LP,",,,Negative,,90.60,199.70,157.50,62.00,36.50,N,N,N,,N,N,,,10/06/2022,01/04/2023,12.80,309.70,36.60,74.00,3.30,0.00,114.00,83.00,36.50,N,N,,,Anaiah,,
CE0008644,Ineligible,,08/13/1997,,,,,,,,,76.20,167.99,160.02,63.00,29.76,N,N,N,,N,N,,,,,0.00,0.00,0.00,70.00,0.00,0.00,116.00,74.00,36.40,N,N,,,Ruth,,
CE0008645,IDS Expired,O+,08/28/2002,,Male,Hispanic,"LP, WB,",Not Interested,,Negative,,65.90,145.30,170.20,67.00,22.80,N,N,N,,N,N,,,06/22/2022,09/20/2022,16.40,331.70,47.80,80.00,5.90,0.00,117.00,68.00,36.80,N,N,,,Eduardo,,
CE0008649,IDS Expired,B+,12/12/1977,,Female,Caucasian,"LP, WB,",DQ,,Negative,,100.70,222.00,168.00,66.10,35.70,N,Y,N,,Y,Y,,03/25/2025,02/18/2025,05/19/2025,12.60,239.00,38.50,84.00,6.80,0.00,116.00,70.00,36.10,N,Y,10/04/2022,,Jessica,,
CE0008650,IDS Expired,B+,07/04/1975,,Female,Caucasian,"LP, WB,",DQ,,Positive,,100.50,221.60,419.40,165.10,5.70,N,Y,N,,Y,N,,11/28/2022,11/30/2022,02/28/2023,14.00,386.90,40.00,99.00,7.10,0.00,139.00,79.00,36.40,N,Y,08/11/2022,,Kellye,,
CE0008652,Ineligible,O+,08/19/1968,,Female,Caucasian,,,,Negative,,68.30,150.58,168.00,66.14,24.20,Y,N,N,,Y,N,08/16/2024,,08/16/2024,11/14/2024,14.88,199.40,45.00,85.00,5.17,0.00,132.00,69.00,36.50,N,Y,09/19/2022,,Michelle,,
CE0008655,Ineligible,A+,11/07/1997,,Female,AfricanAmerican,,DQ,,Negative,,62.90,138.67,172.70,67.99,21.09,N,N,N,,N,N,,07/20/2022,06/23/2022,09/21/2022,11.52,224.70,35.40,77.00,3.37,0.00,111.00,64.00,36.40,N,Y,07/20/2022,,Chinyere,,
CE0008657,IDS Expired,A-,05/14/1993,,Male,Caucasian,"LP, WB,",Not Interested,,Negative,,73.70,162.50,165.10,65.00,27.00,Y,Y,N,,Y,Y,,08/04/2022,06/22/2022,09/20/2022,16.30,276.20,46.60,85.00,13.00,0.00,122.00,65.00,36.90,N,Y,08/04/2022,,Jason,,
CE0008658,IDS Expired,O+,07/16/1991,,Female,Mixed,"BM,",BM 100ml,,Positive,,95.60,210.80,157.50,62.00,38.60,N,N,N,,N,N,,,09/12/2022,12/11/2022,13.40,294.00,38.80,63.00,9.60,0.00,127.00,74.00,36.90,N,N,,,Samantha,,
CE0008659,Eligible,A+,11/27/2000,,Female,AfricanAmerican,"WB, BM,",BM 100ml,,Positive,Positive,72.80,160.50,158.00,62.20,29.16,Y,N,N,,Y,N,07/01/2026,,07/01/2026,09/29/2026,13.94,220.10,42.30,96.00,7.70,0.00,119.00,77.00,36.30,Y,Y,08/10/2022,unsuitable veins for LP/mLP; small WB ok,Asialyn,,
CE0008661,IDS Expired,O+,04/13/1983,,Female,Caucasian,"LP, WB,",DQ,,Negative,Positive,55.00,121.25,158.00,62.20,22.03,Y,N,Y,"Medication,",Y,N,,08/27/2025,08/27/2025,11/25/2025,13.74,391.10,40.30,99.00,6.09,0.00,149.00,82.00,35.80,N,Y,08/10/2022,Allergy:Amoxicillin,Megan,08/02/2023,Positive
CE0008663,IDS Expired,O+,12/31/2000,,Female,Hispanic,"LP, WB, BM,",BM 100ml,,Negative,,63.80,140.70,170.20,67.00,22.00,N,N,N,,N,N,,,07/11/2022,10/09/2022,13.20,207.40,37.70,80.00,6.50,0.00,110.00,66.00,37.00,N,N,,,Catherine,,
CE0008667,IDS Expired,O+,06/06/2001,,Male,Hispanic,"LP, WB, BM,",BM 100ml,,,,80.60,177.70,175.30,69.00,26.20,Y,N,N,,N,N,,,06/23/2022,09/21/2022,14.70,206.10,41.10,58.00,7.30,0.00,108.00,67.00,36.90,N,N,,,Jerry,,
CE0008669,IDS Expired,A+,02/13/1992,,Male,Mixed,"LP, WB, BM,",BM 100ml,,Positive,,87.10,192.00,165.10,65.00,32.00,N,N,N,,N,N,,,07/01/2022,09/29/2022,13.90,278.10,39.30,84.00,5.20,0.00,125.00,78.00,36.20,N,N,,,Denice,,
CE0008673,Ineligible,B-,07/26/2000,,Male,AfricanAmerican,,,,Positive,,83.20,183.42,180.00,70.87,25.68,N,N,N,,N,N,03/26/2024,,03/04/2024,06/02/2024,14.20,287.80,42.50,81.00,3.26,0.00,111.00,70.00,36.40,N,Y,03/26/2024,"donated 360mL WB on 6/22/22.
PERM DQ SEE CRM NOTE - ACL 5/13/24",Nazrawi,,
CE0008674,Ineligible,,07/10/1979,,Female,AfricanAmerican,,,,,,71.20,157.00,165.10,65.00,26.10,Y,N,N,,N,N,,,,,11.40,175.90,33.70,80.00,4.50,0.00,104.00,66.00,36.70,N,N,,,Nicole,,
CE0008675,Eligible,O+,05/26/1994,,Female,Mixed,"WB, BM,",BM 100ml,,Negative,POSITIVE,71.30,157.19,165.00,64.96,26.19,N,N,N,,Y,N,05/18/2026,07/21/2025,05/18/2026,08/16/2026,14.74,296.20,43.10,100.00,6.89,0.00,131.00,82.00,36.70,Y,Y,09/12/2022,DQ mLP (hx citrate sensitivity),Elyse Jordyn,,
CE0008677,IDS Expired,A+,08/04/1997,,Female,Caucasian,"LP,",Not Interested,,Positive,,67.40,148.60,162.60,64.00,25.50,Y,N,N,,Y,Y,,07/28/2022,06/28/2022,09/26/2022,12.40,214.30,35.80,78.00,6.20,0.00,125.00,73.00,36.90,N,Y,07/28/2022,,Constance,,
CE0008678,IDS Expired,O+,09/20/2001,,Female,asian,"LP, WB,",Not Interested,,Negative,POSITIVE,63.70,140.40,160.00,63.00,24.90,Y,N,N,,Y,N,,02/26/2026,02/26/2026,05/27/2026,12.90,242.30,38.50,100.00,6.50,0.00,148.00,85.00,36.30,N,Y,07/18/2022,"DQ mLP d/t hx citrate sensitivity
8/25/25: Donor states not interested in BMA at present.",Claudia,,
CE0008681,Deferred,,07/25/1983,,,,,,,,,52.60,116.00,175.30,69.00,17.10,N,N,N,,N,N,,,,,15.20,286.20,45.50,71.00,11.50,0.00,147.00,88.00,36.50,N,N,,too underweight for donations,Joseph,,
CE0008682,IDS Expired,O+,03/18/1994,,Male,AfricanAmerican,"LP, WB,",Not Interested,,Negative,POSITIVE,98.70,217.60,195.60,77.00,25.80,N,N,N,,Y,N,,09/12/2022,06/28/2022,09/26/2022,15.80,259.90,48.10,71.00,4.30,0.00,130.00,68.00,36.90,N,Y,08/01/2022,,Ryan,,
CE0008684,IDS Expired,A+,09/15/1984,,Male,Hispanic,"LP, WB, BM,",BM 100ml,,Negative,,59.70,131.60,162.00,63.80,22.80,N,N,N,,Y,Y,,10/07/2024,09/17/2024,12/16/2024,13.70,260.10,40.00,91.00,6.50,0.00,121.00,75.00,36.60,N,Y,07/11/2022,,Saulo,,
CE0008685,IDS Expired,B+,12/18/1985,,Male,AfricanAmerican,"LP, WB,",Not Interested,,Negative,,115.80,255.30,177.80,70.00,36.60,Y,N,N,,N,N,,,06/30/2022,09/28/2022,15.10,249.90,42.90,86.00,7.10,0.00,135.00,87.00,36.90,N,N,,,Alex,,
CE0008689,Eligible,O+,10/03/1976,,Female,Mixed,"LP, WB, BM,",BM 100ml,,Positive,POSITIVE,94.00,207.23,160.00,62.99,36.72,N,N,Y,"Medication,",Y,N,05/11/2026,06/15/2026,06/15/2026,09/13/2026,12.88,240.60,39.40,69.00,5.50,0.00,120.00,66.00,36.00,Y,Y,12/19/2022,Allergy: Vicodin;,Nicole,,
CE0008691,IDS Expired,A+,10/23/1997,,Male,AfricanAmerican,"LP, WB,",,,Negative,,129.70,285.90,188.00,74.00,36.70,Y,N,N,,N,N,,,06/29/2022,09/27/2022,17.20,266.80,49.50,77.00,7.10,0.00,121.00,73.00,36.90,N,N,,,Jonathan,,
CE0008693,IDS Expired,O+,11/30/2000,,Female,Hispanic,"LP, WB,",Not Interested,,Positive,,61.40,135.40,165.10,65.00,22.50,Y,Y,N,,N,N,,,06/29/2022,09/27/2022,13.00,321.40,37.90,71.00,4.90,0.00,127.00,71.00,36.70,N,N,,,Tomasa,,
CE0008695,IDS Expired,O+,02/14/1993,,Female,Caucasian,"LP,",DQ,,Negative,positive,73.90,162.90,155.00,61.00,30.80,Y,N,N,,Y,N,,03/28/2024,01/16/2024,04/15/2024,11.40,219.00,35.30,100.00,4.20,0.00,137.00,85.00,36.50,N,Y,03/28/2024,,Lynn,03/28/2024,positive
CE0008699,IDS Expired,A+,01/15/1976,,Female,AfricanAmerican,"LP,",,,Positive,,73.60,162.30,167.60,66.00,26.20,N,Y,N,,N,N,,,06/30/2022,09/28/2022,12.50,181.00,35.60,61.00,5.90,0.00,123.00,76.00,36.90,N,N,,,Selena,,
CE0008700,IDS Expired,B+,06/28/2002,,Female,Mixed,"WB, BM,",BM 100ml,,Negative,,77.70,171.30,183.00,72.10,23.20,N,N,N,,N,N,,,01/19/2023,04/19/2023,16.50,303.00,47.00,80.00,4.20,0.00,114.00,74.00,36.70,N,N,,,Soraya,,
CE0008701,IDS Expired,A+,08/14/2001,,Female,Hispanic,"BM,",BM 100ml,,Positive,,103.80,228.80,170.20,67.00,35.80,Y,N,N,,N,N,,,07/12/2022,10/10/2022,13.50,265.80,39.10,82.00,7.30,0.00,111.00,73.00,36.90,N,Y,08/10/2022,"""veins very deep & hard to locate""",Brianna,,
CE0008702,IDS Expired,A-,05/18/2000,,Female,Mixed,"LP, WB,",DQ,,Positive,,55.90,123.20,160.00,63.00,21.80,Y,N,N,,N,N,,,06/30/2022,09/28/2022,13.60,287.70,38.20,84.00,5.90,0.00,129.00,69.00,37.20,N,N,,,Tori,,
CE0008703,Eligible,A+,09/27/1991,,Male,Hispanic,"LP, WB,",Not Interested,,Positive,POSITIVE,79.00,174.17,175.00,68.90,25.83,N,N,N,,Y,Y,11/02/2023,06/11/2026,04/28/2026,07/27/2026,16.02,258.00,48.60,59.00,4.01,0.00,126.00,77.00,36.20,Y,Y,08/10/2022,2/19/25: Veins not adequate for mobilized LP.,Irvin,06/20/2023,POSITIVE
CE0008704,IDS Expired,O+,12/07/1992,,Female,AfricanAmerican,"BM,",BM 100ml,,Positive,POSITIVE,62.30,137.40,167.60,66.00,22.20,Y,Y,N,,Y,N,10/03/2022,,10/03/2022,01/01/2023,13.70,303.70,38.90,76.00,7.50,0.00,101.00,68.00,36.90,N,Y,08/08/2022,,Jaylyn,,
CE0008705,IDS Expired,A+,01/30/1994,,Female,Caucasian,"LP, WB, BM,",BM 100ml,,POSITIVE,POSITIVE,88.50,195.10,170.00,66.90,30.60,Y,N,N,,Y,Y,,01/31/2024,11/20/2023,02/18/2024,14.10,298.40,39.60,76.00,7.10,0.00,117.00,68.00,36.20,N,Y,08/28/2023,DQ mLP d/t unsuitable veins.,Caitlin J,07/24/2023,POSITIVE
CE0008707,Ineligible,,02/10/1987,,,,,,,,,0.00,0.00,0.00,0.00,0.00,N,N,N,,N,N,,,,,0.00,0.00,0.00,0.00,0.00,0.00,0.00,0.00,0.00,N,N,,,Jade,,
CE0008709,Ineligible,O+,03/03/1983,,Female,Mixed,,,,Positive,,86.70,191.10,157.50,62.00,35.00,Y,N,N,,Y,N,02/15/2023,01/03/2023,02/15/2023,05/16/2023,14.70,296.50,41.80,79.00,6.80,0.00,124.00,87.00,36.50,N,Y,01/03/2023,,Cheryl,,
CE0008712,Ineligible,O+,02/20/2000,,Male,AfricanAmerican,"LP,",,,Negative,,102.00,224.90,172.70,68.00,34.20,N,N,N,,Y,N,,08/02/2022,07/06/2022,10/04/2022,12.90,213.50,37.70,57.00,7.20,0.00,111.00,63.00,36.90,N,N,,,Dacari,,
CE0008713,IDS Expired,A+,11/27/1988,,Female,Hispanic,"LP, WB, BM,",BM 100ml,,Negative,POSITIVE,63.10,139.10,160.00,63.00,24.70,N,N,N,,Y,N,,08/18/2022,08/09/2022,11/07/2022,13.80,277.50,39.30,84.00,6.80,0.00,132.00,72.00,36.30,N,Y,08/18/2022,,Jasmin,,
CE0008717,IDS Expired,A+,09/12/1986,,Male,Mixed,"LP, WB, BM,",BM 100ml,,Negative,,94.20,207.70,193.00,76.00,25.30,N,N,Y,"Food, Environmental,",Y,N,03/15/2024,01/20/2026,01/20/2026,04/20/2026,16.30,203.50,47.50,76.00,5.70,0.00,135.00,83.00,36.20,N,Y,08/25/2022,allergies: sulfa drugs,Brian,,
CE0008718,Not Responsive,,07/17/2002,,Female,Caucasian,,,,,,79.30,174.80,170.20,67.00,27.40,Y,N,N,,N,N,,,,,10.20,350.40,31.60,85.00,6.50,0.00,125.00,83.00,36.70,N,N,,,Jacqulyn,,
CE0008726,IDS Expired,A+,03/23/2002,,Female,Caucasian,"LP, WB,",Not Interested,,Negative,POSITIVE,59.80,131.80,160.00,63.00,23.40,Y,N,N,,N,N,,,08/04/2022,11/02/2022,12.80,184.40,36.20,73.00,5.50,0.00,107.00,56.00,36.90,N,N,,,Emily,,
CE0008730,IDS Expired,B+,11/22/1994,,Male,Hispanic,"LP, WB, BM,",BM 100ml,,Positive,POSITIVE,78.20,172.40,175.30,69.00,25.50,N,N,N,,Y,Y,,11/22/2022,11/09/2022,02/07/2023,15.90,244.70,45.60,78.00,8.20,0.00,139.00,78.00,36.40,N,Y,11/22/2022,,Piero,,
CE0008734,IDS Expired,A-,08/27/2000,,FTM,Caucasian,"LP, WB,",DQ,,Positive,,58.60,129.20,154.90,61.00,24.40,Y,Y,N,,N,N,,08/08/2022,07/14/2022,10/12/2022,16.30,211.30,46.00,86.00,6.80,0.00,109.00,69.00,36.70,N,N,,,Reno,,
CE0008737,IDS Expired,O+,08/04/1993,,Female,Hispanic,"LP, WB,",Not Interested,,Positive,POSITIVE,63.00,138.90,162.00,63.80,24.00,N,N,N,,Y,Y,,08/16/2023,07/26/2023,10/24/2023,13.60,244.50,38.80,82.00,3.40,0.00,101.00,67.00,36.20,N,Y,07/29/2022,,Zulema,08/16/2023,POSITIVE
CE0008739,Ineligible,O+,03/23/2001,,Female,Caucasian,,,,Negative,POSITIVE,80.40,177.25,175.26,69.00,26.18,Y,N,N,,Y,N,12/05/2022,10/27/2022,04/12/2023,07/11/2023,13.88,300.90,40.70,85.00,8.34,0.00,124.00,71.00,36.20,N,Y,08/22/2022,,Alayna,,
CE0008740,Ineligible,,10/10/2000,,Female,asian,,,,,,61.30,135.10,149.90,59.00,27.30,N,N,N,,N,N,,,,,0.00,0.00,0.00,75.00,0.00,0.00,111.00,72.00,36.70,N,N,,,Jonella,,
CE0008745,IDS Expired,O+,06/09/1983,,Male,Mixed,"LP, WB,",Not Interested,,Negative,,80.80,178.10,175.00,68.90,26.40,N,N,Y,"Environmental,",Y,Y,,08/08/2023,02/07/2024,05/07/2024,16.00,165.60,43.70,65.00,3.60,0.00,106.00,71.00,36.00,N,Y,08/24/2022,ALLERGY: NICKEL,Takeshi,,
CE0008747,Not Responsive,,01/31/2003,,Female,AfricanAmerican,,,,,,118.50,261.30,170.20,67.00,40.90,N,N,N,,N,N,,,,,0.00,0.00,0.00,0.00,0.00,0.00,0.00,0.00,36.60,N,N,,,Kaliyah,,
CE0008748,IDS Expired,O+,03/08/1996,,Female,Caucasian,"LP, WB, BM,",BM 100ml,,Negative,POSITIVE,81.90,180.60,165.10,65.00,30.10,Y,N,N,,Y,N,,08/29/2022,07/21/2022,10/19/2022,13.30,254.90,38.30,70.00,8.00,0.00,100.00,55.00,36.90,N,N,,,Lauri,,
CE0008749,IDS Expired,A+,07/20/1999,,Female,Mixed,"LP, WB, BM,",BM 100ml,,Positive,POSITIVE,106.50,234.80,180.30,71.00,32.80,N,N,N,,Y,N,,08/18/2022,07/25/2022,10/23/2022,13.50,249.60,40.10,74.00,8.40,0.00,118.00,71.00,36.80,N,Y,08/18/2022,,Alexandra,,
CE0008751,Eligible,B+,12/06/1995,,Male,AfricanAmerican,"LP, WB,",Not Interested,,negative,Positive,75.90,167.30,178.00,70.10,24.00,N,N,N,,Y,N,,05/21/2026,04/27/2026,07/26/2026,15.20,146.90,45.60,65.00,6.10,0.00,131.00,75.00,36.30,Y,Y,05/21/2026,,Tajue,,
CE0008753,IDS Expired,A+,04/13/1996,,Female,Mixed,"LP, WB, BM,",BM 100ml,,Negative,,71.20,157.00,167.60,66.00,25.40,Y,N,N,,N,N,09/14/2022,,07/25/2022,10/23/2022,12.60,255.10,35.60,76.00,6.00,0.00,109.00,72.00,36.90,N,N,,,Leah,,
CE0008754,IDS Expired,O+,06/10/2004,,Female,Hispanic,"LP, WB, BM,",BM 100ml,,Positive,,60.80,134.00,158.80,62.50,24.10,N,Y,N,,N,N,,,12/09/2022,03/09/2023,13.50,172.00,38.30,74.00,5.90,0.00,121.00,72.00,36.70,N,N,,,Junuen,,
CE0008757,IDS Expired,A+,05/19/2001,,FTM,Caucasian,"LP, WB, BM,",BM 100ml,,negative,,71.20,157.00,167.60,66.00,25.30,Y,N,N,,N,N,,,07/27/2022,10/25/2022,17.10,249.00,49.00,92.00,6.60,0.00,130.00,75.00,37.00,N,N,,,Elliott,,
CE0008761,IDS Expired,B+,05/04/1995,,Male,asian,"LP, WB, BM,",BM 100ml,,POSITIVE,POSITIVE,84.50,186.30,180.30,71.00,26.00,Y,N,N,,Y,Y,,08/22/2022,07/27/2022,10/25/2022,15.70,219.90,46.50,51.00,4.30,0.00,117.00,63.00,36.90,N,Y,08/22/2022,,Dennis,,
CE0008764,Eligible,B+,01/02/1989,,Female,Mixed,"WB, BM,",BM 100ml,,POSITIVE,Negative,63.10,139.11,168.00,66.14,22.36,Y,N,Y,"Environmental,",Y,Y,07/13/2026,08/22/2023,05/08/2026,08/06/2026,12.70,232.00,38.10,82.00,8.26,0.00,108.00,61.00,36.30,Y,Y,09/08/2022,"ALLERGY: SEASONAL;
Medications: Sertraline, Centrizine, Prenatal",Kaisha,08/22/2023,NEGATIVE
CE0008765,Not Responsive,,04/28/1999,,Female,Caucasian,,,,,,0.00,0.00,0.00,0.00,0.00,N,N,N,,N,N,,,,,0.00,0.00,0.00,0.00,0.00,0.00,0.00,0.00,0.00,N,N,,,Brittany,,
CE0008777,IDS Expired,A+,02/24/2003,,Male,Caucasian,"LP, WB,",,,Negative,POSITIVE,94.60,208.60,183.00,72.10,28.30,Y,Y,N,,Y,N,06/17/2024,,06/17/2024,09/15/2024,14.70,223.40,45.20,79.00,8.20,0.00,121.00,82.00,36.70,N,Y,09/14/2022,,Dylan,,
CE0008780,Ineligible,,05/15/1992,,Male,Mixed,,,,,,137.10,302.30,177.80,70.00,43.40,Y,N,N,,N,N,,,,,0.00,0.00,0.00,76.00,0.00,0.00,131.00,87.00,36.70,N,N,,,Oscar,,
CE0008781,Not Responsive,,12/28/1993,,Male,Mixed,,,,,,83.80,184.80,172.70,68.00,28.10,N,Y,N,,N,N,,,,,14.70,127.90,44.30,65.00,3.50,0.00,119.00,64.00,36.30,N,N,,,Calvin,,
CE0008783,IDS Expired,A+,07/21/1999,,Male,Caucasian,"LP, WB,",Not Interested,,Positive,POSITIVE,102.20,225.30,175.30,69.00,33.30,N,N,N,,N,N,,,08/02/2022,10/31/2022,16.70,167.00,47.80,69.00,6.70,0.00,130.00,84.00,36.90,N,N,,,Lance,,
CE0008787,Not Responsive,,05/01/2003,,Female,Mixed,,,,,,57.10,125.90,62.00,24.40,148.50,Y,N,N,,N,N,,,,,0.00,0.00,0.00,88.00,0.00,0.00,106.00,73.00,36.90,N,N,,,Keialana,,
CE0008789,IDS Expired,O+,04/14/1995,,Male,Hispanic,"LP, WB, BM,",BM 100ml,,Positive,POSITIVE,92.20,203.30,178.00,70.10,29.10,N,N,Y,"Environmental,",Y,N,08/12/2024,07/03/2023,08/12/2024,11/10/2024,17.00,285.70,51.60,74.00,6.70,0.00,148.00,93.00,36.40,N,Y,08/31/2022,"ALLERGY: SEASONAL
Not eligible for mobilized LP due to hx of high BP",Elijah,,
CE0008791,IDS Expired,O+,10/17/1986,,Male,Hispanic,"LP,",,,Negative,positive,80.50,177.50,178.00,70.10,25.40,N,N,N,,Y,Y,08/12/2022,01/09/2024,01/09/2024,04/08/2024,12.50,227.70,36.60,71.00,3.50,0.00,106.00,58.00,36.80,N,Y,08/12/2022,,Orlando,,
CE0008792,Ineligible,,11/08/1971,,Male,Caucasian,,,,,,126.80,279.60,188.00,74.00,35.90,Y,N,N,,N,N,,,,,0.00,0.00,0.00,74.00,0.00,0.00,158.00,104.00,36.50,N,N,,,Gregg,,
CE0008793,Ineligible,,10/01/2002,,Female,Hispanic,,,,,,80.90,178.35,154.90,60.98,33.72,N,N,N,,N,N,,,,,0.00,0.00,0.00,0.00,0.00,0.00,0.00,0.00,36.70,N,N,,,Neida,,
CE0008796,Not Responsive,,11/23/2001,,Female,Hispanic,,DQ,,,,90.20,198.90,160.00,63.00,35.20,N,N,N,,N,N,,,,,0.00,0.00,0.00,79.00,0.00,0.00,143.00,85.00,36.80,N,N,,,Gladys,,
CE0008798,IDS Expired,B+,09/18/2001,,Male,Mixed,"LP, WB,",DQ,,Negative,,60.20,132.70,180.30,71.00,18.50,Y,N,N,,N,N,,,08/11/2022,11/09/2022,15.20,189.40,43.60,71.00,4.10,0.00,104.00,72.00,36.90,N,N,,,Jullian,,
CE0008800,Ineligible,,08/08/1995,,,,,,,,,61.00,134.48,170.20,67.01,21.06,N,N,N,,N,N,,,,,0.00,0.00,0.00,0.00,0.00,0.00,0.00,0.00,36.90,N,N,,,Victoria,,
CE0008801,Eligible,O+,11/18/1996,,FTM,asian,"WB, BM,",BM 100ml,,POSITIVE,POSITIVE,70.20,154.76,165.00,64.96,25.79,Y,N,N,,Y,Y,06/10/2026,03/12/2025,06/10/2026,09/08/2026,17.03,254.00,50.40,100.00,4.87,0.00,136.00,85.00,36.60,Y,Y,10/10/2025,,Bao,09/08/2023,POSITIVE
CE0008802,IDS Expired,B+,02/29/1992,,Male,AfricanAmerican,"BM,",BM 100ml,,Negative,,112.70,248.50,177.80,70.00,35.70,N,N,N,,N,N,09/14/2022,,08/10/2022,11/08/2022,17.10,146.00,46.80,61.00,3.30,0.00,133.00,83.00,36.90,N,Y,09/14/2022,,Dorian,,
CE0008804,IDS Expired,O+,05/11/1999,,Female,Mixed,"BM,",BM 100ml,,Positive,,87.30,192.50,170.20,67.00,30.10,Y,N,N,,N,N,,,08/10/2022,11/08/2022,14.30,284.60,41.60,76.00,7.80,0.00,125.00,78.00,36.90,N,N,,,Cassandra,,
CE0008807,Deferred,,09/24/2002,,Female,asian,,,,,,72.60,160.06,160.02,63.00,28.35,N,N,N,,N,N,,,07/10/2024,,10.52,300.90,33.00,72.00,5.27,0.00,100.00,65.00,36.50,N,N,,,Sabrina,,
CE0008810,Ineligible,,09/09/1987,,,,,,,,,79.30,174.83,177.80,70.00,25.08,N,N,N,,N,N,,,,,15.22,126.70,42.30,50.00,3.78,0.00,108.00,66.00,36.30,N,N,,referred to Canventa by Donor ZC CE0008737,Jason,,
CE0008811,IDS Expired,A+,09/23/2003,,Male,Hispanic,"LP, WB,",Not Interested,,Negative,NEGATIVE,61.00,134.50,180.30,71.00,18.80,N,N,N,,Y,N,,02/06/2023,02/06/2023,05/07/2023,14.40,211.40,41.70,83.00,6.20,0.00,112.00,62.00,36.90,N,Y,08/29/2022,,Brendon,,
CE0008812,IDS Expired,O+,01/13/1983,,Female,Caucasian,"LP, WB,",DQ,,Negative,,59.80,131.80,162.20,63.90,22.70,Y,N,N,,Y,Y,,11/08/2022,11/08/2022,02/06/2023,12.30,200.70,34.90,88.00,6.40,0.00,103.00,60.00,36.40,N,Y,10/04/2022,,Robin,,
CE0008816,IDS Expired,A+,10/02/1999,,Male,Hispanic,"LP, WB, BM,",BM 100ml,,Negative,POSITIVE,88.20,194.50,177.80,70.00,27.90,N,N,N,,N,N,,,08/10/2022,11/08/2022,15.50,240.00,44.00,60.00,9.30,0.00,132.00,86.00,36.90,N,N,,,Jesus,,
CE0008817,IDS Expired,B+,03/01/1994,,Male,AfricanAmerican,"LP, WB, BM,",BM 100ml,,Negative,POSITIVE,83.50,184.10,173.00,68.10,27.90,N,N,N,,Y,N,,05/13/2024,05/13/2024,08/11/2024,13.60,201.60,42.20,67.00,4.60,0.00,111.00,61.00,36.60,N,Y,10/06/2022,,Jared,11/01/2023,positive
CE0008818,Eligible,B+,07/12/2002,,Female,Hispanic,"WB, BM,",BM 100ml,,Negative,POSITIVE,77.10,169.98,163.00,64.17,29.02,Y,N,N,,Y,N,07/08/2026,,04/24/2026,07/23/2026,13.50,259.30,39.10,86.00,8.89,0.00,110.00,74.00,36.20,Y,Y,09/30/2022,DQ LP & mLP (veins) - 05/31/24,Julia,,
CE0008823,Eligible,A+,11/16/2002,,Female,Hispanic,"LP, WB, BM,",BM 100ml,,Positive,NEGATIVE,72.80,160.50,150.00,59.10,32.40,Y,N,N,,Y,N,02/12/2025,05/26/2026,05/26/2026,08/24/2026,13.96,249.20,40.70,70.00,3.21,0.00,127.00,78.00,36.10,Y,Y,11/14/2022,mLP Ineligible d/t BMI > 35,Lydia,01/22/2025,NEGATIVE
CE0008824,IDS Expired,O+,07/16/1987,,Female,Caucasian,"LP,",,,Negative,,67.10,147.90,170.00,66.90,23.20,Y,N,Y,"Environmental,",Y,Y,03/19/2025,11/20/2023,03/19/2025,06/17/2025,12.30,316.20,38.60,75.00,5.80,0.00,108.00,67.00,35.70,N,Y,09/27/2022,ALLERGY: WASPS,Sarah,,
CE0008826,Ineligible,,12/03/1990,,,,,,,,,0.00,0.00,0.00,0.00,0.00,N,N,N,,N,N,,,,,0.00,0.00,0.00,0.00,0.00,0.00,0.00,0.00,0.00,N,N,,,Yinda,,
CE0008828,IDS Expired,A+,06/01/2002,,Male,Hispanic,"LP, WB,",Not Interested,,Positive,POSITIVE,104.20,229.70,182.90,72.00,31.20,N,N,N,,N,N,,,08/15/2022,11/13/2022,15.00,142.10,44.60,74.00,4.80,0.00,112.00,69.00,36.80,N,N,,,Johan,,
CE0008833,IDS Expired,O+,06/12/2002,,Female,Caucasian,"LP, WB,",DQ,,Negative,POSITIVE,60.40,133.20,162.60,64.00,22.90,Y,N,N,,N,N,,,08/16/2022,11/14/2022,13.30,243.00,37.40,75.00,5.70,0.00,101.00,59.00,36.90,N,Y,11/02/2022,,Olivia,,
CE0008834,IDS Expired,AB+,11/22/1980,,Male,AfricanAmerican,"LP,",,,Negative,,55.70,122.80,165.10,65.00,20.40,N,N,N,,N,N,,,08/18/2022,11/16/2022,16.40,159.70,48.50,73.00,6.40,0.00,123.00,82.00,36.90,N,N,,,David,,
CE0008835,Not Responsive,,05/12/1981,,,,,,,,,83.60,184.30,165.10,65.00,30.70,N,N,N,,N,N,,,,,0.00,0.00,0.00,69.00,0.00,0.00,190.00,97.00,36.90,N,N,,,Tanya,,
CE0008837,IDS Expired,O+,01/12/1988,,Male,asian,"LP, WB, BM,",BM 100ml,,Negative,POSITIVE,100.40,221.30,170.20,67.00,34.70,N,Y,N,,N,N,,,08/16/2022,11/14/2022,15.00,195.80,45.20,82.00,8.00,0.00,146.00,93.00,36.90,N,N,,,Dennis,,
CE0008846,Eligible,O+,06/10/2002,,Female,Hispanic,"LP,",DQ,,Negative,Positive,66.30,146.17,168.00,66.10,23.60,N,N,N,,Y,N,,07/01/2026,05/20/2026,08/18/2026,13.10,299.90,40.00,73.00,4.51,0.00,119.00,66.00,36.30,Y,Y,03/29/2023,,Estefania,03/29/2023,Positive
CE0008847,Eligible,A+,03/26/2002,,Male,Hispanic,"LP, WB,",Not Interested,,Negative,NEGATIVE,80.90,178.35,173.00,68.10,26.70,N,N,N,,Y,Y,,05/20/2026,05/20/2026,08/18/2026,14.36,199.20,42.70,66.00,8.56,0.00,133.00,68.00,36.20,Y,Y,02/19/2025,,Giovanni,08/25/2023,NEGATIVE
CE0008848,IDS Expired,O+,06/10/1997,,Male,Mixed,"LP, WB, BM,",BM 100ml,,Negative,,89.30,196.90,167.60,66.00,31.80,N,N,N,,N,N,,,08/25/2022,11/23/2022,15.50,232.30,43.90,72.00,8.20,0.00,141.00,88.00,37.10,N,N,,,Matthew,,
CE0008849,IDS Expired,O+,11/05/1991,,Male,Mixed,"WB, BM,",BM 100ml,,Positive,Positive,90.00,198.42,168.00,66.14,31.89,Y,N,Y,"Environmental,",Y,N,08/25/2025,,08/25/2025,11/23/2025,16.11,286.90,46.20,92.00,6.10,0.00,135.00,90.00,35.70,N,N,,"ABO Rh blood test not ordered at initial screening;
ALLERGIES: SEASONAL",Joseph,05/20/2024,Positive
CE0008852,Ineligible,,08/10/1984,,,,,,,,,77.30,170.42,0.00,0.00,0.00,N,N,N,,N,N,,,,,0.00,0.00,0.00,67.00,0.00,0.00,126.00,82.00,36.30,N,N,,,Miguel,,
CE0008853,Ineligible,,08/26/1997,,Female,,,,,,,69.60,153.44,0.00,0.00,0.00,N,N,N,,N,N,,,,,13.43,181.00,39.10,0.00,2.40,0.00,0.00,0.00,37.00,N,N,,,Sarah,,
CE0008854,IDS Expired,O+,06/01/1997,,Female,Mixed,"LP,",,,Positive,POSITIVE,99.50,219.40,172.70,68.00,33.40,N,N,N,,Y,N,,10/19/2022,08/15/2022,11/13/2022,12.10,250.00,35.00,77.00,5.60,0.00,110.00,63.00,36.50,N,Y,09/12/2022,,McKenzie,,
CE0008855,IDS Expired,A+,09/08/1997,,Male,Mixed,"LP, WB, BM, MLP,",BM 100ml,,NEGATIVE,Negative,91.90,202.60,175.00,68.90,30.00,N,N,Y,"Environmental,",Y,N,10/25/2023,12/05/2023,12/04/2023,03/03/2024,16.10,251.10,48.40,67.00,6.00,0.00,137.00,85.00,36.30,N,Y,08/10/2023,"ALLERGY: POLLEN
high interest in mLP",Jacob,12/05/2023,Negative
CE0008865,Ineligible,,09/02/2002,,,,,DQ,,,,110.00,242.50,167.60,66.00,39.20,N,N,N,,N,N,,,,,0.00,0.00,0.00,80.00,0.00,0.00,121.00,79.00,36.50,N,N,,,Manal,,
CE0008868,Ineligible,,08/07/2000,,,,,,,,,55.60,122.58,144.78,57.00,26.53,N,N,N,,N,N,,,,,0.00,0.00,0.00,77.00,0.00,0.00,130.00,52.00,36.40,N,N,,,Amethyst,,
CE0008869,Ineligible,,08/14/1999,,,,,,,,,55.80,123.02,167.64,66.00,19.86,N,N,N,,N,N,,,,,0.00,0.00,0.00,0.00,0.00,0.00,0.00,0.00,0.00,N,N,,,Ashley,,
CE0008870,Not Responsive,,12/30/2001,,Female,Mixed,,,,,,57.40,126.60,167.60,66.00,20.40,N,Y,N,,N,N,,,,,0.00,0.00,0.00,0.00,0.00,0.00,0.00,0.00,36.90,N,N,,,Isabella,,
CE0008874,Ineligible,,11/13/1976,,,,,,,,,68.80,151.68,157.50,62.01,27.73,Y,N,N,,N,N,,,,,0.00,0.00,0.00,0.00,0.00,0.00,0.00,0.00,37.20,N,N,,,Cheyenne,,
CE0008875,IDS Expired,B+,10/24/1980,,Female,asian,"LP,",,,Positive,,65.60,144.60,154.20,60.70,27.60,Y,N,Y,"Environmental,",Y,N,10/28/2022,03/06/2023,03/06/2023,06/04/2023,12.20,189.60,36.20,91.00,7.80,0.00,123.00,82.00,36.20,N,N,,,Pallavi,,
CE0008878,Ineligible,A+,10/16/1991,,Female,Hispanic,,,,Positive,POSITIVE,73.30,161.60,165.00,64.96,26.92,N,N,N,,Y,Y,03/15/2023,,02/23/2023,05/24/2023,13.82,218.80,39.40,76.00,6.74,0.00,110.00,72.00,36.10,N,N,,"veins inadequate, may re-check w/ aggressive hydration",Guadalupe,,
CE0008881,IDS Expired,AB+,05/23/1990,,Male,Mixed,"LP, WB, BM,",BM 100ml,,Positive,POSITIVE,89.00,196.20,188.00,74.00,25.20,N,N,Y,"Environmental,",Y,N,12/07/2022,06/05/2023,06/05/2023,09/03/2023,14.00,285.00,41.10,68.00,6.90,0.00,104.00,55.00,36.50,N,Y,10/03/2022,ALLERGY: POLLEN,Burak,06/05/2023,POSITIVE
CE0008882,Ineligible,,09/30/1983,,,,,,,,,61.60,135.80,167.60,65.98,21.93,N,N,N,,N,N,,,,,0.00,0.00,0.00,69.00,0.00,0.00,102.00,70.00,36.90,N,N,,,Maribel,,
CE0008883,IDS Expired,O-,03/21/1989,,Male,Caucasian,"LP, WB, BM,",BM 100ml,,Positive,Positive,83.50,184.10,170.20,67.00,28.80,Y,N,N,,Y,Y,,03/02/2023,01/30/2023,04/30/2023,16.10,209.30,45.90,94.00,4.80,0.00,146.00,83.00,36.50,N,Y,10/11/2022,,David,,
CE0008888,IDS Expired,B+,10/26/1977,,Male,AfricanAmerican,"LP, WB, BM,",BM 100ml,,Positive,,108.90,240.10,190.50,75.00,30.00,N,N,Y,"Environmental,",Y,N,05/17/2023,04/11/2023,03/06/2023,06/04/2023,15.30,178.50,37.60,81.00,3.40,0.00,152.00,79.00,36.50,N,Y,12/21/2022,allergy: pollen,Fredderick,,
CE0008890,IDS Expired,A+,08/24/1971,,Female,Caucasian,"LP,",DQ,,Positive,POSITIVE,108.50,239.20,178.00,70.10,34.20,Y,N,N,,Y,N,09/20/2023,12/12/2023,10/30/2023,01/28/2024,12.20,190.00,34.20,80.00,4.20,0.00,126.00,65.00,36.20,N,Y,11/14/2022,,Zinaida,,
CE0008891,IDS Expired,AB-,08/28/1993,,Female,asian,"WB, BM,",BM 100ml,,Positive,,65.60,144.60,154.90,61.00,27.30,N,N,N,,N,N,,,08/30/2022,11/28/2022,12.60,305.90,38.70,80.00,8.20,0.00,112.00,74.00,37.00,N,N,,,Poonam,,
CE0008893,IDS Expired,A+,06/07/1999,,Male,asian,"LP, WB,",Not Interested,,Positive,Positive,79.40,175.10,173.00,68.10,26.50,Y,N,N,,Y,Y,,02/29/2024,01/24/2024,04/23/2024,13.50,182.60,48.10,75.00,5.70,0.00,135.00,68.00,36.60,N,N,,,Scott,,
CE0008896,IDS Expired,O+,05/20/1989,,Female,Mixed,"LP, WB, BM,",BM 100ml,,Negative,,69.90,154.10,160.00,63.00,27.30,N,N,N,,N,N,10/05/2022,,08/30/2022,11/28/2022,13.20,165.30,36.50,77.00,4.30,0.00,115.00,76.00,36.90,N,Y,10/05/2022,,Eden,,
CE0008908,IDS Expired,O+,06/20/1997,,Male,Hispanic,"LP, WB, BM,",BM 100ml,,Positive,POSITIVE,92.40,203.70,172.70,68.00,31.00,N,Y,N,,N,N,,,08/31/2022,11/29/2022,16.50,181.40,47.50,68.00,5.00,0.00,133.00,78.00,36.90,N,N,,,Isaac,,
CE0008917,Not Responsive,,03/09/1978,,,,,,,,,0.00,0.00,0.00,0.00,0.00,N,N,N,,N,N,,,,,0.00,0.00,0.00,0.00,0.00,0.00,0.00,0.00,0.00,N,N,,,Amanda,,
CE0008924,IDS Expired,O+,01/27/1994,,Male,Hispanic,"LP, WB,",Not Interested,,Negative,Positive,65.80,145.10,175.30,69.00,21.40,N,N,N,,Y,N,,10/11/2022,09/08/2022,12/07/2022,15.00,214.90,42.30,86.00,5.20,0.00,133.00,93.00,35.70,N,Y,10/11/2022,,Dominick,,
CE0008928,Deferred,A+,12/23/1999,,Female,Hispanic,,,,Positive,Positive,111.10,244.93,165.00,64.96,40.81,N,N,N,,Y,N,08/14/2023,,08/14/2023,11/12/2023,13.50,295.60,38.30,89.00,6.70,0.00,124.00,78.00,36.00,N,Y,11/07/2022,,Kayly,,
CE0008931,IDS Expired,A+,09/11/1997,,Female,Caucasian,"LP, WB,",Not Interested,,Negative,Positive,86.40,190.50,168.00,66.10,30.60,Y,N,N,,Y,N,,05/06/2024,05/06/2024,08/04/2024,13.50,267.90,40.40,75.00,5.90,0.00,127.00,71.00,36.20,N,Y,10/13/2022,DQ mLP d/t veins,Ellen,03/26/2024,POSITIVE
CE0008944,IDS Expired,A+,09/10/2000,,Male,Caucasian,"LP, WB,",,,Negative,POSITIVE,64.90,143.10,177.80,70.00,20.50,Y,N,N,,N,N,,,09/13/2022,12/12/2022,16.00,177.00,46.30,98.00,4.50,0.00,110.00,67.00,36.90,N,N,,,Liam,,
CE0008947,IDS Expired,A+,05/09/1993,,Female,Caucasian,"LP, WB, BM,",BM 100ml,,Negative,POSITIVE,74.60,164.46,168.00,66.10,26.20,Y,N,N,,Y,N,03/27/2026,06/23/2026,05/06/2026,08/04/2026,13.21,227.70,39.80,72.00,5.75,0.00,109.00,68.00,36.60,Y,Y,12/06/2022,,Morgan,09/12/2023,POSITIVE
CE0008951,Ineligible,,12/22/1984,,,,,,,,,0.00,0.00,0.00,0.00,0.00,N,N,N,,N,N,,,,,0.00,0.00,0.00,0.00,0.00,0.00,0.00,0.00,0.00,N,N,,,Evelyne,,
CE0008952,Not Responsive,,12/07/1974,,Male,Caucasian,,,,,,0.00,0.00,0.00,0.00,0.00,N,N,N,,N,N,,,,,0.00,0.00,0.00,0.00,0.00,0.00,0.00,0.00,0.00,N,N,,,Thomas,,
CE0008953,IDS Expired,A+,01/16/2003,,Male,Hispanic,"LP, WB, BM,",BM 100ml,,Negative,POSITIVE,94.10,207.50,173.00,68.10,31.40,Y,N,N,,Y,N,,07/18/2023,07/18/2023,10/16/2023,16.20,224.50,46.30,72.00,6.00,0.00,139.00,80.00,36.00,N,N,11/01/2022,,Cristopher,,
CE0008954,IDS Expired,O+,08/21/1998,,Male,Mixed,"LP, WB,",Not Interested,,Negative,POSITIVE,91.40,201.50,179.00,70.50,28.50,Y,Y,N,,Y,N,,04/22/2025,04/22/2025,07/21/2025,16.20,241.70,47.90,85.00,5.30,0.00,111.00,68.00,36.40,N,Y,10/18/2022,,Matthew,,
CE0008955,IDS Expired,O-,07/18/1988,,Female,Caucasian,"LP,",DQ,,Positive,POSITIVE,131.40,289.70,173.00,68.10,43.90,Y,N,Y,"Medication,",Y,Y,,01/05/2024,01/05/2024,04/04/2024,12.40,216.10,33.70,93.00,7.60,0.00,146.00,84.00,36.60,N,Y,03/17/2023,,Joelle,,
CE0008958,Eligible,O+,01/11/2000,,Female,Caucasian,"BM,",BM 100ml,,Negative,Negative,74.50,164.24,170.00,66.93,25.78,N,N,Y,"Environmental,",Y,N,07/13/2026,,07/13/2026,10/11/2026,12.96,224.90,37.90,96.00,4.19,0.00,121.00,73.00,36.40,Y,Y,11/14/2022,"ALLERGIES: ""bee stings, tree pollen"";
7/24/23 - small veins - NO LP or WB",Gabrielle,07/15/2024,NEGATIVE
CE0008959,IDS Expired,O+,07/04/1968,,Male,Mixed,"LP, WB, BM,",BM 100ml,,Positive,,84.30,185.90,180.00,70.90,26.00,N,N,Y,"Environmental,",Y,N,10/31/2023,07/26/2023,10/31/2023,01/29/2024,15.60,243.70,44.50,59.00,5.70,0.00,159.00,97.00,36.50,N,Y,10/18/2022,"allergy: ""animal dander""",Jeffrey,,
CE0008963,Ineligible,,11/24/1986,,Female,,,,,,,87.30,192.46,165.10,65.00,32.03,Y,N,N,,N,N,,,,,0.00,0.00,0.00,99.00,0.00,0.00,146.00,101.00,36.80,N,N,,,Emily,,
CE0008966,IDS Expired,A+,01/22/1989,,Female,Caucasian,"LP, WB, BM,",BM 100ml,,Negative,POSITIVE,76.80,169.30,175.30,69.00,25.00,Y,N,Y,"Environmental,",Y,Y,08/16/2023,11/14/2022,08/04/2023,11/02/2023,12.80,299.30,37.20,71.00,4.50,0.00,126.00,72.00,36.20,N,Y,10/10/2022,"ALLERGIES: ""PET DANDER, HAY FEVER""",Megan,,
CE0008968,Ineligible,,12/04/1997,,,,,,,,,57.00,125.66,149.86,59.00,25.38,N,N,N,,N,N,,,,,0.00,0.00,0.00,72.00,0.00,0.00,104.00,67.00,37.30,N,N,,,Amairani,,
CE0008971,Not Responsive,,01/13/1998,,Female,AfricanAmerican,,,,,,98.70,217.60,167.60,66.00,35.10,N,Y,N,,N,N,,,,,11.90,410.60,35.50,81.00,13.40,0.00,111.00,75.00,36.90,N,N,,,Daeija,,
CE0008972,Ineligible,,10/02/2003,,,,,,,,,169.30,373.20,182.90,72.00,50.60,N,N,N,,N,N,,,,,0.00,0.00,0.00,0.00,0.00,0.00,0.00,0.00,0.00,N,N,,,Christian,,
CE0008974,Ineligible,,03/02/1991,,,,,,,,,115.10,253.75,0.00,0.00,0.00,N,N,N,,N,N,,,,,12.97,275.10,39.40,96.00,2.84,0.00,127.00,95.00,36.10,N,N,,,Riyada,,
CE0008979,IDS Expired,O+,09/28/1999,,Female,Caucasian,,BM 100ml,,Negative,,66.30,146.20,180.30,71.00,20.40,Y,N,N,,N,N,,,09/22/2022,12/21/2022,13.30,232.80,37.80,68.00,5.20,0.00,105.00,68.00,36.90,N,N,,,Tess,,
CE0008983,IDS Expired,A-,09/07/1995,,Female,Hispanic,"LP, WB, BM, MLP,",BM 100ml,,Positive,POSITIVE,77.20,170.20,160.00,63.00,30.20,Y,Y,N,,Y,N,03/03/2026,04/07/2026,03/03/2026,06/01/2026,13.40,228.60,43.30,89.00,7.00,0.00,115.00,66.00,36.30,N,Y,11/21/2022,"DEFERRED from mLP until 02/13/2025  Ineligible until BMI decreases.
4/7/26: Not eligible for mobLP at this time.  Multiple access alarms and citrate sensitivity. mcl",Mariana,01/19/2024,Positive
CE0008985,IDS Expired,O+,04/13/1996,,Female,Hispanic,"LP, WB,",DQ,,Positive,Negative,74.50,164.20,157.50,62.00,30.00,N,N,N,,Y,N,10/28/2022,,09/27/2022,12/26/2022,16.20,383.20,47.70,88.00,10.30,0.00,116.00,84.00,36.60,N,Y,10/28/2022,,Rosa,,
CE0008988,IDS Expired,A+,08/15/1971,,Male,Caucasian,"LP, WB,",Not Interested,,Negative,,104.00,229.30,190.50,75.00,28.70,N,N,N,,Y,Y,,11/10/2022,10/10/2022,01/08/2023,18.20,191.60,52.40,80.00,8.70,0.00,165.00,80.00,36.40,N,Y,11/10/2022,,George,,
CE0008990,Ineligible,,05/04/1986,,Male,,,,,,,101.80,224.43,"1,727.00",679.92,0.34,N,N,N,,N,N,,,,,0.00,0.00,0.00,98.00,0.00,0.00,146.00,92.00,36.90,N,N,,,David,,
CE0008994,Ineligible,,08/09/2003,,,,,,,Positive,,68.00,149.91,177.80,70.00,21.51,N,N,N,,N,N,,,09/28/2022,12/27/2022,15.51,165.30,44.20,50.00,3.76,0.00,130.00,91.00,36.80,N,N,,,Nolan,,
CE0008997,IDS Expired,A+,03/30/1989,,Female,Hispanic,"LP,",,,positive,,81.90,180.60,168.00,66.10,29.00,N,N,N,,Y,N,,01/11/2024,11/13/2023,02/11/2024,13.10,272.70,37.60,78.00,5.20,0.00,141.00,73.00,36.60,N,Y,11/30/2023,INELIGIBLE mLP d/t hx low hgb (also works weekends & Mondays),Debora,,
CE0008998,IDS Expired,A+,03/08/1999,,Male,Caucasian,"LP, WB,",Not Interested,,Negative,POSITIVE,80.80,178.10,188.00,74.00,22.90,N,N,N,,Y,Y,,12/05/2022,09/28/2022,12/27/2022,15.70,200.00,44.20,73.00,5.60,0.00,124.00,71.00,36.60,N,Y,10/31/2022,,Kyle,,
CE0008999,IDS Expired,O+,07/25/1983,,Female,Caucasian,"LP,",,,Positive,,68.70,151.50,167.60,66.00,24.50,Y,N,N,,Y,Y,,10/12/2022,09/27/2022,12/26/2022,12.40,301.40,37.20,65.00,4.30,0.00,101.00,57.00,36.20,N,Y,10/12/2022,,Manessa,,
CE0009000,Ineligible,O+,09/24/1996,,Male,Caucasian,"LP, WB,",Not Interested,,Positive,POSITIVE,98.70,217.60,190.50,75.00,27.20,N,N,N,,Y,N,,12/14/2022,12/14/2022,03/14/2023,14.60,253.70,41.10,63.00,4.60,0.00,133.00,66.00,36.30,N,Y,11/09/2022,,Emile,,
CE0009002,IDS Expired,O+,01/28/1996,,Female,Hispanic,"LP, WB,",Not Interested,,Negative,POSITIVE,60.60,133.60,158.00,62.20,24.30,Y,N,N,,Y,N,11/02/2022,05/13/2026,03/18/2026,06/16/2026,14.40,246.50,41.60,79.00,6.10,0.00,108.00,59.00,35.80,N,Y,11/02/2022,"Pls DO NOT use for back-up - TWO no-shows as of 02/26/24.
3/23/26: Allowed to re-enter donation program after being DQ'd for multiple no shows.",Marlene,,
CE0009003,Ineligible,,03/17/1980,,Female,AfricanAmerican,,,,,,0.00,0.00,0.00,0.00,0.00,Y,N,N,,N,N,,,,,0.00,0.00,0.00,0.00,0.00,0.00,0.00,0.00,0.00,N,N,,,Alana,,
CE0009009,IDS Expired,B+,11/07/1985,,Male,Hispanic,"LP, WB,",Not Interested,,POSITIVE,,89.50,197.31,170.00,66.93,30.97,N,N,N,,Y,Y,10/24/2022,08/05/2025,08/05/2025,11/03/2025,15.69,203.10,44.70,58.00,5.21,0.00,120.00,67.00,36.20,N,Y,03/05/2025,,Jesus,,
CE0009013,IDS Expired,O+,06/14/1989,,Male,Mixed,"LP, WB,",DQ,,Positive,POSITIVE,108.20,238.50,170.20,67.00,37.40,N,N,N,,Y,Y,,11/14/2022,10/06/2022,01/04/2023,13.40,283.80,39.80,59.00,7.50,0.00,149.00,76.00,37.10,N,Y,11/14/2022,,Johnathan,,
CE0009018,Ineligible,O+,05/08/2000,,Female,asian,"LP, WB,",DQ,,positive,POSITIVE,55.20,121.70,165.00,65.00,20.30,Y,N,Y,"Medication,",Y,N,,11/13/2023,09/14/2023,12/13/2023,13.30,285.80,38.80,88.00,4.00,0.00,121.00,68.00,36.40,N,Y,10/09/2023,"Allergy: Amoxicillin
Multiple no shows. Perm DQ","Samantha ""Sam""",10/09/2023,POSITIVE
CE0009023,Ineligible,,07/30/1997,,,,,,,,,53.30,117.50,0.00,0.00,0.00,N,N,N,,N,N,,,,,0.00,0.00,0.00,0.00,0.00,0.00,0.00,0.00,36.40,N,N,,,Kelli,,
CE0009025,Ineligible,,10/22/1992,,Male,Hispanic,,,,,,0.00,0.00,0.00,0.00,0.00,N,N,N,,N,N,,,,,0.00,0.00,0.00,0.00,0.00,0.00,0.00,0.00,0.00,N,N,,,Christian,,
CE0009026,Not Responsive,,01/17/1993,,Male,AfricanAmerican,,,,,,89.70,197.80,185.40,73.00,26.10,N,N,N,,N,N,,,,,13.90,238.00,40.20,66.00,3.00,0.00,141.00,72.00,36.30,N,N,,,Caleb,,
CE0009034,IDS Expired,A+,04/28/2000,,Female,asian,"LP, WB,",,,Positive,,58.80,129.60,157.50,62.00,23.70,Y,N,N,,N,N,,,10/14/2022,01/12/2023,15.40,243.20,44.50,68.00,5.90,0.00,100.00,58.00,36.60,N,N,,,Christina,,
CE0009037,IDS Expired,O+,12/04/1980,,Female,Caucasian,"LP, WB, BM,",BM 100ml,,Positive,,69.90,154.10,170.00,66.90,24.20,N,N,N,,N,N,,,10/17/2022,01/15/2023,13.50,317.40,39.80,72.00,6.70,0.00,100.00,54.00,36.40,N,N,,,Alison,,
CE0009039,Ineligible,,12/14/1998,,Female,Hispanic,,,,,,77.90,171.70,160.00,63.00,30.40,Y,N,N,,N,N,,,,,0.00,0.00,0.00,69.00,0.00,0.00,111.00,73.00,36.50,N,N,,,Daniela,,
CE0009040,Ineligible,,10/21/1999,,,,,,,,,0.00,0.00,0.00,0.00,0.00,N,N,N,,N,N,,,,,0.00,0.00,0.00,0.00,0.00,0.00,0.00,0.00,0.00,N,N,,,Julian,,
CE0009046,IDS Expired,O+,02/10/1999,,Male,asian,"LP, WB, BM, MLP,",BM 100ml,,Positive,Positive,72.50,159.80,168.00,66.10,25.70,Y,N,Y,"Environmental,",Y,N,10/11/2023,09/06/2023,09/06/2023,12/05/2023,13.00,254.10,44.10,77.00,7.20,0.00,138.00,76.00,36.00,N,Y,11/21/2022,"ALLERGY: nickel
LAST MLP donation: 05/23/23",Colby,,
CE0009047,Ineligible,,01/30/1992,,,,,,,,,0.00,0.00,0.00,0.00,0.00,N,N,N,,N,N,,,,,0.00,0.00,0.00,0.00,0.00,0.00,0.00,0.00,0.00,N,N,,,Jason,,
CE0009049,Eligible,O+,03/22/1990,,Female,Hispanic,"LP, WB, BM,",BM 100ml,,Positive,,64.80,142.86,168.00,66.14,22.96,Y,Y,N,,Y,Y,06/08/2026,07/14/2026,06/08/2026,09/06/2026,12.32,263.30,35.80,83.00,5.39,0.00,112.00,57.00,36.60,Y,Y,12/02/2024,,Ruby,,
CE0009051,IDS Expired,B+,04/25/1989,,Female,Mixed,"LP, WB, BM,",BM 100ml,,Negative,Positive,90.40,199.30,167.60,66.00,32.20,N,N,N,,Y,N,05/15/2023,,03/15/2023,06/13/2023,14.30,144.60,42.10,53.00,6.40,0.00,131.00,85.00,36.10,N,Y,11/16/2022,,Erica,,
CE0009052,IDS Expired,B+,06/06/1991,,Male,AfricanAmerican,"LP, WB, BM,",BM 100ml,,Negative,,69.80,153.90,170.20,67.00,24.10,N,Y,N,,N,N,,,10/18/2022,01/16/2023,16.90,196.70,49.30,77.00,8.10,0.00,128.00,78.00,36.40,N,N,,,Charles,,
CE0009053,IDS Expired,O+,07/10/1985,,Female,Mixed,"LP, WB,",DQ,,Negative,,82.30,181.40,157.00,61.80,34.80,Y,N,N,,Y,N,,06/02/2026,03/30/2026,06/28/2026,13.10,211.80,37.90,92.00,5.20,0.00,122.00,67.00,36.30,N,Y,12/05/2022,,Mimi,,
CE0009054,Ineligible,O+,03/01/1993,,Female,Hispanic,,,,Positive,POSITIVE,111.10,244.93,170.00,66.93,38.44,Y,N,Y,"Medication,",Y,N,,05/07/2024,05/07/2024,08/05/2024,13.36,268.80,42.20,87.00,8.97,0.00,150.00,94.00,36.30,N,Y,11/04/2022,"ALLERGIES: PROZAC, SULFAMETHOXAZOLE
6/23 - hips palpated - ok for BMA
DQ mLP (difficult venous access)",Maria,,
CE0009057,Ineligible,,11/03/2001,,Female,Hispanic,,,,,,93.10,205.30,160.00,63.00,36.40,Y,Y,N,,N,N,,,,,0.00,0.00,0.00,99.00,0.00,0.00,125.00,82.00,36.60,N,N,,,Susana,,
CE0009058,Ineligible,,01/23/1982,,,,,,,,,92.50,203.93,185.50,73.03,26.88,N,N,N,,N,N,,,,,14.42,171.90,42.30,63.00,2.96,0.00,144.00,85.00,36.20,N,N,,,Joseph,,
CE0009061,IDS Expired,A+,02/10/1992,,Male,Caucasian,"LP, WB, BM,",BM 100ml,,Positive,,75.60,166.70,175.30,69.00,24.60,N,Y,N,,N,N,,,10/21/2022,01/19/2023,15.30,213.30,43.50,68.00,5.30,0.00,124.00,75.00,36.20,N,N,,,Jordan,,
CE0009062,IDS Expired,A+,10/02/1989,,Male,Mixed,"LP, WB,",Not Interested,,Positive,POSITIVE,112.50,248.00,183.00,72.10,34.30,N,N,N,,Y,N,,06/16/2026,04/07/2026,07/06/2026,16.10,223.00,49.80,88.00,6.00,0.00,127.00,77.00,35.80,N,Y,12/05/2022,DQ for MobLP due to ongoing VP challenges.,Paris,,
CE0009063,IDS Expired,A+,01/28/1987,,Male,Caucasian,"LP, WB, BM,",BM 100ml,,Negative,,90.40,199.30,180.00,70.90,27.90,Y,N,N,,Y,Y,09/14/2023,,09/14/2023,12/13/2023,15.70,149.00,44.60,71.00,4.30,0.00,142.00,89.00,36.60,N,Y,11/30/2022,,Caleb,,
CE0009069,IDS Expired,O+,02/02/1975,,Female,Caucasian,"LP, WB, BM,",BM 100ml,,Positive,,65.30,144.00,162.60,64.00,24.70,Y,N,N,,N,N,12/19/2022,,10/20/2022,01/18/2023,13.70,179.20,39.10,68.00,6.00,0.00,110.00,72.00,36.60,N,Y,12/19/2022,,Camilla,,
CE0009070,IDS Expired,A+,02/17/1992,,Female,Unknown,"LP,",DQ,,Negative,POSITIVE,58.40,128.80,165.10,65.00,21.40,N,N,N,,Y,N,,11/08/2022,10/20/2022,01/18/2023,12.20,272.30,35.40,90.00,7.60,0.00,126.00,72.00,36.70,N,Y,11/08/2022,,Brittany,,
CE0009072,IDS Expired,O+,04/14/1997,,Female,Caucasian,"LP,",Not Interested,,Positive,POSITIVE,70.60,155.70,160.20,63.10,27.50,Y,N,N,,Y,N,,01/26/2023,11/22/2022,02/20/2023,12.20,236.40,35.40,74.00,3.90,0.00,118.00,66.00,36.00,N,Y,12/12/2022,,Mallory,,
CE0009077,IDS Expired,O+,07/05/1991,,Female,Caucasian,"WB, BM,",BM 100ml,,Negative,,100.90,222.50,182.90,72.00,30.20,Y,N,N,,N,N,,,11/09/2022,02/07/2023,14.50,171.80,41.70,78.00,5.70,0.00,142.00,89.00,36.60,N,N,,,Rebecca,,
CE0009079,Not Responsive,,10/11/2001,,Female,Hispanic,,,,,,56.50,124.60,162.20,63.90,21.50,N,N,N,,N,N,,,,,11.50,178.90,33.10,70.00,4.80,0.00,101.00,71.00,36.90,N,N,,,Milly,,
CE0009093,IDS Expired,O+,02/16/1985,,Female,Caucasian,"LP, WB, BM,",BM 100ml,,Negative,,82.30,181.40,165.10,65.00,30.20,Y,N,N,,N,N,,,10/31/2022,01/29/2023,13.10,220.80,37.10,71.00,7.40,0.00,101.00,66.00,36.20,N,N,,,Kathryne,,
CE0009096,Eligible,O+,02/24/2003,,Male,Caucasian,"LP, WB, BM,",BM 100ml,,Negative,POSITIVE,93.30,205.69,185.00,72.83,27.26,N,N,Y,"Environmental,",Y,N,11/25/2025,,07/09/2026,10/07/2026,14.49,219.00,41.80,71.00,5.57,0.00,136.00,79.00,36.30,Y,Y,11/28/2022,ALLERGIES: POLLEN FROM GRASS/TREES,Alec,05/01/2024,POSITIVE
CE0009098,Ineligible,A+,03/20/2003,,Male,Mixed,,,,Positive,Positive,67.50,148.81,173.00,68.11,22.55,N,N,Y,"Medication,",Y,N,03/27/2023,09/28/2023,09/28/2023,12/27/2023,14.64,203.90,44.80,63.00,4.81,0.00,136.00,75.00,36.50,N,Y,11/14/2022,ALLERGY: PCN,Micah,,
CE0009099,Deferred,O+,01/05/1993,,Female,Hispanic,"LP, WB, BM,",BM 100ml,,Negative,Positive,79.60,175.49,152.00,59.84,34.45,Y,N,N,,Y,Y,05/10/2024,03/27/2026,03/18/2026,06/16/2026,14.11,241.20,41.00,82.00,6.01,0.00,118.00,73.00,36.40,N,Y,11/29/2022,INELIGIBLE for mLP d/t difficult venous access.,Sandra,02/24/2023,POSITIVE
CE0009100,IDS Expired,O+,12/18/1991,,Male,Caucasian,"LP, WB, BM,",BM 100ml,,Negative,POSITIVE,106.30,234.35,172.70,67.99,35.64,N,N,N,,Y,N,,01/09/2023,11/01/2022,01/30/2023,16.16,99.20,45.60,82.00,6.81,0.00,142.00,76.00,36.30,N,N,,,Tyler,,
CE0009105,IDS Expired,A+,01/04/1995,,Male,Mixed,"WB, BM,",BM 100ml,,Negative,Positive,101.90,224.70,178.00,70.10,32.20,N,Y,N,,Y,Y,03/29/2023,,03/29/2023,06/27/2023,15.10,200.50,42.50,57.00,5.70,0.00,121.00,73.00,36.60,N,N,,,Matthew,03/29/2023,Positive
CE0009107,Ineligible,,06/24/1996,,Female,Caucasian,,,,,,0.00,0.00,0.00,0.00,0.00,Y,N,N,,N,N,,,,,0.00,0.00,0.00,0.00,0.00,0.00,0.00,0.00,0.00,N,N,,,Hannah,,
CE0009109,Ineligible,,05/13/1975,,Male,Caucasian,,,,,,100.00,220.46,187.96,74.00,28.31,Y,N,N,,N,N,,,,,16.01,218.40,45.20,97.00,6.31,0.00,126.00,90.00,36.10,N,N,,,Chris,,
CE0009111,Ineligible,,03/13/1967,,Male,Caucasian,,,,,,0.00,0.00,0.00,0.00,0.00,N,N,N,,N,N,,,,,0.00,0.00,0.00,0.00,0.00,0.00,0.00,0.00,0.00,N,N,,,Michael,,
CE0009112,Ineligible,,05/19/1985,,,,,,,,,64.40,142.00,172.70,68.00,21.60,N,N,N,,N,N,,,,,0.00,0.00,0.00,83.00,0.00,0.00,121.00,75.00,36.40,N,N,,,Kris,,
CE0009115,Ineligible,,10/05/1975,,,,,,,,,81.80,180.34,185.40,72.99,23.80,N,N,N,,N,N,,,,,16.02,311.90,46.30,85.00,15.51,0.00,143.00,87.00,37.10,N,N,,,Douglas,,
CE0009116,Ineligible,A+,10/02/1996,,Male,Caucasian,,,,Positive,Positive,62.20,137.10,183.00,72.10,18.60,Y,Y,N,,Y,N,,10/16/2023,08/30/2023,11/28/2023,14.10,324.70,41.20,74.00,3.90,0.00,100.00,56.00,36.70,N,Y,12/20/2022,DQ mLP due to reliability.,Parker,,
CE0009120,IDS Expired,O+,09/21/2000,,Female,AfricanAmerican,"LP, WB, BM,",BM 100ml,,Negative,Negative,99.70,219.80,165.00,65.00,24.10,Y,N,Y,"Food,",Y,Y,06/02/2025,07/07/2026,07/06/2026,10/04/2026,12.98,267.40,39.20,60.00,5.96,0.00,129.00,73.00,35.80,Y,Y,01/04/2023,Allergy:Walnuts;,Maya,05/12/2025,Negative
CE0009122,Deferred,,04/24/1986,,,,,,,,,95.60,210.76,0.00,0.00,0.00,N,N,N,,N,N,,,,,0.00,0.00,0.00,98.00,0.00,0.00,166.00,103.00,36.70,N,N,,Can screen again starting 10/24/23.,Samuel,,
CE0009123,IDS Expired,O+,12/22/1994,,Female,Hispanic,"LP, WB,",Not Interested,,Positive,,70.80,156.10,167.60,66.00,25.20,N,N,N,,N,N,,,11/08/2022,02/06/2023,13.30,179.20,38.20,75.00,5.20,0.00,113.00,64.00,36.60,N,N,,,Amanda,,
CE0009124,IDS Expired,B+,06/30/1994,,Female,Caucasian,"LP, WB,",Not Interested,,Positive,POSITIVE,78.30,172.60,177.80,70.00,24.80,N,Y,N,,Y,N,,12/07/2022,11/10/2022,02/08/2023,13.30,182.00,38.40,78.00,44.90,0.00,114.00,65.00,36.80,N,Y,12/07/2022,,Elise,,
CE0009126,IDS Expired,O+,06/06/1997,,Male,Caucasian,"LP, WB, BM,",BM 100ml,,Negative,NEGATIVE,66.20,146.00,177.80,70.00,20.90,N,N,N,,Y,N,07/24/2023,02/03/2023,07/24/2023,10/22/2023,15.20,178.20,42.30,59.00,3.50,0.00,116.00,68.00,36.80,N,Y,02/03/2023,,Bret,07/24/2023,Negative
CE0009127,IDS Expired,O+,10/25/2004,,Female,Caucasian,"LP,",DQ,,Negative,NEGATIVE,65.40,144.20,173.00,68.10,21.90,Y,N,N,,Y,Y,03/22/2023,11/12/2024,11/12/2024,02/10/2025,12.10,365.40,36.40,92.00,6.50,0.00,107.00,65.00,36.40,N,Y,03/22/2023,INELIGIBLE for mLP d/t hx low hgb,Haylee,11/12/2024,NEGATIVE
CE0009128,Ineligible,,01/19/1996,,Female,,,,,,,0.00,0.00,0.00,0.00,0.00,N,N,N,,N,N,,,,,0.00,0.00,0.00,0.00,0.00,0.00,0.00,0.00,0.00,N,N,,,Aisha,,
CE0009133,IDS Expired,O+,12/08/1969,,Female,Caucasian,"LP, WB,",DQ,,Negative,POSITIVE,58.40,128.80,163.00,64.20,22.00,Y,Y,N,,Y,Y,,08/20/2024,08/20/2024,11/18/2024,13.70,248.20,40.70,80.00,4.80,0.00,107.00,63.00,35.60,N,Y,12/15/2022,,Julie,06/27/2023,POSITIVE
CE0009136,Not Responsive,,10/20/1971,,Male,AfricanAmerican,,,,,,87.70,193.40,180.30,71.00,27.00,N,N,N,,N,N,,,,,12.40,221.20,36.20,68.00,9.10,0.00,119.00,74.00,36.30,N,N,,,Arnold,,
CE0009138,IDS Expired,O+,02/07/1997,,Male,Mixed,"LP, WB, BM,",BM 100ml,,Negative,Positive,97.90,215.80,162.60,64.00,37.00,N,N,N,,Y,Y,,12/20/2022,11/17/2022,02/15/2023,14.90,290.00,43.80,96.00,10.30,0.00,163.00,94.00,36.50,N,Y,12/20/2022,,Edrei,,
CE0009139,IDS Expired,AB+,08/12/2004,,Female,asian,"LP, WB,",DQ,,Positive,NEGATIVE,56.80,125.22,163.00,64.17,21.38,N,N,N,,Y,N,,09/24/2025,07/16/2025,10/14/2025,12.04,268.40,36.30,75.00,5.89,0.00,111.00,67.00,36.10,N,Y,12/06/2022,,Ivonne,04/05/2023,NEGATIVE
CE0009144,IDS Expired,O+,07/24/1986,,Male,AfricanAmerican,"LP, WB,",Not Interested,,Positive,,87.20,192.20,175.30,69.00,28.40,N,N,N,,N,N,,,11/17/2022,02/15/2023,16.20,176.20,46.10,62.00,3.60,0.00,126.00,83.00,36.40,N,N,,,Simon,,
CE0009147,IDS Expired,A-,12/30/1987,,Male,Caucasian,"LP, WB, BM,",BM 100ml,,POSITIVE,,82.10,181.00,183.00,72.10,24.50,N,N,Y,"Medication,",Y,N,06/24/2024,,04/12/2024,07/11/2024,14.70,143.50,43.10,76.00,3.90,0.00,116.00,71.00,36.30,N,Y,04/26/2023,ALLERGY: penicillin,Andrii,,
CE0009149,IDS Expired,AB-,12/12/1994,,Male,Caucasian,"LP, WB, MLP,",Not Interested,,Negative,POSITIVE,101.80,224.40,178.00,70.10,32.10,N,N,N,,Y,N,12/05/2022,08/26/2024,08/26/2024,11/24/2024,14.50,275.30,42.90,64.00,4.60,0.00,135.00,74.00,35.60,N,Y,12/05/2022,,Noah,05/05/2023,POSITIVE
CE0009154,IDS Expired,O+,03/18/1979,,Female,Hispanic,"LP, WB,",DQ,,Negative,POSITIVE,58.80,129.60,157.50,62.00,23.70,N,N,N,,Y,Y,,01/13/2023,11/16/2022,02/14/2023,13.70,216.00,40.30,90.00,6.90,0.00,110.00,62.00,36.50,N,Y,11/28/2022,,Angelica,,
CE0009155,Ineligible,,03/02/2003,,,,,,,,,57.80,127.43,0.00,0.00,0.00,N,N,N,,N,N,,,,,0.00,0.00,0.00,95.00,0.00,0.00,94.00,64.00,36.60,N,N,,,Grace,,
CE0009156,Deferred,O+,03/16/2002,,Female,Hispanic,"LP, WB, BM,",BM 100ml,,positive,Positive,68.10,150.13,157.00,61.81,27.63,N,N,N,,Y,Y,12/18/2023,,12/18/2023,03/17/2024,12.14,375.00,36.90,64.00,4.99,0.00,102.00,61.00,36.20,N,Y,12/18/2023,,Itzy,12/18/2023,Positive
CE0009157,IDS Expired,O+,12/28/1981,,Male,Caucasian,"LP, WB, BM,",BM 100ml,,Positive,,119.00,262.40,196.00,77.20,31.00,N,N,N,,N,N,11/13/2024,,11/04/2024,02/02/2025,16.40,235.00,44.10,78.00,3.70,0.00,119.00,79.00,36.50,N,Y,11/13/2024,,Timothy,,
CE0009160,IDS Expired,A+,04/28/2000,,Female,Caucasian,"LP, WB, BM,",BM 100ml,,Negative,,75.70,166.90,175.30,69.00,24.60,Y,N,N,,N,N,01/06/2023,,11/16/2022,02/14/2023,12.70,257.20,38.70,88.00,8.50,0.00,125.00,71.00,36.30,N,Y,01/06/2023,,Allison,,
CE0009161,IDS Expired,O+,09/16/1997,,Female,Mixed,"LP, WB,",,,Positive,,61.20,134.90,162.00,63.90,23.30,Y,N,N,,Y,N,,12/21/2022,11/21/2022,02/19/2023,12.80,260.70,37.30,63.00,7.30,0.00,113.00,51.00,36.30,N,Y,12/21/2022,,Cynthia,,
CE0009163,IDS Expired,A+,12/03/1973,,Female,Hispanic,"LP, WB, BM,",BM 100ml,,Positive,,91.70,202.20,152.00,59.80,39.70,N,N,N,,N,N,05/15/2024,,04/24/2024,07/23/2024,14.30,208.60,44.90,60.00,5.20,0.00,148.00,90.00,36.30,N,Y,05/15/2024,,Aracely,,
CE0009167,Ineligible,B+,08/27/1968,,Female,Caucasian,,,,Positive,,71.80,158.30,175.30,69.00,23.40,N,N,N,,N,N,,,11/22/2022,02/20/2023,13.20,214.60,37.50,50.00,4.80,0.00,125.00,74.00,36.30,N,N,,,Rebecca,,
CE0009169,IDS Expired,O+,05/24/1988,,Female,Hispanic,"LP, WB, BM,",BM 100ml,,Negative,,73.40,161.80,160.00,63.00,28.70,N,N,N,,N,N,,,12/14/2022,03/14/2023,13.60,282.40,39.10,71.00,6.80,0.00,115.00,73.00,35.70,N,N,,,Angela,,
CE0009181,Ineligible,A+,01/10/1982,,Male,Caucasian,,,,Negative,,113.60,250.45,193.00,75.98,30.50,N,Y,N,,Y,N,03/27/2023,05/08/2023,03/27/2023,06/25/2023,16.14,219.10,45.30,78.00,8.45,0.00,140.00,63.00,36.00,N,Y,01/09/2023,,James,,
CE0009182,Ineligible,,05/06/1972,,,,,,,,,99.10,218.48,0.00,0.00,0.00,Y,N,N,,N,N,,,,,0.00,0.00,0.00,0.00,0.00,0.00,0.00,0.00,36.40,N,N,,,Richard,,
CE0009183,IDS Expired,O-,01/07/1983,,Male,Caucasian,"LP, WB, BM,",BM 100ml,,Positive,,94.60,208.60,185.00,72.80,27.60,Y,Y,N,,Y,Y,05/05/2026,03/30/2026,03/17/2026,06/15/2026,16.10,168.30,48.20,69.00,4.20,0.00,121.00,69.00,36.40,N,Y,09/12/2023,DQ mLP d/t age.,Jarrod,,
CE0009186,IDS Expired,A+,05/15/2000,,Female,Caucasian,"LP, WB, BM,",BM 100ml,,Negative,,66.40,146.40,172.70,68.00,22.30,Y,N,N,,N,N,,,11/30/2022,02/28/2023,14.80,268.60,42.00,89.00,5.00,0.00,133.00,74.00,36.40,N,N,,,Arabella,,
CE0009189,IDS Expired,O+,05/03/1996,,Female,Hispanic,"LP, WB,",Not Interested,,Positive,POSITIVE,69.70,153.70,160.00,63.00,27.20,Y,N,N,,Y,N,,07/31/2024,07/31/2024,10/29/2024,13.90,284.40,42.50,68.00,9.00,0.00,115.00,68.00,36.80,N,Y,05/01/2024,,Adriana,05/01/2024,POSITIVE
CE0009190,IDS Expired,AB+,09/02/1991,,Male,asian,"LP, WB,",Not Interested,,Negative,,68.30,150.60,177.80,70.00,21.60,N,N,N,,N,N,,,11/30/2022,02/28/2023,15.00,239.30,44.00,86.00,5.60,0.00,113.00,68.00,36.40,N,N,,,Bryant,,
CE0009206,Not Responsive,,02/10/1988,,,,,,,,,76.50,168.70,185.40,73.00,22.30,N,N,N,,N,N,,,,,12.00,277.20,35.50,50.00,4.30,0.00,116.00,59.00,36.60,N,N,,,Nyema,,
CE0009207,IDS Expired,A+,05/02/1990,,Male,AfricanAmerican,"LP, WB, BM,",BM 100ml,,Positive,,91.40,201.50,180.30,71.00,28.10,N,Y,N,,N,N,,,12/06/2022,03/06/2023,13.40,211.90,38.10,76.00,7.00,0.00,126.00,64.00,36.80,N,N,,,Drakkar,,
CE0009208,Ineligible,,05/28/2003,,,,,,,,,61.10,134.70,172.70,67.99,20.49,N,N,N,,N,N,,,,,8.57,460.70,26.60,84.00,3.29,0.00,121.00,74.00,36.60,N,N,,,Lethia,,
CE0009214,Ineligible,B+,03/03/1978,,Male,asian,,Not Interested,,Positive,POSITIVE,107.90,237.88,183.00,72.05,32.22,N,N,N,,Y,N,,07/10/2023,04/24/2023,07/23/2023,14.28,238.30,41.40,85.00,7.75,0.00,139.00,76.00,36.30,N,Y,01/20/2023,,Yunus,07/10/2023,POSITIVE
CE0009215,IDS Expired,B+,08/01/1989,,Male,Hispanic,"LP, WB, BM,",BM 100ml,,Negative,POSITIVE,66.80,147.30,162.60,64.00,25.30,N,N,N,,Y,Y,,03/14/2023,03/14/2023,06/12/2023,14.70,227.80,42.20,80.00,6.60,0.00,132.00,69.00,36.70,N,Y,01/12/2023,,Victor,,
CE0009216,Ineligible,A+,01/24/2003,,Female,asian,,,,Positive,Positive,76.50,168.65,167.60,65.98,27.23,Y,N,N,,Y,Y,05/22/2023,,03/27/2023,06/25/2023,14.80,171.00,42.00,86.00,5.12,0.00,136.00,80.00,36.00,N,Y,12/21/2022,,Leanne,03/27/2023,Positive
CE0009217,IDS Expired,O+,12/31/2001,,Male,asian,"LP, WB,",Not Interested,,POSITIVE,POSITIVE,78.50,173.10,175.30,69.00,25.50,N,N,N,,Y,N,,05/16/2023,05/16/2023,08/14/2023,15.50,241.90,46.10,100.00,5.60,0.00,136.00,79.00,36.10,N,Y,03/07/2023,NO BACK-UP ROLES PLS,Vincent,,
CE0009220,Ineligible,,03/31/1984,,,,,,,,,93.60,206.35,170.20,67.01,32.31,N,N,N,,N,N,,,,,0.00,0.00,0.00,102.00,0.00,0.00,169.00,109.00,36.50,N,N,,,Aja,,
CE0009221,IDS Expired,A-,08/06/1990,,Female,Caucasian,"LP,",,,Negative,POSITIVE,69.30,152.80,167.60,66.00,24.70,Y,N,N,,Y,N,,01/23/2023,12/07/2022,03/07/2023,12.20,232.70,34.50,77.00,6.30,0.00,115.00,66.00,36.10,N,Y,01/23/2023,,Jessica,,
CE0009222,IDS Expired,O+,01/11/2003,,Male,Caucasian,"LP, WB,",DQ,,Negative,,81.50,179.70,180.30,71.00,25.10,N,N,N,,N,N,,,12/08/2022,03/08/2023,15.50,267.60,44.60,76.00,6.80,0.00,137.00,76.00,36.80,N,N,,,Nathan,,
CE0009227,IDS Expired,O+,03/12/2000,,Female,asian,"LP, WB,",DQ,,Positive,Positive,58.00,127.90,165.10,65.00,21.30,N,N,N,,Y,N,,12/21/2022,12/12/2022,03/12/2023,13.10,209.10,36.70,81.00,6.80,0.00,125.00,76.00,36.40,N,Y,12/21/2022,,Areeya,,
CE0009228,Ineligible,O+,08/17/1998,,Female,Caucasian,"LP,",,,Negative,,64.80,142.90,167.60,66.00,23.10,Y,N,N,,N,N,,,02/08/2023,05/09/2023,12.40,218.60,35.40,59.00,5.80,0.00,103.00,62.00,36.60,N,N,,Hgb too low for WB/BMA,Madeleine,,
CE0009235,Ineligible,,05/05/1984,,,,,,,,,74.00,163.14,152.40,60.00,31.86,N,N,N,,N,N,,,,,0.00,0.00,0.00,74.00,0.00,0.00,145.00,93.00,36.50,N,N,,,Catalina,,
CE0009241,IDS Expired,O+,09/22/1999,,Male,Hispanic,"LP, WB,",DQ,,Positive,NEGATIVE,105.20,231.90,162.00,63.80,40.10,N,N,N,,Y,Y,02/12/2025,04/03/2024,01/15/2026,04/15/2026,15.60,243.70,45.70,79.00,6.30,0.00,121.00,76.00,36.30,N,Y,02/28/2024,,Manuel,04/03/2024,NEGATIVE
CE0009243,Ineligible,O+,11/25/2004,,Female,Caucasian,,,,Positive,POSITIVE,67.80,149.50,163.00,64.20,25.50,N,N,N,,Y,Y,,08/14/2023,06/15/2023,09/13/2023,13.20,154.90,37.00,66.00,5.10,0.00,127.00,74.00,36.40,N,N,,,Stevie,07/06/2023,POSITIVE
CE0009244,Ineligible,,07/18/1983,,,,,,,,,92.10,203.05,0.00,0.00,0.00,N,N,N,,N,N,,,,,0.00,0.00,0.00,76.00,0.00,0.00,125.00,86.00,36.40,N,N,,,Helena,,
CE0009266,Not Responsive,,04/25/1999,,,,,,,,,139.50,307.54,172.72,68.00,46.76,N,N,N,,N,N,,,,,0.00,0.00,0.00,0.00,0.00,0.00,0.00,0.00,0.00,N,N,,BMI > 40,Julie,,
CE0009267,Deferred,A+,01/27/1968,,Male,Caucasian,"LP, WB,",Not Interested,,Positive,,77.50,170.90,180.30,71.00,23.80,N,Y,N,,N,N,,,01/04/2023,04/04/2023,10.40,362.20,31.10,100.00,23.30,0.00,122.00,67.00,36.00,N,N,,,David,,
CE0009275,IDS Expired,A+,11/20/1999,,Female,Hispanic,"LP, WB, BM,",BM 100ml,,Positive,POSITIVE,70.00,154.30,157.00,61.80,28.40,Y,N,N,,Y,N,07/19/2024,08/29/2024,07/19/2024,10/17/2024,12.80,335.60,39.10,77.00,10.30,0.00,126.00,76.00,36.50,N,Y,03/13/2023,,Maryelin,,
CE0009277,Eligible,A+,05/12/1975,,Male,Caucasian,"LP, WB, BM,",BM 100ml,,Positive,,97.20,214.29,173.00,68.11,32.48,N,N,N,,Y,Y,06/05/2026,,04/09/2026,07/08/2026,13.80,265.20,41.70,72.00,5.86,0.00,131.00,81.00,36.20,N,Y,03/01/2023,,Christopher,,
CE0009279,IDS Expired,O+,05/23/2001,,Female,Hispanic,"LP, WB,",DQ,,positive,POSITIVE,60.60,133.60,160.00,63.00,23.70,N,N,N,,Y,Y,,03/05/2026,03/05/2026,06/03/2026,13.90,288.20,41.40,97.00,7.00,0.00,126.00,72.00,36.20,N,Y,03/08/2023,,Martha,,
CE0009282,Ineligible,A+,05/18/1987,,Male,Caucasian,,,,Negative,POSITIVE,84.60,186.50,175.00,68.90,27.60,Y,N,N,,Y,N,06/07/2024,04/10/2024,04/10/2024,07/09/2024,14.30,217.60,42.70,75.00,2.80,0.00,113.00,65.00,36.30,N,Y,02/09/2023,"vegan diet - hx low hgb
DQ for mobLP due to hx of low HGB
DQ form BM see notes on 6/7/24.",Joseph,,
CE0009284,IDS Expired,O+,12/23/1999,,Male,Hispanic,"LP, WB,",,,NEGATIVE,,123.90,273.10,177.80,70.00,39.20,N,N,N,,N,N,,,01/23/2023,04/23/2023,16.40,189.70,46.70,60.00,6.80,0.00,125.00,72.00,36.60,N,N,,,Daniel,,
CE0009288,Not Responsive,B+,06/15/1980,,Male,asian,"WB, BM,",BM 100ml,,Positive,,86.80,191.40,180.30,71.00,26.70,N,N,N,,N,N,,,01/11/2023,04/11/2023,15.80,232.50,44.50,80.00,5.00,0.00,123.00,69.00,36.30,N,N,,poor AC veins - small volume WB only,Anthony,,
CE0009289,IDS Expired,AB+,02/07/2000,,Female,Mixed,"LP, WB,",DQ,,Positive,,109.60,241.60,178.00,70.10,34.60,N,N,N,,N,N,,,01/19/2023,04/19/2023,13.70,248.00,39.60,83.00,7.70,0.00,114.00,72.00,36.40,N,N,,,Anyssa,,
CE0009291,IDS Expired,A+,11/23/1986,,Male,asian,"LP, WB, MLP,",Not Interested,,Positive,,81.20,179.00,178.00,70.10,25.60,Y,Y,N,,Y,N,,03/07/2024,02/02/2024,05/02/2024,14.70,183.20,44.40,76.00,4.60,0.00,137.00,78.00,36.40,N,Y,08/07/2023,,Jason,,
CE0009293,Ineligible,,08/18/2004,,,,,,,,,0.00,0.00,0.00,0.00,0.00,N,N,N,,N,N,,,,,0.00,0.00,0.00,0.00,0.00,0.00,0.00,0.00,0.00,N,N,,,Ethan,,
CE0009297,IDS Expired,A+,07/12/1983,,Male,Caucasian,"LP, WB, BM,",BM 100ml,,Positive,,125.90,277.60,193.00,76.00,33.80,Y,N,Y,"Environmental,",Y,N,01/03/2024,07/27/2023,10/27/2023,01/25/2024,16.10,229.90,47.20,71.00,5.90,0.00,147.00,80.00,36.70,N,Y,02/06/2023,"ALLERGIES: DUST, CATS, EVERGREENS, EUCALYPTUS",Kyle,,
CE0009303,IDS Expired,B+,11/02/1969,,Female,AfricanAmerican,"WB, BM,",BM 100ml,,POSITIVE,,79.70,175.70,167.60,66.00,28.40,Y,N,N,,N,N,02/15/2023,,01/17/2023,04/17/2023,14.00,182.20,39.80,91.00,5.00,0.00,133.00,81.00,36.10,N,Y,02/15/2023,,Lakeeta,,
CE0009305,IDS Expired,O+,08/04/1995,,Female,Caucasian,"LP, WB, BM,",BM 100ml,,NEGATIVE,,62.00,136.70,157.50,62.00,25.00,N,N,N,,N,N,03/08/2023,,01/17/2023,04/17/2023,13.10,223.00,39.30,80.00,7.00,0.00,119.00,79.00,36.40,N,Y,03/08/2023,,Mikayla,,
CE0009306,IDS Expired,A+,02/18/1997,,Male,Caucasian,"LP, WB, BM,",BM 100ml,,Positive,POSITIVE,67.00,147.70,183.00,72.10,20.00,N,N,N,,Y,Y,06/21/2023,,06/05/2024,09/03/2024,14.30,190.60,42.10,93.00,4.00,0.00,109.00,67.00,36.00,N,Y,02/15/2023,,Dimitri,04/19/2023,POSITIVE
CE0009308,IDS Expired,O+,03/17/1998,,Female,Caucasian,"LP, WB, BM,",BM 100ml,,NEGATIVE,,70.20,154.80,162.60,64.00,26.60,Y,N,N,,N,N,,,01/18/2023,04/18/2023,14.10,287.00,39.80,69.00,5.90,0.00,116.00,77.00,36.50,N,N,,,Julia,,
CE0009312,IDS Expired,A+,07/13/1994,,Male,Caucasian,"LP, WB, MLP,",Not Interested,,Negative,POSITIVE,83.50,184.10,180.00,70.90,25.80,Y,N,Y,"Environmental,",Y,N,,07/02/2024,07/02/2024,09/30/2024,13.80,214.00,42.60,68.00,3.50,0.00,118.00,70.00,36.40,N,Y,02/13/2023,"ALLERGIES: POLLEN, ROACHES, MOLD
6/07/23 - discussed MLP","William ""Will""",07/02/2024,POSITIVE
CE0009313,Ineligible,B+,11/23/1999,,Male,AfricanAmerican,,,,Negative,,74.30,163.80,188.00,74.00,21.00,N,N,N,,N,N,,,01/18/2023,04/18/2023,14.40,208.80,42.50,87.00,3.30,0.00,136.00,77.00,36.60,N,N,,,Trrail,,
CE0009318,Ineligible,,08/08/2001,,Female,,,,,,,148.60,327.61,172.70,67.99,49.82,N,N,N,,N,N,,,,,0.00,0.00,0.00,0.00,0.00,0.00,0.00,0.00,0.00,N,N,,,Kiera,,
CE0009324,IDS Expired,O+,08/25/1994,,Female,Mixed,"LP, WB,",Not Interested,,NEGATIVE,Positive,61.30,135.10,170.20,67.00,21.20,N,N,Y,"Environmental,",Y,N,11/02/2023,01/16/2024,03/24/2026,06/22/2026,13.10,197.50,37.70,74.00,4.10,0.00,119.00,69.00,36.40,N,Y,11/02/2023,Allergies: seasonal,Madison,01/16/2024,Positive
CE0009329,IDS Expired,A+,01/27/1988,,Female,Caucasian,"LP, WB, BM,",BM 100ml,,Positive,,96.90,213.60,165.00,65.00,35.60,Y,N,Y,"Medication,",Y,Y,02/04/2026,,01/20/2026,04/20/2026,12.70,281.70,46.40,62.00,9.80,0.00,120.00,78.00,36.00,N,Y,10/12/2023,"1/20/26: No time for LP;
Allergy: Sulfa",Courtney,,
CE0009335,IDS Expired,O+,08/27/2000,,Female,Hispanic,"LP, WB, BM,",BM 100ml,,Positive,POSITIVE,82.00,180.80,165.00,65.00,30.10,Y,N,N,,Y,N,05/21/2025,05/06/2024,02/18/2026,05/19/2026,13.30,306.80,38.90,90.00,4.80,0.00,114.00,71.00,36.30,N,Y,05/16/2023,mLP = ineligible d/t BMI,Gisselle,05/16/2023,POSITIVE
CE0009343,IDS Expired,B+,04/08/2004,,Female,Hispanic,"LP, WB, BM,",BM 100ml,,NEGATIVE,,68.90,151.90,160.00,63.00,26.90,N,N,N,,N,N,,,01/31/2023,05/01/2023,13.10,285.40,39.00,86.00,5.20,0.00,111.00,72.00,36.20,N,N,,,Emily,,
CE0009349,IDS Expired,AB+,10/30/1997,,Female,Mixed,"LP, WB,",DQ,,negative,POSITIVE,59.40,130.90,155.00,61.00,24.70,Y,N,N,,Y,N,,12/06/2023,10/10/2023,01/08/2024,13.40,235.70,38.90,81.00,8.90,0.00,104.00,65.00,36.50,N,Y,07/19/2023,,Joycelynn,07/19/2023,POSITIVE
CE0009351,Ineligible,,09/21/2001,,,,,,,,,59.90,132.06,157.50,62.01,24.15,N,N,N,,N,N,,,,,0.00,0.00,0.00,94.00,0.00,0.00,108.00,64.00,36.50,N,N,,,Jocelyn,,
CE0009352,IDS Expired,O+,02/13/2000,,Female,Caucasian,"LP, WB,",Not Interested,,NEGATIVE,NEGATIVE,66.20,146.00,170.00,66.90,22.90,Y,N,N,,Y,Y,,01/10/2024,01/10/2024,04/09/2024,14.80,249.20,41.70,88.00,7.90,0.00,135.00,84.00,36.20,N,Y,04/10/2023,mLP - veins NOT adequate (10/11/23),Brooke,01/10/2024,NEGATIVE
CE0009355,IDS Expired,A+,06/13/1985,,Male,Hispanic,"LP, WB,",DQ,,Positive,,57.40,126.60,163.00,64.20,21.60,Y,N,Y,"Environmental,",Y,Y,,10/09/2023,08/01/2023,10/30/2023,15.50,265.40,44.00,94.00,4.50,0.00,136.00,75.00,36.90,N,Y,05/08/2023,ALLERGY: SEASONAL,Jonathan,,
CE0009357,IDS Expired,A+,12/13/2000,,Female,Caucasian,"LP, WB, BM,",BM 100ml,,Positive,POSITIVE,65.40,144.20,165.10,65.00,24.00,Y,N,N,,Y,N,06/14/2023,03/27/2023,06/14/2023,09/12/2023,13.20,245.10,40.90,70.00,5.40,0.00,101.00,61.00,36.10,N,Y,03/27/2023,,Kayla,03/27/2023,POSITIVE
CE0009360,Eligible,A+,02/17/1998,,Female,Caucasian,"LP, WB,",DQ,,Positive,POSITIVE,56.70,125.00,162.00,63.80,21.10,Y,N,Y,"Medication, Environmental,",Y,Y,,07/07/2026,05/04/2026,08/02/2026,14.23,313.10,42.60,67.00,4.69,0.00,112.00,70.00,36.20,Y,Y,02/06/2024,"ALLERGIES: sulfa drugs, nickel, macrobid",Taylor,02/06/2024,POSITIVE
CE0009361,IDS Expired,B+,07/02/1990,,Female,asian,"LP, WB,",Not Interested,,negative,,82.30,181.40,160.00,63.00,32.20,N,N,N,,N,N,,,12/13/2023,03/12/2024,13.00,338.30,36.20,64.00,5.00,0.00,112.00,77.00,36.00,N,N,,,Shirley,,
CE0009363,IDS Expired,B+,07/07/1991,,Male,AfricanAmerican,"LP, WB,",,,Positive,Positive,77.90,171.70,190.00,74.80,21.60,N,Y,N,,Y,N,05/01/2023,,05/01/2023,07/30/2023,13.50,239.10,40.50,67.00,6.70,0.00,127.00,78.00,36.90,N,Y,05/01/2023,,Johnathan,05/01/2023,Positive
CE0009366,Ineligible,O+,03/18/2004,,Female,Hispanic,,,,Positive,,61.80,136.25,158.00,62.20,24.76,Y,Y,N,,N,N,,,07/19/2023,10/17/2023,13.53,401.00,40.00,62.00,8.21,0.00,128.00,68.00,36.50,N,N,,,Jocelyn,,
CE0009371,IDS Expired,O+,02/05/2001,,Female,Hispanic,"LP,",,,Positive,POSITIVE,70.60,155.70,165.00,65.00,25.90,N,N,N,,Y,Y,06/16/2023,04/17/2025,03/05/2025,06/03/2025,12.00,205.30,35.70,68.00,10.30,0.00,117.00,65.00,36.40,N,Y,03/13/2025,,Karen,,
CE0009373,IDS Expired,O+,10/19/1987,,Female,Caucasian,"LP, WB,",DQ,,Negative,POSITIVE,87.10,192.00,155.00,61.00,36.30,Y,N,N,,Y,Y,07/12/2023,11/13/2023,11/13/2023,02/11/2024,13.70,301.00,39.00,85.00,8.00,0.00,152.00,80.00,36.30,N,Y,03/09/2023,7/12/23 - no longer taking Lexapro,Elizabeth,,
CE0009376,IDS Expired,O+,11/20/1982,,Male,asian,"WB, BM,",BM 100ml,,Positive,,85.80,189.20,172.70,68.00,28.80,N,N,N,,N,N,,,02/08/2023,05/09/2023,15.30,201.80,44.90,71.00,4.90,0.00,129.00,80.00,36.60,N,N,,,Arthur,,
CE0009378,IDS Expired,A-,03/24/2002,,Female,Hispanic,"LP,",,,POSITIVE,POSITIVE,72.90,160.70,163.00,64.20,27.40,N,N,N,,Y,N,08/14/2023,02/28/2024,01/17/2024,04/16/2024,12.90,338.80,38.60,80.00,7.10,0.00,117.00,70.00,36.20,N,Y,03/22/2023,,Daana,09/19/2023,POSITIVE
CE0009379,Ineligible,,12/21/1981,,,,,,,,,0.00,0.00,0.00,0.00,0.00,N,N,N,,N,N,,,,,0.00,0.00,0.00,0.00,0.00,0.00,0.00,0.00,0.00,N,N,,,Matthew,,
CE0009381,IDS Expired,O+,04/17/2004,,Male,asian,"LP, WB, BM,",BM 100ml,,Positive,POSITIVE,61.00,134.50,178.00,70.10,19.30,Y,N,N,,Y,N,05/31/2023,04/24/2023,05/31/2023,08/29/2023,15.70,180.20,45.60,64.00,4.60,0.00,126.00,82.00,36.50,N,Y,03/20/2023,,Edward,04/24/2023,POSITIVE
CE0009385,Ineligible,,12/27/1983,,,,,,,,,90.30,199.08,180.30,70.98,27.78,N,N,N,,N,N,,,,,16.25,230.40,46.80,70.00,5.34,0.00,128.00,77.00,36.50,N,N,,,Brendon,,
CE0009388,IDS Expired,AB-,07/18/1978,,Female,Caucasian,"LP, WB,",Not Interested,,Positive,,70.90,156.30,172.70,68.00,23.80,Y,N,N,,Y,N,,03/23/2023,02/09/2023,05/10/2023,13.10,273.60,39.10,71.00,6.40,0.00,100.00,61.00,36.40,N,Y,03/23/2023,,Heather,,
CE0009389,IDS Expired,B+,10/15/1997,,Female,AfricanAmerican,"LP, WB, BM,",BM 100ml,,Negative,NEGATIVE,81.70,180.10,160.00,63.00,31.90,Y,N,Y,"Medication,",Y,N,01/31/2024,10/16/2023,01/31/2024,04/30/2024,14.20,250.30,40.10,98.00,6.50,0.00,125.00,82.00,35.90,N,Y,04/05/2023,"ALLERGIES: ESTRADIOL, NORETHINDRONE ACETATE (hormones)",Kasey,01/31/2024,NEGATIVE
CE0009391,Ineligible,O+,11/25/1995,,Female,Caucasian,,DQ,,NEGATIVE,POSITIVE,111.80,246.50,170.00,66.90,38.70,Y,N,Y,"Food, Environmental,",Y,N,,09/02/2025,07/21/2025,10/19/2025,12.40,218.90,42.00,70.00,7.60,0.00,119.00,67.00,36.20,N,N,,"ALLERGIES: GOLD, MANGOS, ASPARTAME",Kylie,04/28/2023,POSITIVE
CE0009395,IDS Expired,A+,05/08/1976,,Male,Hispanic,"LP, WB,",DQ,,POSITIVE,POSITIVE,87.20,192.20,168.00,66.10,30.90,N,N,N,,Y,Y,05/22/2023,04/14/2025,03/04/2025,06/02/2025,14.40,227.60,42.30,100.00,5.60,0.00,121.00,79.00,35.70,N,N,,,Marvin,09/16/2024,POSITIVE
CE0009396,IDS Expired,B+,09/05/1992,,Male,AfricanAmerican,"LP, WB, BM,",BM 100ml,,NEGATIVE,,76.50,168.70,172.70,68.00,25.70,N,N,N,,N,N,04/05/2023,,02/16/2023,05/17/2023,16.00,198.50,48.00,60.00,5.80,0.00,142.00,83.00,36.50,N,Y,04/05/2023,,Lennard,,
CE0009397,IDS Expired,A+,09/18/1972,,Female,Caucasian,"LP, WB,",DQ,,Positive,,78.40,172.80,160.00,63.00,30.60,Y,N,N,,N,N,,,02/08/2024,05/08/2024,15.70,179.00,44.50,77.00,4.80,0.00,160.00,83.00,36.50,N,N,,,Cheryl,,
CE0009398,IDS Expired,O+,08/28/1998,,Female,Mixed,"LP,",,,positive,,61.50,135.60,160.00,63.00,24.00,Y,N,N,,N,N,,,09/08/2023,12/07/2023,12.50,234.50,36.30,81.00,6.40,0.00,116.00,68.00,36.60,N,N,,,Gabriella,,
CE0009399,IDS Expired,O+,05/26/1997,,Female,Hispanic,"LP,",,,Positive,Positive,87.50,192.90,162.60,64.00,33.10,Y,Y,N,,Y,N,03/15/2024,04/24/2026,03/25/2026,06/23/2026,13.00,397.50,38.50,74.00,6.90,0.00,130.00,74.00,36.20,N,Y,03/22/2023,,Patricia,06/14/2024,Positive
CE0009407,IDS Expired,O+,08/29/1978,,Female,Mixed,"LP, WB,",DQ,,POSITIVE,,125.50,276.70,175.00,68.90,41.00,N,N,N,,Y,Y,,09/15/2023,09/15/2023,12/14/2023,13.70,224.40,39.10,100.00,5.50,0.00,125.00,78.00,36.00,N,Y,05/11/2023,,Christine,,
CE0009409,Deferred,,03/04/2003,,Female,Hispanic,,,,,,63.40,139.77,157.48,62.00,25.56,N,N,N,,N,N,,,,,11.49,306.80,34.30,97.00,10.84,0.00,121.00,79.00,36.30,N,N,,,Samantha,,
CE0009412,Ineligible,,07/22/1979,,,,,,,,,0.00,0.00,0.00,0.00,0.00,N,N,N,,N,N,,,,,0.00,0.00,0.00,0.00,0.00,0.00,0.00,0.00,0.00,N,N,,,Megan,,
CE0009416,IDS Expired,O+,08/12/1991,,Female,Hispanic,"LP, WB,",Not Interested,,POSITIVE,Positive,69.80,153.90,160.00,63.00,27.30,N,N,N,,Y,N,,07/17/2023,05/08/2023,08/06/2023,13.90,279.70,39.30,67.00,6.90,0.00,111.00,64.00,36.60,N,N,,,Nidia,05/08/2023,Positive
CE0009418,IDS Expired,A-,11/12/1997,,Female,Caucasian,"WB, BM,",BM 100ml,,Negative,,67.40,148.60,170.20,67.00,23.30,Y,N,N,,N,N,,,02/24/2023,05/25/2023,15.10,196.20,42.70,93.00,4.10,0.00,122.00,84.00,36.80,N,N,,,Kalena,,
CE0009427,IDS Expired,O+,09/01/1989,,Female,Caucasian,"LP, WB,",DQ,,positive,positive,97.00,213.90,175.00,68.90,31.70,Y,N,Y,"Medication,",Y,N,04/10/2024,08/21/2024,08/21/2024,11/19/2024,13.70,249.00,41.60,100.00,4.50,0.00,125.00,76.00,36.40,N,Y,04/20/2023,"ALLERGIES: PENICILLIN
DQ for BM until weight <85kg and hips are re-assessed.",Rebecca,06/28/2023,positive
CE0009429,Ineligible,,04/07/1994,,,,,,,,,0.00,0.00,0.00,0.00,0.00,N,N,N,,N,N,,,,,0.00,0.00,0.00,0.00,0.00,0.00,0.00,0.00,0.00,N,N,,,Amelia,,
CE0009431,IDS Expired,A+,07/16/2000,,Female,Caucasian,"LP, WB, BM, MLP,",BM 100ml,,POSITIVE,positive,63.20,139.30,168.00,66.10,22.40,Y,N,Y,"Environmental,",Y,Y,04/16/2024,03/11/2024,03/04/2024,06/02/2024,12.50,248.60,14.10,60.00,6.20,0.00,115.00,76.00,36.20,N,Y,04/13/2023,ALLERGY: CATS,Ashlynn,06/16/2023,positive
CE0009432,IDS Expired,O+,08/11/1996,,Female,Mixed,"LP, WB, BM,",BM 100ml,,Negative,NEGATIVE,93.90,207.00,170.00,66.90,32.50,Y,N,N,,Y,Y,08/17/2023,,08/17/2023,11/15/2023,16.00,224.70,44.20,67.00,6.00,0.00,122.00,90.00,36.50,N,Y,04/05/2023,,Keira,08/17/2023,NEGATIVE
CE0009438,Not Responsive,,09/09/1992,,,,,,,,,165.20,364.20,182.90,72.00,49.40,N,N,N,,N,N,,,,,0.00,0.00,0.00,0.00,0.00,0.00,0.00,0.00,0.00,N,N,,,Edmer,,
CE0009440,IDS Expired,O+,09/06/2000,,Female,asian,"LP, WB,",DQ,,Negative,POSITIVE,58.60,129.20,160.00,63.00,22.90,Y,N,N,,Y,Y,,09/26/2023,09/26/2023,12/25/2023,13.40,300.60,39.30,95.00,4.90,0.00,117.00,73.00,36.80,N,Y,04/18/2023,,Sally,08/22/2023,POSITIVE
CE0009442,IDS Expired,O+,08/12/1973,,Male,Caucasian,"LP, WB,",Not Interested,,Positive,,102.40,225.80,185.00,72.80,29.90,N,N,N,,Y,Y,,02/04/2026,02/04/2026,05/05/2026,15.40,243.20,46.00,68.00,4.50,0.00,143.00,86.00,36.30,N,Y,10/24/2024,,Kevin,,
CE0009448,IDS Expired,O+,10/03/1972,,Male,Caucasian,"BM,",BM 100ml,,Negative,,89.00,196.20,175.00,68.90,29.10,N,N,N,,N,N,08/21/2023,,08/04/2023,11/02/2023,14.50,268.40,42.00,78.00,5.10,0.00,156.00,86.00,36.20,N,Y,08/21/2023,,Matthew,,
CE0009449,IDS Expired,O-,05/28/1990,,Male,Caucasian,"LP, WB,",Not Interested,,Positive,NEGATIVE,68.90,151.90,180.30,71.00,21.20,N,N,Y,"Environmental,",Y,Y,,06/06/2023,06/06/2023,09/04/2023,14.30,182.40,41.00,76.00,4.10,0.00,136.00,88.00,36.70,N,Y,03/23/2023,"ALLERGIES: CATS, DOGS",Christopher,06/06/2023,NEGATIVE
CE0009450,IDS Expired,A+,01/02/1998,,Female,Caucasian,"LP, WB,",DQ,,POSITIVE,,55.10,121.50,162.60,64.00,20.90,Y,N,N,,N,N,,,03/09/2023,06/07/2023,13.50,183.10,37.90,87.00,5.20,0.00,112.00,64.00,36.50,N,N,,,Terra,,
CE0009454,IDS Expired,B+,05/19/1984,,Male,asian,"LP, WB,",DQ,,Positive,Positive,90.90,200.40,175.00,68.90,29.70,N,N,N,,Y,N,,07/22/2025,05/21/2025,08/19/2025,15.00,270.00,44.90,68.00,6.00,0.00,146.00,83.00,35.50,N,Y,04/17/2023,INELIGIBLE for mLP d/t schedule (chauffeurs his young children),Jason,02/25/2025,Positive
CE0009455,Eligible,A+,01/06/2000,,Female,AfricanAmerican,"BM,",BM 100ml,,Positive,,76.00,167.55,160.00,63.00,29.70,Y,N,Y,"Environmental,",Y,Y,07/01/2026,,07/01/2026,09/29/2026,13.05,241.80,37.90,94.00,5.17,0.00,109.00,73.00,36.40,Y,Y,04/05/2023,"Allergy: seasonal allergies/pollen;
Veins not adequate for LP/WB",Persia,,
CE0009456,Ineligible,,04/18/2002,,Female,,,,,,,103.20,227.50,167.60,66.00,36.70,Y,N,N,,N,N,,,,,0.00,0.00,0.00,100.00,0.00,0.00,129.00,86.00,36.80,N,N,,,Amira,,
CE0009458,IDS Expired,B+,08/20/1999,,Male,AfricanAmerican,"LP, WB, BM,",BM 100ml,,positive,,67.70,149.30,180.00,70.90,20.90,N,N,N,,N,N,,,09/08/2023,12/07/2023,15.90,210.60,45.00,71.00,3.50,0.00,137.00,75.00,36.80,N,N,,,Robert,,
CE0009462,Not Responsive,,10/09/1995,,,,,,,,,0.00,0.00,0.00,0.00,0.00,N,N,N,,N,N,,,,,0.00,0.00,0.00,0.00,0.00,0.00,0.00,0.00,0.00,N,N,,,Rachel,,
CE0009463,IDS Expired,A+,03/23/1994,,Male,Mixed,"LP, WB, BM, MLP,",BM 100ml,,Negative,POSITIVE,67.30,148.40,152.00,59.80,29.10,N,N,N,,Y,N,07/07/2023,06/01/2023,06/01/2023,08/30/2023,14.00,256.90,38.70,67.00,6.00,0.00,135.00,79.00,36.60,N,Y,04/19/2023,,Devon,04/19/2023,POSITIVE
CE0009464,Deferred,,06/05/1991,,,,,,,,,165.70,365.31,193.04,76.00,44.47,N,N,N,,N,N,,,,,0.00,0.00,0.00,0.00,0.00,0.00,0.00,0.00,0.00,N,N,,,DJJordan,,
CE0009465,IDS Expired,A+,07/06/1987,,Male,AfricanAmerican,"BM,",BM 100ml,,Negative,,82.70,182.30,180.00,70.90,25.50,N,N,Y,"Environmental,",Y,N,01/13/2026,,01/06/2026,04/06/2026,13.70,216.10,43.20,78.00,5.50,0.00,127.00,83.00,36.40,N,Y,08/14/2023,"ALLERGY: ""pollen"";
SMALL VOLUME WB only pls",Omari,,
CE0009467,IDS Expired,B-,05/22/1994,,Female,Caucasian,"LP, WB, BM,",BM 100ml,,Negative,POSITIVE,65.70,144.80,165.00,65.00,24.10,N,N,N,,Y,Y,,12/12/2023,12/12/2023,03/11/2024,14.00,196.70,38.20,93.00,3.60,0.00,104.00,66.00,36.40,N,Y,04/18/2023,,Olivia,05/02/2023,POSITIVE
CE0009473,Ineligible,,11/13/1976,,,,,,,,,0.00,0.00,0.00,0.00,0.00,N,N,N,,N,N,,,,,0.00,0.00,0.00,0.00,0.00,0.00,0.00,0.00,0.00,N,N,,,Kendra,,
CE0009475,IDS Expired,O+,10/24/1992,,Female,Hispanic,"LP, WB, BM,",BM 100ml,,POSITIVE,,62.30,137.40,160.00,63.00,24.30,N,N,N,,N,N,,,03/28/2023,06/26/2023,13.70,239.50,39.10,97.00,4.80,0.00,117.00,77.00,36.60,N,N,,,Olivia,,
CE0009476,Eligible,O+,05/21/1981,,Male,Caucasian,"LP, WB, BM,",BM 100ml,,Positive,,127.80,281.75,186.00,73.23,36.94,Y,N,N,,Y,N,05/14/2026,06/24/2026,06/24/2026,09/22/2026,15.82,320.90,47.00,77.00,8.21,0.00,154.00,96.00,36.40,Y,Y,05/01/2023,,Jordan,,
CE0009478,IDS Expired,B+,02/24/2005,,Male,Hispanic,"WB, BM,",BM 100ml,,Negative,Negative,84.10,185.40,183.00,72.10,25.10,N,N,N,,Y,N,03/11/2026,,03/11/2026,06/09/2026,15.20,232.20,44.70,78.00,7.10,0.00,136.00,83.00,36.30,N,Y,08/21/2025,,Arsalaan,,
CE0009479,IDS Expired,O+,04/30/1993,,Female,Mixed,"LP, WB,",Not Interested,,NEGATIVE,POSITIVE,69.40,153.00,166.00,65.35,25.19,N,Y,N,,Y,Y,,04/24/2025,06/10/2025,09/08/2025,13.48,272.90,40.70,70.00,5.09,0.00,121.00,72.00,36.40,N,Y,04/18/2023,Hx difficult LP - DQ from mLP,Faith N.,04/18/2023,POSITIVE
CE0009481,Deferred,,02/01/2001,,Male,,,,,,,70.20,154.80,175.30,69.00,22.90,N,N,N,,N,N,,,,,10.20,404.00,33.00,69.00,6.60,0.00,130.00,68.00,35.00,N,N,,,Alec,,
CE0009482,IDS Expired,O+,04/20/1998,,FTM,Caucasian,"LP, WB,",DQ,,Positive,POSITIVE,110.10,242.70,160.00,63.00,42.30,Y,N,Y,"Medication, Food, Environmental,",Y,Y,,05/04/2026,03/26/2026,06/24/2026,16.20,208.30,42.80,91.00,8.80,0.00,118.00,79.00,36.30,N,N,,Allergies: Keflex and bees,"Haleigh ""Sam""",03/25/2025,POSITIVE
CE0009484,Ineligible,A+,11/09/2001,,Male,Hispanic,,,,Positive,POSITIVE,97.50,215.00,175.00,68.90,31.80,N,N,N,,Y,N,07/11/2023,,07/11/2023,10/09/2023,15.80,232.70,44.20,75.00,7.90,0.00,124.00,63.00,36.50,N,N,,,Angel,07/11/2023,POSITIVE
CE0009486,Eligible,O+,09/22/1999,,Male,Caucasian,"LP, WB, BM,",BM 100ml,,Negative,POSITIVE,90.60,199.74,183.00,72.05,27.05,N,N,Y,"Environmental,",Y,Y,07/09/2026,10/09/2025,07/09/2026,10/07/2026,15.39,260.30,45.00,82.00,4.05,0.00,130.00,69.00,36.00,Y,Y,04/19/2023,"ALLERGY: POLLEN;
Mobilized x2 already completed. Ineligible for any further Mobilized collections.",Matthew,04/19/2023,POSITIVE
CE0009488,IDS Expired,A+,09/30/1977,,Female,Caucasian,"LP, WB,",DQ,,NEGATIVE,,118.50,261.30,175.30,69.00,38.60,Y,N,N,,N,N,,,04/18/2023,07/17/2023,13.60,209.50,40.80,67.00,7.50,0.00,127.00,83.00,36.00,N,N,,,Elizabeth,,
CE0009489,IDS Expired,O+,10/01/1986,,Male,Hispanic,"LP, WB,",Not Interested,,Positive,,94.00,207.20,167.50,65.90,33.50,N,N,Y,"Environmental,",Y,Y,,06/20/2023,04/05/2023,07/04/2023,15.30,256.50,44.70,69.00,5.30,0.00,147.00,83.00,36.40,N,Y,04/20/2023,,Dean,,
CE0009494,IDS Expired,O+,02/13/1982,,Female,Caucasian,"WB, BM,",BM 100ml,,Positive,,70.80,156.10,163.00,64.20,26.70,Y,N,N,,Y,N,09/18/2023,06/02/2023,07/07/2023,10/05/2023,13.30,230.50,39.90,78.00,7.10,0.00,104.00,70.00,36.30,N,Y,04/20/2023,,Crystal,,
CE0009495,IDS Expired,O+,06/14/2001,,Female,Mixed,"LP,",,,POSITIVE,POSITIVE,57.10,125.90,163.00,64.20,21.50,Y,N,N,,Y,Y,,07/17/2023,07/17/2023,10/15/2023,12.20,232.30,35.20,86.00,6.20,0.00,125.00,67.00,36.60,N,Y,06/09/2023,,Simone,06/09/2023,POSITIVE
CE0009496,IDS Expired,O+,06/13/1980,,Male,Caucasian,"LP, WB, BM,",BM 100ml,,NEGATIVE,,87.60,193.10,183.00,72.10,26.20,N,N,N,,Y,Y,12/02/2024,,11/25/2024,02/23/2025,14.40,176.40,41.50,56.00,5.50,0.00,131.00,74.00,36.40,N,Y,05/01/2023,,Daniel,,
CE0009497,IDS Expired,A-,03/07/1973,,Male,Hispanic,"LP, WB,",Not Interested,,NEGATIVE,,78.30,172.60,177.80,70.00,24.80,N,N,N,,N,N,,,04/10/2023,07/09/2023,15.00,262.60,43.80,73.00,6.10,0.00,113.00,75.00,36.80,N,N,,,Ruben,,
CE0009498,Ineligible,B+,08/11/1968,,Female,asian,,,,POSITIVE,,61.60,135.80,160.00,62.99,24.06,Y,N,N,,Y,Y,,09/07/2023,09/07/2023,12/06/2023,14.21,241.00,41.20,58.00,6.87,0.00,147.00,77.00,36.10,N,N,,,Grace,,
CE0009499,IDS Expired,AB+,04/18/1969,,Female,Caucasian,"LP, WB, BM,",BM 100ml,,POSITIVE,,71.30,157.20,160.00,63.00,27.90,N,N,N,,Y,N,,08/31/2023,07/24/2023,10/22/2023,13.50,302.20,39.50,76.00,5.30,0.00,142.00,75.00,36.20,N,Y,08/31/2023,,Ann,,
CE0009500,Ineligible,,08/01/1983,,,,,,,,,89.90,198.20,167.64,66.00,31.99,N,N,N,,N,N,,,,,0.00,0.00,0.00,72.00,0.00,0.00,135.00,77.00,36.60,N,N,,,Billie,,
CE0009501,IDS Expired,O+,07/02/1983,,Female,Caucasian,"LP, WB, BM,",BM 100ml,,NEGATIVE,,62.10,136.90,170.20,67.00,21.40,N,N,N,,N,N,05/03/2023,,04/10/2023,07/09/2023,14.60,262.70,38.00,82.00,5.00,0.00,129.00,88.00,36.40,N,Y,05/03/2023,,Anna,,
CE0009505,IDS Expired,O+,10/25/1983,,Male,Mixed,"LP, WB, BM,",BM 100ml,,POSITIVE,,85.40,188.30,180.30,71.00,26.30,Y,N,N,,N,N,,,04/13/2023,07/12/2023,15.30,258.50,43.80,71.00,4.40,0.00,128.00,78.00,35.70,N,N,,,Atom,,
CE0009507,IDS Expired,O+,03/13/1991,,Female,Mixed,"WB, BM,",BM 100ml,,POSITIVE,POSITIVE,94.70,208.80,183.00,72.10,28.30,Y,N,Y,"Environmental,",Y,Y,06/16/2025,,03/03/2025,06/01/2025,14.10,256.10,43.60,88.00,9.00,0.00,127.00,86.00,36.30,N,Y,07/17/2023,Allergy: seasonal,Sedef,09/22/2023,POSITIVE
CE0009508,Deferred,,04/11/1997,,Female,AfricanAmerican,,DQ,,,,138.30,304.90,180.50,71.06,42.45,N,N,Y,"Environmental,",N,N,,,,,0.00,0.00,0.00,76.00,0.00,0.00,128.00,86.00,36.30,N,N,,"ALLERGIES: dogs, cats, oak trees, eucalyptus trees, grass",Tiana,,
CE0009509,IDS Expired,O+,08/12/1999,,Male,AfricanAmerican,"LP, WB,",,,Positive,POSITIVE,72.00,158.70,180.00,70.90,22.20,N,N,N,,Y,N,04/30/2025,10/20/2025,10/20/2025,01/18/2026,13.40,229.30,41.70,52.00,6.60,0.00,114.00,59.00,36.30,N,Y,05/01/2023,2/18/25: Hx of low HGB (not eligible for WB)--ineligible for mobLP,Taiwo,07/21/2023,POSITIVE
CE0009514,Ineligible,A+,05/14/1985,,Female,PacificIslander,,,,Positive,,59.90,132.06,150.00,59.06,26.62,N,N,N,,N,N,05/03/2023,05/01/2025,04/14/2025,07/13/2025,12.97,219.10,38.30,82.00,8.24,0.00,131.00,85.00,35.60,N,N,,,Ashleigh,,
CE0009515,Ineligible,B+,02/04/2000,,Male,Caucasian,,,,POSITIVE,POSITIVE,90.30,199.08,177.80,70.00,28.56,N,N,N,,Y,N,,05/10/2023,04/20/2023,07/19/2023,15.30,170.30,43.90,81.00,6.30,0.00,152.00,87.00,35.80,N,Y,05/10/2023,,David,05/10/2023,POSITIVE
CE0009517,Deferred,,04/29/2001,,Female,asian,,,,,,58.90,129.85,160.00,0.00,23.01,N,N,N,,N,N,,,,,0.00,0.00,0.00,65.00,0.00,0.00,112.00,70.00,36.60,N,N,,,Elizabeth,,
CE0009519,IDS Expired,A+,05/01/2001,,Female,Hispanic,"LP, WB,",DQ,,POSITIVE,POSITIVE,87.10,192.02,158.00,62.20,34.89,Y,Y,Y,"Medication, Food,",Y,N,,12/10/2025,11/05/2025,02/03/2026,12.24,226.80,42.10,71.00,6.85,0.00,124.00,61.00,36.40,N,Y,05/09/2023,"ALLERGY: SULFA MEDICATIONS, Pineapple",Nina,05/09/2023,POSITIVE
CE0009523,Ineligible,,12/11/1992,,,,,,,,,63.00,138.89,160.02,63.00,24.60,N,N,N,,N,N,,,,,0.00,0.00,0.00,87.00,0.00,0.00,129.00,77.00,36.40,N,N,,,Calvin,,
CE0009526,IDS Expired,B+,12/09/1990,,Male,Caucasian,"LP, WB,",Not Interested,,NEGATIVE,POSITIVE,85.40,188.30,175.00,68.90,27.90,N,N,Y,"Food,",Y,Y,05/15/2023,08/07/2024,07/25/2024,10/23/2024,15.70,259.80,48.30,75.00,7.10,0.00,136.00,80.00,36.40,N,Y,05/15/2023,"excellent donor for back-up & WB
DQ mLP (veins)
ALLERGIES: TREE NUTS (ALL)",Bradley,05/15/2023,POSITIVE
CE0009528,IDS Expired,A+,09/19/1998,,Female,Caucasian,"LP,",,,negative,POSITIVE,74.50,164.20,175.00,68.90,24.30,Y,N,N,,Y,N,,07/26/2024,07/26/2024,10/24/2024,12.40,258.90,37.70,69.00,5.30,0.00,116.00,69.00,36.40,N,Y,07/10/2023,,Gabriella,03/21/2024,POSITIVE
CE0009530,IDS Expired,O+,05/02/1996,,Female,Caucasian,"LP, WB,",Not Interested,,NEGATIVE,POSITIVE,68.90,151.90,163.00,64.20,25.90,Y,N,Y,"Medication,",Y,N,,09/27/2023,04/10/2024,07/09/2024,13.50,391.10,41.80,94.00,8.10,0.00,158.00,89.00,36.20,N,Y,06/09/2023,,Jacqueline,06/09/2023,POSITIVE
CE0009533,Ineligible,O+,02/03/1993,,Male,AfricanAmerican,"LP, WB, BM,",BM 100ml,,POSITIVE,POSITIVE,86.20,190.04,175.00,68.90,28.15,Y,N,N,,Y,N,10/18/2023,09/05/2023,09/05/2023,12/04/2023,16.50,230.10,42.60,83.00,6.60,0.00,140.00,67.00,35.90,N,Y,05/23/2023,,Jakari,05/23/2023,POSITIVE
CE0009536,IDS Expired,O+,12/01/1998,,Female,asian,"LP, WB, BM,",BM 100ml,,positive,Positive,64.40,142.00,160.00,63.00,25.20,Y,N,Y,"Environmental,",Y,Y,,08/25/2023,08/01/2023,10/30/2023,13.70,282.50,39.50,81.00,7.50,0.00,118.00,77.00,36.70,N,Y,08/25/2023,,Jessiely,08/25/2023,Positive
CE0009538,IDS Expired,O+,09/17/2000,,Male,asian,"LP, WB,",DQ,,Positive,,140.60,310.00,185.50,73.00,40.90,Y,N,Y,"Food,",N,N,,,05/01/2023,07/30/2023,15.50,281.00,46.10,88.00,7.60,0.00,139.00,84.00,36.50,N,N,,"ALLERGIES: ALL seafood, egg, nuts (EXCLUDING peanuts, almonds, hazelnut)",Jeremiah,,
CE0009539,Ineligible,,02/11/2002,,,,,,,,,154.80,341.30,170.20,67.00,53.50,N,N,N,,N,N,,,,,0.00,0.00,0.00,0.00,0.00,0.00,0.00,0.00,0.00,N,N,,,Michelle,,
CE0009542,Deferred,,06/27/1985,,,,,,,,,65.80,145.06,165.10,65.00,24.14,N,N,N,,N,N,,,,,14.55,188.30,42.90,65.00,2.29,0.00,101.00,59.00,36.50,N,N,,,Anthony,,
CE0009543,Ineligible,A+,02/14/1987,,Male,PacificIslander,,,,Positive,POSITIVE,65.30,143.96,185.00,73.00,19.08,Y,N,N,,Y,Y,,05/09/2023,04/25/2023,07/24/2023,14.64,288.80,43.40,67.00,5.64,0.00,125.00,79.00,36.50,N,Y,05/09/2023,,Suneel,05/09/2023,POSITIVE
CE0009544,IDS Expired,O+,02/24/2003,,Male,Caucasian,"LP, WB, BM,",BM 100ml,,NEGATIVE,NEGATIVE,106.80,235.45,188.00,74.02,30.22,N,N,Y,"Food,",Y,N,09/09/2025,,09/03/2025,12/02/2025,16.10,205.70,42.10,88.00,9.21,0.00,155.00,75.00,35.60,N,Y,05/31/2023,"ALLERGIES: PEANUTS, HAZELNUTS, PINE NUTS",Mark,10/03/2024,NEGATIVE
CE0009545,Ineligible,,07/12/1985,,,,,,,,,82.80,182.54,175.26,69.00,26.96,N,N,N,,N,N,,,05/19/2023,08/17/2023,15.02,275.20,43.40,86.00,5.78,0.00,149.00,89.00,36.50,N,N,,,Austin,,
CE0009547,Ineligible,O+,09/26/1968,,Male,Mixed,,,,Negative,,95.80,211.20,190.50,75.00,26.40,N,N,N,,Y,Y,09/04/2024,,09/04/2024,12/03/2024,14.83,276.70,44.20,86.00,6.11,0.00,146.00,90.00,36.80,N,Y,02/22/2024,,James,,
CE0009549,IDS Expired,O+,12/12/2003,,Female,asian,"LP, WB, BM,",BM 100ml,,POSITIVE,Negative,64.90,143.10,162.00,63.80,24.70,Y,N,N,,Y,N,,12/11/2023,11/13/2023,02/11/2024,13.60,230.30,38.90,70.00,6.70,0.00,110.00,68.00,36.50,N,Y,12/11/2023,,Eunice,12/11/2023,Negative
CE0009552,Ineligible,B+,04/29/2003,,Male,Hispanic,,,,NEGATIVE,EQUIVOCAL,116.00,255.74,178.00,70.08,36.61,N,N,Y,"Environmental,",Y,N,,07/25/2023,07/25/2023,10/23/2023,15.53,248.70,43.10,83.00,8.64,0.00,147.00,91.00,36.30,N,Y,06/15/2023,"ALLERGIES: CATS, DUST MITES",Gabriel,07/25/2023,NEGATIVE
CE0009558,Ineligible,,02/10/1979,,,,,,,,,100.40,221.30,183.00,72.10,30.00,N,N,N,,N,N,,,,,0.00,0.00,0.00,83.00,0.00,0.00,160.00,112.00,36.40,N,N,,,Loi,,
CE0009564,IDS Expired,A+,03/11/1993,,Male,Caucasian,"LP, WB, BM,",BM 100ml,,NEGATIVE,,69.70,153.70,172.70,68.00,23.40,N,N,Y,"Environmental,",N,N,,,05/08/2023,08/06/2023,13.70,180.30,38.40,87.00,4.20,0.00,125.00,77.00,36.70,N,N,,,Joseph,,
CE0009565,IDS Expired,AB-,08/28/2004,,Female,Caucasian,"LP, WB, BM,",BM 100ml,,NEGATIVE,Negative,69.70,153.70,170.00,66.90,24.10,N,N,N,,Y,Y,,07/25/2023,07/25/2023,10/23/2023,13.90,204.70,40.20,63.00,3.30,0.00,91.00,57.00,36.30,N,Y,05/31/2023,,Emma,07/25/2023,Negative
CE0009567,IDS Expired,O+,09/14/1998,,Male,asian,"LP, WB,",Not Interested,,negative,Positive,85.90,189.40,180.00,70.90,26.50,N,Y,N,,Y,Y,,01/07/2025,12/10/2024,03/10/2025,15.40,207.40,45.30,54.00,5.90,0.00,129.00,72.00,36.40,N,N,,childhood asthma,Stephen,,
CE0009573,Eligible,B+,08/21/1974,,Male,AfricanAmerican,"WB, BM,",BM 100ml,,NEGATIVE,,75.50,166.45,178.00,70.08,23.83,N,Y,N,,Y,Y,06/05/2026,07/18/2023,04/10/2026,07/09/2026,15.70,154.00,43.30,76.00,7.69,0.00,139.00,84.00,36.20,N,Y,05/26/2023,,Monty,,
CE0009576,Ineligible,O+,11/22/1994,,Female,Mixed,,,,Negative,POSITIVE,64.10,141.32,158.00,62.20,25.68,Y,N,Y,"Environmental,",Y,N,04/29/2024,01/31/2024,04/29/2024,07/28/2024,14.08,216.50,41.60,85.00,4.31,0.00,119.00,79.00,36.20,N,Y,11/13/2023,"ALLERGIES: CATS & SEASONAL
** NEEDS FEMALE STAFF FOR BONE MARROW DONATION **",Essence,08/17/2023,POSITIVE
CE0009580,IDS Expired,O+,11/18/1980,,Female,Caucasian,"LP, WB, BM,",BM 100ml,,NEGATIVE,,66.70,147.10,60.00,23.60,185.30,N,Y,Y,"Food, Environmental,",N,N,11/03/2023,,10/17/2023,01/15/2024,13.50,246.30,42.90,77.00,6.30,0.00,131.00,84.00,36.30,N,Y,11/03/2023,,Valerie,,
CE0009581,IDS Expired,B+,01/15/1982,,Female,Caucasian,"LP, WB, BM,",BM 100ml,,POSITIVE,,70.20,154.80,165.00,65.00,25.80,N,N,Y,"Medication,",Y,N,06/05/2023,11/09/2023,10/03/2023,01/01/2024,13.00,264.30,37.50,70.00,5.70,0.00,123.00,65.00,36.30,N,Y,06/05/2023,ALLERGY: PENICILLIN,Kelsey,,
CE0009586,Ineligible,,11/13/1976,,,,,,,,,162.50,358.25,193.00,75.98,43.63,N,N,N,,N,N,,,06/13/2023,09/11/2023,0.00,0.00,0.00,0.00,0.00,0.00,0.00,0.00,35.40,N,N,,BMI = 43.6,John,,
CE0009590,Eligible,O+,10/10/1984,,Male,asian,"LP, WB, BM,",BM 100ml,,POSITIVE,,98.30,216.71,173.00,68.11,32.84,Y,N,Y,"Environmental,",Y,Y,04/30/2026,06/09/2026,04/30/2026,07/29/2026,14.87,309.30,43.60,87.00,6.42,0.00,146.00,62.00,35.80,Y,Y,05/26/2023,"ALLERGIES: POLLEN, DUST, CATS, DOGS;
INELIGIBLE mLP d/t distance/schedule (3/2024)",Jason,,
CE0009596,IDS Expired,O+,02/18/1995,,Male,Caucasian,"LP, WB,",DQ,,NEGATIVE,POSITIVE,120.70,266.10,180.00,70.90,37.30,Y,N,N,,Y,Y,,10/29/2025,10/29/2025,01/27/2026,13.40,196.40,46.30,75.00,6.90,0.00,135.00,86.00,35.90,N,Y,06/05/2023,BMI too high for mLP,Sergio,03/13/2024,POSITIVE
CE0009600,IDS Expired,O+,11/28/1995,,Female,Caucasian,"LP, WB,",DQ,,NEGATIVE,POSITIVE,113.20,249.60,170.00,66.90,39.20,Y,N,Y,"Medication,",Y,Y,,06/08/2023,05/11/2023,08/09/2023,13.90,257.20,40.90,64.00,6.10,0.00,119.00,69.00,36.50,N,Y,06/08/2023,ALLERGIES: SULFA SEPTRA ANTIBIOTICS,Rachelle,06/08/2023,POSITIVE
CE0009602,Ineligible,A+,05/05/1969,,Male,Caucasian,"WB, BM,",BM 100ml,,NEGATIVE,positive,99.80,220.02,188.00,74.02,28.24,N,N,N,,Y,Y,04/21/2025,08/23/2024,04/21/2025,07/20/2025,14.78,247.40,43.50,66.00,4.75,0.00,129.00,86.00,35.70,N,N,,,Brett,04/22/2024,positive
CE0009612,IDS Expired,B+,07/01/1986,,Female,asian,"LP, WB,",DQ,,Negative,,56.30,124.10,165.10,65.00,20.70,N,N,Y,"Environmental,",Y,Y,,08/22/2023,08/22/2023,11/20/2023,12.00,274.90,35.10,87.00,7.30,0.00,120.00,68.00,36.40,N,Y,08/22/2023,,Aileen,,
CE0009617,Ineligible,O+,08/07/1996,,Female,Caucasian,,,,NEGATIVE,,75.70,166.89,160.02,63.00,29.56,Y,N,N,,Y,N,,07/20/2023,05/25/2023,08/23/2023,13.40,322.70,38.50,78.00,5.17,0.00,132.00,79.00,36.20,N,N,,,Sara,,
CE0009619,IDS Expired,A+,09/19/1996,,Female,Mixed,"LP, WB, BM,",BM 100ml,,Negative,,71.40,157.40,165.00,65.00,26.20,Y,N,Y,"Medication,",N,N,07/06/2023,,05/23/2023,08/21/2023,13.70,255.00,40.80,89.00,4.90,0.00,139.00,92.00,36.50,N,Y,07/06/2023,,Alexandria,,
CE0009622,Deferred,,05/15/2003,,,,,,,,,59.90,132.06,165.00,64.96,22.00,N,N,N,,N,N,,,,,0.00,0.00,0.00,72.00,0.00,0.00,117.00,77.00,36.60,N,N,,,Maryana,,
CE0009624,Ineligible,,02/11/1993,,,,,,,,,0.00,0.00,0.00,0.00,0.00,N,N,N,,N,N,,,,,0.00,0.00,0.00,0.00,0.00,0.00,0.00,0.00,0.00,N,N,,,Hammad,,
CE0009783,IDS Expired,A+,10/05/1992,,Female,Hispanic,"LP, WB,",BM 100ml,,Positive,,71.00,156.50,157.50,62.00,28.60,N,N,N,,N,N,,,05/23/2023,08/21/2023,13.40,205.10,40.00,83.00,5.70,0.00,118.00,71.00,36.60,N,N,,,Natalie,,
CE0009786,IDS Expired,O+,05/28/2003,,Female,AfricanAmerican,"LP,",,,POSITIVE,POSITIVE,74.80,164.90,160.00,63.00,29.20,N,N,N,,Y,Y,,05/09/2024,05/09/2024,08/07/2024,11.20,340.70,36.10,89.00,8.40,0.00,123.00,66.00,36.10,N,N,,,Mariama,05/09/2024,POSITIVE
CE0009787,IDS Expired,A-,03/21/1974,,Male,Caucasian,"LP, WB, BM,",BM 100ml,,Negative,,93.90,207.01,178.00,70.08,29.64,Y,N,N,,Y,Y,08/11/2025,08/29/2024,08/11/2025,11/09/2025,14.93,244.10,42.10,61.00,5.80,0.00,124.00,74.00,36.30,N,Y,04/18/2024,fenofibrate indicated for triglycerides,Colby,,
CE0009791,IDS Expired,A+,08/21/1993,,Female,Caucasian,"LP, WB,",,,Negative,POSITIVE,60.70,133.80,160.00,63.00,23.70,Y,N,Y,"Medication,",Y,Y,,07/24/2023,06/06/2023,09/04/2023,15.00,188.70,43.70,67.00,5.70,0.00,115.00,73.00,36.30,N,N,,ALLERGY: SULFA,Aerin,07/24/2023,POSITIVE
CE0009799,Ineligible,,09/19/1990,,,,,DQ,,,,0.00,0.00,0.00,0.00,0.00,N,N,N,,N,N,,,,,0.00,0.00,0.00,0.00,0.00,0.00,0.00,0.00,0.00,N,N,,,Jessie,,
CE0009800,Ineligible,,10/13/1998,,Female,AfricanAmerican,,,,,,106.80,235.50,152.00,59.80,46.20,N,N,N,,N,N,,,,,0.00,0.00,0.00,0.00,0.00,0.00,0.00,0.00,0.00,N,N,,,Ebony,,
CE0009802,Ineligible,,12/06/1985,,,,,,,,,61.60,135.80,167.60,65.98,21.93,N,N,N,,N,N,,,,,0.00,0.00,0.00,0.00,0.00,0.00,0.00,0.00,36.40,N,N,,INELIGIBLE d/t disqualifying medical dx.,Francesco,,
CE0009805,IDS Expired,O+,11/02/1995,,Male,AfricanAmerican,"LP, WB, BM,",BM 100ml,,NEGATIVE,,66.60,146.80,168.00,66.10,23.60,N,N,N,,N,N,07/12/2023,,06/01/2023,08/30/2023,14.00,307.70,42.10,65.00,6.30,0.00,142.00,99.00,36.80,N,Y,07/12/2023,,Kashaun,,
CE0009807,IDS Expired,B-,11/11/1968,,Female,Hispanic,"LP, WB, BM,",BM 100ml,,NEGATIVE,,69.90,154.10,152.40,60.00,30.10,N,N,Y,"Medication,",N,N,,,06/01/2023,08/30/2023,12.80,224.00,37.90,54.00,6.00,0.00,114.00,70.00,36.50,N,N,,ALLERGY: SULFA DRUGS,Natalie,,
CE0009809,IDS Expired,O+,06/25/1990,,Male,Mixed,"LP, WB,",Not Interested,,POSITIVE,POSITIVE,84.90,187.20,173.00,68.10,27.60,N,N,Y,"Environmental,",Y,N,,05/05/2026,02/23/2026,05/24/2026,15.80,185.70,46.40,68.00,4.20,0.00,135.00,78.00,36.30,N,Y,03/25/2024,"ALLERGY: CATS (mild);
Next MobLP eligibility: 08/13/2025",Michael,06/07/2023,POSITIVE
CE0009810,IDS Expired,A+,01/03/1974,,Female,Hispanic,"WB, BM,",BM 100ml,,Positive,,69.00,152.10,165.10,65.00,25.30,Y,Y,Y,"Medication,",N,N,06/16/2023,,06/05/2023,09/03/2023,12.80,256.70,38.90,55.00,6.60,0.00,127.00,84.00,36.20,N,N,,ALLERGY: CODEINE,Sandra,,
CE0009811,IDS Expired,O+,04/23/1998,,Female,Caucasian,"LP, WB,",Not Interested,,Positive,POSITIVE,61.30,135.10,167.60,66.00,21.80,Y,N,Y,"Food,",Y,Y,,11/15/2023,09/20/2023,12/19/2023,14.30,195.20,40.50,86.00,8.40,0.00,100.00,57.00,36.60,N,Y,09/20/2023,ALLERGY: SHELLFISH,Addison,07/19/2023,POSITIVE
CE0009812,IDS Expired,A+,12/23/1997,,Female,asian,"LP, WB,",,,Positive,,57.00,125.70,157.50,62.00,23.00,Y,N,Y,"Food,",N,N,,,06/05/2023,09/03/2023,12.90,331.10,38.20,58.00,4.60,0.00,112.00,71.00,36.40,N,N,,,Megan,,
CE0009813,Eligible,B+,02/01/1975,,Male,Caucasian,"WB, BM,",BM 100ml,,Negative,,70.10,154.54,178.00,70.08,22.12,N,Y,N,,Y,Y,04/30/2026,,04/30/2026,07/29/2026,17.13,356.70,51.00,100.00,8.61,0.00,104.00,73.00,36.30,Y,Y,06/23/2023,DQ for LP due to small and sclerosed veins (7/17/24),David,,
CE0009817,Eligible,O+,09/12/1993,,Female,Mixed,"BM,",BM 100ml,,Positive,Positive,65.60,144.62,152.00,59.84,28.39,Y,Y,Y,"Medication, Food,",Y,N,07/01/2026,,05/11/2026,08/09/2026,12.80,287.00,39.80,69.00,10.72,0.00,100.00,66.00,36.30,Y,Y,06/15/2023,"ALLERGIES: TREE NUT, CLINDAMYCIN;
5/2026: per ACL: inadequate veins. DQ for WB and LP",Ariel,,
CE0009818,Ineligible,,07/10/1991,,Male,AfricanAmerican,,,,,,136.80,301.59,178.00,70.08,43.18,N,N,N,,N,N,,,06/12/2023,,0.00,0.00,0.00,0.00,0.00,0.00,0.00,0.00,0.00,N,N,,,Roy,,
CE0009827,IDS Expired,A+,03/06/1996,,Male,AfricanAmerican,"LP, WB, BM,",BM 100ml,,NEGATIVE,POSITIVE,84.80,186.95,188.00,74.02,23.99,N,Y,N,,Y,N,06/05/2026,12/12/2024,01/30/2026,04/30/2026,15.36,241.40,43.90,51.00,6.34,0.00,101.00,63.00,36.30,N,Y,12/12/2024,,Isaac,07/06/2023,POSITIVE
CE0009828,Ineligible,,06/07/1994,,,,,,,,,77.80,171.52,172.72,68.00,26.08,N,N,N,,N,N,,,,,18.28,122.40,52.70,62.00,4.28,0.00,137.00,91.00,36.40,N,N,,,Steven,,
CE0009829,IDS Expired,O+,09/23/1994,,Male,AfricanAmerican,"LP, WB, BM,",BM 100ml,,Negative,POSITIVE,87.30,192.50,172.00,67.70,29.50,N,N,N,,Y,N,07/05/2023,10/05/2023,10/05/2023,01/03/2024,13.90,299.00,41.60,86.00,5.00,0.00,144.00,82.00,36.80,N,N,,,Nathanael,10/05/2023,POSITIVE
CE0009830,Ineligible,,10/04/1996,,,,,,,,,56.30,124.12,152.40,60.00,24.24,N,N,N,,N,N,,,,,0.00,0.00,0.00,0.00,0.00,0.00,0.00,0.00,36.20,N,N,,,Alondra,,
CE0009833,IDS Expired,O+,02/14/1985,,Female,Mixed,"BM,",BM 100ml,,positive,,82.30,181.40,165.00,65.00,30.20,N,N,N,,Y,Y,05/28/2026,,04/02/2026,07/01/2026,14.20,305.00,41.60,56.00,6.80,0.00,107.00,64.00,36.40,N,Y,08/16/2023,"Donor can give WB, and use Left basilic veins. AC",Mercedes,,
CE0009853,Deferred,,06/07/2000,,Female,,,,,,,55.30,121.92,160.02,63.00,21.60,Y,Y,N,,N,N,,,,,12.10,299.00,36.10,62.00,8.42,0.00,119.00,70.00,36.40,N,N,,,Michelle,,
CE0009854,Ineligible,O+,10/31/1986,,Male,Mixed,,DQ,,Positive,,77.80,171.52,180.00,70.87,24.01,Y,Y,Y,"Environmental,",Y,Y,,12/07/2023,09/28/2023,12/27/2023,14.01,191.50,42.20,67.00,8.75,0.00,142.00,69.00,36.40,N,Y,07/11/2023,ALLERGIES: SEASONAL,Keith,,
CE0009855,Ineligible,,05/09/2002,,,,,,,,,66.10,145.73,160.02,63.00,25.81,N,N,N,,N,N,,,,,0.00,0.00,0.00,105.00,0.00,0.00,136.00,87.00,36.20,N,N,,,Yeva,,
CE0009856,Ineligible,O+,09/16/2001,,Female,asian,"LP, WB, BM,",BM 100ml,,NEGATIVE,,62.00,136.69,152.40,60.00,26.69,N,N,N,,N,N,,,06/12/2023,09/10/2023,14.36,346.90,42.30,85.00,6.34,0.00,107.00,75.00,36.40,N,N,,,Rachael,,
CE0009857,IDS Expired,O+,12/06/1993,,Female,Hispanic,"LP, WB, BM,",BM 100ml,,POSITIVE,positive,68.80,151.70,4.60,1.80,"31,956.00",Y,Y,N,,Y,N,,09/14/2023,09/14/2023,12/13/2023,13.40,254.60,37.90,84.00,4.60,0.00,118.00,71.00,36.70,N,Y,07/03/2023,,Jhoraida,07/03/2023,positive
CE0009858,IDS Expired,O+,09/11/1996,,Female,Caucasian,"LP, WB, BM,",BM 100ml,,NEGATIVE,NEGATIVE,74.50,164.20,170.20,67.00,25.70,Y,N,N,,Y,N,,07/11/2023,07/11/2023,10/09/2023,12.80,199.40,36.50,66.00,5.30,0.00,126.00,64.00,36.50,N,Y,07/11/2023,,Leah,07/11/2023,NEGATIVE
CE0009859,Ineligible,,02/13/1985,,,,,,,,,89.60,197.53,175.26,69.00,29.17,N,N,N,,N,N,,,,,14.76,188.10,43.90,68.00,2.86,0.00,120.00,79.00,36.50,N,N,,,Robert,,
CE0009861,IDS Expired,A+,09/26/2000,,Female,Mixed,"LP,",,,NEGATIVE,positive,62.50,137.80,175.00,68.90,20.40,N,N,Y,"Food,",Y,N,,12/18/2023,12/18/2023,03/17/2024,12.00,164.40,35.00,77.00,6.00,0.00,148.00,82.00,37.10,N,Y,07/27/2023,"ALLERGIES: BLUEBERRIES, MANGOES",Jennavy,07/27/2023,positive
CE0009862,IDS Expired,A+,10/20/1994,,Female,Caucasian,"LP, WB,",DQ,,NEGATIVE,positive,59.20,130.50,160.00,63.00,23.10,Y,N,Y,"Medication,",Y,N,,03/24/2025,03/17/2025,06/15/2025,11.80,237.30,35.70,71.00,4.60,0.00,107.00,63.00,35.70,N,Y,07/26/2023,DQ mLP d/t veins (12/14/23),Kristina,07/26/2023,positive
CE0009863,Eligible,O+,01/20/1993,,Male,Hispanic,"LP, WB,",DQ,,NEGATIVE,positive,114.20,251.77,178.00,70.08,36.04,N,N,N,,Y,Y,,05/13/2026,05/13/2026,08/11/2026,14.56,215.30,43.90,65.00,8.70,0.00,134.00,72.00,36.40,Y,Y,03/06/2025,,Brian,,
CE0009865,Ineligible,,03/06/1996,,,,,,,,,76.60,168.87,177.80,70.00,24.23,N,N,N,,N,N,,,,,14.33,256.20,43.00,72.00,2.45,0.00,118.00,53.00,36.70,N,N,,,Louis,,
CE0009866,IDS Expired,AB-,02/19/2002,,Male,Caucasian,"LP, WB, BM,",BM 100ml,,POSITIVE,NEGATIVE,105.10,231.71,193.00,75.98,28.22,Y,N,N,,Y,N,09/12/2025,12/19/2024,07/18/2025,10/16/2025,15.62,202.60,43.10,76.00,4.89,0.00,122.00,73.00,35.90,N,Y,07/07/2023,,"Alexander ""Ash""",11/13/2024,NEGATIVE
CE0009868,IDS Expired,O+,12/27/1992,,Female,asian,"LP,",,,POSITIVE,positive,73.20,161.40,160.00,63.00,28.60,N,N,N,,Y,N,,11/07/2023,09/05/2023,12/04/2023,12.00,163.70,34.60,73.00,3.80,0.00,128.00,78.00,36.40,N,Y,08/01/2023,"borderline hemoglobin
DQ from mLP d/t consistently low hgb - 11/07/23",Zuhra,08/01/2023,positive
CE0009869,IDS Expired,A+,10/11/1995,,Male,Caucasian,"LP, WB, BM,",BM 100ml,,POSITIVE,positive,101.20,223.10,185.00,72.80,29.60,N,N,N,,Y,Y,01/07/2025,10/03/2023,12/18/2024,03/18/2025,15.40,280.20,42.40,59.00,6.30,0.00,150.00,99.00,36.50,N,Y,08/01/2023,DQ for mLP (two donations in past),Ameen Mohammed,08/01/2023,positive
CE0009876,Ineligible,O-,07/31/1987,,Male,Caucasian,,,,Negative,,79.70,175.71,180.00,70.87,24.60,N,N,N,,Y,Y,,,07/11/2023,10/09/2023,14.15,213.60,39.50,75.00,4.76,0.00,122.00,64.00,36.10,N,N,,,Brendan,,
CE0009878,Ineligible,O+,07/27/1994,,Female,Mixed,,DQ,,POSITIVE,,88.10,194.23,160.00,62.99,34.41,N,N,N,,N,N,08/31/2023,,07/31/2023,10/29/2023,12.80,236.80,38.40,73.00,7.12,0.00,119.00,75.00,36.60,N,N,,DQ from all donations. Not suitable veins.,Shekinah,,
CE0009880,Deferred,,06/17/1999,,,,,,,,,76.80,169.32,167.64,66.00,27.33,N,N,N,,N,N,,,,,0.00,0.00,0.00,125.00,0.00,0.00,139.00,84.00,36.40,N,N,,,Ana,,
CE0009881,IDS Expired,A+,04/25/2001,,Female,Caucasian,"LP,",DQ,,POSITIVE,POSITIVE,69.50,153.20,155.00,61.00,28.90,N,N,Y,"Medication,",Y,Y,,01/23/2024,01/09/2024,04/08/2024,12.40,228.20,36.50,99.00,4.90,0.00,131.00,65.00,36.60,N,Y,07/03/2023,"ALLERGY: 2001 FLU VACCINE STRAIN
DQ WB, mLP, & BMA d/t long hx low hgb.","Olivia ""Orion""",07/10/2023,POSITIVE
CE0009891,IDS Expired,A+,06/14/2004,,Male,Caucasian,"LP, WB, BM,",BM 100ml,,NEGATIVE,,68.40,150.80,175.30,69.00,22.30,N,N,N,,N,N,,,06/20/2023,09/18/2023,14.40,238.00,42.40,85.00,4.50,0.00,111.00,64.00,36.80,N,N,,,Logan,,
CE0009892,Ineligible,,08/09/1961,,,,,,,,,0.00,0.00,0.00,0.00,0.00,N,N,N,,N,N,,,,,0.00,0.00,0.00,0.00,0.00,0.00,0.00,0.00,0.00,N,N,,,Rebeca,,
CE0009894,IDS Expired,B+,05/02/1996,,Male,asian,"LP, WB,",Not Interested,,positive,POSITIVE,65.90,145.30,163.00,64.20,24.80,N,N,N,,Y,N,,07/18/2023,01/03/2024,04/02/2024,15.90,209.70,45.00,63.00,3.40,0.00,127.00,76.00,36.30,N,Y,07/17/2023,,Shelton,07/18/2023,POSITIVE
CE0009895,Deferred,,03/19/1993,,,,,,,,,76.60,168.87,165.10,65.00,28.10,N,N,N,,N,N,,,,,11.70,195.00,35.10,0.00,4.89,0.00,0.00,0.00,0.00,N,N,,,Evette,,
CE0009897,Ineligible,O+,01/17/1994,,Female,Hispanic,,Not Interested,,POSITIVE,,56.60,124.80,165.00,65.00,20.80,N,Y,N,,N,N,,11/29/2023,10/03/2023,01/01/2024,13.30,296.80,38.60,81.00,4.10,0.00,124.00,74.00,36.30,N,N,,,Roxanne,,
CE0009902,IDS Expired,A+,09/08/1998,,Female,Hispanic,"LP, WB, BM,",BM 100ml,,POSITIVE,,73.90,162.90,155.00,61.00,30.80,N,Y,Y,"Environmental,",N,N,,,06/22/2023,09/20/2023,14.20,247.00,41.30,92.00,6.10,0.00,138.00,82.00,36.50,N,N,,"ALLERGY: NICKEL
QUIT TOBACCO USE ""Last year [2022] sometime.""
As of 6/22/2023 - not taking prescription medication, only vitamins/preworkout",Lina,,
CE0009904,Ineligible,,07/18/1978,,,,,,,,,67.90,149.69,175.26,69.00,22.11,N,N,N,,N,N,,,,,13.77,171.10,40.40,53.00,3.01,0.00,146.00,73.00,36.10,N,N,,,Bradley,,
CE0009908,IDS Expired,A+,11/01/1990,,Male,AfricanAmerican,"LP, WB, BM,",BM 100ml,,POSITIVE,positive,92.00,202.80,175.00,68.90,30.00,N,N,Y,"Environmental,",Y,N,05/17/2024,11/04/2024,08/22/2024,11/20/2024,14.60,391.20,44.20,90.00,6.20,0.00,133.00,81.00,36.30,N,N,,"ALLERGIES: POLLEN, DUST",Kevin,,
CE0009910,IDS Expired,B+,12/12/2002,,Female,Hispanic,"LP,",,,POSITIVE,,59.70,131.60,162.60,64.00,22.60,N,N,N,,N,N,,,07/11/2023,10/09/2023,12.10,399.50,36.80,75.00,8.60,0.00,130.00,74.00,36.80,N,N,,,Maria,,
CE0009911,Eligible,O-,07/17/1987,,Male,Caucasian,"LP, WB, BM,",BM 100ml,,Negative,Positive,64.50,142.20,170.00,66.93,22.11,N,Y,Y,"Food,",Y,N,05/20/2026,06/24/2026,04/13/2026,07/12/2026,13.93,265.80,41.80,64.00,7.86,0.00,115.00,58.00,36.70,N,Y,07/10/2023,Allergy: Raw tomatoes,Joseph,,
CE0009913,IDS Expired,B+,11/08/1987,,Male,Caucasian,"LP, WB, BM,",BM 100ml,,negative,,116.40,256.60,177.80,70.00,36.80,N,N,Y,"Medication,",N,N,,,06/28/2023,09/26/2023,14.70,231.60,41.30,67.00,4.00,0.00,128.00,76.00,36.40,N,N,,,Robert,,
CE0009915,Eligible,A+,04/02/1987,,Female,Caucasian,"LP, WB,",,,Positive,POSITIVE,61.90,136.47,170.00,66.93,21.42,Y,N,N,,Y,Y,11/26/2024,07/01/2026,06/15/2026,09/13/2026,13.76,209.30,41.40,72.00,5.36,0.00,101.00,59.00,36.40,Y,Y,07/18/2023,,Arielle,02/27/2024,POSITIVE
CE0009916,IDS Expired,O+,10/27/1977,,Male,Hispanic,"LP, WB, BM,",BM 100ml,,NEGATIVE,,87.00,191.80,172.70,68.00,29.20,Y,Y,N,,N,N,,,08/12/2025,11/10/2025,17.10,353.30,49.00,81.00,7.80,0.00,130.00,87.00,36.00,N,N,,,Richard,,
CE0009918,IDS Expired,A+,07/29/1980,,Male,Caucasian,"LP,",Not Interested,,negative,,117.10,258.16,196.00,77.17,30.48,N,N,Y,,Y,Y,,09/03/2024,07/10/2024,10/08/2024,15.04,212.30,45.20,56.00,5.90,0.00,133.00,80.00,35.90,N,Y,07/10/2023,"NO WB, NO BMA (donor preference).
INELIGIBLE mLP d/t age.",Casey,,
CE0009919,Deferred,,11/26/1968,,Female,Mixed,,,,,,104.40,230.16,157.48,62.00,42.10,N,N,Y,"Medication, Environmental,",N,N,,,,,0.00,0.00,0.00,0.00,0.00,0.00,0.00,0.00,0.00,N,N,,,Tracy,,
CE0009921,IDS Expired,O+,10/19/1983,,Male,Mixed,"WB, BM,",BM 100ml,,POSITIVE,,99.10,218.50,178.00,70.10,31.30,N,N,N,,N,N,11/13/2023,,11/13/2023,02/11/2024,17.70,224.50,50.70,81.00,6.10,0.00,127.00,86.00,36.10,N,Y,09/18/2023,,Christopher,,
CE0009922,Deferred,,05/20/1987,,,,,,,,,72.10,158.95,0.00,0.00,0.00,Y,N,N,,N,N,,,,,0.00,0.00,0.00,0.00,0.00,0.00,0.00,0.00,36.40,N,N,,,Caribeth,,
CE0009923,Eligible,O+,01/03/1986,,Female,Caucasian,"LP, WB, BM,",BM 100ml,,positive,,81.20,179.02,165.00,65.00,30.70,Y,N,N,,Y,Y,03/08/2024,,07/15/2026,10/13/2026,14.12,193.20,42.20,73.00,4.47,0.00,107.00,66.00,36.40,Y,Y,07/19/2023,,Abby,,
CE0009924,Deferred,B+,11/17/1995,,MTF,Caucasian,"LP,",DQ,,NEGATIVE,POSITIVE,68.40,150.80,173.00,68.11,22.35,Y,Y,Y,"Medication,",Y,Y,10/29/2025,12/03/2025,04/28/2026,07/27/2026,11.35,396.10,33.20,70.00,7.53,0.00,131.00,70.00,36.30,Y,Y,07/17/2023,ALLERGY: sulfa;,"Stephen ""Rew""",02/26/2025,
CE0009925,IDS Expired,O+,06/05/1987,,Female,Caucasian,"LP, WB,",DQ,,positive,,93.00,205.00,160.00,63.00,36.30,N,N,N,,Y,N,,11/22/2023,09/27/2023,12/26/2023,13.70,212.20,13.70,68.00,6.40,0.00,146.00,77.00,36.50,N,Y,07/28/2023,,Amberle,,
CE0009928,IDS Expired,B+,03/21/1998,,Male,Caucasian,"LP, WB,",Not Interested,,negative,POSITIVE,96.30,212.30,188.00,74.00,27.30,N,N,Y,"Medication, Food,",N,N,,07/24/2023,06/28/2023,09/26/2023,14.90,230.60,42.20,63.00,3.60,0.00,127.00,67.00,36.00,N,Y,07/24/2023,"ALLERGIES: PCN, SWEET POTATOES",Finn,07/24/2023,POSITIVE
CE0009937,IDS Expired,B+,01/21/1994,,Male,asian,"LP, WB, BM,",BM 100ml,,NEGATIVE,Positive,89.30,196.90,175.00,68.90,29.20,Y,N,Y,"Environmental,",Y,Y,04/02/2026,02/24/2026,02/24/2026,05/25/2026,13.20,209.60,49.00,72.00,7.10,0.00,120.00,72.00,36.00,N,Y,07/06/2023,ALLERGY: SEASONAL (DUST),Lucas,,
CE0009942,Eligible,O+,06/17/1993,,Male,AfricanAmerican,"LP, WB,",DQ,,negative,POSITIVE,59.80,131.84,185.00,72.80,17.20,N,N,N,,Y,Y,10/23/2025,07/16/2026,05/05/2026,08/03/2026,13.85,339.80,42.60,74.00,6.12,0.00,148.00,84.00,36.70,Y,Y,07/10/2023,INELIGIBLE for mLP d/t reliability,Dejuan,07/10/2023,POSITIVE
CE0009943,Ineligible,O+,10/21/1995,,Male,AfricanAmerican,,,,negative,,144.90,319.45,190.50,75.00,39.93,N,Y,Y,"Environmental,",N,N,,,06/27/2023,09/25/2023,14.84,303.00,43.70,64.00,8.52,0.00,132.00,73.00,36.60,N,N,,ALLERGIES: SEASONAL,Dajon,,
CE0009944,IDS Expired,O-,02/28/1998,,Female,Caucasian,"WB, BM,",BM 100ml,,POSITIVE,POSITIVE,64.70,142.60,165.00,65.00,23.80,Y,N,N,,Y,Y,12/08/2025,,12/08/2025,03/08/2026,14.90,299.20,44.60,68.00,6.20,0.00,124.00,80.00,36.00,N,Y,08/16/2023,"Small WB only (ineligible for LP)
INELIGIBLE for mLP d/t unsuitable veins",Olivia,12/13/2023,POSITIVE
CE0009945,IDS Expired,O+,09/09/1998,,Male,Mixed,"LP, WB, BM,",BM 100ml,,POSITIVE,,89.00,196.20,178.00,70.10,28.10,N,N,N,,Y,N,08/08/2023,,07/17/2023,10/15/2023,15.10,253.80,42.80,64.00,5.20,0.00,137.00,97.00,36.50,N,Y,08/02/2023,,Steven,,
CE0009946,IDS Expired,O+,03/04/2000,,Male,asian,"LP, WB,",Not Interested,,positive,,93.50,206.10,160.00,63.00,36.50,N,Y,N,,N,N,,,09/12/2023,12/11/2023,16.50,272.50,47.20,76.00,5.80,0.00,138.00,75.00,36.30,N,N,,,Marlon,,
CE0009953,Ineligible,,04/03/1996,,,,,,,,,60.20,132.72,154.94,61.00,25.08,Y,N,N,,N,N,,,,,0.00,0.00,0.00,0.00,0.00,0.00,0.00,0.00,0.00,N,N,,,Christina,,
CE0009955,IDS Expired,O+,02/18/1994,,Male,Mixed,"LP, WB, BM,",BM 100ml,,negative,,93.70,206.60,173.00,68.10,31.30,Y,N,Y,,N,N,01/03/2025,,12/02/2024,03/02/2025,13.50,268.30,39.30,70.00,4.50,0.00,145.00,76.00,36.50,N,N,,,Marcellus,,
CE0009956,Deferred,O+,10/21/1970,,Male,Caucasian,,BM 100ml,,POSITIVE,,94.60,208.56,185.00,72.83,27.64,N,N,N,,Y,Y,03/08/2024,08/17/2023,03/08/2024,06/06/2024,11.58,292.40,35.00,68.00,4.91,0.00,132.00,71.00,36.40,N,Y,08/17/2023,,Zephyr,,
CE0009958,Eligible,O+,01/27/1971,,Female,Hispanic,"LP, WB,",DQ,,negative,,74.30,163.80,168.00,66.14,26.75,N,N,N,,Y,N,01/11/2024,06/16/2026,06/16/2026,09/14/2026,12.52,192.00,37.50,74.00,5.39,0.00,111.00,57.00,36.40,Y,Y,08/16/2023,DQ mLP dt age,Maria,,
CE0009960,IDS Expired,B+,07/17/1978,,Male,Hispanic,"LP, WB,",Not Interested,,negative,,84.70,186.70,173.00,68.10,28.30,N,N,Y,"Environmental,",Y,Y,,07/19/2023,07/06/2023,10/04/2023,15.80,192.20,44.70,58.00,4.00,0.00,144.00,80.00,36.00,N,Y,07/19/2023,,Santiago,,
CE0009962,IDS Expired,A+,02/12/2001,,Female,Mixed,"LP, WB,",DQ,,positive,POSITIVE,59.60,131.40,163.00,64.20,22.40,N,N,N,,Y,N,,08/21/2023,07/06/2023,10/04/2023,12.80,270.20,36.30,97.00,8.00,0.00,120.00,77.00,36.50,N,Y,07/12/2023,,Aalyna,07/12/2023,POSITIVE
CE0009965,Ineligible,,06/16/1983,,,,,,,,,93.90,207.00,175.30,69.00,30.60,N,N,N,,N,N,,,,,0.00,0.00,0.00,93.00,0.00,0.00,135.00,81.00,36.40,N,N,,,Nicole,,
CE0009969,Deferred,,03/22/1991,,,,,,,,,120.50,265.66,167.60,65.98,42.90,N,N,N,,N,N,,,,,0.00,0.00,0.00,84.00,0.00,0.00,134.00,73.00,36.40,N,N,,,Simran,,
CE0009970,IDS Expired,O+,10/23/1994,,Female,Hispanic,"LP, WB,",Not Interested,,positive,positive,73.10,161.20,165.00,65.00,26.90,N,N,N,,Y,N,,07/15/2024,07/15/2024,10/13/2024,13.70,283.00,42.50,92.00,5.30,0.00,121.00,71.00,36.00,N,Y,07/26/2023,,Maribel,07/26/2023,positive
CE0009971,IDS Expired,O+,12/09/1995,,Female,Mixed,"LP,",,,negative,POSITIVE,79.60,175.50,175.00,68.90,26.00,N,N,N,,Y,Y,,08/29/2023,07/07/2023,10/05/2023,13.20,254.20,38.00,71.00,4.70,0.00,103.00,66.00,36.70,N,N,,,Sierra,07/12/2023,POSITIVE
CE0009972,IDS Expired,B+,08/06/2000,,Female,Caucasian,"LP, WB,",Not Interested,,Negative,POSITIVE,106.90,235.70,163.00,64.20,40.20,Y,N,Y,"Food,",Y,N,,09/07/2023,07/10/2023,10/08/2023,13.40,387.40,38.50,100.00,7.30,0.00,134.00,88.00,36.20,N,Y,08/01/2023,ALLERGIES: STONE FRUITS & TREE NUTS,Eleanor,08/01/2023,POSITIVE
CE0009974,IDS Expired,B-,01/21/1992,,Female,asian,"LP,",DQ,,NEGATIVE,,97.30,214.50,157.50,62.00,39.20,N,N,N,,N,N,,,07/10/2023,10/08/2023,12.20,255.80,35.10,77.00,7.40,0.00,146.00,84.00,37.10,N,N,,,Preethi,,
CE0009975,IDS Expired,O+,10/24/2003,,Female,Caucasian,"LP, WB, BM,",BM 100ml,,negative,positive,64.50,142.20,173.00,68.10,21.60,Y,N,N,,Y,N,,08/07/2024,08/07/2024,11/05/2024,13.10,254.40,40.00,91.00,4.70,0.00,127.00,79.00,35.60,N,Y,07/26/2023,NO mLP (small veins),"Anna ""Alder""",09/06/2023,positive
CE0009976,IDS Expired,A+,04/01/2003,,Male,Hispanic,"WB, BM,",BM 100ml,,NEGATIVE,positive,72.60,160.10,183.00,72.10,21.70,N,N,Y,"Medication,",Y,N,09/26/2024,07/26/2023,09/26/2024,12/25/2024,14.70,212.40,42.40,70.00,4.50,0.00,125.00,66.00,36.50,N,Y,07/19/2023,ALLERGY: PCN,Cesar,07/26/2023,positive
CE0009977,Ineligible,,04/02/2004,,Male,Mixed,,,,,,64.70,142.64,160.02,63.00,25.27,N,N,N,,N,N,,,,,15.48,278.30,44.00,71.00,5.01,0.00,122.00,75.00,36.80,N,N,,,Kai,,
CE0009981,IDS Expired,O-,08/04/1999,,Female,Caucasian,"LP, WB,",DQ,,NEGATIVE,POSITIVE,55.10,121.50,165.00,65.00,20.20,Y,Y,N,,Y,Y,,11/06/2023,11/06/2023,02/04/2024,14.00,193.30,40.30,77.00,4.50,0.00,118.00,68.00,36.40,N,N,,,Vivian,09/18/2023,POSITIVE
CE0009982,IDS Expired,B-,03/22/1982,,Female,Caucasian,"LP,",DQ,,POSITIVE,,92.20,203.30,167.60,66.00,32.80,N,N,N,,N,N,,,07/12/2023,10/10/2023,12.40,266.30,35.30,81.00,10.10,0.00,132.00,91.00,36.60,N,N,,,Kate,,
CE0009983,Deferred,,09/24/2001,,,,,,,,,63.00,138.89,160.00,62.99,24.61,N,N,Y,"Environmental,",N,N,,,,,9.63,414.70,29.90,73.00,7.47,0.00,110.00,67.00,36.60,N,N,,ALLERGIES: CATS & DOGS,Katherine,,
CE0009984,IDS Expired,O+,09/30/1981,,Male,Caucasian,"LP,",BM 100ml,,negative,positive,80.30,177.00,178.00,70.10,25.30,N,Y,N,"Environmental,",Y,Y,,07/25/2023,03/04/2024,06/02/2024,12.90,281.20,38.40,62.00,5.50,0.00,132.00,74.00,36.80,N,N,,,Justin,07/13/2023,positive
CE0009985,IDS Expired,O+,11/05/2001,,FTM,Hispanic,"LP, WB,",DQ,,NEGATIVE,positive,106.20,234.10,175.00,68.90,34.70,Y,N,N,,Y,N,12/01/2023,02/14/2024,02/14/2024,05/14/2024,14.20,311.60,41.20,72.00,10.70,0.00,129.00,69.00,36.40,N,Y,07/27/2023,"PREFERENCE: ""Alejandro"" (He/Him)
DQ BMA for high anxiety (unable to proceed after lidocaine)
Deferred until 3/13/24 d/t surgery. See notes - ACL","Tatiana"" Alejandro""",07/27/2023,positive
CE0009987,IDS Expired,A+,08/03/1984,,Male,Caucasian,"WB, BM,",BM 100ml,,Positive,,77.50,170.90,191.00,75.20,21.20,Y,Y,Y,"Medication, Food,",Y,Y,10/09/2023,,10/09/2023,01/07/2024,13.60,239.70,41.00,56.00,5.30,0.00,113.00,58.00,36.00,N,Y,08/07/2023,"ALLERGIES: SULFA MEDS, NUTS",James,,
CE0009988,IDS Expired,A+,03/04/2003,,Male,Mixed,"LP, WB,",Not Interested,,NEGATIVE,,74.20,163.60,177.80,70.00,23.50,N,Y,Y,"Medication,",N,N,,,07/14/2023,10/12/2023,14.30,181.60,42.10,66.00,7.10,0.00,125.00,80.00,36.30,N,N,,"ALLERGIES: PCN, AMOXICILLIN",Masaiyah,,
CE0009990,Ineligible,,12/24/1996,,,,,,,,,0.00,0.00,0.00,0.00,0.00,N,N,N,,N,N,,,,,0.00,0.00,0.00,0.00,0.00,0.00,0.00,0.00,0.00,N,N,,,Noelle,,
CE0009991,Eligible,O+,11/30/1989,,Male,Hispanic,"LP, WB, BM,",BM 100ml,,positive,positive,88.70,195.55,178.00,70.10,26.50,N,Y,N,,Y,N,12/02/2025,07/07/2026,05/14/2026,08/12/2026,12.94,372.40,39.10,83.00,7.47,0.00,142.00,74.00,36.50,Y,Y,08/04/2023,"MobLP: DQ d/t poor veins, frequent plasma donor.",Joshua,08/04/2023,positive
CE0009992,Eligible,A+,06/19/1988,,Female,Hispanic,"LP, WB, BM,",BM 100ml,,Positive,,86.10,189.82,160.00,62.99,33.63,N,N,N,,Y,N,05/28/2026,04/21/2026,05/28/2026,08/26/2026,13.78,374.90,40.90,100.00,7.29,0.00,134.00,89.00,36.20,Y,Y,07/31/2023,DQ mLP dt veins,Laura,,
CE0009993,IDS Expired,O+,04/20/2001,,Male,Hispanic,"LP, WB, BM,",BM 100ml,,NEGATIVE,positive,113.80,250.90,175.00,68.90,37.20,N,N,N,,Y,N,,09/18/2023,07/18/2023,10/16/2023,16.80,198.80,47.30,78.00,7.60,0.00,115.00,69.00,36.00,N,N,,,Brandon,08/07/2023,positive
CE0009994,IDS Expired,A+,12/06/2001,,Female,Hispanic,"LP,",DQ,,Positive,POSITIVE,104.70,230.80,170.00,66.90,36.20,N,N,N,,Y,N,,05/13/2024,05/06/2024,08/04/2024,12.60,273.20,39.80,53.00,6.10,0.00,109.00,54.00,36.40,N,N,,,Luz,12/20/2023,POSITIVE
CE0009995,Ineligible,A+,10/04/1974,,Female,NativeAmerican,,,,POSITIVE,,79.20,174.60,162.50,64.00,30.00,N,N,Y,"Medication,",N,N,07/28/2023,,07/18/2023,10/16/2023,12.60,392.50,40.20,99.00,8.40,0.00,110.00,76.00,36.20,N,Y,07/28/2023,,Elizabeth,,
CE0009996,Deferred,,05/27/1979,,Female,Caucasian,,,,,,71.40,157.40,165.00,65.00,26.20,Y,N,Y,"Medication,",N,N,,,,,12.10,293.90,33.20,69.00,6.50,0.00,119.00,70.00,36.50,N,N,,,Daniela,,
CE0009997,Ineligible,,02/25/1967,,Male,,,,,,,106.20,234.13,162.56,64.00,40.19,N,N,N,,N,N,,,,,0.00,0.00,0.00,0.00,0.00,0.00,0.00,0.00,0.00,N,N,,,James,,
CE0009998,IDS Expired,B-,12/03/1996,,Female,Caucasian,"LP, WB,",Not Interested,,POSITIVE,,64.00,141.10,167.60,66.00,22.80,Y,N,N,,N,N,,07/31/2023,07/19/2023,10/17/2023,12.80,203.60,36.50,73.00,3.40,0.00,102.00,60.00,36.60,N,Y,07/31/2023,,Jessica,,
CE0009999,Deferred,,08/21/1983,,Male,AfricanAmerican,,,,,,95.20,209.88,183.00,72.05,28.43,N,Y,N,,N,N,,,,,0.00,0.00,0.00,99.00,0.00,0.00,138.00,87.00,36.20,N,N,,,Jamar,,
CE0010000,Ineligible,,09/11/2003,,,,,,,,,60.40,133.16,0.00,0.00,0.00,N,N,N,,N,N,,,,,0.00,0.00,0.00,0.00,0.00,0.00,92.00,58.00,36.90,N,N,,,Elaina,,
CE0010001,IDS Expired,O+,07/21/1990,,Male,Caucasian,"LP, WB,",Not Interested,,negative,POSITIVE,98.10,216.30,185.00,72.80,28.70,Y,N,Y,"Environmental,",Y,Y,,08/29/2023,09/13/2024,12/12/2024,14.60,200.00,42.90,76.00,7.60,0.00,128.00,69.00,36.30,N,Y,08/29/2023,"ALLERGIES: CATS, POLLEN",Clayton,08/29/2023,POSITIVE
CE0010002,IDS Expired,O+,10/04/1980,,Male,Caucasian,"LP, WB, BM,",BM 100ml,,Negative,,96.30,212.31,170.00,66.93,33.32,N,N,N,,Y,Y,09/15/2025,09/25/2023,08/25/2025,11/23/2025,16.40,248.70,44.00,89.00,5.70,0.00,159.00,100.00,36.20,N,Y,08/14/2023,,Ihsan,,
CE0010005,Deferred,A+,06/15/1994,,Male,Mixed,"WB, BM,",BM 100ml,,NEGATIVE,positive,115.10,253.75,173.00,68.11,38.46,N,N,N,,Y,N,06/21/2024,08/08/2023,06/21/2024,09/19/2024,12.34,229.10,38.20,76.00,5.48,0.00,137.00,74.00,35.80,N,Y,08/08/2023,Donor can return for IDS in 08/19/2025 d/t hgb low.,Timothy,08/08/2023,positive
CE0010006,IDS Expired,O+,03/12/1992,,Male,Caucasian,"LP, WB,",Not Interested,,negative,negative,119.90,264.30,188.00,74.00,33.90,Y,N,Y,"Food, Environmental,",Y,Y,,05/13/2024,05/07/2024,08/05/2024,13.80,284.90,41.50,51.00,6.20,0.00,134.00,78.00,36.10,N,Y,08/02/2023,ALLERGY: PET PROTEIN,Cameron,05/07/2024,negative
CE0010007,IDS Expired,O+,01/23/2002,,Female,Mixed,"LP,",DQ,,Negative,Positive,59.20,130.50,163.00,64.20,22.30,Y,N,N,,Y,Y,,11/20/2024,10/31/2024,01/29/2025,12.10,215.50,37.40,65.00,7.00,0.00,121.00,59.00,36.50,N,N,,,Tia,,
CE0010008,IDS Expired,O+,01/19/1994,,Male,Caucasian,"LP, WB,",Not Interested,,negative,POSITIVE,89.20,196.70,185.00,72.80,26.10,Y,N,Y,"Environmental,",Y,Y,,02/20/2024,01/24/2024,04/23/2024,14.40,285.10,42.40,97.00,4.90,0.00,126.00,72.00,35.40,N,Y,08/07/2023,,Benjamin,08/07/2023,POSITIVE
CE0010009,IDS Expired,O-,05/01/2004,,Female,Mixed,"LP, WB,",Not Interested,,NEGATIVE,Positive,66.60,146.80,158.00,62.20,26.70,N,N,Y,"Food,",Y,N,,11/30/2023,10/10/2023,01/08/2024,13.10,230.20,38.10,50.00,5.60,0.00,100.00,56.00,35.90,N,Y,08/10/2023,"ALLERGIES: PEANUTS, TREE NUTS, SHELLFISH",Allison,10/10/2023,POSITIVE
CE0010010,Deferred,,03/02/1991,,,,,,,,,91.70,202.16,170.20,67.01,31.66,N,N,N,,N,N,,,,,0.00,0.00,0.00,77.00,0.00,0.00,138.00,95.00,36.70,N,N,,,Shantel,,
CE0010011,IDS Expired,A+,12/28/1989,,Female,Caucasian,"LP, WB, BM,",BM 100ml,,NEGATIVE,positive,69.70,153.70,173.00,68.10,23.30,N,Y,N,,Y,Y,,11/01/2023,11/01/2023,01/30/2024,13.60,201.00,39.10,91.00,4.30,0.00,100.00,58.00,36.10,N,Y,08/14/2023,mLP = DQ (unsuitable veins),Allyscia,08/14/2023,positive
CE0010012,Eligible,O+,01/15/1989,,Female,Mixed,"WB, BM,",BM 100ml,,NEGATIVE,positive,63.00,138.89,152.00,59.84,27.27,Y,N,Y,"Environmental,",Y,Y,04/30/2026,04/15/2024,04/30/2026,07/29/2026,13.58,290.30,39.30,81.00,7.58,0.00,125.00,85.00,36.30,Y,Y,10/16/2023,ALLERGIES: SEASONAL,Paola,08/07/2023,positive
CE0010013,Deferred,,12/22/2002,,Female,Caucasian,,,,,,63.10,139.11,173.00,68.11,21.08,N,N,N,,N,N,,,,,0.00,0.00,0.00,64.00,0.00,0.00,100.00,64.00,36.70,N,N,,,Frances,,
CE0010014,IDS Expired,A+,08/16/2000,,Male,Caucasian,"LP, WB,",BM 100ml,,positive,POSITIVE,66.60,146.83,168.00,66.14,23.60,N,N,N,,Y,N,08/17/2023,12/06/2023,09/16/2025,12/15/2025,13.62,260.90,40.00,53.00,7.57,0.00,113.00,63.00,36.20,N,Y,08/17/2023,NI-BM.,Samuel,,
CE0010015,IDS Expired,O+,09/16/1995,,Male,Caucasian,"LP, WB, BM,",BM 100ml,,NEGATIVE,positive,82.20,181.22,172.00,67.72,27.79,N,N,Y,"Environmental,",Y,Y,09/04/2025,07/07/2025,07/07/2025,10/05/2025,15.50,261.50,41.50,65.00,5.36,0.00,130.00,84.00,36.30,N,Y,08/14/2023,"ALLERGY: POLLEN, SHELLFISH;
11/06/23 - NO mLP d/t schedule",Zachary,11/06/2023,positive
CE0010016,IDS Expired,O+,03/04/1988,,Female,Caucasian,"LP,",,,negative,,59.90,132.10,163.00,64.20,22.60,Y,N,Y,"Medication,",Y,N,,08/09/2023,07/31/2023,10/29/2023,12.30,270.30,35.50,83.00,8.00,0.00,106.00,61.00,36.80,N,N,,,Laura,,
CE0010017,IDS Expired,A+,07/16/1998,,Male,Mixed,"LP, WB,",Not Interested,,positive,,91.70,202.20,180.00,70.90,28.30,N,Y,Y,"Medication,",N,N,,,07/31/2023,10/29/2023,14.90,250.00,42.70,88.00,6.80,0.00,143.00,78.00,36.60,N,N,,,Johnathan,,
CE0010018,IDS Expired,AB+,01/10/2000,,Female,Hispanic,"LP, WB,",DQ,,positive,,99.40,219.10,160.00,63.00,38.80,Y,N,N,,N,N,,,07/31/2023,10/29/2023,14.20,371.70,40.20,98.00,9.40,0.00,112.00,74.00,36.20,N,N,,,Elizabeth,,
CE0010019,Ineligible,,07/23/1994,,,,,DQ,,,,84.10,185.41,177.80,70.00,26.60,N,N,N,,N,N,,,,,0.00,0.00,0.00,0.00,0.00,0.00,0.00,0.00,36.70,N,N,,,Marcus,,
CE0010020,IDS Expired,A+,03/13/1991,,Male,Caucasian,"LP, WB, MLP,",DQ,,negative,POSITIVE,88.60,195.30,185.00,72.80,25.90,N,N,Y,"Medication,",Y,N,,01/22/2025,12/05/2024,03/05/2025,14.40,276.20,43.10,62.00,6.90,0.00,118.00,67.00,36.00,N,Y,08/10/2023,ALLERGY: SULFA DRUGS,Cory,08/10/2023,POSITIVE
CE0010021,IDS Expired,O+,11/04/2002,,Female,Hispanic,"LP, WB,",DQ,,positive,Negative,56.70,125.00,160.00,63.00,22.20,N,N,N,,Y,Y,08/10/2023,,03/27/2024,06/25/2024,13.70,230.90,42.50,76.00,5.20,0.00,111.00,68.00,36.60,N,Y,08/10/2023,,Kasandra,03/27/2024,Negative
CE0010022,Ineligible,,05/16/1972,,,,,,,,,100.00,220.46,160.00,62.99,39.06,N,N,N,,N,N,,,,,0.00,0.00,0.00,76.00,0.00,0.00,142.00,77.00,36.10,N,N,,INELIGIBLE - unsuitable veins & body type,Felice,,
CE0010023,IDS Expired,A+,12/30/1988,,Female,Hispanic,"LP, WB, BM,",BM 100ml,,positive,,65.00,143.30,157.00,61.80,26.40,Y,N,Y,"Medication,",Y,N,06/10/2024,07/15/2024,05/01/2024,07/30/2024,12.30,264.20,37.60,67.00,4.00,0.00,111.00,67.00,36.20,N,Y,08/16/2023,"Allergies Vicodine
No mLP d/t Hgb and not suitable veins",Crystal,,
CE0010024,IDS Expired,O+,07/05/1989,,Female,Caucasian,"LP, WB,",DQ,,positive,POSITIVE,58.00,127.90,173.00,68.10,19.40,Y,N,Y,"Medication,",Y,Y,,04/09/2024,04/09/2024,07/08/2024,13.30,168.50,40.00,80.00,3.30,0.00,107.00,64.00,36.40,N,Y,08/16/2023,no mlp d/t veins,Elaine,10/12/2023,POSITIVE
CE0010025,Deferred,A+,05/07/1999,,Male,Hispanic,"WB, BM,",BM 100ml,,NEGATIVE,Positive,111.10,244.90,183.00,72.10,33.20,N,N,N,,Y,Y,09/25/2024,,09/25/2024,12/24/2024,14.80,265.80,45.20,96.00,7.60,0.00,126.00,84.00,35.80,N,Y,08/10/2023,,Nicholas,10/23/2023,Positive
CE0010026,IDS Expired,A+,12/01/2001,,Male,Hispanic,"LP, WB,",Not Interested,,positive,POSITIVE,72.80,160.50,173.00,68.10,24.30,N,N,N,,Y,N,,09/27/2023,08/03/2023,11/01/2023,14.30,219.70,41.90,80.00,7.00,0.00,124.00,75.00,36.50,N,Y,09/27/2023,,Javier,09/27/2023,POSITIVE
CE0010027,IDS Expired,A+,11/07/2004,,Male,Caucasian,"LP, WB, BM,",BM 100ml,,NEGATIVE,,67.10,147.90,178.00,70.10,21.20,N,N,N,,N,N,08/10/2023,,08/04/2023,11/02/2023,14.10,265.20,44.40,89.00,4.90,0.00,121.00,79.00,36.00,N,Y,08/10/2023,,Oscar,,
CE0010028,IDS Expired,A+,04/24/2002,,Female,Mixed,"LP,",Not Interested,,negative,POSITIVE,73.30,161.60,160.00,63.00,28.60,N,Y,N,,Y,Y,,08/17/2023,08/09/2023,11/07/2023,12.10,363.30,35.30,91.00,7.60,0.00,130.00,71.00,36.50,N,Y,08/17/2023,,VII,08/17/2023,POSITIVE
CE0010029,Ineligible,O+,01/19/1968,,Female,Caucasian,,,,negative,,86.30,190.26,152.00,59.84,37.35,Y,N,Y,"Medication, Environmental,",N,N,01/12/2024,11/14/2023,11/14/2023,02/12/2024,14.00,269.10,40.90,84.00,9.78,0.00,163.00,89.00,36.20,N,N,,"Donor ""ages out"" on 01/19/2024.",Christine,,
CE0010030,IDS Expired,A+,03/12/1976,,Male,Hispanic,"LP, WB,",DQ,,positive,,92.10,203.10,175.00,68.90,30.10,N,N,N,,Y,Y,,04/22/2024,04/22/2024,07/21/2024,16.50,184.40,48.90,74.00,4.20,0.00,145.00,78.00,36.30,N,Y,08/17/2023,,Alessandro,,
CE0010031,IDS Expired,O+,11/06/1970,,Female,AfricanAmerican,"LP,",DQ,,positive,,100.50,221.60,165.10,65.00,36.90,Y,N,N,,Y,N,,06/11/2024,01/23/2025,04/23/2025,13.80,154.90,41.80,75.00,4.20,0.00,121.00,83.00,36.60,N,Y,08/15/2023,,Beatrice,,
CE0010032,Ineligible,,01/02/1969,,Male,,,,,,,92.50,203.93,168.00,66.14,32.77,Y,Y,N,"Medication,",N,N,,,,,0.00,0.00,0.00,68.00,0.00,0.00,193.00,130.00,36.50,N,N,,,William,,
CE0010033,Deferred,,04/26/1998,,Female,AfricanAmerican,,,,,,84.90,187.17,172.72,68.00,28.46,N,N,N,,N,N,,,,,11.83,336.80,34.00,82.00,6.12,0.00,118.00,79.00,36.30,N,N,,,Onohi,,
CE0010034,Eligible,O+,07/29/1989,,Male,Caucasian,"LP, WB, BM,",BM 100ml,,Positive,POSITIVE,67.90,149.69,173.00,68.11,22.65,N,N,N,,Y,N,04/16/2026,07/02/2026,05/21/2026,08/19/2026,14.25,246.80,43.40,84.00,5.55,0.00,119.00,70.00,36.10,Y,Y,09/14/2023,,Nicholas,,
CE0010035,IDS Expired,B+,02/17/1993,,FTM,asian,"LP, WB, BM,",BM 100ml,,positive,POSITIVE,59.00,130.10,157.00,61.80,23.90,Y,N,N,,Y,N,01/29/2026,,01/29/2026,04/29/2026,13.30,209.70,39.20,80.00,3.80,0.00,108.00,76.00,36.20,N,Y,06/11/2025,,Daeun,06/11/2025,POSITIVE
CE0010036,IDS Expired,B+,10/14/1994,,Female,asian,"LP,",Not Interested,,negative,POSITIVE,89.20,196.70,168.00,66.10,31.60,N,N,N,,Y,Y,,06/10/2024,05/20/2024,08/18/2024,12.50,232.10,38.40,64.00,4.90,0.00,124.00,66.00,36.30,N,Y,08/21/2023,mLP - INELIGIBLE d/t hx low hgb,Hyunny,08/21/2023,POSITIVE
CE0010037,Ineligible,,11/18/2002,,,,,,,,,61.00,134.48,160.00,62.99,23.83,N,N,N,,N,N,,,,,0.00,0.00,0.00,86.00,0.00,0.00,136.00,79.00,36.60,N,N,,,Angela,,
CE0010039,IDS Expired,A+,01/20/2001,,Female,Mixed,"LP, WB,",DQ,,Negative,POSITIVE,62.70,138.20,163.00,64.20,23.60,Y,N,N,,Y,Y,09/27/2023,03/17/2025,03/24/2026,06/22/2026,14.00,267.80,39.90,100.00,4.10,0.00,115.00,69.00,36.70,N,N,,,Eve,08/22/2023,POSITIVE
CE0010040,IDS Expired,B+,12/30/2003,,Male,Mixed,"LP, WB, BM,",BM 100ml,,NEGATIVE,POSITIVE,82.00,180.80,180.00,70.90,25.30,Y,N,Y,"Medication,",Y,N,,08/22/2023,08/16/2023,11/14/2023,15.40,162.10,44.00,85.00,3.70,0.00,110.00,61.00,36.70,N,Y,08/16/2023,,Phillip,08/22/2023,POSITIVE
CE0010041,Deferred,B+,05/02/1978,,Male,AfricanAmerican,"LP, WB,",DQ,,Negative,,92.60,204.15,175.00,68.90,29.40,N,N,N,,Y,Y,01/15/2026,05/18/2026,05/18/2026,08/16/2026,13.58,215.50,41.80,85.00,2.71,0.00,147.00,83.00,36.50,Y,Y,11/07/2025,,Joseph,,
CE0010044,Ineligible,,12/08/1995,,,,,,,,,102.80,226.64,0.00,0.00,0.00,N,N,N,,N,N,,,,,0.00,0.00,0.00,66.00,0.00,0.00,129.00,77.00,36.60,N,N,,,Blake,,
CE0010045,IDS Expired,A+,09/21/1999,,Male,AfricanAmerican,"LP, WB, BM,",BM 100ml,,NEGATIVE,,91.30,201.30,175.00,68.90,29.80,N,N,Y,"Environmental,",N,N,08/28/2023,,08/16/2023,11/14/2023,13.10,216.50,40.20,82.00,9.20,0.00,145.00,71.00,36.60,N,N,08/28/2023,,Damond,,
CE0010046,IDS Expired,A+,02/09/1991,,Male,Caucasian,"LP, WB, BM, MLP,",BM 100ml,,positive,POSITIVE,73.70,162.50,175.00,68.90,24.10,N,N,N,,Y,N,10/09/2023,03/25/2024,01/30/2024,04/29/2024,15.60,235.00,46.70,68.00,4.80,0.00,127.00,64.00,36.00,N,Y,08/28/2023,,Jonathan,08/28/2023,POSITIVE
CE0010047,IDS Expired,A+,09/24/2000,,Female,Hispanic,"LP, WB,",Not Interested,,positive,POSITIVE,74.00,163.10,168.00,66.10,26.20,Y,N,N,,Y,N,,04/23/2024,02/29/2024,05/29/2024,13.70,201.20,41.20,75.00,6.90,0.00,118.00,70.00,36.30,N,Y,10/02/2023,DQ mLP (veins),Kassandra,04/23/2024,POSITIVE
CE0010048,IDS Expired,O+,02/08/1999,,Female,Hispanic,"LP, WB,",Not Interested,,positive,POSITIVE,79.70,175.70,160.00,63.00,31.10,Y,N,Y,"Medication,",Y,N,,04/20/2026,02/12/2026,05/13/2026,14.40,295.20,42.70,92.00,8.50,0.00,127.00,74.00,36.30,N,Y,09/19/2023,"GOOD for back-up, allergies: ampicillin",Vanesa,09/19/2023,POSITIVE
CE0010049,Ineligible,A+,07/06/1998,,Male,Caucasian,,,,negative,negative,80.40,177.30,175.00,68.90,26.30,N,N,N,,Y,Y,09/26/2024,,07/22/2024,10/20/2024,16.40,180.10,46.10,78.00,5.50,0.00,123.00,79.00,36.30,N,Y,08/23/2023,,Phoenix,03/28/2024,Negative
CE0010050,Eligible,AB+,10/14/1985,,Male,Caucasian,"LP, WB, BM,",BM 100ml,,Positive,,112.00,246.92,175.00,68.90,36.57,N,Y,N,,Y,Y,04/27/2026,07/06/2026,07/06/2026,10/04/2026,16.12,216.90,48.50,89.00,8.50,0.00,148.00,87.00,36.30,Y,Y,10/06/2025,,Mohammad,,
CE0010051,Deferred,A-,12/15/1985,,Male,AfricanAmerican,"LP,",DQ,,POSITIVE,,121.70,268.30,173.00,68.11,40.66,Y,N,N,,Y,Y,,10/16/2023,02/20/2024,05/20/2024,11.77,218.20,36.60,68.00,3.78,0.00,109.00,68.00,36.40,N,Y,08/29/2023,DQ for BMA for hx of low hgb,Christopher,,
CE0010052,Ineligible,O+,06/19/2001,,Female,Hispanic,,,,NEGATIVE,,59.20,130.51,160.02,63.00,23.12,Y,N,Y,"Environmental,",N,N,,,08/15/2023,11/13/2023,13.05,208.30,37.10,73.00,4.81,0.00,112.00,61.00,36.60,N,N,,,Azucena,,
CE0010055,IDS Expired,O+,03/01/2000,,Male,AfricanAmerican,"LP, WB, BM,",BM 100ml,,Positive,POSITIVE,65.70,144.80,173.00,68.10,22.00,N,N,N,,Y,N,09/09/2025,11/25/2025,11/25/2025,02/23/2026,14.30,134.20,43.80,85.00,5.60,0.00,122.00,75.00,36.00,N,Y,08/30/2023,,Judah,,
CE0010056,IDS Expired,O-,04/11/1996,,Female,Caucasian,"LP, WB, BM,",BM 100ml,,Positive,Positive,77.00,169.80,170.20,67.00,26.60,Y,N,N,,Y,Y,,09/07/2023,08/15/2023,11/13/2023,13.20,273.00,37.30,77.00,8.30,0.00,120.00,70.00,36.40,N,Y,09/07/2023,,Emily,09/07/2023,Positive
CE0010057,Deferred,,10/23/1997,,MTF,Caucasian,,,,,,61.60,135.80,183.00,72.05,18.39,Y,N,N,,N,N,,,,,12.19,145.70,34.20,67.00,5.15,0.00,107.00,61.00,36.00,N,N,,,"Nathan ""Evelyn""",,
CE0010058,Eligible,O+,03/20/1994,,Male,AfricanAmerican,"LP, WB, BM,",BM 100ml,,Positive,POSITIVE,105.40,232.37,180.00,70.87,32.53,N,N,N,,Y,N,07/09/2026,12/11/2024,07/09/2026,10/07/2026,14.82,142.50,45.40,73.00,4.49,0.00,137.00,78.00,36.50,Y,Y,08/31/2023,,William,01/17/2024,POSITIVE
CE0010059,Ineligible,B+,02/01/1970,,Male,Caucasian,"WB, BM,",BM 100ml,,POSITIVE,,95.30,210.10,183.00,72.10,28.50,N,Y,N,,Y,Y,08/30/2024,04/18/2024,08/30/2024,11/28/2024,15.90,251.70,47.40,98.00,7.30,0.00,111.00,41.00,36.40,N,Y,08/23/2023,,James,,
CE0010060,Ineligible,O-,04/07/1984,,Female,Mixed,,,,negative,,65.50,144.40,178.00,70.08,20.67,N,N,N,,Y,N,,11/14/2023,01/31/2024,04/30/2024,12.91,233.70,38.40,72.00,2.87,0.00,122.00,72.00,36.10,N,Y,09/07/2023,DQ mLP (hgb historically low; needs to be at least 13.0 to qualify for other donations),Jami,,
CE0010061,IDS Expired,O+,03/08/1981,,Female,AfricanAmerican,"LP,",DQ,,NEGATIVE,,67.60,149.00,159.00,62.60,26.70,Y,N,Y,"Medication, Environmental,",Y,N,,06/17/2024,04/18/2024,07/17/2024,12.40,326.50,38.30,83.00,4.70,0.00,131.00,88.00,36.20,N,Y,08/23/2023,"ALLERGIES: LATEX, IODINE, SULPHA, CODEINE, SEASONAL",LaToya,,
CE0010062,Deferred,,05/20/1977,,Male,,,,,,,156.30,344.58,182.88,72.00,46.73,N,N,N,,N,N,,,,,0.00,0.00,0.00,0.00,0.00,0.00,0.00,0.00,0.00,N,N,,,Benjamin,,
CE0010063,IDS Expired,AB+,08/24/2001,,Male,Hispanic,"LP, WB, BM, MLP,",BM 100ml,,negative,Positive,104.20,229.70,188.00,74.00,29.50,N,N,N,,Y,Y,,03/27/2024,01/24/2024,04/23/2024,15.90,272.50,49.60,76.00,6.90,0.00,159.00,87.00,36.00,N,Y,09/12/2023,"10/31/23 - very interested in mLP (when school schedule permits)
1/30/24. Qualified for mLP but will be applying to Grad school out of Bay area Fall 2024.",Adolfo,01/24/2024,Positive
CE0010064,IDS Expired,O-,08/17/2004,,Male,Caucasian,"LP, WB, BM,",BM 100ml,,negative,,88.60,195.30,178.00,70.10,28.00,N,N,N,,N,N,,,08/17/2023,11/15/2023,15.40,178.20,42.70,72.00,4.40,0.00,130.00,67.00,36.00,N,N,,,Orion,,
CE0010065,IDS Expired,O-,05/02/2000,,Female,Caucasian,"LP,",,,Positive,positive,74.30,163.80,178.00,70.10,23.50,Y,N,N,,Y,N,,09/01/2023,08/18/2023,11/16/2023,12.30,288.10,34.40,57.00,4.80,0.00,130.00,69.00,36.30,N,N,,,Cali,,
CE0010066,Deferred,,06/21/1976,,Female,Caucasian,,,,,,97.40,214.73,172.72,68.00,32.65,N,N,N,,N,N,,,,,10.19,191.60,29.50,80.00,6.18,0.00,126.00,89.00,36.50,N,N,,,Ashley,,
CE0010067,IDS Expired,O+,02/07/2003,,Male,Hispanic,"LP, WB,",Not Interested,,POSITIVE,POSITIVE,68.30,150.58,178.00,70.08,21.56,N,N,Y,"Environmental,",Y,N,,06/10/2025,06/02/2025,08/31/2025,"1,342.00",183.60,38.10,64.00,366.00,0.00,144.00,85.00,36.20,N,Y,08/30/2023,"11/13/23 - mLP status: lives too far to qualify;
ALLERGIES: seasonal/lv",Ruben,,
CE0010069,IDS Expired,B+,10/06/2001,,Female,AfricanAmerican,"WB, BM,",BM 100ml,,Positive,POSITIVE,94.80,209.00,160.00,62.99,37.03,N,N,Y,"Food,",Y,N,,12/04/2023,12/04/2023,03/03/2024,13.71,213.90,39.50,79.00,3.54,0.00,114.00,64.00,36.00,N,Y,08/30/2023,"ALLERGIES: ORANGES, NUTS, WATERMELON
mLP: DQ for tricky cephalic access & high BMI",Dayjona,08/30/2023,POSITIVE
CE0010070,Ineligible,O+,09/18/2001,,Female,Hispanic,,,,Negative,POSITIVE,58.60,129.20,173.00,68.10,19.60,Y,N,N,,Y,Y,,01/10/2024,10/17/2023,01/15/2024,13.00,242.20,37.20,100.00,9.20,0.00,100.00,64.00,36.70,N,Y,08/30/2023,,Vanessa,08/30/2023,POSITIVE
CE0010071,IDS Expired,O-,04/29/1999,,Female,Mixed,"LP, WB,",Not Interested,,Positive,POSITIVE,95.10,209.70,175.00,68.90,31.10,N,N,N,"Medication, Environmental,",Y,N,,02/29/2024,01/22/2024,04/21/2024,13.30,258.90,39.20,75.00,5.40,0.00,112.00,67.00,36.20,N,Y,09/13/2023,"ALLERGIES: CATS, AMOXICILLIN, PCN CLASS, CO-TRIMOXAZOLE (unknown reactions to med allergies)",Kassandra,09/13/2023,POSITIVE
CE0010073,IDS Expired,O+,12/25/1996,,Female,Caucasian,"WB, BM,",BM 100ml,,Negative,POSITIVE,67.00,147.70,165.00,65.00,24.60,Y,N,N,,Y,N,03/25/2026,02/07/2024,02/19/2026,05/20/2026,16.10,189.80,43.30,65.00,6.10,0.00,122.00,76.00,36.40,N,Y,02/07/2024,,"Abigail ""Abbo""",02/07/2024,POSITIVE
CE0010074,IDS Expired,AB+,10/29/1994,,Male,Mixed,"WB, BM,",BM 100ml,,positive,positive,97.20,214.30,178.00,70.10,30.70,Y,Y,N,,Y,Y,01/20/2026,,01/20/2026,04/20/2026,15.70,279.50,45.10,100.00,9.80,0.00,147.00,96.00,36.20,N,Y,09/11/2023,"5/12/25: Donor is very needlephobic, making IDS draw challenging. DQ for LP. Donor stopped vaping 3/1/25. Consider a smoker until 3/2/26.",Emanuel,11/06/2023,positive
CE0010075,Ineligible,,08/13/1992,,,,,,,,,0.00,0.00,0.00,0.00,0.00,N,N,N,,N,N,,,,,0.00,0.00,0.00,0.00,0.00,0.00,0.00,0.00,0.00,N,N,,,Joseph,,
CE0010076,Not Responsive,,10/31/2004,,,,,,,,,53.40,117.73,0.00,0.00,0.00,N,N,N,,N,N,,,,,0.00,0.00,0.00,0.00,0.00,0.00,0.00,0.00,0.00,N,N,,,Yehudi,,
CE0010078,IDS Expired,O+,04/28/1991,,Male,AfricanAmerican,"LP, WB, BM,",BM 100ml,,Negative,POSITIVE,133.90,295.20,185.00,72.80,39.10,N,Y,N,,Y,Y,11/02/2023,09/26/2023,08/23/2023,11/21/2023,15.30,218.30,37.00,70.00,5.20,0.00,130.00,76.00,36.40,N,Y,09/26/2023,,Gabriel,09/26/2023,POSITIVE
CE0010079,IDS Expired,O+,07/27/1991,,FTM,Caucasian,"LP, WB, BM,",BM 100ml,,POSITIVE,POSITIVE,67.20,148.20,161.00,63.40,25.90,Y,N,N,,Y,Y,,01/18/2024,01/18/2024,04/17/2024,15.40,232.70,44.80,75.00,7.40,0.00,125.00,77.00,36.30,N,Y,09/11/2023,,"Kimberley ""Heart""",09/11/2023,POSITIVE
CE0010080,Deferred,,08/14/1989,,,,,,,,,80.00,176.37,180.34,71.00,24.60,N,N,N,,N,N,,,,,11.58,315.20,34.00,73.00,5.71,0.00,118.00,71.00,36.10,N,N,,low Hgb day of IDS. Ok to rescreen starting 9/24/23. HGB must be 13+ next time donor comes in for IDS.,Jorge,,
CE0010081,Ineligible,,06/07/2000,,,,,,,,,30.93,68.20,162.56,64.00,11.70,N,N,N,,N,N,,,,,11.74,263.10,33.10,71.00,8.64,0.00,122.00,72.00,36.50,N,N,,,Xiomara,,
CE0010082,IDS Expired,B+,04/07/1997,,Male,Caucasian,"LP, WB, BM,",BM 100ml,,Negative,POSITIVE,74.50,164.20,185.00,72.80,21.80,Y,Y,N,,Y,Y,10/13/2023,09/07/2023,08/25/2023,11/23/2023,15.00,194.30,41.70,72.00,8.30,0.00,127.00,87.00,36.00,N,Y,09/07/2023,,Stephen,09/07/2023,POSITIVE
CE0010083,IDS Expired,A+,11/04/2001,,Female,Hispanic,"LP, WB, BM,",BM 100ml,,Positive,positive,83.30,183.65,160.00,62.99,32.54,N,N,N,,Y,Y,04/14/2025,08/01/2025,08/01/2025,10/30/2025,12.67,317.00,37.20,82.00,7.88,0.00,129.00,74.00,36.30,N,Y,09/11/2023,,Iris,09/11/2023,positive
CE0010084,IDS Expired,O-,04/01/2004,,Male,Mixed,"WB, BM,",BM 100ml,,NEGATIVE,POSITIVE,94.50,208.30,170.00,66.90,32.70,N,N,Y,"Food,",Y,N,02/13/2026,,02/13/2026,05/14/2026,14.70,297.20,43.30,97.00,6.20,0.00,128.00,77.00,37.30,N,Y,10/13/2023,"Allergy: Raspberries;
INELIGIBLE for mLP d/t unsuitable veins.",Logan,10/02/2024,POSITIVE
CE0010085,IDS Expired,O+,05/24/1989,,Female,asian,"LP, WB, BM,",BM 100ml,,NEGATIVE,,60.80,134.00,158.00,62.20,24.40,N,N,Y,"Environmental,",N,N,08/13/2024,,07/31/2024,10/29/2024,13.90,269.70,41.50,79.00,5.30,0.00,112.00,76.00,36.20,N,N,,,Sandy,,
CE0010086,Ineligible,A+,01/14/1998,,Female,Mixed,,DQ,,POSITIVE,,84.50,186.29,65.50,25.79,196.96,N,Y,N,,N,N,,,08/28/2023,11/26/2023,12.26,227.50,36.10,75.00,5.08,0.00,119.00,81.00,36.50,N,N,,INELIGIBLE for donations - LA veins unsuitable; hgb too low for BMA or WB,Marianna,,
CE0010087,IDS Expired,A-,11/27/1970,,Male,AfricanAmerican,"WB, BM,",BM 100ml,,Positive,,111.40,245.60,183.00,72.10,33.30,Y,N,N,,Y,Y,03/28/2025,,01/31/2025,05/01/2025,16.60,288.60,50.10,88.00,4.70,0.00,155.00,100.00,37.70,N,Y,09/06/2023,NO LP (taking ACE inhibitor); OK for WB & BMA,Margus,,
CE0010088,IDS Expired,A+,12/17/1997,,Male,AfricanAmerican,"LP, WB,",Not Interested,,NEGATIVE,NEGATIVE,74.30,163.80,163.00,64.20,28.00,N,N,Y,"Food, Environmental,",Y,N,,10/02/2023,08/28/2023,11/26/2023,16.00,284.70,46.40,74.00,6.50,0.00,150.00,83.00,36.20,N,Y,10/02/2023,"ALLERGIES: DUST, CAT DANDER, SHELLFISH",Emerson,10/02/2023,NEGATIVE
CE0010089,IDS Expired,AB+,12/30/1992,,Female,PacificIslander,"LP, WB, MLP,",DQ,,Positive,POSITIVE,84.90,187.20,170.00,66.90,29.40,Y,N,N,,Y,N,03/01/2024,01/24/2024,12/18/2023,03/17/2024,12.60,367.50,43.40,67.00,4.80,0.00,134.00,82.00,36.00,N,Y,10/04/2023,Permanent DQ BMA - does not tolerate discomfort.,Cheyenne,12/18/2023,POSITIVE
CE0010090,IDS Expired,O+,07/17/1992,,Male,Mixed,"LP, WB, BM, MLP,",BM 100ml,,POSITIVE,POSITIVE,88.60,195.30,195.00,76.80,23.30,N,N,N,,Y,Y,,09/25/2023,08/28/2023,11/26/2023,14.70,138.50,42.90,77.00,4.90,0.00,115.00,67.00,36.40,N,N,,,Andrew,,
CE0010091,IDS Expired,O+,10/23/1996,,Male,Mixed,"LP, WB,",DQ,,NEGATIVE,,98.40,216.90,182.90,72.00,29.40,N,Y,N,,N,N,,,08/29/2023,11/27/2023,13.00,176.10,37.10,67.00,5.60,0.00,117.00,68.00,36.90,N,N,,"8/29 - Not currently taking meds, however, will update us when he fills his prescriptions (psych rx; gabapentin).",Kyle,,
CE0010093,IDS Expired,AB-,09/13/1983,,Female,Caucasian,"LP,",Not Interested,,NEGATIVE,,63.80,140.70,160.00,63.00,24.90,Y,N,N,,N,N,,,08/30/2023,11/28/2023,12.10,195.00,34.70,62.00,5.50,0.00,103.00,63.00,36.60,N,N,,,Christina,,
CE0010094,Ineligible,B+,08/17/1977,,Female,asian,,,,Positive,,63.00,138.89,152.00,59.84,27.27,N,N,N,,Y,N,,05/08/2024,05/08/2024,08/06/2024,12.04,253.50,36.80,83.00,4.49,0.00,135.00,68.00,36.30,N,Y,09/21/2023,,Jennifer,,
CE0010095,Ineligible,A+,05/08/1990,,Male,Hispanic,"WB, BM,",BM 100ml,,POSITIVE,POSITIVE,110.30,243.20,183.00,72.10,32.90,Y,Y,Y,"Environmental,",Y,Y,07/28/2025,,07/22/2025,10/20/2025,14.90,257.00,41.30,88.00,4.80,0.00,156.00,78.00,36.20,N,Y,09/18/2023,"ALLERGY: dust mites
NOT INTERESTED in LP 11/22/23",Matthew,03/29/2024,POSITIVE
CE0010096,IDS Expired,A-,03/18/1986,,Male,Mixed,"LP, WB, BM,",BM 100ml,,Positive,,98.40,216.90,188.00,74.00,27.80,Y,N,N,,Y,Y,,11/14/2023,11/14/2023,02/12/2024,14.60,186.60,42.40,59.00,4.90,0.00,133.00,69.00,36.60,N,Y,09/21/2023,,Corey,,
CE0010097,IDS Expired,A+,05/07/1993,,FTM,Mixed,"LP, WB, BM,",BM 100ml,,Positive,POSITIVE,81.00,178.57,160.00,62.99,31.64,Y,N,Y,"Environmental,",Y,Y,09/26/2025,02/13/2024,08/15/2025,11/13/2025,14.70,232.90,40.10,90.00,4.38,0.00,140.00,85.00,35.60,N,Y,09/13/2023,"ALLERGIES: grass, pollen, dust mites, cat dander",Clay,09/13/2023,POSITIVE
CE0010098,IDS Expired,A+,12/15/1995,,Female,asian,"LP,",DQ,,Positive,POSITIVE,68.30,150.58,162.60,64.02,25.83,Y,N,Y,"Environmental,",Y,N,02/26/2024,09/04/2024,09/04/2024,12/03/2024,12.16,220.50,38.20,81.00,5.04,0.00,121.00,75.00,35.70,N,Y,09/21/2023,"ALLERGIES: POLLEN, DUST, CATS
INELIGIBLE mLP - unsuitable veins",Christine,09/21/2023,POSITIVE
CE0010099,IDS Expired,O+,05/18/2002,,Male,Mixed,"WB, BM,",BM 100ml,,Negative,,75.30,166.00,177.80,70.00,23.80,N,N,N,,N,N,,,08/30/2023,11/28/2023,16.90,179.80,48.50,89.00,5.80,0.00,132.00,78.00,36.60,N,N,,LP not interested,Marion,,
CE0010102,Eligible,B-,12/09/1996,,Male,Hispanic,"LP, WB, BM,",BM 100ml,,NEGATIVE,positive,90.00,198.42,183.00,72.10,26.70,N,N,N,,Y,N,05/08/2026,06/25/2026,06/25/2026,09/23/2026,14.42,211.20,44.30,54.00,5.16,0.00,132.00,74.00,36.40,Y,Y,01/03/2024,Failed screening d/t Hgb low 11.93 deferred until 8/12/2025.AC,Angelo,07/17/2024,POSITIVE
CE0010103,Eligible,O-,10/21/1978,,Male,Mixed,"LP, WB, BM,",BM 100ml,,POSITIVE,,91.00,200.62,183.00,72.05,27.17,N,N,N,,Y,N,05/05/2026,,05/05/2026,08/03/2026,16.03,323.90,49.00,52.00,5.24,0.00,161.00,79.00,35.80,Y,Y,09/20/2023,,Adrien,,
CE0010104,Ineligible,O+,10/09/1989,,Male,AfricanAmerican,,,,Positive,positive,96.50,212.80,170.00,66.90,33.40,N,Y,N,,Y,N,03/11/2024,08/04/2025,05/07/2025,08/05/2025,14.10,232.70,41.70,76.00,3.90,0.00,129.00,76.00,35.30,N,Y,09/11/2023,,Michael,09/11/2023,positive
CE0010105,IDS Expired,O-,03/23/1987,,Female,Caucasian,"BM,",BM 100ml,,Positive,,71.40,157.40,152.00,59.80,30.90,Y,Y,N,,Y,N,,11/07/2023,08/31/2023,11/29/2023,13.30,242.30,39.00,66.00,6.80,0.00,110.00,65.00,36.20,N,N,,"Taking daily meds- Nexoplanon, Zoloft, Trazadone, Zyrtec, Omeprazole",Theresa,,
CE0010106,IDS Expired,O+,04/10/2004,,Male,Hispanic,"WB, BM,",BM 100ml,,POSITIVE,Positive,114.90,253.30,177.00,69.70,36.70,Y,Y,N,,Y,N,04/15/2026,,02/17/2026,05/18/2026,13.60,223.70,48.80,83.00,6.90,0.00,128.00,76.00,36.00,N,Y,09/20/2023,12/11 - has NOT yet donated LP (not eligible for mLP yet),Jared,12/04/2023,Positive
CE0010107,IDS Expired,A+,07/19/2003,,Female,AfricanAmerican,"LP,",DQ,,positive,POSITIVE,61.50,135.60,170.00,66.90,21.30,N,N,N,,Y,Y,,02/08/2024,02/08/2024,05/08/2024,12.30,311.70,34.30,70.00,3.40,0.00,104.00,58.00,36.50,N,Y,10/02/2023,INELIGIBLE for mLP d/t hx low hgb,Danielle,10/02/2023,POSITIVE
CE0010108,Ineligible,,12/17/1979,,,,,,,,,0.00,0.00,0.00,0.00,0.00,N,N,N,,N,N,,,,,0.00,0.00,0.00,0.00,0.00,0.00,0.00,0.00,0.00,N,N,,Perm DQ for blood/bleeding disorder,Jennifer,,
CE0010109,Eligible,O+,05/21/1978,,Female,AfricanAmerican,"LP, WB,",DQ,,positive,,60.60,133.60,157.00,61.81,24.59,Y,Y,Y,"Medication,",Y,N,,06/30/2026,04/15/2026,07/14/2026,12.53,178.40,40.50,86.00,8.44,0.00,106.00,85.00,35.80,N,Y,09/28/2023,"Allergy: Tylenol with Codeine & ibuprofen;

""MY-uh-SHEE-uh"" (preferred pronunciation)",Myeshia,,
CE0010110,IDS Expired,AB+,04/21/1984,,Male,Caucasian,"LP, WB, BM,",BM 100ml,,Negative,,82.00,180.80,178.00,70.10,25.90,N,N,N,,Y,Y,05/14/2024,,05/14/2024,08/12/2024,15.10,197.20,46.50,83.00,4.90,0.00,122.00,88.00,36.50,N,Y,09/20/2023,5/14/24 CMV = Negative (< 0.60 U/mL); 02/27/24 = Equivocal (0.62 U/mL),Collin,,
CE0010112,IDS Expired,O+,01/10/1987,,Female,Hispanic,"WB, BM,",BM 100ml,,negative,,68.40,150.80,155.00,61.00,28.50,N,N,N,,Y,N,04/28/2025,,02/26/2025,05/27/2025,16.40,259.90,42.80,86.00,6.40,0.00,122.00,86.00,36.50,N,Y,11/22/2023,12/4/24: No time to do LP.,Ruby,,
CE0010113,Eligible,A+,02/20/1978,,Male,Mixed,"LP, WB, BM,",BM 100ml,,positive,Positive,74.10,163.36,165.00,64.96,27.03,N,N,Y,"Medication,",Y,N,02/02/2026,07/14/2026,06/09/2026,09/07/2026,13.92,263.30,42.80,74.00,5.65,0.00,131.00,76.00,36.10,Y,Y,09/18/2023,ALLERGY: SULFA;,Virgil,09/18/2023,Positive
CE0010114,Deferred,,06/30/2005,,,Mixed,,,,,,76.10,167.77,0.00,0.00,0.00,N,N,N,,N,N,,,,,11.10,231.50,32.60,78.00,4.68,0.00,131.00,76.00,36.40,N,N,,,Charlotte,,
CE0010115,IDS Expired,O+,04/27/2000,,Female,Hispanic,"LP,",DQ,,positive,Positive,58.70,129.40,163.00,64.20,22.10,N,N,N,,Y,Y,,10/17/2023,09/05/2023,12/04/2023,12.40,205.20,36.90,76.00,4.40,0.00,109.00,63.00,36.40,N,Y,10/17/2023,,Nancy,10/17/2023,Positive
CE0010116,IDS Expired,B+,12/28/2001,,Male,Caucasian,"LP, WB, BM,",BM 100ml,,POSITIVE,,72.90,160.70,193.00,76.00,19.60,Y,N,N,,N,N,10/04/2023,,09/06/2023,12/05/2023,17.30,184.50,44.30,84.00,6.00,0.00,133.00,79.00,36.30,N,Y,10/04/2023,,Luca,,
CE0010118,IDS Expired,O+,11/27/1981,,Male,Hispanic,"LP, WB, BM,",BM 100ml,,negative,,75.60,166.70,168.00,66.10,26.80,N,N,N,,N,N,,,09/06/2023,12/05/2023,15.80,231.20,46.10,78.00,4.20,0.00,132.00,82.00,36.60,N,N,,,Daniel,,
CE0010119,IDS Expired,B+,01/14/2004,,Male,Mixed,"LP, WB, BM,",BM 100ml,,POSITIVE,Positive,64.90,143.10,180.00,70.90,20.00,N,N,N,,Y,N,04/24/2026,09/08/2025,02/25/2026,05/26/2026,15.20,253.30,40.90,68.00,4.00,0.00,131.00,71.00,36.80,N,Y,09/14/2023,,Chase,12/04/2023,Positive
CE0010120,IDS Expired,B+,12/30/2003,,Male,Mixed,"LP, WB,",Not Interested,,Negative,POSITIVE,80.90,178.40,180.00,70.90,25.00,N,N,N,,Y,N,,09/19/2023,09/07/2023,12/06/2023,14.40,149.20,43.50,96.00,4.40,0.00,118.00,60.00,36.60,N,Y,09/19/2023,,James,09/19/2023,POSITIVE
CE0010124,IDS Expired,A+,01/09/1991,,Female,Caucasian,"LP, WB,",Not Interested,,negative,POSITIVE,73.20,161.40,165.00,65.00,26.90,Y,N,Y,"Medication, Food,",Y,N,,06/17/2024,08/28/2024,11/26/2024,13.70,322.10,40.20,87.00,7.40,0.00,108.00,65.00,36.50,N,Y,10/04/2023,"ALLERGIES: DAIRY, AMOXICILLIN
DQ mLP (veins)",Marissa,10/04/2023,POSITIVE
CE0010125,IDS Expired,B+,10/20/1993,,Female,Caucasian,"LP, WB,",DQ,,negative,,114.80,253.10,173.00,68.10,38.40,N,N,Y,"Medication,",N,N,,,09/07/2023,12/06/2023,15.10,240.40,43.40,74.00,5.60,0.00,133.00,92.00,36.60,N,N,,,Kylie,,
CE0010126,Eligible,B+,07/15/1985,,Male,Caucasian,"LP, WB, BM,",BM 100ml,,negative,,87.00,191.80,173.00,68.11,29.07,N,N,N,,Y,N,03/16/2026,06/30/2026,06/30/2026,09/28/2026,15.67,182.40,47.20,63.00,5.18,0.00,138.00,75.00,36.00,Y,Y,10/09/2023,,Eamon,,
CE0010127,IDS Expired,O+,07/22/2003,,Male,Hispanic,"LP, WB,",Not Interested,,POSITIVE,POSITIVE,74.50,164.24,173.00,68.11,24.89,Y,N,N,,Y,N,,02/10/2026,12/22/2025,03/22/2026,14.31,210.00,42.30,55.00,4.55,0.00,122.00,64.00,36.30,N,Y,10/09/2023,,Andres,10/09/2023,POSITIVE
CE0010128,IDS Expired,A+,06/07/2003,,Male,Hispanic,"LP, WB,",Not Interested,,NEGATIVE,,97.60,215.20,177.80,70.00,30.90,N,N,N,,N,N,,,09/08/2023,12/07/2023,14.80,235.30,42.30,89.00,4.60,0.00,143.00,80.00,36.50,N,N,,,Anthony,,
CE0010129,Deferred,O+,03/04/2004,,Female,Caucasian,,,,negative,POSITIVE,66.90,147.50,163.00,64.20,25.20,N,N,N,,Y,Y,,03/24/2025,03/24/2025,06/22/2025,11.50,170.80,34.50,77.00,4.80,0.00,122.00,70.00,35.70,N,Y,10/09/2023,,Angelina,10/09/2023,POSITIVE
CE0010130,Ineligible,,03/24/1996,,,,,,,,,73.20,161.38,162.56,64.00,27.70,N,N,N,,N,N,,,09/11/2023,,12.39,359.60,35.10,54.00,4.69,0.00,113.00,70.00,36.20,N,N,,low Hgb. No veins for LP or WB. Donor interested in BM. Ok to screen again after 11/11/23. Hgb must be at or above 13.5 next screening,Michama,,
CE0010131,IDS Expired,O-,05/12/1990,,Female,AfricanAmerican,"BM,",BM 100ml,,positive,,88.90,196.00,166.00,65.40,32.30,N,N,N,,N,N,10/04/2023,,09/12/2023,12/11/2023,12.60,332.70,37.70,86.00,9.00,0.00,129.00,84.00,36.00,N,N,,,Danae,,
CE0010132,IDS Expired,O+,10/01/2002,,Female,AfricanAmerican,"LP, WB, BM,",BM 100ml,,positive,POSITIVE,78.00,172.00,160.00,63.00,30.50,Y,Y,N,,Y,Y,,,09/12/2023,12/11/2023,12.70,212.30,37.70,98.00,4.80,0.00,124.00,75.00,36.10,N,Y,10/09/2023,,Elise,10/09/2023,POSITIVE
CE0010134,IDS Expired,O+,06/22/1987,,Male,Caucasian,"LP, WB, BM,",BM 100ml,,positive,,81.00,178.60,182.00,71.70,24.50,Y,N,Y,"Environmental,",Y,Y,05/09/2024,03/27/2026,01/30/2026,04/30/2026,14.20,242.60,39.10,54.00,5.50,0.00,143.00,63.00,36.40,N,Y,01/03/2024,ALLERGIES: SEASONAL,Matthew,,
CE0010135,IDS Expired,O+,02/21/1997,,Female,Caucasian,"LP, WB, BM,",BM 100ml,,positive,POSITIVE,76.40,168.40,163.00,64.20,28.80,Y,N,Y,"Medication,",Y,N,,07/23/2024,07/02/2024,09/30/2024,14.60,256.40,43.90,73.00,5.00,0.00,110.00,62.00,36.60,N,Y,10/11/2023,"ALLERGIES: SULFA DRUGS
DQ mLP d/t hx citrate sentitivity/x1 episode emesis",Danielle,10/11/2023,POSITIVE
CE0010136,IDS Expired,A+,10/15/1985,,Male,Caucasian,"LP, WB,",DQ,,POSITIVE,Negative,88.20,194.50,183.00,72.10,26.30,Y,Y,Y,"Medication,",Y,Y,,05/22/2024,03/18/2024,06/16/2024,15.10,187.90,45.70,83.00,3.10,0.00,145.00,83.00,36.50,N,Y,09/26/2023,"ALLERGIES: PENICILLIN & AMOXICILLIN
DQ for BMA d/t ""hx back issues""",Michael,05/22/2024,Negative
CE0010137,Deferred,O+,01/01/1990,,Female,Caucasian,"LP, WB, BM,",BM 100ml,,negative,,62.20,137.10,163.00,64.20,23.40,N,N,N,,N,N,10/13/2023,,09/13/2023,12/12/2023,13.80,307.20,40.00,87.00,5.00,0.00,131.00,82.00,36.50,N,N,,,Marie,,
CE0010138,IDS Expired,O-,09/11/1991,,Male,Hispanic,"WB, BM,",BM 100ml,,POSITIVE,POSITIVE,79.50,175.30,170.00,66.90,27.50,Y,N,N,,Y,N,04/18/2024,,02/21/2024,05/21/2024,15.40,240.70,47.50,86.00,5.10,0.00,135.00,95.00,36.40,N,Y,10/11/2023,,Francisco,02/21/2024,POSITIVE
CE0010139,IDS Expired,A-,05/16/1990,,Female,Caucasian,"WB, BM,",BM 100ml,,negative,Positive,61.60,135.80,155.00,61.00,25.60,N,N,Y,"Food,",Y,N,,12/02/2024,12/02/2024,03/02/2025,14.30,213.40,40.70,69.00,3.30,0.00,115.00,75.00,33.80,N,Y,10/23/2023,"ALLERGIES: LACTOSE, GLUTEN",Hillary,10/23/2023,Positive
CE0010140,IDS Expired,A+,02/14/2002,,Male,Caucasian,"LP, WB,",Not Interested,,negative,negative,107.80,237.70,180.00,70.90,33.30,N,N,N,,Y,N,,10/31/2023,09/13/2023,12/12/2023,15.00,250.80,43.20,93.00,6.10,0.00,143.00,83.00,36.20,N,Y,10/31/2023,,Nicholas,10/31/2023,negative
CE0010141,IDS Expired,O+,07/08/2001,,Male,asian,"LP, WB,",Not Interested,,negative,,94.40,208.10,185.00,72.80,27.60,N,N,N,"Food,",N,N,,,09/13/2023,12/12/2023,15.10,227.80,42.30,68.00,6.00,0.00,132.00,77.00,36.30,N,N,,"Allergies: Tree nuts, chocolate, coconut",Kenny,,
CE0010143,IDS Expired,A+,03/06/1992,,Male,Caucasian,"LP, WB, BM,",BM 100ml,,negative,POSITIVE,90.90,200.40,183.00,72.10,27.10,N,N,N,,Y,N,11/08/2023,04/21/2025,12/08/2025,03/08/2026,16.10,271.10,48.40,65.00,7.90,0.00,149.00,100.00,36.40,N,Y,10/04/2023,12/10/25: Deferred for mobLP due to elevated BP at screening.,Christian,10/04/2023,POSITIVE
CE0010144,IDS Expired,A+,10/30/1995,,Female,asian,"LP, WB,",DQ,,negative,Positive,81.90,180.60,152.00,59.80,35.50,N,N,N,,Y,N,02/02/2024,08/01/2024,07/24/2024,10/22/2024,14.00,312.20,42.80,78.00,8.50,0.00,144.00,84.00,36.30,N,Y,09/27/2023,,Carina,02/02/2024,Positive
CE0010145,IDS Expired,O+,02/01/1985,,Male,AfricanAmerican,"LP, WB, BM,",BM 100ml,,negative,,107.30,236.60,178.00,70.10,33.90,N,Y,Y,"Medication,",Y,Y,10/04/2024,05/29/2024,10/04/2024,01/02/2025,15.80,301.30,47.40,89.00,7.40,0.00,144.00,90.00,36.50,N,Y,10/05/2023,DQ mLP (reliability),Peter,,
CE0010146,IDS Expired,O-,08/20/1994,,FTM,Caucasian,"LP, WB, BM,",BM 100ml,,positve,POSITIVE,64.00,141.10,163.00,64.20,24.10,Y,N,N,,Y,Y,04/02/2024,11/29/2023,04/02/2024,07/01/2024,13.40,201.10,44.10,82.00,8.40,0.00,119.00,74.00,36.60,N,Y,10/03/2023,,Kit,10/03/2023,POSITIVE
CE0010147,Not Responsive,,09/06/2000,,,,,,,,,53.70,118.39,0.00,0.00,0.00,N,N,N,,N,N,,,,,0.00,0.00,0.00,0.00,0.00,0.00,0.00,0.00,0.00,N,N,,,Henry,,
CE0010148,IDS Expired,O+,12/08/2001,,Male,Caucasian,"LP, WB, BM,",BM 100ml,,positive,,92.40,203.70,191.00,75.20,25.30,Y,N,N,,N,N,,,09/14/2023,12/13/2023,15.30,179.20,42.60,64.00,5.90,0.00,109.00,63.00,36.50,N,N,,,Lorenzo,,
CE0010149,IDS Expired,O+,01/24/1999,,Male,Caucasian,"LP, WB, BM,",BM 100ml,,POSITIVE,POSITIVE,91.90,202.60,188.00,74.00,26.00,N,Y,N,,Y,Y,,10/12/2023,09/15/2023,12/14/2023,14.60,233.10,41.20,50.00,6.20,0.00,135.00,73.00,36.50,N,Y,10/12/2023,,Daniel,10/12/2023,POSITIVE
CE0010150,Ineligible,,07/27/2001,,,,,,,,,0.00,0.00,0.00,0.00,0.00,N,N,N,,N,N,,,,,11.00,420.70,33.30,72.00,5.23,0.00,110.00,70.00,36.20,N,N,,,Sarah,,
CE0010151,Not Responsive,,07/01/1996,,,,,,,,,53.40,117.73,0.00,0.00,0.00,N,N,N,,N,N,,,,,0.00,0.00,0.00,0.00,0.00,0.00,0.00,0.00,0.00,N,N,,,Mako,,
CE0010153,IDS Expired,A+,02/11/1988,,Male,Hispanic,"LP, WB,",Not Interested,,Negative,,103.50,228.20,182.90,72.00,30.90,N,N,N,,N,N,,,09/19/2023,12/18/2023,15.00,158.10,45.00,63.00,6.00,0.00,141.00,80.00,36.20,N,N,,,Pablo,,
CE0010154,IDS Expired,B-,03/02/1996,,Male,Hispanic,"WB, BM,",BM 100ml,,POSITIVE,POSITIVE,97.30,214.51,180.00,70.87,30.03,N,N,N,,Y,N,10/30/2024,,08/30/2024,11/28/2024,18.10,274.60,45.80,73.00,4.92,0.00,117.00,78.00,35.70,N,Y,09/22/2023,Not interested in LP.,Federico,05/30/2024,POSITIVE
CE0010155,IDS Expired,O+,05/19/2004,,Female,AfricanAmerican,"LP, WB, BM,",BM 100ml,,Positive,,68.70,151.46,167.60,65.98,24.46,Y,N,N,,N,N,04/02/2024,,03/21/2024,06/19/2024,11.95,230.00,35.20,60.00,3.63,0.00,131.00,74.00,36.50,N,Y,10/09/2023,"10/09/23 - Veins not suitable for  mLP
03/25/24 - okay for LP, prefers BMA",Sydni,,
CE0010156,Ineligible,,07/26/1967,,,,,,,,,113.20,249.56,0.00,0.00,0.00,N,N,N,,N,N,,,,,0.00,0.00,0.00,0.00,0.00,0.00,0.00,0.00,36.00,N,N,,,Philip,,
CE0010157,IDS Expired,B+,10/15/1998,,Male,Mixed,"LP, WB, BM,",BM 100ml,,Negative,POSITIVE,65.60,144.60,178.00,70.10,20.70,N,N,N,,Y,N,12/05/2023,,12/05/2023,03/04/2024,14.70,223.30,42.10,86.00,6.60,0.00,130.00,87.00,36.50,N,Y,09/29/2023,,Haidar,12/05/2023,POSITIVE
CE0010158,IDS Expired,A+,07/25/1990,,Male,Caucasian,"LP, WB, BM,",BM 100ml,,Negative,Positive,80.60,177.70,178.00,70.10,25.40,N,N,N,,Y,N,,09/16/2025,09/16/2025,12/15/2025,14.10,195.90,41.70,59.00,4.40,0.00,128.00,72.00,35.60,N,Y,10/17/2023,,William,10/17/2023,Positive
CE0010159,Eligible,A+,01/02/1989,,Male,Caucasian,"LP, WB,",Not Interested,,Positive,Positive,77.50,170.86,173.00,68.11,25.89,N,N,N,,Y,N,,06/30/2026,06/30/2026,09/28/2026,14.47,203.40,43.30,67.00,4.26,0.00,134.00,73.00,36.30,Y,Y,10/17/2023,,Wayne,10/17/2023,Positive
CE0010160,IDS Expired,O-,05/21/2000,,FTM,Caucasian,"LP, WB, BM,",BM 100ml,,Negative,POSITIVE,65.70,144.80,167.00,65.80,23.60,Y,Y,N,,Y,N,12/01/2023,,12/01/2023,02/29/2024,16.70,196.80,48.90,72.00,5.00,0.00,106.00,62.00,36.50,N,Y,11/03/2023,,Skylar,,
CE0010161,Deferred,,02/12/2002,,,,,,,,,70.50,155.43,165.10,65.00,25.86,N,N,N,,N,N,,,,,11.76,230.20,35.10,69.00,7.61,0.00,124.00,71.00,36.50,N,N,,,Ashanti,,
CE0010162,Ineligible,A+,06/15/1994,,Male,Caucasian,,,,Negative,POSITIVE,122.10,269.18,198.00,77.95,31.14,N,N,N,,Y,N,,11/09/2023,09/20/2023,12/19/2023,15.69,222.50,45.20,70.00,5.01,0.00,144.00,71.00,36.20,N,Y,10/05/2023,,Matthew,10/05/2023,POSITIVE
CE0010163,IDS Expired,O+,10/14/1988,,Female,Hispanic,"LP, WB,",Not Interested,,NEGATIVE,POSITIVE,72.90,160.72,157.00,61.81,29.58,Y,N,Y,"Environmental,",Y,Y,,07/10/2025,07/10/2025,10/08/2025,13.95,187.50,40.60,59.00,3.64,0.00,118.00,66.00,35.20,N,Y,10/18/2023,"Allergy: seasonal;
DQ mLP (unsuitable veins)",Ashley,04/30/2024,Positive
CE0010164,Eligible,O+,08/31/1998,,Female,Caucasian,"LP,",DQ,,NEGATIVE,POSITIVE,68.50,151.02,180.00,70.87,21.14,Y,N,N,,Y,N,03/03/2025,07/08/2026,07/08/2026,10/06/2026,12.87,307.50,39.30,93.00,7.08,0.00,122.00,78.00,36.40,Y,Y,03/03/2025,,Sarah,04/07/2025,POSITIVE
CE0010165,IDS Expired,O+,01/11/1989,,Female,Caucasian,"LP, WB, BM,",BM 100ml,,NEGATIVE,POSITIVE,70.10,154.50,159.00,62.60,27.70,N,N,N,,Y,Y,12/23/2024,10/23/2023,10/25/2024,01/23/2025,14.30,263.00,42.30,65.00,4.60,0.00,113.00,76.00,35.40,N,Y,10/16/2023,,Allison,10/16/2023,POSITIVE
CE0010166,Ineligible,O+,08/30/1992,,Female,Caucasian,"LP,",DQ,,Positive,positive,72.70,160.30,165.00,65.00,26.70,N,N,N,,Y,Y,03/15/2024,02/24/2025,02/24/2025,05/25/2025,12.00,193.10,35.80,62.00,3.50,0.00,133.00,75.00,36.50,N,Y,10/12/2023,,Elizabeth,07/24/2024,positive
CE0010167,Ineligible,,02/14/2001,,,,,,,,,62.90,138.67,170.00,66.93,21.76,N,N,N,,N,N,,,,,0.00,0.00,0.00,0.00,0.00,0.00,0.00,0.00,0.00,N,N,,,Marie,,
CE0010170,IDS Expired,AB+,10/25/2003,,Male,Hispanic,"LP, WB,",Not Interested,,NEGATIVE,POSITIVE,106.00,233.70,178.00,70.10,33.50,N,Y,N,,Y,Y,,08/15/2024,08/15/2024,11/13/2024,14.70,251.80,45.30,71.00,6.80,0.00,144.00,87.00,36.00,N,Y,03/20/2024,,Pablo,03/20/2024,POSITIVE
CE0010171,IDS Expired,B+,05/09/1989,,Female,asian,"LP, WB,",Not Interested,,NEGATIVE,,77.20,170.20,157.50,62.00,31.10,N,N,N,,N,N,,,09/25/2023,12/24/2023,14.20,270.30,40.90,69.00,5.60,0.00,117.00,64.00,36.50,N,N,,,Mao,,
CE0010172,IDS Expired,O+,07/17/1989,,,Caucasian,"LP, WB, BM,",BM 100ml,,Negative,,95.20,209.90,185.40,73.00,27.70,Y,N,N,,N,N,,,09/25/2023,12/24/2023,14.20,169.00,40.50,84.00,3.00,0.00,143.00,78.00,36.00,N,N,,,Max,,
CE0010173,IDS Expired,O+,12/10/1996,,Male,Hispanic,"LP, WB, BM,",BM 100ml,,Positive,POSITIVE,81.70,180.10,175.00,68.90,26.70,N,N,N,,Y,N,12/05/2023,,12/05/2023,03/04/2024,15.20,250.90,43.40,97.00,6.60,0.00,129.00,58.00,36.00,N,Y,12/05/2023,,Pedro,12/05/2023,POSITIVE
CE0010175,Ineligible,,04/24/1985,,,,,,,,,56.90,125.44,160.02,63.00,22.22,N,N,N,,N,N,,,,,11.57,245.80,33.10,67.00,5.20,0.00,113.00,71.00,37.10,N,N,,PERM DQ DT LOW HGB,Sheree,,
CE0010176,Ineligible,,11/30/1980,,,,,,,,,95.60,210.76,167.64,66.00,34.02,N,N,N,,N,N,,,,,0.00,0.00,0.00,89.00,0.00,0.00,143.00,96.00,36.30,N,N,,not suitable veins. BM not interested,Reyna,,
CE0010177,Deferred,,08/15/1991,,,,,,,,,101.20,223.11,170.18,67.00,34.94,N,N,N,,N,N,,,,,11.27,248.90,35.30,80.00,4.44,0.00,125.00,78.00,36.30,N,N,,,Katrice,,
CE0010178,IDS Expired,A+,08/05/1997,,Female,Hispanic,"LP, WB,",DQ,,POSITIVE,,58.10,128.10,152.40,60.00,25.00,Y,N,N,,N,N,,,09/27/2023,12/26/2023,13.80,283.40,40.40,84.00,5.70,0.00,131.00,90.00,36.00,N,N,,,Ana,,
CE0010179,Deferred,,03/21/1979,,Male,AfricanAmerican,,,,,,70.70,155.87,170.00,66.93,24.46,N,N,N,,N,N,,,,,13.04,119.60,40.00,72.00,4.87,0.00,122.00,76.00,36.60,N,N,,,Marcus,,
CE0010181,Eligible,A+,07/26/1984,,Male,Hispanic,"LP, WB, BM,",BM 100ml,,NEGATIVE,,66.60,146.83,160.00,62.99,26.02,N,N,N,,Y,N,03/25/2026,06/24/2026,06/24/2026,09/22/2026,16.06,262.00,47.90,94.00,6.56,0.00,143.00,86.00,35.80,Y,Y,10/25/2023,,Edward,,
CE0010183,Ineligible,,09/17/1958,,,,,,,,,0.00,0.00,0.00,0.00,0.00,N,N,N,,N,N,,,,,0.00,0.00,0.00,0.00,0.00,0.00,0.00,0.00,0.00,N,N,,,Tammy,,
CE0010184,IDS Expired,B+,11/04/1981,,Male,AfricanAmerican,"LP,",,,Negative,,108.60,239.40,196.00,77.20,28.30,N,N,N,,Y,N,,11/28/2023,09/29/2023,12/28/2023,12.10,216.10,36.00,94.00,3.20,0.00,164.00,84.00,37.00,N,Y,10/04/2023,"11/23 - Hgb hx low - LP only until consistent adequate hgb level (no WB, no back-up)",Ronald,,
CE0010185,Deferred,,05/16/2004,,,,,,,,,53.80,118.60,0.00,0.00,0.00,N,N,N,,N,N,,,,,0.00,0.00,0.00,0.00,0.00,0.00,0.00,0.00,0.00,N,N,,,Isaiah,,
CE0010187,IDS Expired,O+,05/01/1998,,Female,Caucasian,"LP,",,,NEGATIVE,POSITIVE,79.30,174.80,168.00,66.10,28.10,Y,N,N,,Y,Y,03/25/2024,12/19/2024,12/02/2024,03/02/2025,12.30,308.90,37.20,85.00,6.00,0.00,121.00,82.00,36.30,N,Y,10/18/2023,,Isabelle,10/18/2023,POSITIVE
CE0010188,IDS Expired,O+,05/08/1995,,Female,Hispanic,"LP,",BM 100ml,,NEGATIVE,POSITIVE,87.50,192.90,170.00,66.90,30.30,N,N,N,,Y,Y,11/22/2023,03/28/2024,01/31/2024,04/30/2024,11.70,233.20,36.10,83.00,7.30,0.00,138.00,81.00,36.70,N,Y,11/22/2023,veins not suitable for mLP,Maria,01/31/2024,POSITIVE
CE0010189,IDS Expired,B+,02/13/1995,,Female,AfricanAmerican,"LP,",,,POSITIVE,Positive,71.70,158.07,157.00,61.81,29.09,N,N,N,,Y,N,07/18/2024,03/20/2024,10/07/2024,01/05/2025,12.00,178.30,35.10,95.00,3.10,0.00,115.00,69.00,36.00,N,Y,10/24/2023,INELIGIBLE for mLP d/t borderline hgb & difficult return line placement.,Ajanique,10/24/2023,Positive
CE0010190,IDS Expired,O+,01/04/1973,,Female,AfricanAmerican,"WB, BM,",,,Positive,,92.50,203.90,162.60,64.00,35.00,Y,N,N,,N,N,,,10/05/2023,01/03/2024,13.60,311.10,39.60,87.00,3.50,0.00,131.00,78.00,36.50,N,N,,,Fredricka,,
CE0010191,IDS Expired,AB+,01/16/2001,,Female,Hispanic,"LP, WB, BM,",BM 100ml,,negative,,67.90,149.70,165.00,65.00,24.90,N,N,N,,N,N,,,02/28/2025,05/29/2025,13.20,263.20,38.70,87.00,8.10,0.00,116.00,72.00,36.20,N,N,,,Katie,,
CE0010193,IDS Expired,A+,06/10/1994,,Female,asian,"LP, WB, BM,",BM 100ml,,POSITIVE,Positive,72.30,159.40,168.00,66.10,25.60,Y,N,N,,Y,N,,04/14/2026,02/02/2026,05/03/2026,14.70,241.70,42.90,80.00,5.50,0.00,125.00,76.00,36.30,N,Y,01/04/2024,,Tiffany,02/19/2025,Positive
CE0010194,Not Responsive,,01/08/1964,,,,,,,,,0.00,0.00,0.00,0.00,0.00,N,N,N,,N,N,,,,,0.00,0.00,0.00,0.00,0.00,0.00,0.00,0.00,0.00,N,N,,,Antonio,,
CE0010195,Not Responsive,,10/28/1983,,,,,,,,,54.20,119.50,0.00,0.00,0.00,N,N,N,,N,N,,,,,0.00,0.00,0.00,0.00,0.00,0.00,0.00,0.00,36.20,N,N,,,Lindsey,,
CE0010196,IDS Expired,A+,10/10/1981,,Male,Hispanic,"LP, WB, BM,",BM 100ml,,POSITIVE,,109.70,241.90,173.00,68.10,36.70,N,N,N,,Y,Y,04/10/2024,10/10/2024,08/20/2024,11/18/2024,14.20,231.20,43.20,67.00,5.00,0.00,147.00,86.00,36.40,N,Y,10/31/2023,DQ mLP (age),Donato,,
CE0010197,IDS Expired,O+,11/29/1988,,Female,Mixed,"LP, WB, BM,",BM 100ml,,POSITIVE,,101.20,223.10,170.20,67.00,34.90,Y,N,Y,"Environmental,",N,N,10/20/2023,,10/06/2023,01/04/2024,13.50,367.40,40.00,74.00,6.80,0.00,116.00,79.00,36.40,N,N,,,Karina,,
CE0010198,IDS Expired,B+,06/16/2000,,Male,AfricanAmerican,"LP, WB, BM,",BM 100ml,,Positive,,71.80,158.30,182.90,72.00,21.50,N,N,N,,N,N,,,10/09/2023,01/07/2024,13.30,173.70,39.20,82.00,3.40,0.00,105.00,55.00,36.40,N,N,,,Al'Jon,,
CE0010199,IDS Expired,A-,04/06/1988,,Male,Caucasian,"LP, WB,",Not Interested,,Negative,,95.00,209.40,183.00,72.10,28.40,N,N,N,,Y,N,,02/24/2025,03/24/2025,06/22/2025,14.20,193.90,42.00,56.00,3.30,0.00,146.00,74.00,36.20,N,Y,11/06/2023,"11/06/23 - DEFER from BMA until PCP clears from hip surgery scheduled in Dec 2023
02/26/24 - interested in mLP but cannot commit fully at this time",William,,
CE0010200,IDS Expired,A+,12/23/1993,,Male,AfricanAmerican,"LP, WB,",Not Interested,,Positive,positive,104.70,230.80,175.00,68.90,34.20,N,N,N,,Y,N,,03/14/2024,03/05/2024,06/03/2024,15.40,184.70,47.60,74.00,4.30,0.00,159.00,90.00,36.10,N,Y,11/01/2023,DQ from mLP (has done 3 mLP at Leukolab),Shaquin,12/11/2023,positive
CE0010201,IDS Expired,O+,08/15/1982,,Female,Hispanic,"LP,",DQ,,Positive,,91.40,201.50,168.00,66.10,32.40,N,N,N,,Y,Y,11/01/2023,03/06/2024,01/17/2024,04/16/2024,12.20,314.60,36.80,97.00,5.30,0.00,125.00,70.00,35.90,N,N,,DQ for mLP d/t age,Stefanie,,
CE0010202,IDS Expired,A+,05/30/1976,,Female,Caucasian,"LP, WB,",DQ,,Positive,,57.50,126.80,167.60,66.00,20.50,Y,Y,N,,N,N,,,10/09/2023,01/07/2024,13.70,247.30,40.50,54.00,4.50,0.00,141.00,79.00,36.00,N,N,,BMA INELIGIBLE - underweight.,Carlie,,
CE0010203,Eligible,O+,03/05/2000,,Male,Hispanic,"LP, WB, BM,",BM 100ml,,Negative,positive,80.40,177.25,168.00,66.14,29.05,N,N,Y,"Environmental,",Y,N,12/19/2025,06/16/2026,04/28/2026,07/27/2026,15.96,251.40,49.40,67.00,4.80,0.00,122.00,66.00,36.30,Y,Y,11/06/2023,ALLERGY: POLLEN,Bryan,11/06/2023,positive
CE0010204,IDS Expired,AB+,08/03/1998,,Male,PacificIslander,"LP, WB,",DQ,,Negative,,143.00,315.30,188.00,74.00,40.50,N,N,N,,N,N,,,10/09/2023,01/07/2024,15.70,248.30,44.90,87.00,7.00,0.00,151.00,90.00,37.30,N,N,,,Faleu,,
CE0010207,Ineligible,,08/03/2000,,,,,,,,,0.00,0.00,0.00,0.00,0.00,N,N,N,,N,N,,,,,0.00,0.00,0.00,0.00,0.00,0.00,0.00,0.00,0.00,N,N,,,Nina,,
CE0010208,IDS Expired,O+,01/30/1998,,Male,Hispanic,"LP, WB, BM,",BM 100ml,,Positive,,88.30,194.70,167.60,66.00,31.40,N,N,N,,N,N,,,10/10/2023,01/08/2024,16.00,226.50,45.30,67.00,7.30,0.00,124.00,70.00,36.90,N,N,,,Enrique,,
CE0010209,IDS Expired,O+,08/30/2001,,Male,AfricanAmerican,"LP, WB, BM,",BM 100ml,,POSITIVE,,106.60,235.00,185.40,73.00,31.00,N,N,N,,N,N,,,10/10/2023,01/08/2024,15.30,185.90,44.90,73.00,5.70,0.00,125.00,83.00,36.20,N,N,,,Atavion,,
CE0010210,Ineligible,,04/12/1995,,,,,,,,,0.00,0.00,0.00,0.00,0.00,N,N,N,,N,N,,,,,0.00,0.00,0.00,0.00,0.00,0.00,0.00,0.00,0.00,N,N,,,Michael,,
CE0010211,IDS Expired,O+,01/05/1991,,Male,Caucasian,"LP, WB, BM,",BM 100ml,,NEGATIVE,,124.30,274.00,182.90,72.00,37.20,Y,N,N,,N,N,,,10/11/2023,01/09/2024,16.00,284.60,46.50,68.00,8.80,0.00,124.00,74.00,36.00,N,N,,,Maximilian,,
CE0010212,IDS Expired,B+,02/26/2002,,Male,Mixed,"LP, WB,",Not Interested,,POSITIVE,,94.40,208.10,182.90,72.00,28.20,N,N,Y,"Environmental,",N,N,,,10/11/2023,01/09/2024,15.00,206.80,42.40,67.00,5.70,0.00,119.00,65.00,36.50,N,N,,,River,,
CE0010214,Ineligible,,06/19/1987,,,,,DQ,,,,0.00,0.00,0.00,0.00,0.00,N,Y,Y,"Environmental,",N,N,,,,,0.00,0.00,0.00,0.00,0.00,0.00,0.00,0.00,0.00,N,N,,Not suitable vein. Donor state sciatica. DQ/ ineligible for all donations,Tatiana,,
CE0010215,IDS Expired,A+,01/09/2005,,Male,AfricanAmerican,"WB, BM,",BM 100ml,,positive,,87.00,191.80,191.00,75.20,23.90,N,Y,N,,N,N,,,10/12/2023,01/10/2024,13.40,254.90,38.70,74.00,3.40,0.00,136.00,78.00,36.80,N,N,,,Jerrelle,,
CE0010216,IDS Expired,B+,11/08/1999,,Male,Hispanic,"LP, WB,",DQ,,positive,Positive,86.60,190.90,185.00,72.80,25.30,N,Y,N,,Y,Y,11/01/2023,03/03/2025,03/03/2025,06/01/2025,15.00,362.70,44.80,65.00,6.90,0.00,122.00,71.00,36.00,N,Y,11/01/2023,Permanent DQ from BM due to car accident and spinal fusion.,Miguel,11/12/2024,Positive
CE0010217,Deferred,,07/05/2000,,,,,,,,,75.00,165.35,163.00,64.17,28.23,N,N,N,,N,N,,,,,0.00,0.00,0.00,68.00,0.00,0.00,112.00,70.00,36.60,N,N,,,Elizabeth,,
CE0010218,IDS Expired,A+,04/30/1986,,Female,Caucasian,"WB, BM,",BM 100ml,,positive,,71.30,157.20,175.00,68.90,23.30,Y,N,N,,Y,N,09/18/2024,,09/18/2024,12/17/2024,14.40,241.10,42.50,74.00,4.50,0.00,116.00,79.00,36.50,N,Y,11/06/2023,,Caitlin,,
CE0010219,IDS Expired,O+,08/22/1998,,Male,Caucasian,"LP, WB,",,,Negative,,94.50,208.30,185.40,73.00,27.50,N,N,Y,"Environmental,",N,N,,,10/16/2023,01/14/2024,15.60,208.00,44.80,55.00,5.00,0.00,113.00,65.00,36.30,N,N,,,Liam,,
CE0010220,IDS Expired,A+,11/21/2001,,Female,Caucasian,"LP,",DQ,,Negative,Positive,68.40,150.80,168.00,66.10,24.20,Y,N,Y,"Medication,",Y,Y,,05/15/2024,05/15/2024,08/13/2024,12.40,275.30,37.80,73.00,5.80,0.00,107.00,65.00,36.50,N,Y,11/15/2023,"Allergies: Amoxicillin
NI in mLP d/t school schedule (4/2024)",Melanie,04/09/2024,Positive
CE0010221,IDS Expired,O+,06/16/1985,,Male,Caucasian,"LP, WB, BM,",,,,,79.80,175.90,172.70,68.00,26.80,N,N,N,,N,N,,,10/16/2023,01/14/2024,15.90,222.70,45.60,58.00,5.90,0.00,129.00,75.00,36.30,N,N,,,Gorky,,
CE0010222,IDS Expired,A-,11/26/1986,,Male,Mixed,"LP, WB, BM,",BM 100ml,,Positive,,99.90,220.20,182.90,72.00,29.90,N,N,Y,"Environmental,",N,N,11/01/2023,,10/16/2023,01/14/2024,15.00,199.60,41.90,80.00,5.90,0.00,130.00,83.00,36.70,N,Y,11/01/2023,ALLERGIES: BEES/WASPS,Phillip,,
CE0010223,IDS Expired,B+,05/08/1994,,Male,asian,"LP, WB, BM,",BM 100ml,,Positive,Positive,66.40,146.40,170.00,66.90,23.00,N,Y,N,,Y,Y,,09/05/2024,07/22/2024,10/20/2024,16.10,281.90,48.60,64.00,5.10,0.00,119.00,62.00,35.50,N,Y,11/20/2023,"MobLP: DQ for veins.
10/16/23 - 'YES' to smoking status; 03/14/24 - 'NO' to smoking status","Nhuan ""Calvin""",11/20/2023,Positive
CE0010224,Deferred,,01/23/1996,,Male,Hispanic,,,,,,82.90,182.76,185.00,72.83,24.22,N,N,N,,N,N,,,,,14.25,174.60,40.90,50.00,2.77,0.00,103.00,68.00,36.40,N,N,,,Damien,,
CE0010225,IDS Expired,A+,06/24/2001,,Female,Caucasian,"LP, WB, BM,",BM 100ml,,POSITIVE,,59.70,131.60,165.10,65.00,21.90,Y,N,N,,N,N,,,10/18/2023,01/16/2024,14.00,266.90,40.40,89.00,5.70,0.00,122.00,69.00,36.50,N,N,,,Chloe,,
CE0010226,IDS Expired,A+,09/29/1976,,Female,asian,"LP, WB, BM,",BM 100ml,,NEGATIVE,,88.00,194.00,168.00,66.10,31.20,N,N,N,,Y,N,,11/16/2023,01/26/2024,04/25/2024,13.50,347.60,39.60,58.00,6.00,0.00,120.00,64.00,36.20,N,Y,11/16/2023,,Sarika,,
CE0010227,IDS Expired,O+,10/29/2003,,Male,AfricanAmerican,"LP, WB, BM,",,,Positive,,63.60,140.20,175.00,68.90,20.80,Y,N,N,,N,N,10/27/2023,,10/18/2023,01/16/2024,15.10,255.00,42.90,76.00,4.90,0.00,118.00,62.00,36.40,N,Y,10/27/2023,,Kidus,,
CE0010228,Ineligible,,10/11/1993,,,,,,,,,0.00,0.00,0.00,0.00,0.00,N,N,N,"Environmental,",N,N,,,,,0.00,0.00,0.00,0.00,0.00,0.00,0.00,0.00,0.00,N,N,,poor veins. not interested BM. Perm DQ from program,Janay,,
CE0010229,Deferred,,11/19/1978,,,,,,,,,59.70,131.62,154.94,61.00,24.87,N,N,N,,N,N,,,,,12.26,146.30,35.50,81.00,5.58,0.00,100.00,62.00,36.40,N,N,,,Tracy,,
CE0010230,IDS Expired,A+,06/20/2004,,Male,Caucasian,"LP, WB,",DQ,,Negative,POSITIVE,58.80,129.60,178.00,70.10,18.60,N,N,N,,Y,N,,01/17/2024,01/17/2024,04/16/2024,16.30,339.50,46.60,59.00,7.20,0.00,119.00,72.00,36.70,N,Y,11/07/2023,,Creighton,11/07/2023,POSITIVE
CE0010231,IDS Expired,B+,08/24/1995,,Male,Caucasian,"LP, WB,",Not Interested,,Positive,,89.90,198.20,177.80,70.00,28.44,Y,N,Y,"Environmental,",N,N,,,10/19/2023,01/17/2024,13.90,214.20,39.60,77.00,3.50,0.00,143.00,80.00,36.70,N,N,,,Mason,,
CE0010232,IDS Expired,O+,02/27/2002,,Female,Hispanic,"LP, WB, BM,",BM 100ml,,POSITIVE,Positive,72.60,160.10,157.50,62.00,29.30,Y,N,N,,Y,N,,02/16/2024,02/16/2024,05/16/2024,15.20,267.00,42.70,62.00,7.20,0.00,121.00,66.00,35.80,N,N,,,Karla,02/16/2024,Positive
CE0010233,IDS Expired,O+,10/21/1984,,Female,Mixed,"LP, WB,",Not Interested,,POSITIVE,,91.60,201.90,173.00,68.10,30.60,N,N,N,,Y,N,05/19/2025,02/11/2026,02/11/2026,05/12/2026,13.50,332.00,39.90,77.00,6.90,0.00,115.00,63.00,36.10,N,Y,11/01/2023,,Francis,,
CE0010235,IDS Expired,A+,11/04/1997,,Female,Mixed,"WB, BM,",,,Negative,,59.60,131.40,160.00,63.00,23.30,N,N,Y,"Food,",N,N,11/08/2023,,10/23/2023,01/21/2024,13.80,266.30,38.70,84.00,5.40,0.00,126.00,66.00,36.70,N,Y,11/08/2023,"ALLERGIES: CRABS, LOBSTER",Eimi,,
CE0010236,IDS Expired,O+,07/11/2003,,Male,Mixed,"WB, BM,",BM 100ml,,Negative,Positive,70.80,156.10,167.00,65.80,25.40,N,N,Y,"Medication,",Y,N,12/05/2025,,12/05/2025,03/05/2026,13.20,181.00,39.30,71.00,4.20,0.00,114.00,61.00,36.20,N,Y,11/16/2023,Allergies: Amoxicillin,Jason,,
CE0010237,IDS Expired,A+,04/30/1990,,Male,Caucasian,"BM,",BM 100ml,,Negative,,79.30,174.80,180.30,71.00,24.40,N,Y,N,,N,N,11/13/2023,,10/24/2023,01/22/2024,14.80,215.40,41.70,50.00,6.50,0.00,106.00,62.00,97.60,N,Y,11/13/2023,"DQ for LP/mLP - unsuitable AC veins, both sides",Travis,,
CE0010238,Ineligible,,09/01/1999,,,,,,,,,0.00,0.00,0.00,0.00,0.00,Y,N,N,,N,N,,,,,0.00,0.00,0.00,0.00,0.00,0.00,0.00,0.00,0.00,N,N,,,Sophia,,
CE0010239,IDS Expired,O+,12/11/1985,,Male,AfricanAmerican,"LP, WB, BM,",BM 100ml,,,,93.00,205.00,188.00,74.00,26.30,N,N,N,,N,N,,,10/24/2023,01/22/2024,14.30,196.40,43.50,96.00,5.20,0.00,116.00,73.00,36.50,N,N,,,Archibald,,
CE0010241,Deferred,O+,07/27/1981,,Male,AfricanAmerican,,,,POSITIVE,,91.10,200.84,180.34,71.00,28.01,N,Y,N,,Y,N,07/29/2025,,01/16/2026,04/16/2026,12.84,346.20,38.90,89.00,7.21,0.00,111.00,47.00,36.40,N,Y,11/13/2023,,Joseph,,
CE0010242,IDS Expired,O+,10/24/1971,,Male,AfricanAmerican,"WB, BM,",BM 100ml,,Negative,,64.00,141.10,185.00,72.80,18.70,N,Y,N,,Y,N,04/30/2026,,02/19/2026,05/20/2026,14.60,278.50,45.20,81.00,7.90,0.00,108.00,70.00,36.30,N,Y,11/20/2023,"DQ mLP (age)
NI-LP at this time. AC",Vaughn,,
CE0010243,Eligible,A+,01/16/1992,,Female,Caucasian,"LP,",DQ,,Negative,Positive,89.00,196.21,158.00,62.20,35.65,Y,N,N,,Y,N,,06/17/2026,06/17/2026,09/15/2026,11.97,350.50,35.80,73.00,7.07,0.00,121.00,65.00,36.60,Y,Y,11/27/2023,"""Sunny"" (preferred name)
INELIGIBLE mLP d/t veins/hx low hgb",Sondrene,11/27/2023,Positive
CE0010244,IDS Expired,AB+,02/01/1979,,Male,Hispanic,"LP, WB, BM,",BM 100ml,,Negative,POSITIVE,62.00,136.69,178.00,70.08,19.57,N,Y,N,,Y,Y,05/06/2025,12/15/2025,10/06/2025,01/04/2026,15.49,463.70,46.50,76.00,7.32,0.00,134.00,76.00,36.30,N,Y,11/09/2023,,Marcos,,
CE0010245,IDS Expired,O+,09/13/1988,,Male,Mixed,"LP, WB,",Not Interested,,Positive,,92.60,204.20,190.50,75.00,25.50,Y,Y,N,,Y,N,,11/16/2023,10/26/2023,01/24/2024,16.30,272.90,46.60,80.00,6.60,0.00,118.00,75.00,36.10,N,N,,,Cornelio,,
CE0010246,IDS Expired,A-,04/22/1987,,,Caucasian,"LP, WB, BM,",BM 100ml,,Positive,,80.90,178.40,160.00,63.00,31.60,Y,N,N,,N,N,,,10/30/2023,01/28/2024,15.50,315.60,44.10,95.00,6.60,0.00,133.00,88.00,36.40,N,N,,,Tiana,,
CE0010248,IDS Expired,O+,09/08/1996,,Male,Hispanic,"LP, WB, BM,",BM 100ml,,Positive,,84.40,186.10,168.00,66.10,29.90,N,N,Y,"Medication,",N,N,,,10/30/2023,01/28/2024,16.00,197.60,45.00,80.00,6.30,0.00,131.00,82.00,36.10,N,N,,,Carlos,,
CE0010249,IDS Expired,B+,03/04/2004,,Male,AfricanAmerican,"LP, WB,",Not Interested,,negative,POSITIVE,79.40,175.10,185.00,72.80,23.20,N,N,N,,Y,N,,11/30/2023,10/30/2023,01/28/2024,14.60,220.90,42.60,65.00,5.60,0.00,126.00,82.00,36.50,N,Y,11/30/2023,,Jaylen,,
CE0010250,IDS Expired,O+,03/26/1992,,Male,AfricanAmerican,"LP, WB,",Not Interested,,positive,POSITIVE,85.30,188.10,168.00,66.10,30.20,N,N,Y,"Food, Environmental,",Y,N,,11/30/2023,10/30/2023,01/28/2024,13.60,303.80,40.80,82.00,4.90,0.00,151.00,81.00,36.30,N,Y,11/30/2023,"ALLERGIES: Avocados, Pollen, Dust, Citrus",Ladrew,,
CE0010251,IDS Expired,O+,05/17/2005,,Male,Hispanic,"LP, WB, BM,",BM 100ml,,Negative,POSITIVE,63.80,140.70,167.60,66.00,22.70,N,Y,N,,Y,N,11/08/2023,,08/22/2024,11/20/2024,16.10,224.50,47.10,69.00,6.00,0.00,100.00,62.00,36.50,N,Y,11/08/2023,,Amador,08/22/2024,POSITIVE
CE0010252,IDS Expired,O+,09/09/1995,,Male,NativeAmerican,"LP, WB, BM, MLP,",BM 100ml,,Positive,positive,90.40,199.30,183.00,72.10,27.00,N,Y,Y,"Environmental,",Y,N,05/09/2024,03/12/2024,05/09/2024,08/07/2024,15.50,255.90,46.00,53.00,6.70,0.00,138.00,84.00,36.60,N,Y,11/15/2023,allergies: pollen,Joshua,11/15/2023,positive
CE0010253,IDS Expired,B+,07/23/1996,,Female,Caucasian,"LP,",,,Negative,Positive,70.60,155.65,175.00,68.90,23.05,N,N,N,,Y,Y,,10/02/2025,08/05/2025,11/03/2025,12.43,185.00,36.10,69.00,4.97,0.00,100.00,55.00,36.20,N,Y,11/16/2023,DQ mLP d/t schedule,Britta,11/16/2023,Positive
CE0010254,Deferred,,10/27/1982,,,,,,,,,104.20,229.72,69.00,27.17,218.86,N,N,N,,N,N,,,,,10.97,265.30,32.80,86.00,4.79,0.00,166.00,82.00,36.50,N,N,,,Tiana,,
CE0010255,Deferred,,01/22/1971,,Male,AfricanAmerican,,DQ,,,,143.70,316.80,180.30,70.98,44.20,N,N,N,,N,N,,,,,0.00,0.00,0.00,0.00,0.00,0.00,0.00,0.00,36.10,N,N,,,Charles,,
CE0010256,Ineligible,,01/10/1986,,,,,,,,,0.00,0.00,0.00,0.00,0.00,N,N,N,,N,N,,,,,0.00,0.00,0.00,0.00,0.00,0.00,0.00,0.00,0.00,N,N,,,Maricela,,
CE0010257,IDS Expired,A+,08/09/1981,,Male,Hispanic,"LP, WB, BM,",BM 100ml,,negative,,73.00,160.90,170.00,66.90,25.30,N,Y,N,,N,N,,,10/31/2023,01/29/2024,14.80,266.20,41.90,85.00,12.50,0.00,123.00,75.00,36.30,N,N,,,Lino,,
CE0010258,IDS Expired,O+,05/23/2000,,Male,Mixed,"LP, WB, BM,",BM 100ml,,negative,,82.80,182.50,175.00,68.90,27.00,N,N,N,,N,N,,,11/01/2023,01/30/2024,16.20,233.00,46.10,68.00,6.20,0.00,115.00,65.00,36.00,N,N,,,Alejandro,,
CE0010259,IDS Expired,A+,01/16/1986,,Female,Hispanic,"LP,",DQ,,Positive,,65.90,145.30,165.00,65.00,24.20,N,N,Y,"Environmental,",Y,Y,,05/15/2024,05/15/2024,08/13/2024,11.80,252.20,35.60,67.00,7.40,0.00,100.00,58.00,36.20,N,Y,02/07/2024,,Victoria,,
CE0010260,IDS Expired,B+,04/28/1987,,Female,Caucasian,"LP, WB, BM,",BM 100ml,,negative,,65.40,144.20,163.00,64.20,24.60,Y,N,N,,N,N,,,11/01/2023,01/30/2024,14.50,283.80,41.50,91.00,8.10,0.00,143.00,90.00,36.40,N,N,,,Aimee,,
CE0010261,Eligible,O-,04/13/1987,,Male,Caucasian,"LP, WB, BM,",BM 100ml,,Negative,,79.10,174.39,168.00,66.14,29.23,N,N,N,,Y,Y,04/09/2026,05/20/2026,05/20/2026,08/18/2026,15.09,201.60,44.50,70.00,4.62,0.00,148.00,83.00,35.80,Y,Y,11/21/2023,mLP: DQ due to excessive alcohol consumption,Sean,,
CE0010262,IDS Expired,A+,07/29/1999,,Female,Caucasian,"LP, WB,",Not Interested,,Positive,,59.40,130.90,180.30,71.00,18.30,Y,N,Y,"Food,",N,N,,,11/01/2023,01/30/2024,12.70,228.30,37.50,65.00,6.50,0.00,102.00,61.00,36.50,N,N,,ALLERGY: SHELLFISH,Talia,,
CE0010263,IDS Expired,O+,10/03/2004,,Male,Hispanic,"LP, WB,",DQ,,negative,,56.90,125.40,168.00,66.10,20.20,N,Y,N,,N,N,,,11/03/2023,02/01/2024,15.30,255.60,45.10,64.00,5.30,0.00,139.00,85.00,36.50,N,N,,,Brayant,,
CE0010265,IDS Expired,O-,09/09/1997,,Female,Caucasian,"LP, WB,",DQ,,negative,Positive,66.50,146.60,170.00,66.90,23.00,Y,N,Y,"Medication,",Y,N,,12/08/2025,11/03/2025,02/01/2026,12.80,166.40,38.70,50.00,4.70,0.00,107.00,61.00,35.90,N,Y,11/15/2023,"ALLERGY: MEDICAL SKIN GLUE;
11/15/23 - per donor, positive patch test w/ post-BMA adhesive (wants to retest once more)",Renata,11/15/2023,Positive
CE0010266,IDS Expired,B+,10/19/2000,,Male,asian,"LP, WB,",Not Interested,,positive,,90.60,199.74,180.00,70.87,27.96,N,N,Y,"Medication,",N,N,,,11/06/2023,02/04/2024,16.13,332.10,47.00,71.00,5.59,0.00,140.00,77.00,36.50,N,N,,"ALLERGY: AMOXICILLIN
NI in BMA (for now) - 11/13/23",Jimmy,,
CE0010268,Eligible,O+,11/22/2003,,Male,Mixed,"LP, WB,",Not Interested,,negative,Positive,67.50,148.81,170.00,66.93,23.36,Y,N,Y,"Medication,",Y,N,,07/21/2026,05/05/2026,08/03/2026,12.75,220.90,38.00,57.00,5.71,0.00,122.00,65.00,36.30,Y,Y,11/27/2023,Allergy: Trazadone;,Samuel,11/27/2023,Positive
CE0010269,Ineligible,,02/04/1968,,,,,,,,,109.50,241.41,198.12,78.00,27.90,N,N,N,,N,N,,,,,13.82,248.20,39.20,80.00,8.02,0.00,156.00,92.00,36.50,N,N,,,Ricki,,
CE0010270,IDS Expired,O+,07/17/2001,,Female,Caucasian,"WB, BM,",BM 100ml,,positive,,97.50,215.00,168.00,66.10,34.60,N,Y,N,,N,N,,,11/07/2023,02/05/2024,14.40,241.90,40.10,56.00,8.70,0.00,111.00,71.00,36.60,N,N,,,Leila,,
CE0010271,IDS Expired,A+,12/18/1994,,FTM,Caucasian,"LP, WB,",Not Interested,,positive,Positive,69.30,152.80,170.00,66.90,24.00,Y,N,N,,Y,N,,01/03/2024,11/07/2023,02/05/2024,14.40,314.20,42.30,78.00,5.10,0.00,141.00,88.00,36.50,N,Y,01/03/2024,,"Sarah ""Cameron""",01/03/2024,Positive
CE0010272,Ineligible,,03/20/2003,,,,,,,,,0.00,0.00,0.00,0.00,0.00,N,N,N,,N,N,,,,,0.00,0.00,0.00,0.00,0.00,0.00,0.00,0.00,0.00,N,N,,non us citizen,Daniela,,
CE0010273,IDS Expired,O+,08/21/1986,,Male,AfricanAmerican,"LP, WB, BM,",BM 100ml,,Negative,,85.40,188.30,188.00,74.00,24.20,N,N,N,,Y,N,12/05/2023,,11/08/2023,02/06/2024,14.10,215.80,41.80,65.00,2.80,0.00,134.00,77.00,36.40,N,N,,,Anson,,
CE0010274,Deferred,O+,06/14/1984,,Female,Mixed,"WB, BM,",BM 100ml,,Positive,,90.80,200.18,157.00,61.81,36.84,N,N,N,,Y,Y,03/08/2024,,03/08/2024,06/06/2024,11.85,347.40,37.10,90.00,6.35,0.00,140.00,88.00,36.50,N,Y,01/11/2024,,Serina,,
CE0010275,Ineligible,,06/09/1992,,,,,,,,,106.30,234.40,172.70,68.00,35.60,N,N,N,,N,N,,,,,0.00,0.00,0.00,98.00,0.00,0.00,145.00,93.00,36.20,N,N,,,Latifah,,
CE0010276,IDS Expired,A+,11/25/1999,,Female,Mixed,"BM,",BM 100ml,,POSITIVE,,70.80,156.10,162.60,64.00,26.80,N,N,N,,N,N,,,11/09/2023,02/07/2024,12.60,262.10,35.90,66.00,5.10,0.00,115.00,66.00,36.30,N,N,,inadequate veins for mLP,Abigail,,
CE0010278,Deferred,A+,09/02/2005,,Female,Hispanic,"WB,",,,POSITIVE,POSITIVE,60.20,132.70,160.00,63.00,23.50,Y,N,N,,Y,Y,06/20/2024,03/05/2024,03/23/2026,06/21/2026,13.90,193.40,39.20,72.00,7.30,0.00,109.00,64.00,36.50,N,Y,12/06/2023,DQ mLP d/t difficult venous access 3/05/24,Suleet,03/05/2024,POSITIVE
CE0010279,Eligible,O-,11/30/1986,,Male,Mixed,"LP, WB, BM,",BM 100ml,,Negative,,83.70,184.53,178.00,70.08,26.42,N,N,N,,Y,N,06/05/2026,07/21/2026,06/05/2026,09/03/2026,14.02,227.10,42.40,65.00,7.05,0.00,124.00,72.00,36.20,Y,Y,12/13/2023,,Shariyar,,
CE0010280,Ineligible,,12/31/1977,,,,,,,,,101.90,224.65,182.90,72.01,30.46,Y,N,N,,N,N,,,,,0.00,0.00,0.00,108.00,0.00,0.00,118.00,74.00,36.70,N,N,,"donor has a history of hypertension and type II DM. Currently on metoprolol, lisinopril, metformin, moujaro.",Scott,,
CE0010281,IDS Expired,A+,09/25/1998,,Male,AfricanAmerican,,Not Interested,,POSITIVE,,77.10,170.00,177.80,70.00,24.40,Y,Y,N,,N,N,,,11/14/2023,02/12/2024,15.10,307.30,44.20,99.00,6.20,0.00,147.00,85.00,36.80,N,N,,,Mac,,
CE0010282,Ineligible,,08/17/1994,,,,,,,,,0.00,0.00,0.00,0.00,0.00,N,N,N,,N,N,,,,,0.00,0.00,0.00,0.00,0.00,0.00,0.00,0.00,0.00,N,N,,,Sarah,,
CE0010283,IDS Expired,O+,06/22/1986,,Female,Caucasian,"LP, WB, BM,",BM 100ml,,positive,,88.20,194.50,166.00,65.40,32.00,Y,N,N,,N,N,,,11/15/2023,02/13/2024,13.20,288.80,37.70,84.00,8.00,0.00,139.00,95.00,36.50,N,N,,,Desiree,,
CE0010284,Deferred,,05/10/1970,,,,,,,,,53.40,117.73,163.00,64.17,20.10,N,N,N,,N,N,,,,,0.00,0.00,0.00,0.00,0.00,0.00,0.00,0.00,0.00,N,N,,,Florence,,
CE0010285,IDS Expired,O+,02/19/1989,,Male,asian,,,,POSITIVE,,83.30,183.70,177.80,70.00,26.40,N,N,N,,N,N,,,11/15/2023,02/13/2024,13.60,267.00,39.60,92.00,6.70,0.00,123.00,72.00,36.40,N,N,,,Timothy,,
CE0010286,IDS Expired,B-,12/28/2001,,FTM,Caucasian,"LP, WB, BM,",BM 100ml,,Positive,Positive,89.10,196.40,168.00,66.10,31.60,Y,N,N,,Y,Y,,12/18/2023,11/16/2023,02/14/2024,14.30,237.30,40.70,73.00,5.20,0.00,107.00,64.00,36.40,N,Y,12/18/2023,"Goes by ""Saint""",Kassi,12/18/2023,Positive
CE0010287,Ineligible,,11/06/1979,,,,,,,,,69.40,153.00,160.00,62.99,27.11,N,N,N,,N,N,,,,,12.44,296.20,36.80,95.00,3.33,0.00,138.00,87.00,36.40,N,N,,,Christi,,
CE0010288,IDS Expired,B+,12/15/2003,,Male,Caucasian,"LP, WB, BM,",BM 100ml,,Positive,POSITIVE,80.90,178.35,165.00,64.96,29.72,N,Y,Y,"Environmental,",Y,Y,05/06/2024,08/19/2025,08/19/2025,11/17/2025,14.46,172.70,41.60,67.00,4.58,0.00,124.00,72.00,35.60,N,Y,12/19/2023,ALLERGIES : SEASONAL POLLEN,Maxim,08/27/2024,POSITIVE
CE0010289,Ineligible,,04/21/2000,,,,,,,,,61.80,136.25,157.50,62.01,24.91,N,N,N,,N,N,,,,,0.00,0.00,0.00,75.00,0.00,0.00,109.00,72.00,36.50,N,N,,,Valerie,,
CE0010290,IDS Expired,O+,05/11/1993,,Male,Hispanic,"LP, WB, BM,",BM 100ml,,Negative,positive,92.20,203.30,163.00,64.20,34.70,N,N,Y,"Environmental,",Y,Y,06/11/2024,05/07/2024,05/07/2024,08/05/2024,15.90,259.00,47.60,80.00,9.10,0.00,143.00,91.00,36.40,N,Y,12/12/2023,"Ineligible mLP d/t hx difficult venous access & lack of reliable transportation 5/07/24.
ALLERGIES: DUST & CATS",Robert  C.,12/12/2023,positive
CE0010291,IDS Expired,A-,12/31/1991,,Female,Hispanic,"LP,",,,POSITIVE,,74.50,164.20,170.20,67.00,25.70,N,N,N,,N,N,,,11/20/2023,02/18/2024,12.40,248.60,35.70,90.00,6.70,0.00,128.00,70.00,36.20,N,N,,,Cheryna,,
CE0010292,IDS Expired,B+,02/28/2004,,Male,Hispanic,"LP, WB, BM,",BM 100ml,,Positive,,94.10,207.50,173.00,68.10,31.40,N,N,N,,N,N,01/25/2024,,11/20/2023,02/18/2024,13.20,231.90,44.30,75.00,6.30,0.00,130.00,66.00,36.20,N,Y,01/25/2024,,Mariano,,
CE0010293,Ineligible,,08/31/2000,,,,,,,,,89.20,196.65,177.80,70.00,28.22,N,N,N,,N,N,,,,,0.00,0.00,0.00,86.00,0.00,0.00,121.00,86.00,36.40,N,N,,,Charly,,
CE0010294,Deferred,,01/29/1983,,,,,,,,,131.90,290.80,162.20,63.90,50.10,N,N,N,,N,N,,,,,0.00,0.00,0.00,82.00,0.00,0.00,133.00,82.00,36.40,N,N,,,Leticia,,
CE0010295,Ineligible,,11/19/1996,,,,,,,,,97.40,214.73,160.00,62.99,38.05,N,N,N,,N,N,,,,,0.00,0.00,0.00,100.00,0.00,0.00,133.00,76.00,36.40,N,N,,,Sophia,,
CE0010296,Ineligible,A+,06/01/2000,,Female,Hispanic,,,,positive,Positive,56.70,125.00,152.00,59.84,24.54,N,N,Y,"Food,",Y,Y,08/14/2024,02/11/2025,02/11/2025,05/12/2025,13.50,245.30,41.60,95.00,7.90,0.00,133.00,80.00,36.00,N,Y,04/11/2024,,Daniela,10/31/2024,Positive
CE0010298,Eligible,A+,10/06/1986,,Male,Mixed,"LP, WB, BM,",BM 100ml,,POSITIVE,,92.80,204.59,175.00,68.90,30.30,N,Y,N,,Y,Y,05/13/2026,12/15/2025,05/13/2026,08/11/2026,16.48,267.30,49.80,58.00,4.96,0.00,117.00,76.00,36.40,Y,N,,,David,,
CE0010299,IDS Expired,O+,10/15/1998,,Male,Hispanic,"LP, WB, BM,",BM 100ml,,POSITIVE,,74.70,164.70,165.10,65.00,27.40,N,Y,N,,N,N,,,11/27/2023,02/25/2024,16.20,226.20,46.80,70.00,6.40,0.00,133.00,78.00,36.40,N,N,,,Yaseen,,
CE0010300,IDS Expired,AB+,09/07/1996,,Female,Caucasian,"LP,",DQ,,Positive,Positive,73.30,161.60,183.00,72.10,21.90,Y,N,N,,Y,Y,04/19/2024,,09/25/2024,12/24/2024,12.50,268.30,36.90,74.00,5.70,0.00,153.00,92.00,36.60,N,Y,02/02/2024,,Anna,04/19/2024,Positive
CE0010301,IDS Expired,O+,01/25/1984,,Male,AfricanAmerican,"LP, WB,",Not Interested,,POSITIVE,,108.90,240.10,191.00,75.20,29.90,N,N,N,,Y,N,,11/24/2025,09/16/2025,12/15/2025,16.50,287.50,49.50,90.00,4.20,0.00,129.00,82.00,36.00,N,Y,01/10/2024,,Warren,,
CE0010303,IDS Expired,O+,09/14/2002,,Female,asian,"LP, WB,",DQ,,positive,,57.10,125.90,152.00,59.80,24.70,N,Y,N,,N,N,,,11/29/2023,02/27/2024,15.70,300.10,45.80,84.00,4.30,0.00,112.00,75.00,36.40,N,N,,,Joanna,,
CE0010304,IDS Expired,A+,10/30/1974,,Male,NativeAmerican,"LP, WB, BM,",BM 100ml,,negative,,89.30,196.90,183.00,72.10,26.70,N,N,N,,Y,Y,06/17/2024,,04/16/2024,07/15/2024,13.00,224.10,45.30,79.00,6.00,0.00,155.00,88.00,36.50,N,Y,01/25/2024,,Julian,,
CE0010305,Ineligible,O+,02/28/1974,,Female,Mixed,,DQ,,Negative,,58.60,129.19,160.00,62.99,22.89,Y,N,Y,"Food, Environmental,",Y,N,,05/29/2024,03/21/2024,06/19/2024,12.76,309.00,39.50,73.00,5.19,0.00,116.00,69.00,36.00,N,Y,03/21/2024,"ALLERGIES: POLLEN & PINEAPPLE
DQ BMA d/t weight & hx low hgb
DQ mLP d/t age",Andie,,
CE0010306,IDS Expired,O+,07/01/2004,,FTM,Mixed,"BM,",BM 100ml,,Negative,negative,67.90,149.70,173.00,68.10,22.70,Y,N,N,,Y,N,07/07/2025,,06/20/2025,09/18/2025,14.50,226.40,47.60,74.00,6.70,0.00,117.00,65.00,36.20,N,Y,12/12/2024,"""He/Him"" 11/30/23 - taking testosterone bi-weekly","Analia ""Aaron""",,
CE0010308,IDS Expired,AB+,01/08/2002,,Male,asian,"LP, WB,",,,Positive,,74.80,164.90,175.30,69.00,24.40,Y,N,N,,N,N,,,12/04/2023,03/03/2024,15.00,260.40,43.80,58.00,6.20,0.00,121.00,68.00,36.70,N,N,,,Andre,,
CE0010309,IDS Expired,O+,12/06/2002,,Female,Mixed,"LP, WB, BM,",BM 100ml,,Negative,,60.50,133.40,160.00,63.00,23.60,N,N,Y,"Medication, Environmental,",N,N,,,12/04/2023,03/03/2024,12.90,273.80,37.70,76.00,7.90,0.00,128.00,79.00,36.50,N,N,,,Tanya,,
CE0010310,Ineligible,O+,03/10/1979,,Male,Mixed,,,,POSITIVE,,78.50,173.06,173.00,68.11,26.23,N,N,N,,Y,N,08/20/2025,,08/20/2025,11/18/2025,15.32,136.30,45.10,64.00,4.80,0.00,120.00,74.00,35.90,N,Y,01/03/2024,,Marcelo,,
CE0010311,IDS Expired,B+,04/10/1982,,Male,Caucasian,"LP, WB, BM,",BM 100ml,,Negative,,77.40,170.60,172.00,67.70,26.20,N,N,N,,Y,Y,07/16/2025,,05/20/2025,08/18/2025,14.60,155.60,42.90,75.00,5.60,0.00,114.00,76.00,35.90,N,Y,01/08/2024,INELIGIBLE for mLP d/t age.,Nicholas,,
CE0010312,Ineligible,,03/09/2005,,,,,,,,,0.00,0.00,0.00,0.00,0.00,Y,N,N,,N,N,,,,,0.00,0.00,0.00,0.00,0.00,0.00,0.00,0.00,0.00,N,N,,PERM DQ  - autoimmune,Reagan,,
CE0010315,IDS Expired,A+,06/11/1996,,Female,Hispanic,"LP, WB, BM,",BM 100ml,,Positive,Positive,70.40,155.20,157.50,62.00,28.40,Y,N,Y,"Environmental,",Y,Y,05/16/2024,,05/16/2024,08/14/2024,13.70,414.30,42.00,90.00,5.80,0.00,142.00,88.00,36.10,N,Y,05/16/2024,Allergic to three different types on tree pollen; uses allergy shot on the arm once a week.,Jocelyn,05/16/2024,Positive
CE0010316,IDS Expired,O+,10/11/1997,,Female,NativeAmerican,"WB, BM,",,,Positive,,66.80,147.30,160.00,63.00,26.10,N,N,Y,"Environmental,",N,N,,,12/14/2023,03/13/2024,14.50,345.50,41.70,82.00,5.40,0.00,113.00,71.00,36.50,N,N,,"Allergies:Latex, Seasonal",Ashleigh,,
CE0010319,IDS Expired,O+,07/26/1996,,Female,Mixed,"LP, WB,",Not Interested,,Positive,,64.20,141.50,163.00,64.20,24.20,Y,N,Y,,Y,Y,,01/22/2024,12/11/2023,03/10/2024,14.30,249.10,42.00,81.00,7.40,0.00,105.00,58.00,36.50,N,N,,,Eileen,,
CE0010321,IDS Expired,A+,01/11/1982,,Male,Hispanic,"WB, BM,",BM 100ml,,negative,,80.90,178.40,175.00,68.90,26.40,N,N,Y,"Environmental,",Y,N,05/20/2025,,05/20/2025,08/18/2025,15.60,250.50,45.80,81.00,6.10,0.00,135.00,76.00,36.20,N,Y,01/11/2024,DQ mLP (age),Christopher,,
CE0010322,IDS Expired,O+,07/01/1996,,Male,asian,"LP, WB, BM,",BM 100ml,,positive,positive,61.90,136.50,170.00,66.90,21.40,N,N,N,,Y,N,,10/08/2024,10/08/2024,01/06/2025,15.00,197.40,45.10,71.00,3.40,0.00,126.00,77.00,36.50,N,Y,07/29/2024,,Stephen,04/24/2024,positive
CE0010324,IDS Expired,A+,07/30/2005,,Male,Mixed,"LP, WB,",Not Interested,,negative,,70.00,154.30,173.00,68.10,23.40,N,N,N,,N,N,,,12/13/2023,03/12/2024,15.70,208.70,44.70,60.00,5.90,0.00,125.00,60.00,36.00,N,N,,,Russell,,
CE0010325,IDS Expired,O+,02/26/1973,,Female,Mixed,"LP, WB, BM,",BM 100ml,,positive,,66.80,147.30,175.00,68.90,21.80,Y,Y,Y,"Environmental,",N,N,,,12/14/2023,03/13/2024,13.20,295.10,38.20,84.00,9.30,0.00,127.00,72.00,37.00,N,N,,,Angela,,
CE0010326,IDS Expired,O+,08/14/1974,,Male,Mixed,"LP, WB, BM,",BM 100ml,,negative,,89.10,196.40,180.00,70.90,27.50,N,Y,N,,Y,N,03/04/2024,,03/04/2024,06/02/2024,15.70,268.70,45.70,74.00,5.00,0.00,145.00,93.00,36.10,N,Y,01/08/2024,DQ mLP d/t age.,Matthew,,
CE0010327,IDS Expired,A+,06/21/1998,,Male,Caucasian,"LP, WB,",Not Interested,,negative,Positive,90.70,200.00,185.00,72.80,26.50,N,Y,Y,"Medication,",Y,Y,,04/03/2024,04/03/2024,07/02/2024,15.50,275.80,45.70,81.00,4.20,0.00,114.00,71.00,36.40,N,Y,01/16/2024,"ALLERGY: AMOXICILLIN
DQ mLP d/t suitability",Morgan,01/16/2024,Positive
CE0010328,IDS Expired,B+,10/11/1985,,Male,Mixed,"LP, WB, BM,",BM 100ml,,negative,,78.70,173.50,170.00,66.90,27.20,N,N,N,,Y,N,05/16/2024,,05/16/2024,08/14/2024,15.70,259.00,46.90,71.00,4.60,0.00,127.00,82.00,36.80,N,N,,Donor rejected E-Consent for Tax documents - ACL 5/16/24,Jarryd,,
CE0010330,IDS Expired,AB+,02/20/1988,,Male,AfricanAmerican,"LP, WB, BM,",BM 100ml,,Negative,,87.90,193.80,183.00,72.10,26.30,N,N,N,,Y,N,05/15/2025,03/13/2024,03/20/2025,06/18/2025,15.80,235.80,45.40,84.00,6.20,0.00,121.00,83.00,35.90,N,Y,01/11/2024,,Tony,,
CE0010332,IDS Expired,A-,03/06/1972,,Male,Caucasian,"LP, WB, BM,",BM 100ml,,NEGATIVE,,107.30,236.60,178.00,70.10,33.90,N,N,N,,Y,N,,11/21/2025,09/11/2025,12/10/2025,16.10,160.80,48.00,79.00,5.20,0.00,141.00,84.00,36.10,N,Y,05/21/2024,,Jonas,,
CE0010333,Ineligible,,02/26/2003,,,,,,,,,76.70,169.09,0.00,0.00,0.00,N,N,N,,N,N,,,,,0.00,0.00,0.00,0.00,0.00,0.00,0.00,0.00,36.60,N,N,,,Carize,,
CE0010334,IDS Expired,A+,01/05/1995,,Male,Caucasian,"LP, WB,",Not Interested,,Negative,,75.80,167.10,175.30,69.00,24.70,Y,N,N,,N,N,,,12/19/2023,03/18/2024,15.20,185.70,42.30,71.00,4.00,0.00,134.00,78.00,36.30,N,N,,,Christopher,,
CE0010335,IDS Expired,O+,02/03/1995,,Female,Mixed,"LP, WB,",Not Interested,,NEGATIVE,,61.30,135.10,170.00,66.90,21.20,Y,N,N,,N,N,,,12/19/2023,03/18/2024,12.60,217.40,35.40,78.00,6.40,0.00,123.00,70.00,36.50,N,N,,,Fatima-Ayaan,,
CE0010336,IDS Expired,B+,06/05/1985,,Male,asian,"LP, WB, BM,",BM 100ml,,positive,,75.10,165.60,170.00,66.90,26.00,N,N,N,,Y,Y,08/16/2024,,08/13/2024,11/11/2024,17.90,224.20,45.60,100.00,9.90,0.00,110.00,76.00,35.80,N,N,,,Quoc,,
CE0010337,Deferred,,08/05/1982,,,,,,,,,115.50,254.63,170.20,67.01,39.87,N,N,N,,N,N,,,,,0.00,0.00,0.00,0.00,0.00,0.00,0.00,0.00,36.30,N,N,,12/20/24 - BMI borderline; needs weight to drop down to 220lbs before eligible for rescreening,Jamila,,
CE0010338,IDS Expired,A+,01/28/1998,,Female,asian,"LP, WB, BM,",BM 100ml,,positive,POSITIVE,75.70,166.90,170.00,66.90,26.20,Y,N,Y,"Medication,",Y,Y,02/25/2025,,02/10/2025,05/11/2025,14.30,240.40,41.70,83.00,9.40,0.00,113.00,78.00,36.20,N,Y,02/25/2025,,Sridha,05/10/2024,POSITIVE
CE0010339,IDS Expired,A+,01/09/1976,,Female,Hispanic,"WB, BM,",BM 100ml,,Positive,,64.40,142.00,175.00,68.90,21.00,Y,N,Y,"Medication,",Y,Y,09/05/2024,06/05/2024,09/05/2024,12/04/2024,13.60,280.80,41.50,80.00,4.50,0.00,132.00,69.00,36.30,N,Y,01/22/2024,ALLERGIES: PENICILLIN & SULFAS,Graciele,,
CE0010340,IDS Expired,B+,01/13/1970,,Male,Caucasian,"LP, WB, BM,",BM 100ml,,Negative,,106.60,235.00,188.00,74.00,30.20,Y,N,Y,"Environmental,",N,N,,,12/21/2023,03/20/2024,16.70,312.50,48.10,91.00,7.60,0.00,134.00,83.00,36.10,N,N,,DQ mLP (age),Joshua,,
CE0010341,IDS Expired,O+,02/24/2002,,Female,Hispanic,"LP, WB, BM,",BM 100ml,,,,72.70,160.30,172.70,68.00,24.40,Y,Y,N,,N,N,,,01/02/2024,04/01/2024,13.60,307.80,39.20,64.00,5.90,0.00,110.00,65.00,37.10,N,N,,,Lilliana,,
CE0010342,IDS Expired,B+,07/01/1987,,Male,Hispanic,"LP, WB, BM,",,,Positive,,86.40,190.50,180.00,70.90,26.70,Y,Y,Y,"Environmental,",Y,Y,,01/30/2024,01/02/2024,04/01/2024,14.60,283.50,41.40,84.00,3.90,0.00,105.00,61.00,36.60,N,Y,01/30/2024,,Mario,,
CE0010343,IDS Expired,A+,06/25/2002,,Male,,"LP, WB,",,,Positive,,80.70,177.90,172.70,68.00,27.10,N,N,N,,N,N,,,01/02/2024,04/01/2024,16.00,270.80,45.20,84.00,6.00,0.00,142.00,84.00,36.60,N,N,,,Mark,,
CE0010344,IDS Expired,A+,10/09/2003,,Female,Caucasian,"LP, WB, BM,",BM 100ml,,Negative,,76.60,168.90,175.30,69.00,24.90,Y,N,N,,N,N,,,01/02/2024,04/01/2024,14.50,283.70,39.10,86.00,8.00,0.00,105.00,62.00,36.60,N,N,,,Shaye,,
CE0010345,IDS Expired,A+,12/03/1995,,Male,Mixed,"WB, BM,",BM 100ml,,NEGATIVE,POSITIVE,80.80,178.10,178.00,70.10,25.50,N,N,N,,Y,N,02/28/2025,03/19/2024,02/28/2025,05/29/2025,14.90,187.00,44.60,77.00,3.70,0.00,126.00,83.00,36.50,N,Y,02/01/2024,,Adrian,02/28/2025,POSITIVE
CE0010346,IDS Expired,O+,11/09/1970,,Male,Caucasian,"LP, WB, BM,",BM 100ml,,positive,,89.50,197.30,191.00,75.20,24.50,N,N,Y,"Medication,",N,N,,,01/03/2024,04/02/2024,15.60,150.80,43.10,66.00,4.60,0.00,116.00,70.00,36.60,N,N,,,Sean,,
CE0010347,IDS Expired,O+,07/05/2003,,Male,Hispanic,"WB, BM,",BM 100ml,,Positive,Positive,81.80,180.30,175.00,68.90,26.70,N,N,N,,Y,N,01/13/2025,,01/13/2025,04/13/2025,16.70,184.40,50.20,71.00,4.90,0.00,137.00,80.00,36.50,N,Y,02/02/2024,no time for LP,Sebastian,06/13/2024,Positive
CE0010348,Ineligible,,06/29/1991,,,,,,,,,57.90,127.65,165.10,65.00,21.24,N,N,N,,N,N,,,,,13.89,163.90,39.90,94.00,2.89,0.00,112.00,73.00,36.20,N,N,,,Rola,,
CE0010349,IDS Expired,O+,02/26/1997,,Female,Mixed,"LP, WB,",DQ,,Positive,,62.20,137.10,167.60,66.00,22.10,Y,N,Y,"Food,",N,N,,,01/04/2024,04/03/2024,13.70,279.30,38.10,61.00,4.50,0.00,103.00,66.00,36.40,N,N,,"ALLERGY: PINEAPPLE
DQ BMA (scoliosis & back pain)",Annaliese,,
CE0010351,IDS Expired,O+,10/11/1989,,Female,Caucasian,"LP, WB,",DQ,,Negative,,57.40,126.60,163.00,64.20,21.60,Y,N,N,,N,N,,,01/08/2024,04/07/2024,14.20,242.40,39.40,80.00,6.10,0.00,128.00,78.00,36.50,N,N,,,Kristen,,
CE0010352,IDS Expired,O+,08/10/1999,,Male,asian,"WB, BM,",BM 100ml,,Positive,POSITIVE,111.10,244.90,170.00,66.90,38.40,Y,N,Y,"Food,",Y,Y,02/26/2025,,02/26/2025,05/27/2025,13.90,355.50,42.70,96.00,10.40,0.00,140.00,91.00,36.20,N,Y,03/11/2024,2/26/25: NI in LP.,Anthony,,
CE0010353,IDS Expired,A+,10/17/1999,,Female,asian,"LP, WB, BM,",BM 100ml,,Negative,,71.10,156.80,162.60,64.00,26.90,Y,N,N,,N,N,,,01/08/2024,04/07/2024,13.80,263.40,40.00,76.00,7.70,0.00,110.00,71.00,36.50,N,N,,,Regina,,
CE0010354,IDS Expired,O-,04/19/1987,,Female,Caucasian,"LP, WB, BM,",BM 100ml,,Positive,,90.70,200.00,167.60,66.00,32.30,Y,N,N,,N,N,,,01/08/2024,04/07/2024,14.10,249.50,40.60,72.00,3.90,0.00,128.00,72.00,36.70,N,N,,,Madeline,,
CE0010355,IDS Expired,O+,09/28/1983,,Male,Hispanic,"LP, WB, BM,",BM 100ml,,POSITIVE,,93.30,205.70,177.80,70.00,29.50,N,N,N,,N,N,,,01/08/2024,04/07/2024,16.60,271.00,47.80,96.00,5.60,0.00,145.00,83.00,36.80,N,N,,,Daniel,,
CE0010356,Ineligible,B+,06/27/1978,,Male,AfricanAmerican,,,,POSITIVE,,97.70,215.39,188.00,74.02,27.64,N,N,N,,Y,N,08/02/2024,05/07/2024,08/02/2024,10/31/2024,14.28,273.20,44.70,99.00,4.37,0.00,117.00,77.00,36.40,N,Y,01/29/2024,,Deyon,,
CE0010357,Eligible,O+,08/31/2000,,Male,Hispanic,"LP, WB, BM,",BM 100ml,,NEGATIVE,Positive,83.10,183.20,160.00,62.99,32.46,N,N,N,,Y,N,06/10/2026,01/12/2026,04/15/2026,07/14/2026,15.90,287.00,46.60,65.00,7.33,0.00,122.00,74.00,36.60,N,Y,02/26/2024,,Jonathan,11/27/2024,Positive
CE0010358,IDS Expired,O+,10/02/1998,,Male,asian,"LP, WB, BM,",BM 100ml,,Positive,Positive,83.40,183.90,170.20,67.00,29.30,N,N,N,,Y,N,02/05/2024,,01/10/2024,04/09/2024,17.70,184.90,50.00,88.00,5.50,0.00,133.00,84.00,36.10,N,Y,02/05/2024,,Michael,02/05/2024,Positive
CE0010359,IDS Expired,O+,08/22/1990,,Male,Caucasian,"LP, WB, BM,",,,NEGATIVE,,104.70,230.80,195.60,77.00,27.40,N,N,N,,N,N,,,01/10/2024,04/09/2024,15.70,211.20,44.50,72.00,4.90,0.00,147.00,73.00,36.50,N,N,,,Jack,,
CE0010360,Ineligible,O+,08/26/1992,,Female,AfricanAmerican,,,,Positive,,59.70,131.60,160.00,63.00,23.30,N,N,Y,"Medication,",Y,N,07/12/2024,,09/30/2024,12/29/2024,13.60,338.30,41.60,73.00,6.20,0.00,117.00,76.00,36.40,N,Y,05/01/2024,,Venita,,
CE0010361,IDS Expired,B+,05/05/1989,,Male,asian,"LP, WB,",Not Interested,,positive,,82.70,182.30,173.00,68.10,27.60,N,N,N,,N,N,,,01/10/2024,04/09/2024,15.40,208.20,45.20,75.00,3.70,0.00,134.00,79.00,36.00,N,N,,,Mongkhonchat,,
CE0010362,IDS Expired,B+,07/29/1994,,Male,Caucasian,"LP, WB,",DQ,,Negative,POSITIVE,74.10,163.40,180.00,70.90,22.90,Y,N,N,,Y,Y,03/28/2024,,03/28/2024,06/26/2024,15.40,210.60,46.10,77.00,5.80,0.00,107.00,74.00,36.40,N,Y,02/01/2024,,Nicholas,03/28/2024,Positive
CE0010363,IDS Expired,A+,11/20/1980,,Male,Caucasian,"LP, WB,",Not Interested,,Negative,,95.90,211.40,182.90,72.00,28.70,N,N,N,,N,N,,,01/11/2024,04/10/2024,14.40,176.60,41.00,66.00,4.20,0.00,121.00,79.00,36.60,N,N,,,Michael,,
CE0010364,Ineligible,O+,12/13/1988,,Female,Mixed,"LP,",,,Negative,,73.70,162.48,163.00,64.17,27.74,N,N,N,,Y,N,,07/09/2024,07/09/2024,10/07/2024,11.86,182.90,36.50,61.00,5.27,0.00,106.00,63.00,36.40,N,Y,03/04/2024,,Adoria,,
CE0010368,Ineligible,,03/09/1989,,,,,,,,,166.60,367.29,175.30,69.02,54.21,N,N,N,,N,N,,,,,0.00,0.00,0.00,0.00,0.00,0.00,0.00,0.00,0.00,N,N,,,Cepheus,,
CE0010370,IDS Expired,B+,11/21/1989,,Male,asian,"LP, WB,",Not Interested,,positive,,76.00,167.60,165.00,65.00,27.90,N,N,N,,N,N,,,01/17/2024,04/16/2024,14.40,281.80,40.70,87.00,5.30,0.00,158.00,83.00,36.60,N,N,,,Phillip,,
CE0010371,IDS Expired,AB+,06/08/2005,,Male,Caucasian,"LP, WB, BM,",,,negative,,76.70,169.10,182.90,72.00,22.90,N,N,Y,"Environmental,",N,N,,,01/17/2024,04/16/2024,15.30,324.90,41.80,70.00,6.90,0.00,157.00,81.00,36.60,N,N,,,Aidan,,
CE0010372,IDS Expired,O+,07/29/1979,,Male,AfricanAmerican,"LP,",Not Interested,,POSITIVE,Positive,105.00,231.50,191.00,75.20,28.80,N,Y,Y,"Environmental,",Y,N,05/30/2024,12/15/2025,12/08/2025,03/08/2026,12.60,199.00,39.00,74.00,5.70,0.00,146.00,85.00,36.20,N,Y,05/30/2024,"allergies: pet dander, pollen",Antoine,,
CE0010373,Eligible,A+,11/02/1980,,Male,AfricanAmerican,"LP, WB,",DQ,,positive,,108.00,238.10,173.00,68.11,36.09,N,N,N,,Y,N,02/01/2024,04/22/2026,04/22/2026,07/21/2026,13.83,317.00,40.20,72.00,6.25,0.00,140.00,83.00,35.80,N,Y,02/01/2024,,Biruk,,
CE0010374,IDS Expired,A+,04/12/1987,,Female,Caucasian,"LP,",,,negative,,74.40,164.00,157.00,61.80,30.20,Y,N,Y,"Medication, Environmental,",N,N,,,01/22/2024,04/21/2024,12.40,299.20,36.10,84.00,7.40,0.00,107.00,64.00,36.30,N,N,,"Allergies: Pollen, cats, dogs, penicillin",Virsaviya,,
CE0010375,Ineligible,B+,09/24/1974,,Male,PacificIslander,,,,positive,,98.30,216.71,170.00,66.93,34.01,N,Y,N,,Y,Y,02/24/2025,,10/17/2024,01/15/2025,16.59,222.70,51.20,71.00,8.61,0.00,142.00,86.00,35.80,N,N,,,Edmund,,
CE0010376,IDS Expired,A+,12/31/1987,,Male,asian,"LP, WB, BM,",BM 100ml,,POSITIVE,POSITIVE,109.00,240.30,165.00,65.00,40.00,N,N,N,,Y,N,05/08/2024,12/18/2024,11/06/2024,02/04/2025,14.60,310.90,42.20,76.00,5.20,0.00,131.00,77.00,36.60,N,Y,02/13/2024,DQ for mLP d/t BMI,Kenny,08/05/2024,POSITIVE
CE0010377,IDS Expired,O+,07/15/1990,,MTF,Mixed,"LP,",,,POSITIVE,Positive,111.70,246.30,170.20,67.00,38.60,Y,N,N,,Y,N,,02/15/2024,01/23/2024,04/22/2024,11.90,185.10,35.10,88.00,7.80,0.00,150.00,80.00,36.00,N,Y,02/15/2024,INELIGIBLE mLP d/t hx low hgb (07/08/24),Santos,02/15/2024,Positive
CE0010378,Ineligible,O+,02/04/1981,,Male,AfricanAmerican,,,,POSITIVE,,88.20,194.45,185.00,72.83,25.77,N,Y,N,,Y,N,03/12/2025,,02/26/2025,05/27/2025,13.26,245.30,39.70,72.00,3.65,0.00,141.00,83.00,36.30,N,Y,03/01/2024,"NOT INTERESTED in LP (3/2024)
DQ LP due to suitability. (ACL 5/7/24)",Baraka,,
CE0010379,IDS Expired,O+,10/09/1997,,Male,Caucasian,"LP, WB,",Not Interested,,Negative,,98.60,217.40,196.00,77.20,25.70,N,N,Y,"Medication,",N,N,,,04/08/2024,07/07/2024,14.40,219.70,43.90,59.00,3.50,0.00,159.00,85.00,36.00,N,N,,,Benjiman,,
CE0010380,IDS Expired,O+,01/21/1983,,Female,Mixed,"LP,",DQ,,POSITIVE,,73.50,162.00,160.00,63.00,28.70,N,N,N,,Y,N,02/06/2024,10/16/2024,09/03/2024,12/02/2024,13.00,222.20,38.80,52.00,4.90,0.00,121.00,73.00,36.40,N,Y,02/06/2024,,Priscilla,,
CE0010381,Deferred,A+,03/18/2002,,Male,Hispanic,"LP, WB, BM,",BM 100ml,,Positive,Positive,65.60,144.62,173.00,68.11,21.92,N,N,N,,Y,N,04/10/2025,11/18/2024,02/12/2025,05/13/2025,14.97,250.50,43.50,95.00,2.95,0.00,101.00,64.00,36.50,N,Y,02/06/2024,,Francisco,05/15/2024,Positive
CE0010382,Deferred,,07/08/2005,,,,,,,,,70.90,156.31,170.18,67.00,24.48,N,N,N,,N,N,,,,,0.00,0.00,0.00,58.00,0.00,0.00,124.00,71.00,36.60,N,N,,,Bianca,,
CE0010384,IDS Expired,O+,09/05/1987,,Male,Caucasian,"LP, WB, BM,",BM 100ml,,Negative,,90.90,200.40,190.00,74.80,25.20,N,N,N,,N,N,,,01/29/2024,04/28/2024,13.50,170.50,38.50,68.00,3.40,0.00,142.00,82.00,36.40,N,N,,,Leonard,,
CE0010385,IDS Expired,B+,12/23/2004,,Male,asian,"WB, BM,",BM 100ml,,Negative,,62.30,137.40,167.60,66.00,22.20,N,N,N,,N,N,02/26/2024,,01/29/2024,04/28/2024,13.10,269.70,46.30,90.00,5.10,0.00,126.00,78.00,36.60,N,N,,,Govind,,
CE0010386,IDS Expired,O+,01/13/1979,,Female,Caucasian,"LP, WB,",DQ,,Positive,,56.60,124.80,165.10,65.00,20.80,N,N,N,,Y,Y,,03/14/2024,01/29/2024,04/28/2024,12.60,258.10,37.80,83.00,4.30,0.00,117.00,68.00,36.50,N,Y,03/14/2024,,Alisa,,
CE0010387,Deferred,,12/29/1990,,,,,,,,,77.30,170.40,193.00,76.00,20.70,N,N,N,,N,N,,,,,0.00,0.00,0.00,0.00,0.00,0.00,124.00,73.00,0.00,N,N,,,Zachary,,
CE0010389,IDS Expired,O+,05/02/1990,,Female,Caucasian,"LP, WB, BM,",BM 100ml,,POSITIVE,,61.00,134.50,165.10,65.00,22.40,Y,N,Y,"Environmental,",N,N,,,01/30/2024,04/29/2024,14.00,368.90,39.00,87.00,5.60,0.00,133.00,83.00,36.70,N,N,,,Stephanie,,
CE0010391,IDS Expired,A+,07/30/1985,,Male,Caucasian,"LP, WB,",Not Interested,,NEGATIVE,,89.30,196.90,185.50,73.00,26.00,Y,Y,N,,N,N,,,01/30/2024,04/29/2024,16.20,241.60,47.90,91.00,5.50,0.00,132.00,84.00,36.50,N,N,,,Edwin,,
CE0010392,Deferred,,09/08/1991,,Female,asian,,,,,,58.40,128.75,152.00,59.84,25.28,N,Y,N,,N,N,,,,,0.00,0.00,0.00,79.00,0.00,0.00,118.00,77.00,36.40,N,N,,,Ellaine,,
CE0010393,IDS Expired,B+,05/21/1989,,Female,asian,"LP, WB, BM, MLP,",,,POSITIVE,,66.40,146.40,162.50,64.00,25.20,Y,N,N,,N,N,03/06/2024,,01/31/2024,04/30/2024,14.20,326.50,37.10,90.00,9.10,0.00,142.00,95.00,36.20,N,Y,03/06/2024,,Anne,,
CE0010394,IDS Expired,A-,05/20/2003,,Female,Caucasian,"LP,",,,negative,positive,64.30,141.80,175.00,68.90,21.00,N,N,N,,Y,Y,,05/22/2025,04/17/2025,07/16/2025,11.90,276.30,36.10,65.00,4.80,0.00,110.00,69.00,35.70,N,Y,02/22/2024,DQ mLP - borderline veins,Maiana,04/15/2024,positive
CE0010395,IDS Expired,A+,06/16/1999,,Female,Hispanic,"LP,",,,negative,POSITIVE,63.20,139.30,160.00,63.00,24.70,N,N,Y,"Environmental,",Y,Y,02/10/2025,06/02/2025,04/21/2025,07/20/2025,12.60,224.70,37.90,36.40,5.50,0.00,110.00,66.00,36.40,N,Y,02/29/2024,ALLERGY: BEE VENOM,Rachel,04/25/2024,POSITIVE
CE0010397,Deferred,,09/12/1981,,,,,,,,,78.50,173.10,154.90,61.00,32.70,N,N,N,,N,N,,,02/01/2024,,11.60,475.30,33.30,74.00,7.80,0.00,121.00,78.00,36.10,N,N,,,Linicha,,
CE0010398,IDS Expired,AB+,11/12/1978,,Male,Hispanic,"LP, WB,",DQ,,Positive,,106.40,234.60,191.00,75.20,29.20,Y,N,N,,Y,N,,04/15/2024,02/05/2024,05/05/2024,13.70,192.50,41.70,65.00,6.50,0.00,148.00,91.00,36.60,N,N,,,Fernando,,
CE0010399,IDS Expired,O+,10/04/1993,,Male,Caucasian,"LP, WB,",DQ,,Negative,,132.00,291.00,188.00,74.00,37.40,N,N,N,,N,N,,,02/05/2024,05/05/2024,15.80,240.20,46.30,85.00,7.90,0.00,129.00,69.00,36.00,N,N,,"""Val"" (preferred name)
02/05/24 - too much padding for BMA at this time","Christopher ""Val""",,
CE0010400,Deferred,,07/10/1970,,,,,,,,,71.50,157.60,175.30,69.00,23.30,N,N,N,,N,N,,,,,12.40,165.60,34.50,58.00,2.50,0.00,118.00,73.00,36.50,N,N,,,Jeff,,
CE0010401,IDS Expired,O+,01/19/1987,,Male,Caucasian,"LP, WB,",Not Interested,,Negative,,107.00,235.90,190.50,75.00,29.50,N,N,N,,Y,N,,04/30/2024,04/30/2024,07/29/2024,13.70,213.20,41.20,74.00,5.50,0.00,139.00,80.00,36.30,N,Y,02/27/2024,,Dylan,,
CE0010403,IDS Expired,O+,09/09/1978,,,Caucasian,"LP, WB, BM,",BM 100ml,,negative,,79.10,174.40,157.50,62.00,31.90,Y,N,N,,Y,N,,04/17/2024,02/07/2024,05/07/2024,15.20,288.70,41.40,76.00,8.10,0.00,116.00,72.00,36.30,N,Y,04/17/2024,,Shannon,,
CE0010404,Ineligible,O+,11/10/1974,,Female,AfricanAmerican,,,,positive,,81.50,179.70,170.00,66.90,28.20,N,N,N,,Y,N,06/20/2024,,04/09/2024,07/08/2024,15.70,206.00,42.20,92.00,6.50,0.00,143.00,84.00,36.00,N,Y,04/09/2024,Donated and screened under CE0010464 4/9/24-6/20/24.,Roxanne,,
CE0010405,IDS Expired,O+,11/02/1984,,Female,Hispanic,"LP, WB, BM,",BM 100ml,,POSITIVE,,80.40,177.30,165.10,65.00,29.50,Y,N,N,,Y,Y,03/25/2024,,02/12/2024,05/12/2024,14.10,251.70,42.30,77.00,4.50,0.00,113.00,70.00,36.20,N,Y,03/25/2024,,Christina,,
CE0010406,Ineligible,,10/02/2000,,,,,,,,,73.00,160.94,165.10,65.00,26.78,N,N,N,,N,N,,,,,11.36,332.50,31.80,81.00,5.91,0.00,111.00,66.00,36.30,N,N,,,Aparnna,,
CE0010407,Ineligible,,03/18/1991,,,,,,,,,55.80,123.02,166.00,65.35,20.25,N,N,N,,N,N,,,,,0.00,0.00,0.00,69.00,0.00,0.00,102.00,69.00,36.30,N,N,,,Jarielle,,
CE0010408,Ineligible,,02/11/2006,,,,,,,,,54.30,119.71,0.00,0.00,0.00,N,N,N,,N,N,,,,,0.00,0.00,0.00,0.00,0.00,0.00,0.00,0.00,0.00,N,N,,,Olive,,
CE0010409,IDS Expired,O+,02/29/2000,,Male,,"LP, WB, BM,",BM 100ml,,Positive,,87.50,192.90,188.00,74.00,24.80,N,Y,Y,"Medication,",N,N,,,02/14/2024,05/14/2024,15.30,229.00,43.40,74.00,6.00,0.00,124.00,57.00,36.00,N,N,,ALLERGIES: PENICILLIN; AMOXICILLIN,Andrew,,
CE0010410,IDS Expired,A+,12/31/1990,,Male,AfricanAmerican,"LP, WB,",Not Interested,,POSITIVE,,109.80,242.10,182.90,72.00,32.80,N,N,N,,N,N,,,02/14/2024,05/14/2024,16.30,229.00,45.50,89.00,5.80,0.00,138.00,83.00,36.00,N,N,,,Ivan,,
CE0010411,IDS Expired,B+,08/22/1999,,Male,AfricanAmerican,"LP, WB, BM,",BM 100ml,,Negative,POSITIVE,87.10,192.00,183.00,72.10,26.00,N,N,N,,Y,N,11/20/2024,,11/20/2024,02/18/2025,15.00,208.80,46.60,66.00,4.80,0.00,138.00,80.00,36.00,N,Y,03/22/2024,,Robert,08/09/2024,POSITIVE
CE0010412,IDS Expired,O+,03/23/1997,,Female,AfricanAmerican,"LP,",DQ,,Positive,Positive,78.30,172.60,165.00,65.00,28.80,Y,N,N,,Y,Y,,04/08/2024,04/01/2024,06/30/2024,11.70,335.10,36.70,87.00,4.20,0.00,132.00,75.00,36.10,N,Y,04/08/2024,02/16/24 - borderline hgb,Myanna,04/01/2024,Positive
CE0010413,IDS Expired,A-,02/01/1993,,Male,Caucasian,"LP, WB, BM,",,,NEGATIVE,,100.90,222.50,182.90,72.00,30.20,N,N,N,,N,N,,,02/16/2024,05/16/2024,16.50,222.10,45.80,73.00,4.00,0.00,146.00,81.00,36.10,N,N,,,Daniel,,
CE0010414,Eligible,A+,10/01/1992,,Male,Hispanic,"BM,",BM 100ml,,POSITIVE,POSITIVE,79.20,174.61,158.00,62.20,31.73,N,N,N,,Y,Y,06/03/2026,,06/03/2026,09/01/2026,13.96,398.80,41.20,100.00,6.29,0.00,144.00,82.00,36.50,Y,Y,04/01/2024,3/4/26: BMA only. Veins very difficult to access. mcl,Sergio,04/01/2024,POSITIVE
CE0010415,IDS Expired,O-,05/08/1986,,Male,Mixed,"LP, WB, BM,",BM 100ml,,NEGATIVE,,82.30,181.40,168.00,66.10,29.20,N,N,N,,Y,Y,03/06/2024,04/30/2024,02/20/2024,05/20/2024,14.10,207.00,42.40,71.00,6.50,0.00,124.00,65.00,36.20,N,Y,03/06/2024,,Forrest,,
CE0010417,IDS Expired,A+,02/24/1997,,Male,asian,"LP, WB,",Not Interested,,POSITIVE,POSITIVE,90.10,198.60,173.00,68.10,30.10,N,Y,N,,Y,N,,10/10/2024,07/26/2024,10/24/2024,13.20,290.40,42.50,74.00,7.20,0.00,141.00,78.00,36.50,N,Y,03/27/2024,,Alvin,03/27/2024,POSITIVE
CE0010418,IDS Expired,A+,10/20/1994,,Female,Mixed,"LP, WB,",Not Interested,,Negative,,79.50,175.30,162.60,64.00,30.10,N,N,N,,N,N,,,02/26/2024,05/26/2024,13.60,291.00,40.00,80.00,8.40,0.00,147.00,82.00,36.50,N,N,,,Taylor,,
CE0010419,Deferred,,12/19/2000,,,,,,,,,55.20,121.70,154.94,61.00,22.99,N,N,N,,N,N,,,,,0.00,0.00,0.00,80.00,0.00,0.00,104.00,69.00,36.30,N,N,,,Gabrielle,,
CE0010420,IDS Expired,O+,08/16/1979,,Male,Hispanic,"LP, WB,",DQ,,Positive,,101.30,223.30,160.00,63.00,39.90,N,N,N,,N,N,,,02/26/2024,05/26/2024,13.60,346.00,41.20,100.00,8.80,0.00,142.00,81.00,36.00,N,N,,DO NOT USE FOR BACK-UP.,Robert A.,,
CE0010421,IDS Expired,A+,06/04/1969,,Female,Caucasian,"WB, BM,",BM 100ml,,Negative,,102.20,225.30,185.00,72.80,29.90,N,N,N,,N,N,05/02/2024,,02/26/2024,05/26/2024,13.90,269.00,39.90,95.00,5.80,0.00,133.00,88.00,35.70,N,Y,03/06/2024,,Jennifer,,
CE0010422,IDS Expired,O+,07/20/1969,,Male,Caucasian,"LP, WB, BM,",BM 100ml,,Negative,,87.00,191.80,183.00,72.10,26.00,N,Y,Y,"Environmental,",Y,N,05/14/2024,,05/14/2024,08/12/2024,15.20,287.10,44.90,74.00,6.90,0.00,108.00,74.00,36.00,N,Y,03/15/2024,,Kristopher,,
CE0010423,IDS Expired,O+,04/10/1985,,Male,Mixed,"LP, WB, BM,",BM 100ml,,Positive,,116.40,256.60,180.00,70.90,35.90,N,N,Y,"Environmental,",Y,Y,02/13/2026,11/13/2025,12/18/2025,03/18/2026,15.80,239.30,46.00,55.00,5.50,0.00,112.00,73.00,36.60,N,Y,03/29/2024,Allergy: latex.,Nilson,,
CE0010424,Ineligible,,07/05/1969,,Female,,,,,,,77.30,170.42,162.56,64.00,29.25,Y,N,Y,,N,N,,,,,0.00,0.00,0.00,0.00,0.00,0.00,0.00,0.00,0.00,N,N,,,Candida,,
CE0010425,IDS Expired,O+,04/30/1991,,Female,AfricanAmerican,"LP, WB,",Not Interested,,Positive,,107.10,236.10,170.20,67.00,37.00,N,N,Y,"Medication, Environmental,",N,N,,,02/27/2024,05/27/2024,12.50,261.10,38.40,84.00,8.20,0.00,141.00,86.00,36.30,N,N,,not suitable veins mLP,Meraya,,
CE0010426,Eligible,O+,12/07/1997,,Male,AfricanAmerican,"LP, WB,",Not Interested,,positive,POSITIVE,71.70,158.07,180.00,70.87,22.13,Y,Y,N,,Y,Y,,06/18/2026,06/18/2026,09/16/2026,14.62,199.80,44.10,78.00,5.97,0.00,149.00,79.00,36.10,Y,Y,04/02/2024,,Jamari,04/02/2024,POSITIVE
CE0010427,Not Responsive,,06/23/1989,,Female,,,,,,,142.20,313.50,162.56,64.00,53.81,N,N,N,,N,N,,,,,0.00,0.00,0.00,0.00,0.00,0.00,0.00,0.00,0.00,N,N,,,Monique,,
CE0010428,Ineligible,O-,12/31/1968,,Male,AfricanAmerican,,,,NEGATIVE,,87.80,193.60,170.00,66.90,30.40,N,N,N,,Y,N,11/13/2024,12/18/2024,12/18/2024,03/18/2025,14.80,154.40,45.10,78.00,4.10,0.00,144.00,76.00,35.90,N,Y,03/08/2024,aged out on 12/31/2024,Mitchell,,
CE0010429,Ineligible,,10/12/1988,,,,,,,,,114.80,253.09,170.00,66.93,39.72,N,N,N,,N,N,,,,,12.29,317.50,37.50,72.00,10.23,0.00,132.00,83.00,36.20,N,N,,,Danisha,,
CE0010430,IDS Expired,O+,07/29/1971,,Male,Hispanic,"LP, WB, BM,",BM 100ml,,POSITIVE,,94.20,207.70,165.00,65.00,34.60,Y,N,N,,N,N,03/22/2024,,02/29/2024,05/29/2024,15.00,216.80,46.80,100.00,8.50,0.00,121.00,85.00,36.30,N,Y,03/22/2024,,Antonio,,
CE0010431,Ineligible,O+,01/17/1996,,Male,Caucasian,,,,NEGATIVE,POSITIVE,74.00,163.14,183.00,72.05,22.10,N,N,N,,Y,N,,07/15/2024,07/08/2024,10/06/2024,16.50,272.30,51.10,76.00,5.33,0.00,126.00,72.00,36.20,N,N,,,Emery,04/09/2024,POSITIVE
CE0010432,IDS Expired,O+,01/19/2002,,Male,Caucasian,"LP, WB, BM,",,,POSITIVE,,62.00,136.70,166.00,65.40,22.50,N,N,N,,N,N,03/22/2024,,02/29/2024,05/29/2024,16.30,253.50,44.40,77.00,6.10,0.00,114.00,66.00,36.50,N,Y,03/22/2024,,Braden,,
CE0010434,IDS Expired,B+,07/22/2005,,Female,asian,"LP, WB,",,,POSITIVE,,58.30,128.50,157.50,62.00,23.50,N,N,N,,N,N,,,03/04/2024,06/02/2024,14.10,208.50,40.70,76.00,5.20,0.00,110.00,64.00,36.70,N,N,,,Gloria,,
CE0010435,IDS Expired,O+,02/07/2001,,Female,Caucasian,"LP, WB,",Not Interested,,Negative,POSITIVE,93.70,206.60,188.00,74.00,26.50,N,N,N,,Y,N,,03/25/2025,01/14/2025,04/14/2025,12.80,206.40,38.40,75.00,8.70,0.00,127.00,75.00,36.20,N,Y,03/18/2024,,Jessica,03/18/2024,Positive
CE0010437,IDS Expired,B+,12/13/1993,,Female,Caucasian,"LP, WB,",DQ,,negative,POSITIVE,66.90,147.50,168.00,66.10,23.70,Y,N,Y,"Medication,",Y,Y,,05/07/2024,03/05/2024,06/03/2024,13.00,318.80,41.00,89.00,4.60,0.00,113.00,70.00,35.80,N,Y,04/02/2024,,"Alexandra ""Alex""",04/02/2024,POSITIVE
CE0010439,IDS Expired,A+,10/05/2002,,Male,Hispanic,"LP, WB, BM,",BM 100ml,,NEGATIVE,,94.00,207.20,172.70,68.00,31.50,N,N,N,,N,N,04/05/2024,,03/06/2024,06/04/2024,18.10,200.90,45.60,81.00,5.80,0.00,143.00,83.00,36.40,N,Y,04/05/2024,,Stephen,,
CE0010441,Ineligible,,05/12/1978,,,,,,,,,123.10,271.39,167.64,66.00,43.80,N,N,N,,N,N,,,,,0.00,0.00,0.00,89.00,0.00,0.00,127.00,79.00,36.00,N,N,,,Dawn,,
CE0010442,Ineligible,A+,03/13/1978,,Male,Caucasian,"BM,",BM 100ml,,Positive,,65.30,144.00,170.00,66.90,22.60,Y,N,N,,N,N,04/03/2024,,12/02/2024,03/02/2025,13.90,246.80,41.90,88.00,6.20,0.00,114.00,57.00,37.00,N,Y,04/03/2024,,Joshua,,
CE0010443,Ineligible,A+,03/31/1992,,Male,AfricanAmerican,,BM 100ml,,positive,,87.10,192.02,168.00,66.14,30.86,Y,N,Y,"Food,",N,N,04/17/2024,,03/06/2024,06/04/2024,14.10,247.60,41.70,85.00,5.70,0.00,130.00,64.00,36.30,N,Y,04/17/2024,,Je'braun,,
CE0010444,Eligible,O+,06/22/1989,,Female,AfricanAmerican,"LP, WB, BM,",BM 100ml,,Positive,,79.60,175.49,175.00,68.90,25.99,Y,N,Y,"Medication,",Y,Y,06/15/2026,,06/15/2026,09/13/2026,13.85,252.30,40.80,92.00,5.28,0.00,107.00,70.00,36.40,Y,Y,05/14/2024,"ALLERGY: PCN, AMOXICILLIN;",Ashley,,
CE0010447,IDS Expired,O+,04/15/1999,,Male,asian,"LP, WB, BM,",BM 100ml,,Positive,,87.80,193.60,183.00,72.10,26.20,Y,N,Y,"Medication,",N,N,04/12/2024,,03/11/2024,06/09/2024,16.80,231.00,49.60,59.00,5.80,0.00,127.00,77.00,36.20,N,Y,04/12/2024,,Ethan,,
CE0010448,Ineligible,,05/22/1971,,,,,,,,,0.00,0.00,190.50,75.00,0.00,Y,N,N,,N,N,,,03/11/2024,,0.00,0.00,0.00,75.00,0.00,0.00,188.00,111.00,0.00,N,N,,,Alvernon,,
CE0010449,Eligible,O+,05/01/1974,,Male,AfricanAmerican,"LP, WB,",Not Interested,,Negative,,98.20,216.49,180.00,70.87,30.31,N,N,Y,"Medication,",Y,N,06/20/2025,06/01/2026,04/24/2026,07/23/2026,13.30,197.40,39.90,116.00,4.39,0.00,151.00,96.00,36.00,Y,Y,04/18/2024,ALLERGIES: CODINE,SirVuant,,
CE0010450,IDS Expired,A-,06/27/1991,,Female,Mixed,"LP, WB, BM,",BM 100ml,,NEGATIVE,,105.70,233.00,173.00,68.10,35.30,N,N,Y,"Food, Environmental,",N,N,05/17/2024,,03/14/2024,06/12/2024,14.10,248.80,38.70,81.00,3.50,0.00,112.00,78.00,36.60,N,Y,03/22/2024,"ALLERGIES: POLLEN, GLUTEN",Raven,,
CE0010451,Ineligible,A+,03/03/1970,,Male,Mixed,,,,Negative,,124.30,274.00,183.00,72.10,37.10,Y,N,N,,Y,Y,02/23/2026,01/16/2026,12/10/2025,03/10/2026,13.20,177.40,40.90,99.00,4.60,0.00,133.00,80.00,36.30,N,Y,04/28/2025,Donor will age out on 03/03/26.,Mayo,,
CE0010452,IDS Expired,B+,04/11/1977,,Male,Mixed,"LP, WB,",,,Positive,,116.40,256.60,185.00,72.80,34.00,N,N,N,,Y,N,12/09/2025,03/24/2026,03/24/2026,06/22/2026,15.00,198.50,44.40,86.00,7.70,0.00,140.00,83.00,36.50,N,Y,05/23/2024,,Adam,,
CE0010453,IDS Expired,O+,10/03/1993,,Male,Hispanic,"WB, BM,",BM 100ml,,Negative,positive,60.10,132.50,175.00,68.90,19.60,N,N,N,,Y,Y,12/02/2025,,12/02/2025,03/02/2026,15.00,246.90,44.40,100.00,4.20,0.00,121.00,55.00,36.80,N,Y,03/26/2024,Not interested in LP.,Josue,05/23/2024,positive
CE0010456,IDS Expired,A-,05/07/2005,,Male,asian,"LP, WB, BM,",BM 100ml,,POSITIVE,,76.50,168.70,172.70,68.00,25.60,N,N,N,,N,N,,,03/14/2024,06/12/2024,15.70,299.20,47.50,60.00,4.20,0.00,136.00,75.00,36.50,N,N,,,Atulya,,
CE0010458,IDS Expired,B+,06/05/1998,,Male,Mixed,"LP, WB,",Not Interested,,NEGATIVE,POSITIVE,67.40,148.60,173.00,68.10,22.50,N,Y,Y,"Medication,",Y,N,,11/20/2025,11/12/2025,02/10/2026,15.00,239.90,45.00,76.00,7.30,0.00,124.00,68.00,36.40,N,Y,04/30/2024,"ALLERGIES: AMOXICILLIN, LEVAQUIN",Anthony,04/30/2024,POSITIVE
CE0010460,IDS Expired,O+,11/06/2001,,Female,Hispanic,"LP, WB,",DQ,,Positive,,101.80,224.40,165.00,65.00,37.40,N,N,N,,N,N,,,03/18/2024,06/16/2024,14.50,334.60,43.50,75.00,9.90,0.00,132.00,83.00,36.70,N,N,,,Andrea,,
CE0010462,Not Responsive,,02/23/2001,,,,,,,,,53.10,117.10,0.00,0.00,0.00,N,N,N,,N,N,,,,,0.00,0.00,0.00,0.00,0.00,0.00,0.00,0.00,0.00,N,N,,,Diana,,
CE0010463,IDS Expired,O+,11/12/1985,,Male,Caucasian,"LP, WB, BM,",BM 100ml,,Positive,,78.00,172.00,170.00,66.90,27.00,Y,N,Y,"Environmental,",Y,Y,05/30/2024,03/19/2026,03/19/2026,06/17/2026,15.60,209.80,45.40,78.00,5.40,0.00,143.00,78.00,36.40,N,Y,04/04/2024,ALLERGIES: SEASONAL,Jarrett,,
CE0010466,Ineligible,B+,08/30/1982,,Male,AfricanAmerican,,,,Positive,,108.40,238.98,170.00,66.93,37.51,Y,Y,N,,Y,N,,10/15/2024,10/15/2024,01/13/2025,14.08,219.40,42.60,83.00,8.43,0.00,128.00,73.00,36.10,N,Y,05/08/2024,DQ mLP d/t age,John,,
CE0010467,IDS Expired,A+,11/28/1976,,Male,Mixed,"LP, WB,",Not Interested,,POSITIVE,,102.30,225.50,177.80,70.00,32.40,N,N,N,,N,N,,,03/20/2024,06/18/2024,17.10,284.40,50.90,95.00,12.70,0.00,158.00,88.00,36.30,N,N,,,Andrew,,
CE0010468,IDS Expired,A-,08/08/1998,,Male,Mixed,"LP, WB, BM,",BM 100ml,,POSITIVE,POSITIVE,91.70,202.20,178.00,70.10,28.90,Y,N,Y,"Medication,",Y,N,07/24/2024,,07/24/2024,10/22/2024,14.40,190.70,43.20,81.00,5.70,0.00,125.00,80.00,36.30,N,Y,04/17/2024,,Liam,04/17/2024,POSITIVE
CE0010469,Ineligible,,07/03/1991,,,,,,,,,0.00,0.00,0.00,0.00,0.00,N,N,N,,N,N,,,,,0.00,0.00,0.00,0.00,0.00,0.00,0.00,0.00,0.00,N,N,,,Sarah,,
CE0010470,IDS Expired,O+,05/13/1989,,Male,Mixed,"LP, WB, BM,",BM 100ml,,Negative,,85.00,187.40,170.00,66.90,29.40,N,N,N,,N,N,04/04/2024,,03/20/2024,06/18/2024,14.60,259.00,43.90,82.00,5.60,0.00,137.00,75.00,36.30,N,Y,04/04/2024,,Cory,,
CE0010472,IDS Expired,O+,01/09/2003,,Male,Mixed,"LP, WB,",Not Interested,,positive,POSITIVE,92.90,204.80,180.00,70.90,28.70,N,Y,N,,Y,Y,,05/07/2024,03/21/2024,06/19/2024,15.70,245.50,48.90,100.00,7.70,0.00,124.00,64.00,36.30,N,Y,05/07/2024,,Tarik,05/07/2024,POSITIVE
CE0010476,Ineligible,,05/11/2002,,,,,,,,,0.00,0.00,0.00,0.00,0.00,N,N,N,,N,N,,,,,0.00,0.00,0.00,0.00,0.00,0.00,0.00,0.00,0.00,N,N,,,Nafisa,,
CE0010477,IDS Expired,B+,01/27/1993,,Female,Caucasian,"LP, WB, BM,",BM 100ml,,Positive,,67.70,149.30,167.60,66.00,24.10,Y,N,N,,N,N,,,03/25/2024,06/23/2024,14.00,320.60,42.20,86.00,4.40,0.00,118.00,76.00,36.60,N,N,,,Claire,,
CE0010480,Eligible,O+,07/22/1977,,Male,Caucasian,"LP,",,,POSITIVE,,93.90,207.01,185.00,72.83,27.44,Y,Y,Y,"Environmental,",Y,N,06/01/2026,07/09/2026,07/08/2026,10/06/2026,14.14,277.40,41.90,61.00,5.26,0.00,140.00,67.00,36.10,Y,Y,04/10/2024,ALLERGIES: SEASONAL,Sean,,
CE0010482,Not Responsive,,,,,,"LP, WB,",,,,,0.00,0.00,0.00,0.00,0.00,N,N,N,,N,N,,,,,10.80,0.00,0.00,0.00,0.00,0.00,0.00,0.00,0.00,N,N,,,Merge,,
CE0010484,IDS Expired,O+,07/21/1973,,Female,Caucasian,"LP, WB,",Not Interested,,POSITIVE,,85.70,188.90,165.10,65.00,31.40,N,N,N,,N,N,,,03/27/2024,06/25/2024,13.90,242.60,41.30,99.00,7.90,0.00,122.00,78.00,36.40,N,N,,,Catherine,,
CE0010485,Deferred,,09/21/1971,,,,,,,,,100.50,221.60,180.30,71.00,30.90,N,N,N,,N,N,,,,,0.00,0.00,0.00,83.00,0.00,0.00,161.00,96.00,36.50,N,N,,,Ricardo,,
CE0010486,IDS Expired,O+,06/23/1993,,Male,asian,"BM,",BM 100ml,,Positive,Positive,86.30,190.30,165.00,65.00,31.70,Y,Y,Y,"Medication,",Y,N,06/03/2026,,04/07/2026,07/06/2026,14.90,270.00,44.10,83.00,5.30,0.00,117.00,71.00,36.20,N,Y,04/12/2024,Donor states he smokes cigars 1- 2x weekly;  status changed to smoker 12/9/24.; allergies: Acetaminophen;,Aaron,08/14/2024,Positive
CE0010488,IDS Expired,A+,02/12/2004,,Male,Mixed,"LP, WB, BM,",BM 100ml,,Negative,POSITIVE,90.00,198.40,180.00,70.90,27.80,N,N,Y,"Environmental,",Y,Y,,09/18/2024,09/18/2024,12/17/2024,14.80,225.00,45.70,71.00,4.40,0.00,142.00,71.00,35.80,N,Y,04/29/2024,"ALLERGY: POLLEN
DQ for mobLP; donor very anxious about needles and IV starts.",Saiid,04/29/2024,POSITIVE
CE0010490,IDS Expired,AB+,03/15/1993,,Male,Caucasian,"BM,",BM 100ml,,Negative,,80.40,177.30,193.00,76.00,21.60,N,N,N,,N,N,,,04/04/2024,07/03/2024,13.30,151.90,40.90,78.00,4.50,0.00,126.00,78.00,36.40,N,N,,"DQ WB, LP and mLP d/t not suitable veins",Devin,,
CE0010491,IDS Expired,B+,12/26/1977,,Male,AfricanAmerican,"LP,",,,POSITIVE,Positive,93.50,206.10,178.00,70.10,29.50,N,N,N,,Y,N,12/10/2025,01/14/2026,11/05/2025,02/03/2026,11.70,302.90,36.50,69.00,6.20,0.00,180.00,90.00,36.00,N,Y,04/17/2024,,Latrell,,
CE0010492,Ineligible,,08/11/1996,,Female,Hispanic,,,,,,90.00,198.42,165.00,64.96,33.06,Y,N,N,,N,N,,,,,0.00,0.00,0.00,77.00,0.00,0.00,114.00,59.00,36.30,N,N,,,Xana,,
CE0010493,Eligible,B+,11/25/1983,,Male,AfricanAmerican,"LP, WB,",DQ,,Positive,,94.90,209.22,178.00,70.08,30.55,N,Y,N,,Y,N,04/19/2024,06/15/2026,05/07/2026,08/05/2026,14.77,247.40,43.80,92.00,4.48,0.00,149.00,90.00,36.40,Y,Y,04/19/2024,,Daryl,,
CE0010494,IDS Expired,A-,11/10/1996,,Male,Mixed,"LP, WB,",Not Interested,,Positive,POSITIVE,71.10,156.80,163.00,64.20,26.80,N,N,N,,Y,N,,07/23/2024,07/23/2024,10/21/2024,13.70,235.60,42.70,235.60,6.60,0.00,123.00,62.00,6.60,N,Y,05/09/2024,low initial Hgb,Erik,05/09/2024,Positive
CE0010495,Ineligible,,10/13/1982,,,,,,,,,0.00,0.00,0.00,0.00,0.00,N,N,N,,N,N,,,,,0.00,0.00,0.00,108.00,0.00,0.00,0.00,0.00,0.00,N,N,,,Cassandra,,
CE0010497,IDS Expired,O+,09/12/2005,,Male,asian,"LP, WB, MLP,",Not Interested,,Negative,Positive,78.50,173.10,173.00,68.10,26.20,N,N,N,,Y,N,,01/08/2025,03/17/2025,06/15/2025,15.70,207.00,45.60,77.00,6.50,0.00,110.00,60.00,35.70,N,Y,05/14/2024,,Aaron,05/14/2024,Positive
CE0010498,Deferred,,03/02/2002,,,AfricanAmerican,,,,,,69.10,152.34,173.00,68.11,23.09,N,N,N,,N,N,,,,,11.61,232.30,36.10,89.00,3.57,0.00,119.00,70.00,36.60,N,N,,,Ogechi,,
CE0010499,Eligible,O+,06/27/1982,,Male,asian,"WB, BM,",BM 100ml,,negative,,89.60,197.53,185.00,72.83,26.18,N,N,N,,Y,N,06/15/2026,,06/15/2026,09/13/2026,15.51,397.60,46.20,86.00,12.87,0.00,148.00,83.00,36.50,Y,Y,04/29/2024,At this time donor is not interested in LP.,Jerry,,
CE0010501,Ineligible,AB+,05/21/2004,,Female,Hispanic,,,,negative,,73.10,161.16,150.00,59.06,32.49,N,Y,N,,N,N,,,04/11/2024,07/10/2024,13.42,239.20,41.10,91.00,7.25,0.00,122.00,73.00,36.60,N,N,,,Jasmine,,
CE0010502,Not Responsive,,06/16/2003,,,,,,,,,47.00,103.60,0.00,0.00,0.00,N,N,N,,N,N,,,,,0.00,0.00,0.00,0.00,0.00,0.00,0.00,0.00,0.00,N,N,,,Alexa,,
CE0010504,Eligible,A+,01/12/2001,,MTF,Hispanic,"LP, WB, BM,",BM 100ml,,Positive,POSITIVE,91.20,201.06,178.00,70.08,28.78,Y,N,N,,Y,Y,,06/01/2026,05/11/2026,08/09/2026,14.47,204.20,42.90,85.00,8.02,0.00,108.00,56.00,36.30,Y,Y,04/23/2024,,Samuel,04/23/2024,Positive
CE0010505,Eligible,AB+,10/04/1996,,Female,Mixed,"LP, WB, BM,",BM 100ml,,Negative,Positive,65.30,143.96,165.00,64.96,23.99,Y,N,Y,"Environmental,",Y,Y,05/22/2026,06/05/2024,05/22/2026,08/20/2026,12.92,154.20,38.40,82.00,5.90,0.00,118.00,76.00,35.80,Y,Y,06/05/2024,"Allergies: Seasonal, pollen, cats;",Anna-Sophia,,
CE0010506,IDS Expired,O+,06/10/1970,,Female,Mixed,"LP, WB, BM,",BM 100ml,,POSITIVE,,69.60,153.40,157.00,61.80,28.20,N,N,Y,"Environmental,",Y,N,05/14/2026,,03/11/2026,06/09/2026,14.90,357.70,43.50,94.00,4.90,0.00,108.00,75.00,36.40,N,Y,04/25/2024,Allergies: seasonal;,Emi,,
CE0010512,Ineligible,,10/26/1984,,,,,,,,,68.60,151.24,162.56,64.00,25.96,N,N,N,,N,N,,,,,0.00,0.00,0.00,84.00,0.00,0.00,130.00,83.00,36.20,N,N,,,Angelic,,
CE0010513,Ineligible,AB-,11/26/1973,,Male,AfricanAmerican,,,,Positive,,77.80,171.52,175.00,68.90,25.40,N,N,N,,N,N,,,04/16/2024,07/15/2024,11.96,260.60,36.20,75.00,4.96,0.00,102.00,62.00,36.60,N,Y,05/01/2024,,Garudadas,,
CE0010514,IDS Expired,O+,02/09/2001,,Male,Hispanic,"LP,",Not Interested,,Negative,positive,79.60,175.50,182.90,72.00,23.80,N,N,N,,Y,Y,,05/15/2024,04/16/2024,07/15/2024,12.50,323.90,38.10,71.00,7.30,0.00,128.00,77.00,36.30,N,Y,05/15/2024,,Cesar,05/15/2024,positive
CE0010515,IDS Expired,O+,09/16/1995,,Male,Hispanic,"LP, WB, BM,",BM 100ml,,Positive,Positive,90.20,198.90,175.00,68.90,29.50,N,N,N,,Y,Y,,12/16/2024,12/16/2024,03/16/2025,15.00,207.50,44.00,74.00,6.30,0.00,148.00,77.00,36.40,N,Y,05/15/2024,,Carlos,05/15/2024,Positive
CE0010517,IDS Expired,A+,03/17/1980,,Male,AfricanAmerican,"WB, BM,",BM 100ml,,NEGATIVE,,84.20,185.60,173.00,68.10,28.10,N,Y,N,,Y,N,05/28/2026,,03/27/2026,06/25/2026,15.60,201.40,40.60,66.00,6.20,0.00,122.00,82.00,36.30,N,Y,05/02/2024,,Eric,,
CE0010518,Eligible,O+,08/18/2003,,Female,Hispanic,"LP, WB,",DQ,,positive,Positive,64.80,142.86,168.00,66.14,22.96,N,N,N,,Y,Y,12/04/2025,06/04/2026,06/04/2026,09/02/2026,13.13,371.90,38.10,88.00,4.87,0.00,100.00,56.00,36.50,Y,Y,05/06/2024,"Standing deviation for high plt count:  may donate with plt count up to 500k. alicia gracia/Dr Bauer 11/25/2024.
12/04/25: Did NOT tolerate BMA. DQ.",Carolina,08/26/2024,Positive
CE0010519,Deferred,O+,09/22/2002,,Female,Mixed,"WB, BM,",BM 100ml,,Negative,POSITIVE,70.60,155.70,155.00,61.00,29.40,N,N,N,,Y,N,,,04/18/2024,07/17/2024,11.90,312.80,37.40,76.00,4.20,0.00,127.00,74.00,36.40,N,Y,05/08/2024,,Jorja,05/08/2024,Positive
CE0010520,Ineligible,B-,12/22/1987,,Female,Caucasian,,DQ,,POSITIVE,,69.90,154.10,157.00,61.80,28.40,N,Y,N,,Y,N,07/21/2025,,07/21/2025,10/19/2025,14.10,213.80,40.20,100.00,4.80,0.00,110.00,70.00,35.90,N,Y,05/02/2024,,Felicia,,
CE0010521,IDS Expired,A+,03/16/1994,,Male,Caucasian,"LP, WB, BM,",BM 100ml,,Negative,,107.40,236.80,190.50,75.00,29.60,N,N,N,,N,N,05/03/2024,,04/22/2024,07/21/2024,13.90,192.00,43.80,60.00,11.50,0.00,142.00,80.00,36.50,N,Y,05/03/2024,,Trenton,,
CE0010522,Deferred,,11/25/1991,,,,,,,,,106.40,234.57,165.00,64.96,39.08,N,N,N,,N,N,,,,,11.61,280.10,34.90,98.00,7.07,0.00,103.00,69.00,36.60,N,N,,,Hannah,,
CE0010523,Ineligible,O+,07/22/1987,,Male,Mixed,,,,Negative,,87.10,192.02,188.00,74.02,24.64,N,N,N,,N,N,07/24/2024,,07/24/2024,10/22/2024,14.65,144.70,43.20,79.00,3.12,0.00,136.00,91.00,36.40,N,Y,05/03/2024,,Russell,,
CE0010524,Ineligible,,07/12/1989,,,,,,,,,76.60,168.87,190.50,75.00,21.11,N,N,N,,N,N,,,,,0.00,0.00,0.00,63.00,0.00,0.00,113.00,66.00,36.20,N,N,,,Darrian,,
CE0010525,Deferred,,06/22/2004,,,,,,,,,81.50,179.68,165.10,65.00,29.90,N,N,N,,N,N,,,04/24/2024,07/23/2024,11.73,300.50,36.70,76.00,6.57,0.00,106.00,78.00,36.60,N,N,,,Madison,,
CE0010526,Deferred,,09/03/1984,,,,,,,,,57.40,126.60,160.00,63.00,22.40,N,N,N,,N,N,,,,,0.00,0.00,0.00,79.00,0.00,0.00,108.00,76.00,36.00,N,N,,,Rita,,
CE0010527,Eligible,O+,01/05/1998,,Male,asian,"LP, WB, BM,",BM 100ml,,Negative,positive,81.30,179.24,168.00,66.14,28.81,N,Y,Y,"Food,",Y,N,02/24/2026,05/12/2026,05/12/2026,08/10/2026,17.25,275.00,49.70,54.00,5.02,0.00,140.00,73.00,36.20,Y,Y,05/09/2024,allergy: fish,Tyrone,08/26/2024,positive
CE0010528,IDS Expired,A+,07/16/2001,,Male,asian,"LP, WB, BM,",BM 100ml,,POSITIVE,,82.90,182.80,177.80,70.00,26.20,N,N,N,,N,N,,,04/25/2024,07/24/2024,17.20,216.90,52.10,52.00,4.60,0.00,145.00,87.00,36.00,N,N,,,Dustin,,
CE0010529,Deferred,,07/14/1987,,,,,DQ,,,,56.80,125.22,162.56,64.00,21.49,Y,Y,N,,N,N,,,,,0.00,0.00,0.00,96.00,0.00,0.00,116.00,71.00,36.00,N,N,,DQ for BMA d/t weight.,Jasmin,,
CE0010530,Ineligible,O+,03/16/1986,,Male,Caucasian,,,,Negative,,92.40,203.71,196.00,77.17,24.05,N,N,N,,N,N,07/17/2024,,07/17/2024,10/15/2024,14.04,165.40,43.00,71.00,5.40,0.00,113.00,69.00,36.30,N,Y,05/09/2024,,Nathan,,
CE0010531,IDS Expired,O+,11/06/2003,,Male,AfricanAmerican,"LP, WB, BM,",BM 100ml,,Negative,POSITIVE,103.00,227.08,188.00,74.02,29.14,N,N,N,,Y,N,07/18/2025,,07/18/2025,10/16/2025,14.95,229.70,44.90,66.00,4.41,0.00,132.00,76.00,35.80,N,Y,05/10/2024,,Kaymyn,10/21/2024,POSITIVE
CE0010533,IDS Expired,O+,03/09/2002,,Male,PacificIslander,"LP, WB, BM,",BM 100ml,,NEGATIVE,POSITIVE,97.50,215.00,191.00,75.20,26.70,N,N,N,,Y,Y,11/04/2024,08/19/2024,11/04/2024,02/02/2025,14.90,238.10,44.80,54.00,3.10,0.00,107.00,72.00,36.40,N,Y,05/15/2024,,Muelu,08/12/2024,POSITIVE
CE0010534,Ineligible,,01/21/1978,,,,,,,,,0.00,0.00,0.00,0.00,0.00,N,N,N,,N,N,,,,,0.00,0.00,0.00,0.00,0.00,0.00,0.00,0.00,0.00,N,N,,,Luvy,,
CE0010535,Ineligible,A+,04/30/1989,,Female,AfricanAmerican,,BM 100ml,,POSITIVE,,100.90,222.45,170.18,67.00,34.84,N,N,Y,,N,N,,,04/30/2024,07/29/2024,12.80,243.50,38.90,73.00,3.71,0.00,125.00,73.00,36.10,N,N,,,Pamela,,
CE0010537,IDS Expired,O+,05/31/1985,,Female,asian,"LP,",,,NEGATIVE,,82.90,182.80,170.20,67.00,28.60,N,Y,Y,"Food, Environmental,",N,N,,,04/30/2024,07/29/2024,12.30,291.70,37.00,88.00,6.10,0.00,118.00,69.00,36.30,N,N,,,Jessica,,
CE0010538,Eligible,O+,06/18/1972,,Male,AfricanAmerican,"WB, BM,",BM 100ml,,POSITIVE,,92.40,203.71,180.00,70.87,28.52,Y,N,N,,Y,N,04/20/2026,08/22/2024,04/20/2026,07/19/2026,15.38,409.20,46.20,62.00,6.57,0.00,156.00,97.00,36.20,N,Y,10/02/2024,,William,,
CE0010539,IDS Expired,A+,10/23/2002,,Male,Mixed,"LP, WB,",Not Interested,,negative,Negative,65.80,145.10,178.00,70.10,20.80,N,N,N,,Y,N,,06/06/2024,05/01/2024,07/30/2024,13.80,226.40,41.40,88.00,6.30,0.00,138.00,78.00,36.40,N,Y,06/06/2024,,David,06/06/2024,Negative
CE0010542,IDS Expired,B+,10/15/1995,,Male,Mixed,"LP, WB, BM,",,,Negative,,85.40,188.30,173.00,68.10,28.50,N,N,N,,N,N,05/10/2024,,05/01/2024,07/30/2024,15.40,255.70,49.40,88.00,5.60,0.00,134.00,89.00,36.70,N,Y,05/10/2024,,Jordan,,
CE0010543,IDS Expired,B+,04/24/1976,,Male,asian,"LP, WB, BM,",BM 100ml,,Positive,,83.00,183.00,172.70,68.00,27.80,Y,N,Y,"Environmental,",N,N,06/14/2024,,05/01/2024,07/30/2024,14.80,333.70,44.40,71.00,4.40,0.00,157.00,99.00,36.40,N,Y,06/14/2024,,David,,
CE0010545,Ineligible,,12/07/1994,,,,,,,,,50.30,110.89,154.94,61.00,20.95,N,N,N,,N,N,,,,,0.00,0.00,0.00,0.00,0.00,0.00,0.00,0.00,0.00,N,N,,,Janki,,
CE0010546,IDS Expired,O+,03/01/1990,,Male,Hispanic,"LP, WB,",DQ,,POSITIVE,,77.70,171.30,170.00,66.93,26.89,N,N,N,,N,N,10/30/2024,,05/02/2024,07/31/2024,15.60,234.00,47.60,116.00,5.50,0.00,132.00,94.00,36.30,N,Y,05/10/2024,,Mark,,
CE0010547,IDS Expired,AB+,03/25/1981,,Female,Caucasian,"LP, WB, BM,",BM 100ml,,POSITIVE,POSITIVE,83.20,183.40,165.10,65.00,30.50,Y,N,Y,"Medication, Food, Environmental,",N,N,,,05/06/2024,08/04/2024,14.80,282.00,45.10,84.00,7.20,0.00,118.00,73.00,36.20,N,N,,,Michelle,06/12/2024,POSITIVE
CE0010548,Ineligible,,06/16/1971,,,,,,,,,95.60,210.76,160.02,63.00,37.33,N,N,N,,N,N,,,,,0.00,0.00,0.00,68.00,0.00,0.00,117.00,76.00,36.00,N,N,,,Lytishia,,
CE0010549,Deferred,B+,05/25/1982,,Female,AfricanAmerican,"LP, WB,",DQ,,Positive,Positive,95.30,210.10,160.00,63.00,37.20,N,Y,Y,"Environmental,",Y,N,,08/25/2025,01/21/2026,04/21/2026,15.20,245.20,46.60,85.00,6.00,0.00,131.00,79.00,35.90,N,Y,06/24/2024,Allergies: seasonal and bananas,Robin,03/12/2025,Positive
CE0010550,IDS Expired,AB+,03/17/2000,,Female,AfricanAmerican,"LP,",DQ,,,,87.20,192.20,160.00,63.00,34.10,N,N,N,,N,N,,,05/06/2024,08/04/2024,12.20,390.00,37.70,94.00,5.10,0.00,114.00,77.00,36.60,N,N,,,Tydricia,,
CE0010551,IDS Expired,O+,02/03/1982,,Female,Caucasian,"LP, WB,",DQ,,Negative,,70.40,155.20,178.00,70.10,22.20,N,N,N,,Y,Y,05/16/2024,03/27/2026,03/27/2026,06/25/2026,12.80,229.60,36.80,67.00,4.70,0.00,120.00,68.00,35.80,N,Y,05/16/2024,,"Julie ""Atlantis""",,
CE0010552,Eligible,A+,02/07/1982,,FTM,AfricanAmerican,"LP, WB, BM,",BM 100ml,,POSITIVE,,77.00,169.76,163.00,64.20,28.10,Y,N,N,,Y,N,03/23/2026,06/08/2026,06/08/2026,09/06/2026,14.92,290.40,43.40,82.00,4.88,0.00,122.00,76.00,36.40,Y,Y,05/15/2024,,"Zareta ""Zonterio""",,
CE0010553,IDS Expired,O+,12/15/1988,,Male,Caucasian,"LP, WB, BM,",BM 100ml,,POSITIVE,,88.90,195.99,182.00,71.65,26.84,Y,N,Y,"Environmental,",Y,Y,10/06/2025,06/12/2024,09/10/2025,12/09/2025,17.69,255.70,53.70,92.00,5.96,0.00,120.00,74.00,34.90,N,Y,06/12/2024,"ALLERGIES: DAIRY, POLLEN",Michael,,
CE0010554,Ineligible,,10/23/1970,,,,,,,,,114.90,253.31,172.70,67.99,38.52,N,N,N,,N,N,,,,,11.51,300.80,36.50,79.00,7.02,0.00,134.00,81.00,36.20,N,N,,,Karen,,
CE0010555,IDS Expired,A-,08/04/1992,,Male,Caucasian,"LP, WB, BM,",BM 100ml,,Negative,,112.40,247.80,185.40,73.00,32.70,N,N,N,,N,N,,,05/07/2024,08/05/2024,15.70,243.80,48.20,75.00,6.70,0.00,127.00,81.00,36.60,N,N,,,Nicholas,,
CE0010556,Ineligible,,01/10/1995,,,,,,,,,75.10,165.57,188.00,74.02,21.25,N,N,N,,N,N,,,,,0.00,0.00,0.00,71.00,0.00,0.00,126.00,79.00,36.60,N,N,,,Nathan,,
CE0010557,IDS Expired,O+,09/29/1995,,MTF,Caucasian,"LP,",,,Positive,POSITIVE,91.40,201.50,180.00,70.90,28.20,Y,N,N,,Y,N,,02/18/2026,02/18/2026,05/19/2026,12.10,253.30,36.10,91.00,6.80,0.00,132.00,73.00,36.10,N,Y,06/18/2024,No mobLP: HGB borderline.,Jessica,06/18/2024,POSITIVE
CE0010558,Ineligible,,05/05/2005,,Female,Mixed,,,,,,0.00,0.00,0.00,0.00,0.00,Y,N,N,,N,N,,,,,0.00,0.00,0.00,0.00,0.00,0.00,0.00,0.00,0.00,N,N,,,Amira,,
CE0010560,IDS Expired,O-,08/04/1983,,Female,Caucasian,"LP, WB, BM,",BM 100ml,,Negative,,70.30,155.00,170.00,66.90,24.30,Y,N,Y,"Medication, Environmental,",Y,Y,05/19/2025,,03/20/2025,06/18/2025,13.70,365.20,38.00,73.00,6.80,0.00,119.00,73.00,36.20,N,Y,05/29/2024,,Meredith,,
CE0010561,IDS Expired,O+,03/21/1982,,Male,Mixed,"WB, BM,",BM 100ml,,Negative,,125.10,275.80,180.00,70.90,38.60,N,N,N,,Y,N,01/07/2026,08/06/2024,01/07/2026,04/07/2026,16.80,257.70,48.30,74.00,9.00,0.00,148.00,99.00,36.00,N,Y,05/24/2024,,Sergio,,
CE0010562,IDS Expired,B+,02/04/1992,,MTF,,"BM,",BM 100ml,,NEGATIVE,,114.60,252.70,172.70,68.00,38.40,Y,N,N,,N,N,,,05/08/2024,08/06/2024,13.00,392.10,40.20,75.00,7.00,0.00,154.00,83.00,36.00,N,N,,,Chloe,,
CE0010564,Ineligible,,10/19/1989,,,,,,,,,83.90,185.00,160.00,63.00,32.80,N,N,N,,N,N,,,,,0.00,0.00,0.00,58.00,0.00,0.00,146.00,83.00,36.60,N,N,,,Joctan,,
CE0010565,IDS Expired,A+,09/04/1993,,Female,Caucasian,"LP,",DQ,,Positive,POSITIVE,79.10,174.39,168.00,66.14,28.03,Y,Y,N,,Y,N,,08/04/2025,08/04/2025,11/02/2025,10.51,254.50,31.00,79.00,6.24,0.00,122.00,72.00,36.40,N,Y,07/15/2024,DQ mlp d/t veins +Low hgb,Shelby,07/15/2024,POSITIVE
CE0010566,IDS Expired,A+,03/14/1998,,Male,Mixed,"LP, WB,",Not Interested,,Positive,POSITIVE,69.00,152.12,180.00,70.87,21.30,N,N,N,,Y,N,,07/15/2025,06/24/2025,09/22/2025,15.89,192.20,46.10,81.00,5.98,0.00,129.00,76.00,36.40,N,N,,,Eric,06/18/2024,POSITIVE
CE0010569,Eligible,A+,12/28/1981,,Male,AfricanAmerican,"LP,",DQ,,Positive,,89.70,197.80,186.00,73.20,26.10,N,Y,Y,"Environmental,",Y,N,12/17/2025,06/25/2026,04/22/2026,07/21/2026,12.40,210.30,38.00,80.00,5.70,0.00,168.00,92.00,36.20,N,Y,05/28/2024,"Allergies: Hay fever, pollen",Carles,,
CE0010570,IDS Expired,AB+,10/27/1998,,Male,Caucasian,"WB, BM,",BM 100ml,,Negative,,116.50,256.80,185.40,73.00,33.90,N,N,Y,"Food, Environmental,",N,N,,,05/14/2024,08/12/2024,15.70,322.40,47.80,82.00,6.90,0.00,150.00,89.00,36.60,N,N,,,Alexander,,
CE0010571,IDS Expired,A+,11/17/1988,,Male,Mixed,"LP, WB, BM,",BM 100ml,,Positive,,87.10,192.00,185.00,72.80,25.50,N,N,N,,N,N,06/10/2024,,05/14/2024,08/12/2024,15.00,250.60,48.00,54.00,3.90,0.00,119.00,76.00,36.00,N,Y,06/10/2024,,Jesse,,
CE0010572,IDS Expired,O+,09/13/2000,,Female,Caucasian,"LP,",DQ,,Negative,NEGATIVE,55.60,122.58,168.00,66.14,19.70,N,N,Y,"Food,",Y,N,,12/03/2024,10/07/2024,01/05/2025,12.09,298.60,36.30,72.00,4.47,0.00,105.00,64.00,36.50,N,Y,06/10/2024,"ALLERGY: CASHEWS
DQ mLP (hgb) - 10/07",Nicole,10/07/2024,NEGATIVE
CE0010573,IDS Expired,A+,08/15/1992,,Male,Mixed,"LP, WB, BM, MLP,",BM 100ml,,negative,POSITIVE,91.80,202.40,183.00,72.10,27.40,Y,N,Y,"Environmental,",Y,Y,,09/10/2024,11/08/2024,02/06/2025,14.50,167.70,44.40,78.00,31.90,0.00,128.00,80.00,36.20,N,Y,06/11/2024,Defer for MobLP until 11/19/25.,Brenden,06/11/2024,POSITIVE
CE0010574,IDS Expired,A+,08/12/1990,,Female,Hispanic,"LP, WB,",,,Positive,POSITIVE,89.80,198.00,160.00,63.00,35.10,Y,N,Y,"Environmental,",Y,N,,06/12/2024,05/20/2024,08/18/2024,13.90,277.70,42.60,63.00,8.00,0.00,148.00,79.00,36.30,N,Y,06/05/2024,,Melina,06/12/2024,POSITIVE
CE0010575,IDS Expired,B+,09/02/1970,,Female,Caucasian,"LP, WB, BM,",BM 100ml,,negative,,84.50,186.30,165.00,65.00,31.00,Y,N,N,,N,N,,,05/20/2024,08/18/2024,12.70,264.80,38.50,86.00,4.90,0.00,145.00,92.00,36.50,N,N,,,Rachelle,,
CE0010576,IDS Expired,O+,12/30/1992,,Female,asian,"LP, WB, BM,",,,POSITIVE,,64.30,141.80,165.10,65.00,23.60,N,N,Y,"Environmental,",N,N,,,05/22/2024,08/20/2024,14.30,182.60,43.40,68.00,5.90,0.00,138.00,77.00,36.70,N,N,,"Allergies: hay fever, cats 
Daily meds: birth control",Sita,,
CE0010577,IDS Expired,O+,06/14/1981,,Female,Caucasian,"WB, BM,",BM 100ml,,positive,,99.70,219.80,178.00,70.10,31.50,N,N,N,,N,N,05/30/2024,,05/23/2024,08/21/2024,13.80,306.30,41.70,56.00,8.10,0.00,125.00,86.00,36.40,N,Y,05/30/2024,,Shelise,,
CE0010578,Ineligible,,01/04/1990,,,,,,,,,0.00,0.00,0.00,0.00,0.00,N,N,N,,N,N,,,,,0.00,0.00,0.00,0.00,0.00,0.00,0.00,0.00,0.00,N,N,,,Ann,,
CE0010581,Deferred,O+,05/01/1992,,Female,AfricanAmerican,"LP, WB, BM,",BM 100ml,,NEGATIVE,POSITIVE,87.00,191.80,170.00,66.93,30.10,Y,Y,Y,"Environmental,",Y,N,10/28/2024,12/10/2024,12/10/2024,03/10/2025,13.90,236.20,40.20,128.00,5.30,0.00,149.00,79.00,36.10,N,Y,06/04/2024,"3/12/25: States she smokes ""wraps"" (cannabis and tobacco). Makred as smoker.",Brianna,12/10/2024,POSITIVE
CE0010582,Not Responsive,,12/11/1987,,,,,,,,,152.00,335.10,193.04,76.00,40.79,N,N,N,,N,N,,,,,0.00,0.00,0.00,0.00,0.00,0.00,0.00,0.00,0.00,N,N,,,Jonathan,,
CE0010583,IDS Expired,A-,02/07/2005,,Female,Caucasian,"LP, WB,",Not Interested,,Positive,,36.10,79.60,167.60,66.00,12.90,N,Y,N,,N,N,,,05/29/2024,08/27/2024,13.90,255.90,41.20,81.00,5.90,0.00,113.00,66.00,36.50,N,N,,,Angela,,
CE0010584,Eligible,A+,06/14/2000,,Female,Hispanic,"LP, WB,",Not Interested,,NEGATIVE,Positive,73.60,162.26,170.00,66.90,24.70,N,N,Y,"Medication, Environmental,",Y,N,,06/15/2026,06/15/2026,09/13/2026,13.82,222.30,41.70,72.00,6.24,0.00,109.00,67.00,36.70,Y,Y,08/12/2024,mLP DQ (veins) - 05/29/24; allergy: ventolin;,Alexandria,08/12/2024,Positive
CE0010585,IDS Expired,O+,04/30/2001,,Female,Mixed,"LP, WB,",DQ,,negative,POSITIVE,63.60,140.20,155.00,61.00,26.50,Y,Y,Y,"Food,",Y,Y,,12/11/2024,11/25/2024,02/23/2025,13.10,319.90,39.20,84.00,7.00,0.00,140.00,75.00,36.50,N,Y,12/11/2024,,Anastasia,11/25/2024,POSITIVE
CE0010586,IDS Expired,O+,03/08/2000,,Male,Hispanic,"LP, WB, BM,",BM 100ml,,positive,,66.10,145.70,173.00,68.10,22.10,N,Y,Y,"Environmental,",N,N,,,06/03/2024,09/01/2024,13.90,156.00,40.80,78.00,4.10,0.00,103.00,55.00,36.90,N,N,,,Alexis,,
CE0010587,IDS Expired,A+,10/03/1999,,Female,Hispanic,"LP, WB,",DQ,,positive,Positive,114.90,253.30,163.00,64.20,43.30,Y,N,N,,Y,Y,,10/29/2024,10/29/2024,01/27/2025,12.60,292.70,39.40,71.00,7.20,0.00,107.00,62.00,36.20,N,Y,07/16/2024,,Sabina,07/16/2024,Positive
CE0010588,IDS Expired,A+,03/04/1993,,Male,Mixed,"LP, WB, BM,",BM 100ml,,POSITIVE,,90.90,200.40,165.00,65.00,33.40,N,N,N,,N,N,06/10/2024,,06/03/2024,09/01/2024,17.90,232.60,47.00,83.00,5.80,0.00,133.00,89.00,36.50,N,Y,06/10/2024,,Robert,,
CE0010589,Ineligible,,07/21/1995,,,Hispanic,,,,,,92.20,203.27,165.00,64.96,33.87,N,N,N,,N,N,,,,,0.00,0.00,0.00,89.00,0.00,0.00,131.00,75.00,36.50,N,N,,,Jorge,,
CE0010591,IDS Expired,A+,10/06/1994,,Male,Hispanic,"LP, WB, BM,",BM 100ml,,Positive,,128.80,284.00,182.90,72.00,38.50,N,Y,N,,N,N,,,06/05/2024,09/03/2024,14.20,222.10,41.60,66.00,6.70,0.00,151.00,87.00,36.40,N,N,,,Alex,,
CE0010592,IDS Expired,O-,08/13/1993,,Male,Caucasian,"WB, BM,",BM 100ml,,Negative,POSITIVE,117.10,258.16,185.00,72.83,34.21,Y,N,Y,"Environmental,",Y,N,08/12/2025,09/13/2024,08/12/2025,11/10/2025,15.14,205.80,43.30,74.00,5.94,0.00,121.00,83.00,36.40,N,Y,06/13/2024,Allergy: Pollen and feline,Donald,09/13/2024,POSITIVE
CE0010593,Deferred,,09/20/2002,,,,,,,,,62.10,136.91,157.50,62.01,25.03,N,N,N,,N,N,,,,,0.00,0.00,0.00,105.00,0.00,0.00,129.00,68.00,36.70,N,N,,,Kayla,,
CE0010594,IDS Expired,O+,08/22/1984,,Female,Caucasian,"LP,",DQ,,NEGATIVE,,71.50,157.60,162.60,64.00,27.00,Y,N,N,,Y,N,06/21/2024,,06/10/2024,09/08/2024,12.80,225.10,38.80,71.00,5.40,0.00,110.00,69.00,36.50,N,Y,06/21/2024,INELIGIBLE mLP d/t distance (Rocklin).,Alicia,,
CE0010597,IDS Expired,O+,08/03/1998,,Male,Caucasian,"LP, WB,",Not Interested,,POSITIVE,,80.00,176.40,170.00,66.90,27.70,Y,N,Y,"Food, Environmental,",N,N,,,06/13/2024,09/11/2024,15.30,287.10,45.30,93.00,6.60,0.00,127.00,79.00,36.20,N,N,,,Arin,,
CE0010598,IDS Expired,O+,10/24/2002,,Female,Hispanic,"LP, WB,",Not Interested,,Positive,,83.90,185.00,168.00,66.10,29.70,Y,N,Y,"Environmental,",N,N,,,06/18/2024,09/16/2024,12.90,312.50,40.00,79.00,9.20,0.00,0.00,73.00,36.40,N,N,,,Cristabel,,
CE0010599,IDS Expired,O+,05/23/1985,,Female,AfricanAmerican,"LP, WB,",DQ,,NEGATIVE,,60.40,133.20,175.00,68.90,19.70,N,N,N,,N,N,,,06/25/2024,09/23/2024,12.90,189.20,39.20,71.00,3.30,0.00,118.00,75.00,36.10,N,Y,07/22/2024,Requesting BOTH EMAIL & SNAIL MAIL for tax documents. (07/22/24),Abenet,,
CE0010601,IDS Expired,O-,07/01/1989,,Male,Mixed,"LP, WB, BM,",BM 100ml,,Positive,,97.60,215.20,188.00,74.00,27.60,Y,N,N,,Y,N,06/05/2026,,04/01/2026,06/30/2026,14.70,181.70,43.10,72.00,3.00,0.00,107.00,67.00,36.30,N,Y,09/09/2024,,Xaver,,
CE0010602,Not Responsive,,03/31/1969,,,,,,,,,0.00,0.00,0.00,0.00,0.00,N,N,N,,N,N,,,,,0.00,0.00,0.00,0.00,0.00,0.00,0.00,0.00,0.00,N,N,,,Caryn,,
CE0010603,IDS Expired,A+,10/01/1997,,Male,asian,"LP, WB, BM,",BM 100ml,,POSITIVE,POSITIVE,69.80,153.90,173.00,68.10,23.30,N,N,N,,Y,Y,09/20/2024,,09/20/2024,12/19/2024,17.00,211.90,50.70,98.00,5.80,0.00,138.00,83.00,36.50,N,Y,09/20/2024,,Sebasthian,09/20/2024,POSITIVE
CE0010604,IDS Expired,A+,06/27/1990,,Female,AfricanAmerican,"LP, WB,",DQ,,NEGATIVE,,92.40,203.70,160.00,63.00,36.10,N,N,N,,N,N,,,06/25/2024,09/23/2024,13.20,182.90,40.60,96.00,7.80,0.00,137.00,82.00,36.20,N,N,,,Amber,,
CE0010605,Ineligible,,12/07/2002,,,,,,,,,91.00,200.62,168.00,66.14,32.24,N,N,N,,N,N,,,,,0.00,0.00,0.00,73.00,0.00,0.00,130.00,72.00,36.70,N,N,,,Adinda Maryam Grace,,
CE0010606,Eligible,O+,07/29/2000,,Male,AfricanAmerican,"LP, WB, BM,",BM 100ml,,POSITIVE,Positive,102.90,226.86,190.00,74.80,28.50,N,N,N,,Y,N,,05/13/2026,05/13/2026,08/11/2026,14.84,210.00,42.90,57.00,4.04,0.00,127.00,82.00,36.30,Y,Y,08/23/2024,,Hassan,10/29/2024,Positive
CE0010607,IDS Expired,O+,09/27/1995,,Male,Caucasian,"WB, BM,",BM 100ml,,NEGATIVE,POSITIVE,76.40,168.40,185.40,73.00,22.20,N,N,Y,"Environmental,",Y,Y,10/02/2024,,10/02/2024,12/31/2024,15.10,233.80,44.10,66.00,3.10,0.00,118.00,75.00,36.90,N,Y,10/02/2024,ALLERGY: CATS. DQ for LP due to routine inhaler usage.,Ian,10/02/2024,POSITIVE
CE0010608,Deferred,,05/04/2000,,,,,,,,,0.00,0.00,0.00,0.00,0.00,N,N,N,,N,N,,,,,0.00,0.00,0.00,0.00,0.00,0.00,0.00,0.00,0.00,N,N,,,Jessica,,
CE0010609,Eligible,O+,09/16/1995,,Female,Hispanic,"LP, WB, BM,",BM 100ml,,Positive,POSITIVE,68.80,151.68,160.00,62.99,27.27,Y,N,N,,Y,Y,03/13/2026,06/23/2026,04/24/2026,07/23/2026,14.57,372.70,43.10,85.00,9.58,0.00,123.00,80.00,35.80,Y,Y,08/20/2024,,Mayra,08/20/2024,POSITIVE
CE0010610,Deferred,,04/10/1999,,,,,,,,,59.20,130.51,167.64,66.00,21.07,N,N,N,,N,N,,,,,14.67,122.50,46.10,0.00,4.82,0.00,108.00,65.00,0.00,N,N,,,Raheem,,
CE0010611,Ineligible,,05/29/1988,,Female,AfricanAmerican,,,,,,63.60,140.21,168.00,66.14,22.53,Y,N,N,,N,N,,,,,10.66,176.40,32.90,83.00,2.69,0.00,137.00,82.00,36.40,N,N,,,Monica,,
CE0010612,IDS Expired,O+,11/11/2000,,Male,Hispanic,"LP, WB, BM,",BM 100ml,,Positive,POSITIVE,87.60,193.10,175.00,68.90,28.60,N,Y,Y,"Medication,",Y,Y,02/28/2025,10/14/2024,02/28/2025,05/29/2025,15.70,263.20,45.10,84.00,8.00,0.00,138.00,79.00,35.70,N,Y,09/05/2024,Citrate Sensitive. Infusion rate 0.9 for LPs,Jorge,10/14/2024,POSITIVE
CE0010613,Ineligible,,08/15/1977,,,,,,,,,96.90,213.63,13.97,5.50,"4,965.13",N,N,N,,N,N,,,07/01/2024,,0.00,0.00,0.00,64.00,0.00,0.00,124.00,79.00,36.40,N,N,,,Yuriy,,
CE0010614,IDS Expired,A+,11/20/2000,,Male,asian,"LP,",DQ,,Negative,,56.00,123.50,166.00,65.40,20.30,Y,N,Y,"Food,",N,N,,,07/01/2024,09/29/2024,12.80,200.90,39.30,78.00,9.80,0.00,105.00,65.00,36.50,N,N,,"ALLERGIES: APPLES
DQ mLP d/t low hgb & weight",Isaiah,,
CE0010615,Ineligible,B+,07/23/2000,,Female,Hispanic,,Not Interested,,NEGATIVE,Positive,68.20,150.40,160.00,63.00,26.60,Y,N,N,,Y,N,,03/05/2025,03/05/2025,06/03/2025,12.80,211.20,38.30,79.00,5.60,0.00,100.00,59.00,35.70,N,Y,09/05/2024,"mLP INELIGIBLE d/t stomach upset 10/24/24.
3/5/25: DQ for LP due to citrate intolerance.",Andrea,09/05/2024,Positive
CE0010616,IDS Expired,A-,12/15/2001,,Male,Caucasian,"LP, WB, BM,",BM 100ml,,negative,,116.60,257.10,185.00,72.80,34.10,N,N,Y,"Environmental,",N,N,,,07/01/2024,09/29/2024,15.50,353.80,46.40,96.00,10.60,0.00,147.00,84.00,36.70,N,N,,Allergy: Lapis Lazuli blue dye,Thomas,,
CE0010617,Eligible,O+,03/04/1996,,Female,Mixed,"LP,",DQ,,Positive,POSITIVE,58.60,129.19,168.00,66.14,20.76,Y,N,N,,Y,Y,09/09/2024,07/22/2026,07/01/2026,09/29/2026,12.14,251.00,36.60,82.00,5.91,0.00,149.00,82.00,36.30,Y,N,,,Lanna,09/09/2024,POSITIVE
CE0010618,IDS Expired,O+,04/26/2003,,Female,AfricanAmerican,"WB, BM,",BM 100ml,,Positive,,63.20,139.30,168.00,66.10,22.40,Y,N,Y,"Food,",N,N,,,07/02/2024,09/30/2024,14.50,310.00,43.80,78.00,3.40,0.00,118.00,73.00,36.70,N,N,,"Allergies: Peanuts, some tree nuts",Samirah,,
CE0010619,IDS Expired,O+,11/25/2003,,Female,Mixed,"LP, WB,",DQ,,positive,,68.20,150.40,163.00,64.20,25.70,N,N,Y,"Food,",N,N,,,07/02/2024,09/30/2024,14.20,207.70,41.40,98.00,4.90,0.00,110.00,75.00,36.30,N,Y,08/26/2024,"Allergies: Bananas, Avocados",Elizah,,
CE0010620,IDS Expired,A+,05/28/1970,,Male,asian,"LP, WB, BM,",BM 100ml,,positive,,88.80,195.80,173.00,68.10,29.70,Y,N,Y,"Food,",N,N,,,07/02/2024,09/30/2024,13.60,270.10,41.30,90.00,6.70,0.00,119.00,75.00,36.70,N,N,,"Allergy: shellfish
Not eligible for mobLP due to age>40",Robert,,
CE0010621,Ineligible,,05/15/1991,,Male,asian,,,,,,151.00,332.90,180.00,70.87,46.60,N,Y,N,,N,N,,,,,0.00,0.00,0.00,87.00,0.00,0.00,128.00,85.00,36.30,N,N,,,Jowel,,
CE0010622,IDS Expired,O+,08/27/1981,,Female,Hispanic,"WB, BM,",BM 100ml,,Positive,,70.30,155.00,68.00,26.80,152.00,Y,N,Y,"Environmental,",N,N,,,07/03/2024,10/01/2024,13.60,256.40,41.10,69.00,6.30,0.00,116.00,74.00,36.40,N,N,,Allergy: Seasonal,Maria,,
CE0010623,IDS Expired,O+,12/10/1986,,Male,Caucasian,"LP, WB, BM,",BM 100ml,,Positive,,82.60,182.10,178.00,70.10,26.10,Y,N,Y,"Environmental,",N,N,,,07/03/2024,10/01/2024,14.90,219.30,44.70,74.00,4.00,0.00,108.00,63.00,36.50,N,N,,ALLERGY: SEASONAL,Tyler,,
CE0010624,Deferred,,01/30/2006,,Female,Mixed,,,,,,70.50,155.43,163.00,64.17,26.53,Y,N,N,,N,N,,,07/08/2024,,0.00,0.00,0.00,71.00,0.00,0.00,123.00,70.00,36.20,N,N,,,Lucia,,
CE0010625,IDS Expired,A+,06/27/1998,,Male,Caucasian,"LP, WB, BM,",BM 100ml,,negative,POSITIVE,69.30,152.80,178.00,70.10,21.90,Y,N,Y,"Environmental,",Y,Y,,03/17/2026,01/12/2026,04/12/2026,15.00,165.50,44.10,53.00,4.50,0.00,112.00,63.00,36.30,N,Y,08/07/2024,"Allergies: Pollen, animal dander",Calvin,08/07/2024,POSITIVE
CE0010626,Deferred,,05/04/1989,,,,,,,,,102.40,225.75,180.34,71.00,31.49,N,N,N,,N,N,,,,,15.40,110.60,45.50,70.00,4.55,0.00,139.00,92.00,36.10,N,N,,,Jordan,,
CE0010627,IDS Expired,A+,01/04/2001,,Male,Hispanic,"LP, WB,",Not Interested,,POSITIVE,POSITIVE,85.60,188.72,178.00,70.08,27.02,N,N,Y,"Environmental,",Y,N,,08/04/2025,07/28/2025,10/26/2025,14.87,204.90,44.00,82.00,4.40,0.00,126.00,78.00,36.10,N,Y,09/16/2024,Allergies: Seasonal,Alexis,03/11/2025,POSITIVE
CE0010628,Eligible,O-,08/15/2005,,Male,Mixed,"LP, WB,",Not Interested,,positive,POSITIVE,93.60,206.35,178.00,70.08,29.54,N,Y,N,,Y,N,,07/01/2026,07/01/2026,09/29/2026,15.24,275.80,46.70,60.00,8.82,0.00,136.00,78.00,36.70,Y,Y,08/29/2024,,Donavon,08/29/2024,POSITIVE
CE0010629,Ineligible,,08/22/1986,,,,,,,,,80.40,177.25,193.04,76.00,21.58,N,N,N,,N,N,,,,,0.00,0.00,0.00,62.00,0.00,0.00,115.00,70.00,36.60,N,N,,,Luke,,
CE0010630,Ineligible,A+,11/02/1969,,Female,AfricanAmerican,,,,positive,,94.40,208.12,165.00,64.96,34.67,N,N,Y,"Medication,",Y,N,,08/28/2025,06/18/2025,09/16/2025,113.98,196.60,37.20,69.00,2.87,0.00,157.00,87.00,36.30,N,Y,08/22/2024,Allergy: PCN,Julianna,,
CE0010631,IDS Expired,A+,08/29/1994,,Male,Hispanic,"WB, BM,",BM 100ml,,Negative,NEGATIVE,91.80,202.38,162.00,63.78,34.98,N,N,Y,"Environmental,",Y,Y,06/02/2025,,06/02/2025,08/31/2025,15.18,218.00,42.80,96.00,5.42,0.00,151.00,89.00,36.20,N,Y,08/01/2024,"ALLERGY: DUST;
DEFERRED for LP (recent, regular use of inhaler for asthma)",Slaytr,01/22/2025,NEGATIVE
CE0010632,Eligible,O-,07/27/1993,,Male,Hispanic,"LP, WB,",DQ,,POSITIVE,POSITIVE,109.50,241.41,180.00,70.87,33.80,N,Y,N,,Y,Y,,06/25/2026,06/25/2026,09/23/2026,14.87,221.30,43.60,81.00,4.89,0.00,155.00,96.00,36.20,Y,Y,04/22/2025,,Diego,,
CE0010633,Not Responsive,,11/01/1991,,Male,asian,,,,,,0.00,0.00,0.00,0.00,0.00,N,N,N,,N,N,,,,,0.00,0.00,0.00,0.00,0.00,0.00,0.00,0.00,0.00,N,N,,,Eugene,,
CE0010634,IDS Expired,A+,12/09/1986,,Male,Hispanic,"LP,",,,POSITIVE,,102.10,225.10,182.90,72.00,30.50,N,N,N,,N,N,,,07/10/2024,10/08/2024,12.70,362.20,41.40,80.00,5.10,0.00,148.00,86.00,36.00,N,N,,,Kenny,,
CE0010635,IDS Expired,A+,01/12/1999,,Female,asian,"WB, BM,",BM 100ml,,POSITIVE,,66.00,145.50,168.00,66.10,23.40,Y,N,Y,"Environmental,",Y,N,11/13/2025,,10/15/2025,01/13/2026,13.40,251.70,42.70,84.00,5.60,0.00,134.00,83.00,35.90,N,Y,09/04/2024,"ALLERGIES: DUST, POLLEN, ANIMALS W/ FUR + FEATHERS (dander), LATEX, GRASS",Sara,,
CE0010636,IDS Expired,O-,05/18/1994,,Male,Caucasian,"LP, WB, BM,",BM 100ml,,NEGATIVE,POSITIVE,78.60,173.30,182.90,72.00,23.50,N,N,Y,"Environmental,",Y,Y,,08/08/2024,07/11/2024,10/09/2024,14.80,260.90,44.50,71.00,5.50,0.00,128.00,71.00,35.90,N,N,,,Jeremy,08/08/2024,POSITIVE
CE0010637,IDS Expired,A+,07/08/1988,,Male,Hispanic,"LP, WB, BM,",BM 100ml,,Positive,,84.90,187.20,175.00,68.90,27.70,Y,Y,N,,Y,N,09/27/2024,,07/15/2024,10/13/2024,14.00,305.70,39.70,71.00,4.90,0.00,114.00,77.00,36.00,N,Y,07/29/2024,,Luis,,
CE0010638,Eligible,O+,09/10/1998,,Female,Hispanic,"LP,",,,Positive,POSITIVE,105.70,233.03,163.00,64.17,39.78,Y,N,N,,Y,N,,06/22/2026,06/22/2026,09/20/2026,12.25,276.50,37.40,82.00,5.59,0.00,111.00,65.00,36.30,Y,N,,Ineligible for mobLP: hx of low HGB,Emerita,08/28/2024,POSITIVE
CE0010639,IDS Expired,A+,03/09/2003,,Male,Mixed,"LP, WB, BM,",BM 100ml,,Negative,NEGATIVE,78.30,172.60,180.00,70.90,24.20,N,N,Y,"Environmental,",Y,N,04/16/2025,05/21/2025,05/21/2025,08/19/2025,14.20,266.30,41.10,78.00,5.60,0.00,116.00,64.00,36.20,N,Y,09/09/2024,ALLERGIES: SEASONAL POLLEN,Riley,02/19/2025,NEGATIVE
CE0010640,IDS Expired,O+,05/30/1992,,Female,Mixed,"LP, WB,",DQ,,Negative,POSITIVE,59.20,130.51,158.00,62.20,23.71,N,N,N,,Y,N,,06/17/2025,06/17/2025,09/15/2025,13.18,238.20,39.20,79.00,664.00,0.00,127.00,73.00,36.30,N,Y,08/13/2024,,Amanda,08/13/2024,POSITIVE
CE0010641,IDS Expired,O-,10/02/2005,,Female,asian,"LP, WB, BM,",BM 100ml,,Positive,,66.00,145.50,162.60,64.00,25.00,N,N,Y,"Medication,",N,N,,,07/16/2024,10/14/2024,14.10,200.80,41.40,65.00,5.00,0.00,128.00,63.00,36.40,N,N,,,Maya,,
CE0010642,IDS Expired,A+,05/26/1987,,Male,Hispanic,"LP, WB,",Not Interested,,Negative,,84.60,186.50,165.10,65.00,31.00,N,N,N,,Y,N,,09/04/2024,07/17/2024,10/15/2024,15.60,270.70,46.80,78.00,4.80,0.00,105.00,64.00,36.30,N,N,,,Heriberto,,
CE0010643,IDS Expired,B+,05/09/2004,,Female,Mixed,"LP,",,,Negative,NEGATIVE,79.10,174.40,162.00,63.80,30.10,N,Y,N,,Y,Y,,02/05/2025,02/05/2025,05/06/2025,11.00,261.40,34.20,57.00,7.10,0.00,110.00,64.00,36.20,N,Y,08/21/2024,,Nella,02/05/2025,NEGATIVE
CE0010644,IDS Expired,B+,01/19/2002,,Male,Hispanic,"LP, WB, BM,",BM 100ml,,Positive,,117.40,258.80,177.80,70.00,37.10,N,N,N,,N,N,,,07/17/2024,10/15/2024,15.40,245.80,46.20,84.00,8.00,0.00,135.00,79.00,36.30,N,N,,,Carlos,,
CE0010645,IDS Expired,O+,06/30/2002,,Female,Caucasian,"LP, WB, BM,",,,NEGATIVE,NEGATIVE,70.40,155.20,178.00,70.10,22.20,N,N,N,,Y,N,,05/21/2025,05/21/2025,08/19/2025,12.50,282.20,36.20,74.00,5.20,0.00,110.00,72.00,35.80,N,Y,08/29/2024,,Sierra,05/21/2025,NEGATIVE
CE0010646,Ineligible,AB+,02/10/1979,,Female,asian,"LP, WB,",DQ,,Positive,,57.10,125.88,152.40,60.00,24.58,N,N,Y,"Medication, Food, Environmental,",N,N,,08/15/2024,07/22/2024,10/20/2024,13.20,241.00,39.80,62.00,6.10,0.00,100.00,62.00,35.80,N,Y,08/15/2024,,Noriko,,
CE0010647,IDS Expired,O+,08/24/1989,,Female,Caucasian,"LP, WB, BM,",BM 100ml,,Negative,,82.20,181.20,165.10,65.00,30.20,Y,N,Y,"Medication,",N,N,,,07/22/2024,10/20/2024,13.50,279.30,41.30,67.00,7.60,0.00,132.00,70.00,36.30,N,N,,ALLERGY: BACTRIM,Alexandra,,
CE0010648,IDS Expired,A+,05/23/1992,,Male,Caucasian,"LP, WB,",Not Interested,,Positive,,117.00,257.90,180.30,71.00,36.00,N,N,Y,"Medication, Food, Environmental,",N,N,,,07/22/2024,10/20/2024,13.80,181.70,41.70,62.00,4.40,0.00,131.00,85.00,36.40,N,N,,"ALLERGIES: SHELLFISH (CRAB, SHRIMP, LOBSTER), AUGMENTIN, SEASONAL",Aubrey,,
CE0010649,IDS Expired,O+,08/09/1992,,Female,Mixed,"LP, WB, BM,",BM 100ml,,,,75.60,166.70,167.60,66.00,26.90,Y,Y,Y,"Medication,",N,N,,,07/23/2024,10/21/2024,13.80,259.80,41.00,74.00,4.30,0.00,114.00,75.00,36.50,N,N,,,Emily,,
CE0010650,Deferred,,04/28/2003,,,,,,,,,51.00,112.40,160.00,63.00,19.90,N,N,N,,N,N,,,,,0.00,0.00,0.00,71.00,0.00,0.00,119.00,72.00,36.60,N,N,,,Aurora,,
CE0010651,IDS Expired,B+,06/20/2003,,Female,Hispanic,"BM,",BM 100ml,,Positive,Positive,73.80,162.70,165.00,65.00,27.10,Y,N,Y,"Environmental,",Y,N,04/02/2026,,01/22/2026,04/22/2026,12.30,310.90,36.80,83.00,5.30,0.00,130.00,80.00,36.40,N,Y,09/26/2024,ALLERGIES: SEASONAL,Adrianna,11/26/2024,Positive
CE0010652,IDS Expired,B+,10/02/2000,,Female,Caucasian,"LP,",DQ,,negative,POSITIVE,74.10,163.40,178.00,70.10,22.40,N,N,N,,Y,Y,,06/03/2026,06/03/2026,09/01/2026,12.70,173.80,38.20,74.00,4.80,0.00,122.00,74.00,36.50,Y,Y,01/15/2025,,Madelyne,02/26/2025,POSITIVE
CE0010653,IDS Expired,A+,04/10/2004,,Female,Hispanic,"LP, WB, BM,",BM 100ml,,POSITIVE,positive,83.00,183.00,168.00,66.10,29.40,Y,N,N,,Y,Y,10/18/2024,02/23/2026,02/23/2026,05/24/2026,12.90,269.10,37.60,82.00,5.90,0.00,126.00,78.00,36.30,N,Y,10/18/2024,,Eileen,03/17/2025,positive
CE0010654,Ineligible,,10/08/1975,,,,,,,,,0.00,0.00,0.00,0.00,0.00,N,N,N,,N,N,,,,,0.00,0.00,0.00,0.00,0.00,0.00,0.00,0.00,0.00,N,N,,,Brandon,,
CE0010655,IDS Expired,O+,11/01/1978,,Female,Caucasian,"LP,",,,NEGATIVE,,62.50,137.80,170.20,67.00,21.60,N,N,Y,"Environmental,",N,N,,,07/29/2024,10/27/2024,12.40,156.30,38.00,72.00,4.00,0.00,121.00,65.00,35.30,N,N,,,Emily,,
CE0010657,IDS Expired,B+,06/30/1996,,Male,asian,"LP, WB, BM,",BM 100ml,,POSITIVE,Positive,78.80,173.70,165.00,65.00,28.90,N,N,N,,Y,N,03/13/2026,,01/08/2026,04/08/2026,15.00,265.90,45.60,78.00,6.10,0.00,143.00,73.00,36.20,N,Y,12/20/2024,,Jeffrey,10/25/2024,Positive
CE0010658,IDS Expired,O+,06/03/2001,,Male,Mixed,"LP, WB, BM,",BM 100ml,,Negative,Positive,60.90,134.30,180.00,70.90,18.80,N,Y,N,,Y,Y,,04/30/2025,02/10/2025,05/11/2025,13.70,342.50,40.70,75.00,5.80,0.00,114.00,57.00,35.80,N,Y,08/27/2024,DQ mLP d/t reliability,Garrett,08/27/2024,Positive
CE0010659,IDS Expired,A+,12/08/2003,,Male,Hispanic,"LP, WB,",Not Interested,,Positive,,80.90,178.40,175.30,69.00,26.30,N,N,N,,N,N,,,07/30/2024,10/28/2024,15.20,180.50,45.80,67.00,5.40,0.00,114.00,73.00,36.10,N,N,,,Sebastian,,
CE0010660,IDS Expired,O+,02/16/1993,,Male,Hispanic,"LP, WB, BM,",BM 100ml,,Positive,,94.60,208.60,172.70,68.00,31.70,N,N,Y,"Medication, Environmental,",N,N,08/16/2024,,07/31/2024,10/29/2024,14.70,192.80,45.80,66.00,7.40,0.00,159.00,89.00,36.40,N,Y,08/16/2024,NO BACKUP PLS (distance),Miguel,,
CE0010661,Eligible,AB+,11/24/1987,,Male,AfricanAmerican,"LP,",Not Interested,,Negative,positive,99.70,219.80,183.00,72.10,28.90,N,Y,N,,Y,N,,07/06/2026,07/06/2026,10/04/2026,12.98,267.40,39.20,60.00,5.96,0.00,129.00,73.00,35.80,Y,Y,08/21/2024,,David,,
CE0010662,Eligible,O+,01/29/1992,,Female,Mixed,"WB, BM,",BM 100ml,,Negative,POSITIVE,70.00,154.32,165.00,64.96,25.71,Y,N,Y,"Food,",Y,N,05/04/2026,04/02/2025,05/04/2026,08/02/2026,14.14,265.40,42.30,78.00,5.70,0.00,108.00,64.00,36.60,Y,Y,10/08/2024,"Allergy: Mango;
NI-LP no time. AC",Kaylyn,10/08/2024,POSITIVE
CE0010664,IDS Expired,O+,06/05/1994,,Male,asian,"LP, WB, BM,",BM 100ml,,Negative,POSITIVE,67.30,148.37,167.60,65.98,23.96,Y,N,Y,"Environmental,",Y,Y,09/11/2025,08/06/2025,07/29/2025,10/27/2025,14.60,186.40,45.70,77.00,4.46,0.00,125.00,71.00,35.60,N,Y,08/06/2025,Allergies: seasonal,Tommy,10/07/2024,POSITIVE
CE0010665,IDS Expired,B+,06/21/2002,,Female,AfricanAmerican,"LP, WB, BM,",BM 100ml,,Negative,POSITIVE,67.60,149.00,162.00,63.80,25.80,N,N,N,,Y,N,04/17/2025,08/13/2024,02/10/2025,05/11/2025,14.40,302.10,40.40,79.00,6.40,0.00,115.00,77.00,36.10,N,N,,,Antiove,08/13/2024,POSITIVE
CE0010666,Deferred,,12/05/1986,,,,,,,,,55.10,121.47,157.48,62.00,22.22,N,N,N,,N,N,,,,,14.72,455.80,44.40,93.00,7.43,0.00,126.00,90.00,36.50,N,N,,,Victoria,,
CE0010667,Not Responsive,,05/24/1995,,,,,,,,,0.00,0.00,0.00,0.00,0.00,N,N,N,,N,N,,,,,0.00,0.00,0.00,0.00,0.00,0.00,0.00,0.00,0.00,N,N,,,Justin,,
CE0010668,Deferred,AB+,11/08/1986,,Male,Caucasian,"LP, WB, BM,",BM 100ml,,Negative,,116.20,256.18,188.00,74.02,32.88,N,Y,N,,Y,Y,02/25/2025,,01/30/2025,04/30/2025,11.90,290.10,41.50,87.00,8.93,0.00,137.00,87.00,35.90,N,Y,09/25/2024,,Samuel,,
CE0010669,Eligible,A+,12/24/1993,,Female,Caucasian,"LP,",,,Positive,NEGATIVE,73.60,162.30,157.00,61.80,28.60,Y,N,N,,Y,N,05/05/2026,06/24/2026,05/05/2026,08/03/2026,12.20,374.00,37.20,75.00,7.10,0.00,119.00,71.00,36.00,Y,Y,09/16/2024,Ineligible for mobLP; hx low HGB,Meilani,10/30/2024,NEGATIVE
CE0010670,Deferred,,12/01/2004,,Male,Hispanic,,,,,,72.70,160.28,173.00,68.11,24.29,Y,N,N,,N,N,,,,,0.00,0.00,0.00,50.00,0.00,0.00,127.00,66.00,36.60,N,N,,,Sebastian,,
CE0010671,Deferred,,12/26/1987,,,,,,,,,76.50,168.65,162.56,64.00,28.95,N,N,N,,N,N,,,,,0.00,0.00,0.00,67.00,0.00,0.00,114.00,76.00,36.80,N,N,,,Sasha,,
CE0010672,Deferred,,02/21/1980,,,,,,,,,91.60,201.94,175.26,69.00,29.82,N,N,N,,N,N,,,,,0.00,0.00,0.00,98.00,0.00,0.00,154.00,107.00,35.00,N,N,,,Adam,,
CE0010673,IDS Expired,O+,07/27/1995,,Female,asian,"LP, WB,",DQ,,POSITIVE,,92.30,203.50,165.10,65.00,33.90,N,Y,N,,N,N,,,08/08/2024,11/06/2024,13.60,273.60,40.70,72.00,6.50,0.00,100.00,58.00,36.50,N,N,,,Rumman,,
CE0010674,IDS Expired,O+,04/08/1995,,Female,Caucasian,"LP,",,,POSITIVE,POSITIVE,74.20,163.60,178.00,70.10,23.40,Y,N,Y,"Medication,",Y,Y,,10/21/2024,08/12/2024,11/10/2024,12.10,314.10,35.40,62.00,7.60,0.00,108.00,64.00,36.20,N,N,,,Seneca,10/21/2024,POSITIVE
CE0010675,IDS Expired,A+,07/29/2001,,Female,AfricanAmerican,"LP, WB, BM,",BM 100ml,,NEGATIVE,Positive,65.80,145.10,160.00,63.00,25.70,N,N,N,,Y,Y,02/25/2026,11/12/2025,02/25/2026,05/26/2026,13.00,291.30,40.00,80.00,5.10,0.00,103.00,70.00,36.20,N,Y,08/19/2024,,Juanita,,
CE0010676,IDS Expired,A+,09/18/1972,,Female,Caucasian,"LP, WB, BM,",BM 100ml,,NEGATIVE,,63.80,140.70,170.00,66.90,22.10,Y,N,Y,"Medication,",Y,Y,,10/22/2024,08/13/2024,11/11/2024,12.05,246.80,36.30,72.00,2.60,0.00,140.00,84.00,36.10,N,Y,10/22/2024,,Jennifer,,
CE0010678,Not Responsive,,10/19/1994,,,,,,,,,0.00,0.00,0.00,0.00,0.00,N,N,N,,N,N,,,,,0.00,0.00,0.00,0.00,0.00,0.00,0.00,0.00,0.00,N,N,,,Mason,,
CE0010679,Ineligible,,01/20/1992,,,,,,,,,0.00,0.00,0.00,0.00,0.00,N,N,N,,N,N,,,,,0.00,0.00,0.00,0.00,0.00,0.00,0.00,0.00,0.00,N,N,,,Patricia,,
CE0010680,Eligible,O+,10/03/1990,,Male,Caucasian,"LP, WB, BM,",BM 100ml,,Negative,positive,115.60,254.85,178.00,70.08,36.49,N,N,N,,Y,N,05/11/2026,06/18/2026,05/11/2026,08/09/2026,14.47,379.90,44.40,76.00,10.25,0.00,160.00,82.00,36.20,Y,Y,09/09/2024,"Donor expressed interest in mobLP; however, BMI >35 at this point. Deferred until BMI <35.",Michael,,
CE0010681,IDS Expired,A+,01/10/1992,,Female,Caucasian,"LP,",,,Negative,,63.70,140.40,170.20,67.00,22.00,Y,Y,Y,"Medication, Environmental,",N,N,,,08/14/2024,11/12/2024,12.10,248.80,37.40,71.00,6.90,0.00,112.00,58.00,36.70,N,N,,"ALLERGIES: SULFA, CATS",Kristin,,
CE0010684,IDS Expired,A+,03/03/1999,,Female,Mixed,"LP, WB, BM,",BM 100ml,,NEGATIVE,,74.00,163.10,165.10,65.00,27.20,N,N,N,,N,N,09/09/2024,,08/19/2024,11/17/2024,12.60,268.10,39.40,87.00,6.10,0.00,146.00,90.00,36.60,N,Y,09/09/2024,,Nicole,,
CE0010685,Ineligible,,12/24/2000,,,,,,,,,115.20,253.97,172.72,68.00,38.62,N,N,N,,N,N,,,08/19/2024,,0.00,0.00,0.00,98.00,0.00,0.00,123.00,81.00,36.50,N,N,,,Nathaniel,,
CE0010686,IDS Expired,O+,01/14/1975,,Female,PacificIslander,"LP, WB,",Not Interested,,POSITIVE,,74.00,163.10,152.00,59.80,32.00,Y,N,Y,"Medication, Environmental,",Y,N,,11/04/2024,10/28/2024,01/26/2025,14.80,285.50,44.70,75.00,7.70,0.00,137.00,77.00,35.60,N,Y,10/28/2024,"ALLERGIES: PCN, propylene glycol, seasonal",Crystal,,
CE0010687,IDS Expired,B+,02/15/2004,,Female,Hispanic,"LP, WB,",DQ,,POSITIVE,,56.40,124.30,154.90,61.00,23.50,N,N,Y,"Food,",N,N,,,08/19/2024,11/17/2024,13.10,201.50,39.80,93.00,8.90,0.00,106.00,70.00,36.70,N,N,,,Daniela,,
CE0010689,IDS Expired,O+,03/12/1997,,Male,asian,"WB, BM,",BM 100ml,,NEGATIVE,Positive,78.20,172.40,178.00,70.10,24.70,N,Y,Y,"Medication,",Y,Y,04/08/2025,,04/08/2025,07/07/2025,14.50,238.30,44.00,92.00,8.70,0.00,123.00,88.00,36.20,N,N,,"Allergies: Aspirin, Mothballs
NI in LP due to time constraints on his schedule.",Edwin,,
CE0010690,IDS Expired,B+,06/22/1990,,Female,Hispanic,"LP,",,,POSITIVE,,82.30,181.40,178.00,70.10,26.00,N,N,N,,Y,N,,10/22/2024,08/20/2024,11/18/2024,13.00,234.00,38.70,65.00,6.30,0.00,110.00,67.00,36.20,N,Y,10/22/2024,,Alexa,,
CE0010691,Ineligible,,11/09/2001,,,,,,,,,0.00,0.00,0.00,0.00,0.00,N,N,N,,N,N,,,,,0.00,0.00,0.00,0.00,0.00,0.00,0.00,0.00,0.00,N,N,,,Roland Addison,,
CE0010692,IDS Expired,O+,06/06/2000,,MTF,Mixed,"LP, WB,",,,POSITIVE,POSITIVE,58.10,128.10,162.60,64.00,22.00,Y,N,N,,N,N,10/21/2024,,12/20/2024,03/20/2025,13.30,298.20,36.80,72.00,7.30,0.00,112.00,76.00,36.00,N,Y,10/21/2024,,"Tyler ""Nixxy""",12/20/2024,POSITIVE
CE0010693,IDS Expired,O+,12/08/2002,,Female,Caucasian,"LP, WB,",Not Interested,,POSITIVE,NEGATIVE,67.50,148.80,168.00,66.10,23.90,Y,Y,N,,Y,Y,,02/11/2025,02/11/2025,05/12/2025,14.40,254.70,42.90,57.00,4.30,0.00,117.00,63.00,36.00,N,N,,,Aya,02/11/2025,NEGATIVE
CE0010694,Deferred,,06/05/1974,,Male,,,,,,,109.70,241.85,190.50,75.00,30.23,N,N,N,,N,N,,,,,0.00,0.00,0.00,67.00,0.00,0.00,145.00,90.00,36.20,N,N,,,Christopher,,
CE0010695,IDS Expired,B+,12/13/1978,,Female,Caucasian,"WB, BM,",BM 100ml,,POSITIVE,,94.70,208.80,165.00,65.00,34.80,Y,N,Y,"Environmental,",Y,N,12/10/2024,,12/10/2024,03/10/2025,12.80,289.00,38.10,81.00,5.90,0.00,137.00,83.00,36.20,N,Y,10/14/2024,,Emily,,
CE0010696,IDS Expired,O-,12/15/1994,,Female,Mixed,"WB, BM,",BM 100ml,,NEGATIVE,POSITIVE,64.90,143.10,160.00,63.00,25.40,Y,Y,N,,Y,N,,09/24/2024,08/21/2024,11/19/2024,14.20,254.20,43.80,85.00,10.50,0.00,100.00,59.00,36.10,N,Y,09/04/2024,,Rebecca,,
CE0010697,IDS Expired,O+,03/08/1993,,Female,Caucasian,"LP, WB, BM,",BM 100ml,,POSITIVE,,61.70,136.00,172.70,68.00,20.70,Y,N,Y,"Food,",N,N,,,08/21/2024,11/19/2024,12.50,232.20,37.70,93.00,5.10,0.00,135.00,78.00,36.40,N,N,,,Alaina,,
CE0010698,IDS Expired,A-,02/06/1986,,Male,Caucasian,"LP, WB,",DQ,,Positive,,94.30,207.90,178.00,70.10,29.80,Y,N,N,,Y,N,,02/05/2025,02/05/2025,05/06/2025,14.20,251.30,43.70,83.00,5.50,0.00,133.00,78.00,36.10,N,Y,10/09/2024,,Robert,,
CE0010699,IDS Expired,O+,01/14/2004,,Female,Hispanic,"LP,",DQ,,Positive,POSITIVE,101.00,222.70,175.00,68.90,33.00,N,N,Y,"Food,",Y,Y,,09/10/2025,09/10/2025,12/09/2025,12.50,261.00,37.00,50.00,6.20,0.00,117.00,64.00,36.20,N,Y,10/08/2024,Allergy: Avocado,Jimena,,
CE0010700,IDS Expired,B+,09/16/1989,,Male,Hispanic,"LP, WB, BM,",BM 100ml,,Negative,,92.40,203.70,180.00,70.90,28.50,N,N,N,,Y,N,01/15/2025,10/15/2024,11/19/2024,02/17/2025,15.10,269.00,45.20,70.00,7.70,0.00,118.00,84.00,35.50,N,Y,09/04/2024,,Mario,,
CE0010701,Eligible,A+,10/14/2000,,Female,Hispanic,"LP, WB, BM,",BM 100ml,,Negative,POSITIVE,62.80,138.45,160.00,62.99,24.53,Y,N,N,,Y,N,06/03/2026,,06/03/2026,09/01/2026,13.14,247.00,39.50,62.00,7.87,0.00,123.00,77.00,36.30,Y,Y,06/03/2026,,Juliana,,
CE0010702,IDS Expired,O+,04/23/1992,,Male,AfricanAmerican,"LP, WB,",Not Interested,,negative,POSITIVE,83.30,183.70,183.00,72.10,24.90,N,Y,N,,Y,Y,,09/18/2024,08/22/2024,11/20/2024,13.70,166.80,41.00,67.00,3.10,0.00,159.00,80.00,36.80,N,Y,09/18/2024,DQ for MLP. Did MLP x2 at Leukolab.,Jamil,09/18/2024,POSITIVE
CE0010703,Eligible,B+,02/04/1993,,Male,AfricanAmerican,"LP, WB, BM,",BM 100ml,,POSITIVE,Positive,74.30,163.80,170.00,66.93,25.71,N,Y,Y,"Medication,",Y,Y,04/16/2026,07/01/2026,07/01/2026,09/29/2026,14.38,252.00,43.00,99.00,9.17,0.00,144.00,85.00,36.60,Y,Y,10/02/2024,Allergies: penicillin;,Tyrone,02/27/2025,Positive
CE0010704,IDS Expired,A+,10/04/2004,,Female,Caucasian,"BM,",BM 100ml,,Negative,,62.10,136.90,165.00,65.00,22.80,N,N,N,,N,N,,,08/26/2024,11/24/2024,13.00,275.80,39.00,100.00,4.70,0.00,117.00,73.00,36.60,N,N,,not suitable veins WB/LP- ACL 8/28/24,Opal,,
CE0010705,IDS Expired,B+,01/20/2004,,Male,Caucasian,"LP, WB, BM,",BM 100ml,,Positive,,85.90,189.40,196.00,77.20,22.40,N,N,N,,Y,Y,01/31/2025,,01/31/2025,05/01/2025,16.00,230.00,47.10,88.00,5.20,0.00,129.00,81.00,36.40,N,Y,09/16/2024,,Martynas,,
CE0010706,Ineligible,A+,05/07/1999,,Female,asian,"LP, WB,",DQ,,POSITIVE,,55.10,121.47,148.00,58.27,25.16,Y,N,N,,Y,N,,10/02/2024,08/27/2024,11/25/2024,13.59,250.40,40.70,94.00,5.36,0.00,132.00,88.00,36.40,N,N,,"Medications: Bupropion, Sertraline, Altavera birth control.",Angela,,
CE0010707,Deferred,,10/28/1973,,,,,,,,,68.20,150.36,157.48,62.00,27.50,N,N,N,,N,N,,,,,11.38,293.10,35.00,87.00,5.41,0.00,144.00,98.00,36.20,N,N,,,Aniyah,,
CE0010708,Deferred,,10/10/1969,,Male,Caucasian,,,,,,77.60,171.08,175.26,69.00,25.26,N,N,N,,N,N,,,,,0.00,0.00,0.00,75.00,0.00,0.00,131.00,81.00,36.60,N,N,,,Du Bose,,
CE0010709,Deferred,A+,03/17/2003,,Female,Mixed,"LP, WB,",,,POSITIVE,,53.40,117.73,163.00,64.17,20.10,N,N,Y,"Medication,",N,N,,,09/11/2024,12/10/2024,12.73,309.80,39.20,81.00,6.08,0.00,123.00,70.00,35.60,N,N,,,Sofia,,
CE0010710,IDS Expired,O+,11/16/2000,,Female,Mixed,"LP, WB,",Not Interested,,Positive,,82.10,181.00,157.00,61.80,33.30,N,N,N,,N,N,,,08/28/2024,11/26/2024,12.50,308.90,37.90,50.00,5.10,0.00,103.00,69.00,36.60,N,N,,,Kiara,,
CE0010711,Deferred,A-,07/30/1980,,Female,Caucasian,,DQ,,NEGATIVE,,134.60,296.70,180.00,70.90,41.50,N,N,Y,"Environmental,",N,N,,02/13/2025,02/13/2025,05/14/2025,13.00,261.40,38.60,85.00,8.10,0.00,111.00,63.00,35.90,N,Y,02/13/2025,Allergies: plant/tree pollen,Rebecca,,
CE0010712,IDS Expired,O+,02/26/2001,,Male,asian,"LP, WB, BM, MLP,",BM 100ml,,POSITIVE,POSITIVE,85.20,187.80,183.00,72.10,25.40,N,N,N,,Y,N,,01/07/2025,01/28/2025,04/28/2025,15.60,197.70,47.10,65.00,25.60,0.00,118.00,72.00,36.20,N,N,,Defer for mobLP until 2/18/26. Completed one day mobLP on 2/18/25.,Weston,10/14/2024,POSITIVE
CE0010713,IDS Expired,O+,11/13/2002,,Male,Mixed,"LP, WB, BM,",BM 100ml,,Negative,,68.00,149.90,175.30,69.00,22.10,N,Y,Y,"Environmental,",N,N,,,09/03/2024,12/02/2024,13.60,268.40,40.40,85.00,4.70,0.00,138.00,77.00,36.20,N,N,,ALLERGY: POLLEN,Alexander,,
CE0010714,IDS Expired,O+,07/23/2003,,Male,Caucasian,"LP, WB, BM,",BM 100ml,,Positive,POSITIVE,111.40,245.60,178.00,70.10,35.20,N,N,N,,Y,N,03/03/2026,11/20/2025,01/06/2026,04/06/2026,13.00,300.20,44.00,85.00,6.10,0.00,120.00,83.00,36.40,N,Y,10/25/2024,"Name Preference: ""K.C.""",Ken,,
CE0010715,IDS Expired,O+,08/08/1996,,Male,asian,"LP, WB, BM, MLP,",BM 100ml,,Negative,positive,60.00,132.30,178.00,70.10,18.90,Y,N,N,,Y,Y,08/14/2025,03/17/2026,03/17/2026,06/15/2026,15.40,229.00,44.40,86.00,3.60,0.00,121.00,72.00,36.40,N,Y,10/14/2024,,Lawrence,,
CE0010716,IDS Expired,O+,03/07/2001,,Female,Mixed,"LP,",DQ,,Negative,POSITIVE,63.20,139.30,170.00,66.90,21.90,N,Y,N,,Y,N,,11/04/2024,10/28/2024,01/26/2025,12.90,314.80,39.20,50.00,8.00,0.00,127.00,67.00,36.10,N,Y,09/24/2024,"""I just quit vaping [Oct 2024]."" - donor stated 11/04/24
MobLP: defer for low hgb",Destiny,09/24/2024,POSITIVE
CE0010717,Ineligible,O+,03/06/2001,,Female,Hispanic,,,,Positive,,77.10,170.00,167.60,66.00,27.40,Y,N,N,,N,N,,,09/04/2024,12/03/2024,13.40,257.30,40.10,91.00,6.30,0.00,115.00,67.00,36.20,N,N,,,Yecenia,,
CE0010718,IDS Expired,A+,09/23/1988,,Male,,"LP, WB, BM,",BM 100ml,,Negative,,79.90,176.20,167.60,66.00,28.40,N,Y,N,,N,N,,,09/04/2024,12/03/2024,14.00,229.40,43.50,72.00,6.80,0.00,125.00,77.00,36.50,N,N,,,Samuel,,
CE0010719,IDS Expired,O+,06/22/1988,,Male,AfricanAmerican,"LP,",DQ,,positive,,96.50,212.80,193.00,76.00,25.90,N,N,N,,Y,Y,03/26/2025,12/04/2024,11/12/2025,02/10/2026,12.70,230.70,39.00,76.00,4.30,0.00,117.00,73.00,36.20,N,Y,12/04/2024,,Chike,,
CE0010720,Deferred,A+,03/10/1977,,Male,AfricanAmerican,"LP,",,,Negative,,99.50,219.36,183.00,72.05,29.71,N,Y,N,,Y,N,03/20/2025,10/28/2025,09/23/2025,12/22/2025,11.40,201.80,37.70,50.00,7.82,0.00,144.00,82.00,36.20,N,Y,09/12/2024,,Romell,,
CE0010721,IDS Expired,O+,06/10/2001,,Male,AfricanAmerican,"LP, WB, BM,",BM 100ml,,POSITIVE,,98.40,216.90,185.40,73.00,28.60,N,Y,Y,"Environmental,",N,N,,,09/04/2024,12/03/2024,15.00,298.60,45.90,83.00,6.90,0.00,127.00,73.00,36.30,N,N,,,Kieko,,
CE0010722,IDS Expired,O-,11/24/1978,,Male,Caucasian,"LP, WB, BM,",,,Positive,,87.20,192.20,178.00,70.10,27.50,N,Y,N,,N,N,10/17/2024,,09/05/2024,12/04/2024,15.00,229.30,44.90,73.00,7.10,0.00,109.00,65.00,35.60,N,Y,10/17/2024,,Jonathan,,
CE0010723,IDS Expired,AB+,10/16/1987,,Male,asian,"LP, WB, BM,",BM 100ml,,Positive,,94.20,207.70,177.80,70.00,29.80,N,N,N,,N,N,,,09/05/2024,12/04/2024,13.70,296.80,42.50,84.00,7.40,0.00,124.00,77.00,36.20,N,N,,,David,,
CE0010724,IDS Expired,A+,04/14/2004,,Male,Hispanic,"LP, WB, MLP,",Not Interested,,Negative,Positive,65.20,143.70,173.00,68.10,21.80,N,N,N,,Y,N,,11/04/2025,09/30/2025,12/29/2025,15.30,231.00,44.80,65.00,4.60,0.00,113.00,63.00,36.00,N,Y,07/14/2025,,Alejandro,03/05/2025,Positive
CE0010725,Eligible,O+,02/02/1999,,Male,asian,"LP, WB, MLP,",Not Interested,,Negative,POSITIVE,72.60,160.06,163.00,64.20,25.80,N,N,N,,Y,N,,07/14/2026,06/17/2026,09/15/2026,15.81,226.00,47.20,78.00,6.41,0.00,129.00,80.00,36.40,Y,Y,11/06/2024,,"Audrick ""Jedd""",11/06/2024,Positive
CE0010726,Ineligible,,11/01/1997,,Female,AfricanAmerican,,,,,,87.60,193.12,163.00,64.17,32.97,N,N,N,,N,N,,,,,0.00,0.00,0.00,56.00,0.00,0.00,100.00,65.00,36.40,N,N,,,Nafesah,,
CE0010727,IDS Expired,A+,11/03/1998,,Female,Caucasian,"LP, WB, BM,",BM 100ml,,Negative,,70.80,156.10,165.00,65.00,26.00,N,N,N,,N,N,11/06/2024,,09/10/2024,12/09/2024,13.50,211.30,40.20,62.00,8.40,0.00,117.00,80.00,36.10,N,Y,11/06/2024,,Brianne,,
CE0010728,IDS Expired,A+,05/02/1997,,Male,Caucasian,"LP, WB, BM,",BM 100ml,,Positive,,75.70,166.90,177.80,70.00,24.00,N,N,N,,N,N,,,09/10/2024,12/09/2024,14.70,160.40,43.50,50.00,5.10,0.00,118.00,73.00,35.60,N,N,,,Maylad,,
CE0010729,IDS Expired,A+,09/16/2002,,Male,Caucasian,"LP, WB,",Not Interested,,Negative,,91.50,201.70,193.00,76.00,24.60,N,N,N,,N,N,,,09/11/2024,12/10/2024,15.30,267.90,46.00,79.00,5.90,0.00,153.00,84.00,36.80,N,N,,,Ryan,,
CE0010730,Ineligible,,12/18/1995,,,,,,,,,82.20,181.22,180.00,70.87,25.37,N,N,N,,N,N,,,,,0.00,0.00,0.00,52.00,0.00,0.00,105.00,69.00,36.60,N,N,,,Matthew,,
CE0010731,Eligible,O+,09/21/1997,,MTF,Hispanic,"LP, WB, BM,",BM 100ml,,Negative,Positive,68.90,151.90,168.00,66.14,24.41,Y,Y,N,,Y,Y,06/08/2026,,06/08/2026,09/06/2026,14.38,251.60,41.40,96.00,8.99,0.00,136.00,74.00,36.50,Y,Y,09/27/2024,mobLP: DQ for inadequate veins,Esmerelda,,
CE0010732,Eligible,A+,12/28/1981,,Female,Caucasian,"LP,",BM 100ml,,Positive,,95.80,211.20,163.00,64.17,36.06,N,N,Y,"Medication,",Y,Y,02/19/2026,05/28/2026,04/13/2026,07/12/2026,13.23,381.00,33.90,98.00,7.28,0.00,160.00,81.00,36.20,N,Y,10/02/2024,"Allergies: PCN, Cephaloxin","Emily ""Corbin""",,
CE0010733,IDS Expired,A+,11/18/1989,,Female,Caucasian,"LP, WB, BM,",BM 100ml,,POSITIVE,,100.00,220.50,160.00,63.00,39.10,Y,N,Y,"Medication,",N,N,,,09/12/2024,12/11/2024,14.00,262.60,41.40,58.00,7.20,0.00,109.00,65.00,36.40,N,N,,,Cameo,,
CE0010734,Eligible,O+,10/23/1997,,Female,asian,"LP, WB,",DQ,,Negative,POSITIVE,62.80,138.45,150.00,59.06,27.91,Y,N,N,,Y,N,,04/10/2026,04/10/2026,07/09/2026,12.47,287.20,36.00,77.00,6.92,0.00,119.00,68.00,36.00,N,Y,10/07/2024,,Vivian,,
CE0010735,Ineligible,,10/02/1975,,,,,,,,,101.00,222.67,167.60,65.98,35.96,N,N,N,,N,N,,,,,0.00,0.00,0.00,71.00,0.00,0.00,159.00,87.00,36.60,N,N,,,Sophia,,
CE0010737,IDS Expired,O+,06/10/1973,,Female,AfricanAmerican,"LP, WB,",Not Interested,,POSITIVE,,90.10,198.64,161.54,63.60,34.53,Y,N,N,,Y,Y,,05/12/2025,07/06/2026,10/04/2026,12.80,264.20,38.20,71.00,4.47,0.00,108.00,60.00,36.60,Y,Y,10/02/2024,,Deeletra,,
CE0010738,Ineligible,B+,03/01/1980,,Male,AfricanAmerican,,,,Negative,,94.80,209.00,168.00,66.14,33.59,N,N,Y,"Food, Environmental,",N,N,09/30/2024,,09/16/2024,12/15/2024,14.29,219.60,42.50,77.00,2.83,0.00,143.00,87.00,36.20,N,Y,09/30/2024,,Alfred,,
CE0010739,Eligible,O-,11/25/2001,,Female,Hispanic,"WB, BM,",BM 100ml,,NEGATIVE,POSITIVE,69.20,152.56,163.00,64.17,26.05,N,N,N,,Y,Y,06/08/2026,,06/08/2026,09/06/2026,14.42,337.00,42.70,96.00,6.28,0.00,104.00,71.00,36.30,Y,Y,02/25/2025,6/18/25: NI in LP at this time,Yazmin,02/25/2025,POSITIVE
CE0010740,IDS Expired,O+,06/04/1992,,Female,Mixed,"LP, WB, BM,",BM 100ml,,positive,POSITIVE,66.20,146.00,178.00,70.10,20.90,Y,N,N,,Y,Y,10/03/2024,06/17/2025,05/13/2025,08/11/2025,12.40,317.00,37.00,82.00,5.90,0.00,113.00,65.00,36.50,N,N,,,Bridgette,11/07/2024,POSITIVE
CE0010741,IDS Expired,A+,09/04/1993,,Male,asian,"LP, WB,",Not Interested,,POSITIVE,POSITIVE,83.20,183.40,173.00,68.10,27.80,Y,N,Y,"Medication,",Y,N,,11/13/2024,09/18/2024,12/17/2024,14.90,311.40,44.10,80.00,4.90,0.00,133.00,81.00,36.50,N,Y,10/09/2024,,Eric,10/09/2024,POSITIVE
CE0010742,Eligible,B+,05/01/1991,,Male,asian,"LP, WB, BM,",BM 100ml,,POSITIVE,POSITIVE,80.60,177.69,178.00,70.08,25.44,N,N,N,,Y,Y,08/21/2025,06/10/2026,04/28/2026,07/27/2026,14.51,247.00,43.10,72.00,6.19,0.00,164.00,89.00,36.20,Y,Y,10/15/2024,,Yee Yong (Mike),10/15/2024,POSITIVE
CE0010743,IDS Expired,O+,04/28/1995,,MTF,Hispanic,"LP,",,,POSITIVE,POSITIVE,67.60,149.00,167.60,66.00,24.10,Y,N,N,,N,N,,,09/18/2024,12/17/2024,12.20,280.90,36.80,70.00,5.30,0.00,117.00,75.00,36.40,N,N,,,Eris,10/07/2024,POSITIVE
CE0010744,IDS Expired,B+,03/27/2001,,Male,asian,"LP, WB, BM,",BM 100ml,,POSITIVE,,76.30,168.20,170.20,67.00,26.40,N,N,N,,N,N,,,09/18/2024,12/17/2024,16.80,196.40,50.60,77.00,5.80,0.00,140.00,90.00,36.80,N,N,,,Jermaine,,
CE0010745,IDS Expired,O+,02/09/1987,,Male,Caucasian,"LP, WB,",DQ,,Positive,Negative,132.10,291.23,177.80,70.00,41.79,Y,N,Y,"Medication, Environmental,",Y,Y,01/17/2025,,01/17/2025,04/17/2025,14.30,227.30,42.50,92.00,3.40,0.00,128.00,88.00,36.60,N,Y,11/04/2024,,Daniel,11/04/2024,Negative
CE0010746,IDS Expired,A+,02/19/2003,,Male,Hispanic,"LP, WB,",Not Interested,,NEGATIVE,POSITIVE,75.40,166.20,178.00,70.10,23.80,N,N,N,,Y,N,,03/11/2025,01/23/2025,04/23/2025,14.50,267.90,43.10,64.00,4.70,0.00,145.00,73.00,36.10,N,N,,Donor lives in Berkeley (currently) but prefers mailing address to reflect gov't-issued ID (NJ) - 09/19/24,Lucas,10/01/2024,POSITIVE
CE0010747,IDS Expired,AB+,09/16/1991,,Female,Hispanic,"LP, WB,",DQ,,Negative,POSITIVE,90.00,198.40,159.00,62.60,35.60,Y,N,N,,Y,Y,,04/15/2025,04/01/2025,06/30/2025,13.50,283.00,39.80,86.00,10.60,0.00,116.00,68.00,35.70,N,N,,,Nidia,11/04/2024,POSITIVE
CE0010748,IDS Expired,O+,05/17/2006,,Female,AfricanAmerican,"LP, WB, BM,",BM 100ml,,NEGATIVE,,73.10,161.20,165.10,65.00,26.80,N,N,N,,N,N,10/04/2024,,09/20/2024,12/19/2024,12.80,269.80,39.30,100.00,6.50,0.00,124.00,58.00,36.30,N,Y,10/04/2024,,Elizabeth,,
CE0010749,Not Responsive,B+,10/24/1985,,Male,Hispanic,"LP, WB, BM,",BM 100ml,,POSITIVE,,94.60,208.56,175.26,69.00,30.80,N,N,Y,"Medication,",N,N,,,09/20/2024,12/19/2024,15.83,198.70,47.00,68.00,5.53,0.00,131.00,78.00,36.00,N,N,,,Rafael,,
CE0010750,IDS Expired,A-,11/23/1988,,Male,Caucasian,"LP, WB, BM,",BM 100ml,,POSITIVE,,113.10,249.30,170.00,66.90,39.10,N,N,N,,Y,N,10/03/2024,11/07/2024,09/20/2024,12/19/2024,16.00,278.70,46.50,75.00,6.10,0.00,115.00,71.00,36.60,N,Y,10/03/2024,,Bryce,,
CE0010751,Deferred,O+,04/08/2003,,Female,Caucasian,"LP, WB,",DQ,,NEGATIVE,Positive,54.60,120.37,160.00,62.99,21.33,N,N,N,,Y,Y,,12/10/2025,12/10/2025,03/10/2026,13.85,202.60,42.40,85.00,4.07,0.00,100.00,60.00,36.50,N,Y,10/28/2024,,Jenna,10/21/2024,Positive
CE0010752,Ineligible,,03/11/1977,,Female,Mixed,,Not Interested,,,,82.00,180.78,178.00,70.08,25.88,N,N,N,,N,N,,,,,0.00,0.00,0.00,95.00,0.00,0.00,108.00,70.00,36.40,N,N,,,Ruth,,
CE0010753,IDS Expired,A+,09/11/1994,,Male,asian,"WB, BM,",BM 100ml,,POSITIVE,POSITIVE,72.00,158.70,178.00,70.10,22.70,Y,Y,Y,"Food,",Y,N,11/18/2025,03/24/2025,11/18/2025,02/16/2026,14.70,259.40,43.80,64.00,7.60,0.00,111.00,69.00,36.00,N,Y,10/09/2024,"ALLERGY: AVOCADO; 
Medication: omeprazole
Donor to start Accutane on 6/12/2025, stay eligible per RN ACl. 
No longer interested in LP. Started taking Isotretinoin (Accutane)-started 06/12/2025 for scalp and acne. Donor also run low with his pulse d/t daily exercise.
 AC 08/27/25",Hanitpal,10/09/2024,POSITIVE
CE0010754,Deferred,,04/30/1997,,,,,,,,,118.30,260.81,190.50,75.00,32.60,N,N,N,,N,N,,,,,0.00,0.00,0.00,80.00,0.00,0.00,141.00,81.00,35.50,N,N,,,Alex,,
CE0010755,Eligible,O+,11/05/2001,,Female,Caucasian,"LP,",DQ,,Negative,Positive,66.50,146.61,173.00,68.11,22.22,N,N,N,,Y,Y,,06/30/2026,06/30/2026,09/28/2026,11.22,200.60,34.50,83.00,3.54,0.00,129.00,72.00,35.80,Y,Y,10/28/2024,mLP - INELIGIBLE d/t hx low hgb,Lyneth,06/03/2025,Positive
CE0010756,IDS Expired,O+,08/14/1995,,Female,Hispanic,"LP, WB,",DQ,,Positive,,56.40,124.30,157.00,61.80,22.90,N,N,Y,"Environmental,",N,N,,,09/24/2024,12/23/2024,13.20,269.30,40.20,82.00,4.50,0.00,105.00,75.00,36.30,N,N,,,Vanessa,,
CE0010757,IDS Expired,A+,12/23/1992,,Male,Caucasian,"LP, WB,",Not Interested,,Negative,Positive,94.90,209.20,180.00,70.90,29.30,N,N,N,,Y,Y,,11/26/2024,10/28/2024,01/26/2025,12.60,285.10,37.60,94.00,6.30,0.00,140.00,91.00,36.60,N,N,,,Michael,11/26/2024,Positive
CE0010758,IDS Expired,O+,05/14/1996,,Female,asian,"LP, WB, BM,",BM 100ml,,POSITIVE,,59.50,131.20,168.00,66.10,21.10,N,N,N,,N,N,10/03/2024,,09/25/2024,12/24/2024,12.50,236.60,39.70,67.00,4.80,0.00,105.00,73.00,36.20,N,Y,10/03/2024,,Laura,,
CE0010759,IDS Expired,O+,10/17/1984,,Female,Caucasian,"LP,",DQ,,POSITIVE,,65.00,143.30,175.00,68.90,21.20,N,N,N,,Y,N,,03/24/2026,03/24/2026,06/22/2026,12.30,233.40,35.80,65.00,4.70,0.00,102.00,58.00,36.40,N,Y,10/10/2024,,Amber,,
CE0010760,Ineligible,,02/08/2003,,,,,,,,,57.20,126.10,167.64,66.00,20.35,N,N,N,,N,N,,,,,11.34,251.40,36.10,72.00,4.50,0.00,120.00,76.00,36.50,N,N,,,Sadia,,
CE0010761,Ineligible,,09/20/1978,,,,,,,,,90.00,198.42,0.00,0.00,0.00,N,N,N,,N,N,,,,,0.00,0.00,0.00,87.00,0.00,0.00,146.00,103.00,36.20,N,N,,,Joanna,,
CE0010762,Ineligible,B+,09/13/1970,,Male,Caucasian,,DQ,,NEGATIVE,,93.70,206.57,178.00,70.08,29.57,N,N,N,,Y,N,06/23/2025,11/26/2024,04/28/2025,07/27/2025,15.60,224.70,44.90,80.00,7.42,0.00,153.00,94.00,36.50,N,Y,10/14/2024,,Anthony,,
CE0010763,IDS Expired,O+,05/03/1998,,Female,Caucasian,"BM,",BM 100ml,,NEGATIVE,,89.40,197.10,160.00,63.00,34.90,N,N,N,,Y,N,01/09/2025,,01/03/2025,04/03/2025,12.80,159.60,42.40,91.00,8.90,0.00,120.00,82.00,36.40,N,N,,,Aminah,,
CE0010764,Eligible,O+,02/16/1990,,Female,Mixed,"LP, WB, BM,",BM 100ml,,POSITIVE,POSITIVE,72.90,160.72,163.00,64.17,27.44,N,N,Y,"Environmental,",Y,Y,05/19/2026,03/31/2026,05/19/2026,08/17/2026,14.79,278.10,43.40,75.00,6.17,0.00,106.00,63.00,36.20,Y,Y,10/18/2024,ALLERGIES: MINOR SEASONAL,Raven,11/26/2024,POSITIVE
CE0010765,IDS Expired,A+,12/03/1981,,Female,Caucasian,"WB, BM,",BM 100ml,,POSITIVE,,82.20,181.20,157.50,62.00,33.10,Y,Y,N,,N,N,,,09/30/2024,12/29/2024,14.70,268.70,45.70,98.00,9.00,0.00,117.00,77.00,36.00,N,N,,,Lindsey,,
CE0010766,Ineligible,O+,06/13/1991,,Male,Mixed,,,,NEGATIVE,positive,91.20,201.10,172.00,67.70,30.80,N,N,N,,Y,N,12/02/2025,,12/02/2025,03/02/2026,14.80,327.70,44.10,65.00,8.20,0.00,141.00,81.00,36.90,N,Y,10/17/2024,,Jared,,
CE0010767,Eligible,A+,02/07/2006,,Female,Caucasian,"LP,",DQ,,negative,positive,58.10,128.09,160.00,62.99,22.70,N,N,N,,Y,N,,06/17/2026,06/17/2026,09/15/2026,12.18,176.00,36.40,66.00,4.71,0.00,103.00,63.00,36.30,Y,Y,12/03/2024,,Lexi,,
CE0010768,IDS Expired,A+,05/22/2003,,Female,Hispanic,"LP, WB, BM,",BM 100ml,,NEGATIVE,POSITIVE,73.70,162.50,175.00,68.90,24.10,Y,N,Y,"Food,",Y,Y,04/08/2026,01/28/2026,01/28/2026,04/28/2026,12.70,217.60,36.80,87.00,5.20,0.00,118.00,76.00,36.40,N,Y,10/09/2024,DQ for mobLP: hx low HGB; Allergy: PINEAPPLE,Elisa,12/04/2024,POSITIVE
CE0010769,IDS Expired,A+,04/06/1987,,Male,Mixed,"LP, WB,",DQ,,NEGATIVE,,58.40,128.80,160.00,63.00,22.80,Y,N,N,"Medication,",N,N,,,10/02/2024,12/31/2024,16.00,298.60,48.20,91.00,11.40,0.00,130.00,77.00,37.40,N,N,,daily meds- Hydrocortisone and fludrocortisone for congenital adrenal hyperplasia,Joseph,,
CE0010770,IDS Expired,O+,01/17/1997,,Female,Caucasian,"WB, BM,",BM 100ml,,NEGATIVE,positive,66.40,146.40,160.00,63.00,25.90,N,N,Y,"Medication, Food,",Y,Y,02/18/2026,12/09/2024,02/18/2026,05/19/2026,14.90,266.30,43.80,54.00,9.50,0.00,116.00,78.00,35.80,N,Y,11/04/2024,"Allergies: Amoxicillin, Walnuts; 
Not interested in LP d/t not having flexibility schedule now. AC",Bethany,,
CE0010771,Not Responsive,A+,07/29/1996,,Female,Caucasian,"BM,",BM 100ml,,Negative,,69.60,153.44,157.48,62.00,28.06,Y,N,N,,N,N,,,10/03/2024,01/01/2025,14.68,337.10,42.70,97.00,6.45,0.00,119.00,74.00,36.10,N,N,,,Amy,,
CE0010772,Eligible,A+,09/16/1974,,Female,Caucasian,"LP, WB,",DQ,,Positive,,72.30,159.39,168.00,66.14,25.86,N,Y,N,,Y,N,07/29/2025,06/03/2026,06/03/2026,09/01/2026,13.95,283.40,40.30,73.00,5.39,0.00,121.00,69.00,35.90,Y,Y,03/19/2026,,Shasta,,
CE0010773,IDS Expired,A+,11/28/1976,,Female,Hispanic,"LP, WB,",Not Interested,,NEGATIVE,,75.90,167.30,160.00,63.00,29.60,Y,Y,Y,"Medication,",N,N,,,10/03/2024,01/01/2025,13.20,235.10,38.60,73.00,6.20,0.00,145.00,84.00,36.50,N,N,,,Alicia,,
CE0010774,IDS Expired,O+,03/15/1996,,Male,Hispanic,"LP, WB,",DQ,,Positive,Positive,98.70,217.60,185.00,72.80,28.80,Y,N,Y,"Environmental,",Y,N,01/22/2025,,01/22/2025,04/22/2025,14.90,243.70,46.60,100.00,7.40,0.00,149.00,83.00,36.10,N,Y,11/13/2024,,Marcelo,,
CE0010775,Ineligible,A+,05/07/1969,,Male,Caucasian,"LP, WB, BM,",BM 100ml,,NEGATIVE,,97.10,214.10,180.00,70.90,30.00,Y,N,Y,"Medication, Food, Environmental,",Y,Y,04/25/2025,03/18/2025,03/18/2025,06/16/2025,14.90,251.90,43.00,98.00,5.10,0.00,144.00,99.00,34.00,N,Y,10/28/2024,"ALLERGIES: Sulfa antibiotics, mold, mildew, strawberries
Aged out on 5/7/2025",Eric,,
CE0010776,Ineligible,O+,07/16/2000,,Male,Caucasian,"LP, WB, BM,",BM 100ml,,Negative,positive,84.30,185.90,198.00,78.00,21.50,N,N,Y,"Food, Environmental,",Y,Y,,05/05/2025,03/11/2025,06/09/2025,15.70,176.60,45.10,69.00,6.20,0.00,123.00,76.00,35.80,N,Y,12/12/2024,6/9/25: Sent DQ letter by admin for multiple no shows.,Sage,,
CE0010777,IDS Expired,O+,09/29/1987,,Female,Caucasian,"LP,",DQ,,NEGATIVE,,60.70,133.80,178.00,70.10,19.20,N,N,N,,Y,Y,,03/10/2025,03/04/2025,06/02/2025,12.10,176.00,36.50,89.00,5.30,0.00,114.00,68.00,35.60,N,Y,10/17/2024,,Elizabeth,,
CE0010778,Deferred,,04/29/1995,,Female,asian,,,,,,57.50,126.77,168.00,66.14,20.37,Y,N,Y,"Medication,",N,N,,,,,10.44,319.00,33.00,84.00,5.03,0.00,112.00,75.00,37.10,N,N,,Allergies: Amoxicillin,Stacy,,
CE0010779,IDS Expired,A-,01/23/1996,,Female,Caucasian,"LP,",,,NEGATIVE,POSITIVE,57.10,125.90,160.00,63.00,22.30,N,N,Y,"Medication, Environmental,",Y,Y,,02/26/2025,02/26/2025,05/27/2025,11.80,210.50,35.40,73.00,3.90,0.00,127.00,75.00,36.50,N,Y,12/17/2024,,Jane,12/17/2024,POSITIVE
CE0010780,IDS Expired,O+,09/11/2006,,Male,Caucasian,"LP, WB,",Not Interested,,Negative,Positive,93.90,207.00,178.00,70.10,29.60,N,N,Y,"Medication,",Y,N,,03/20/2025,02/12/2025,05/13/2025,14.30,266.40,44.20,77.00,4.50,0.00,136.00,67.00,36.50,N,N,,,David,,
CE0010781,IDS Expired,A+,03/17/2005,,Female,Mixed,"LP, WB,",Not Interested,,negative,POSITIVE,63.80,140.70,173.00,68.10,21.30,Y,N,N,,Y,Y,,12/08/2025,10/06/2025,01/04/2026,12.90,180.20,38.40,73.00,3.90,0.00,102.00,62.00,36.40,N,Y,10/23/2024,,Isabella,,
CE0010782,Eligible,O-,04/14/1994,,Female,Mixed,"LP, WB,",Not Interested,,Positive,POSITIVE,73.60,162.26,168.00,66.10,26.10,Y,N,N,,Y,N,,07/06/2026,07/06/2026,10/04/2026,12.78,179.50,38.40,68.00,4.34,0.00,112.00,66.00,36.20,Y,Y,11/14/2024,,Elaine,11/14/2024,POSITIVE
CE0010783,Deferred,,04/17/1972,,,,,,,,,92.50,203.90,195.60,77.00,24.20,N,N,N,,N,N,,,,,12.40,216.30,37.10,69.00,5.10,0.00,115.00,76.00,36.20,N,N,,,Eugene,,
CE0010784,IDS Expired,O+,02/05/1995,,Male,asian,"LP, WB, BM,",BM 100ml,,Negative,Negative,77.40,170.60,165.00,65.00,28.40,N,N,N,,Y,Y,,10/29/2024,10/08/2024,01/06/2025,15.20,273.20,47.40,85.00,5.50,0.00,144.00,85.00,36.60,N,Y,10/29/2024,,Harry,10/29/2024,Negative
CE0010785,IDS Expired,O+,04/16/1998,,Female,Hispanic,"BM,",BM 100ml,,negative,,82.90,182.80,147.00,57.90,38.40,N,N,N,,N,N,,,10/08/2024,01/06/2025,12.60,276.30,38.70,95.00,7.40,0.00,113.00,76.00,36.50,N,N,,Veins unsuitable for apheresis,Marina,,
CE0010786,Deferred,,02/18/1997,,Female,Mixed,,,,,,60.50,133.40,157.00,61.80,24.50,N,N,Y,"Environmental,",N,N,,,,,3.90,11.20,33.60,90.00,3.90,0.00,126.00,74.00,36.80,N,N,,,Rose,,
CE0010787,Deferred,,08/25/1990,,,,,,,,,66.90,147.49,170.18,67.00,23.10,N,N,N,,N,N,,,,,11.77,292.80,35.50,72.00,3.94,0.00,123.00,79.00,36.80,N,N,,,Katherine,,
CE0010788,Eligible,A+,04/25/1995,,Female,AfricanAmerican,"LP,",DQ,,negative,Positive,57.30,126.32,175.00,68.90,18.71,Y,Y,N,,Y,N,,06/24/2026,06/24/2026,09/22/2026,12.11,209.40,37.80,68.00,3.68,0.00,121.00,75.00,36.20,Y,Y,11/07/2024,,Kasey,11/07/2024,Positive
CE0010789,IDS Expired,B+,09/26/2001,,Female,asian,"WB, BM,",BM 100ml,,POSITIVE,POSITIVE,76.20,168.00,157.00,61.80,30.90,N,N,Y,"Medication,",Y,Y,02/28/2025,10/22/2024,02/28/2025,05/29/2025,13.50,243.80,39.30,97.00,5.30,0.00,110.00,77.00,36.20,N,N,,,Sherafina,10/22/2024,POSITIVE
CE0010791,IDS Expired,B+,08/16/1993,,Male,asian,"LP, WB, BM,",BM 100ml,,POSITIVE,,78.90,173.90,178.00,70.10,24.90,N,N,N,,N,N,12/16/2024,,10/11/2024,01/09/2025,15.30,229.00,44.40,60.00,4.70,0.00,115.00,77.00,36.00,N,N,,,Kyle,,
CE0010792,IDS Expired,O+,01/29/2003,,Male,Hispanic,"LP, WB,",DQ,,positive,Positive,106.20,234.10,178.00,70.10,33.50,N,N,N,,Y,Y,,05/14/2025,04/09/2025,07/08/2025,14.30,220.70,42.10,57.00,7.20,0.00,121.00,69.00,36.30,N,Y,11/06/2024,,Angel,11/06/2024,Positive
CE0010793,IDS Expired,B+,10/23/1994,,FTM,Mixed,"LP, WB, BM,",BM 100ml,,NEGATIVE,POSITIVE,89.00,196.20,163.00,64.20,33.50,Y,N,N,,Y,N,04/25/2025,11/12/2024,04/25/2025,07/24/2025,16.40,268.20,48.80,62.00,6.00,0.00,122.00,79.00,36.40,N,Y,11/12/2024,,Alexander,11/12/2024,POSITIVE
CE0010794,Ineligible,A+,11/11/1998,,Male,Caucasian,,,,negative,Positive,86.70,191.14,180.00,70.87,26.76,N,N,Y,"Medication,",Y,Y,,01/02/2025,01/02/2025,04/02/2025,14.90,322.00,44.50,64.00,6.32,0.00,122.00,77.00,36.50,N,N,,"Possible COBAN allergy: secure IVs with paper tape and gauze. akg10/14/2024
Had an  allergic reaction to Chlorhexidine. DQ for BM and LP.",Jack,,
CE0010795,IDS Expired,A+,10/17/1992,,Male,Caucasian,"LP, WB, BM,",BM 100ml,,POSITIVE,Positive,94.60,208.60,196.00,77.20,24.60,N,Y,N,,Y,Y,04/11/2025,,02/14/2025,05/15/2025,14.00,234.10,14.80,50.00,5.10,0.00,125.00,80.00,36.30,N,Y,02/14/2025,,Justin,02/14/2025,Positive
CE0010797,IDS Expired,A+,04/12/1990,,Male,Mixed,"LP, WB, BM,",BM 100ml,,POSITIVE,Negative,86.60,190.90,182.00,71.70,26.10,Y,N,N,,Y,N,,11/19/2025,11/19/2025,02/17/2026,14.30,238.70,42.50,71.00,5.20,0.00,128.00,70.00,36.10,N,Y,11/07/2024,,Alexander,06/11/2025,Negative
CE0010798,Ineligible,,01/02/2003,,Female,,,,,,,75.10,165.57,175.00,68.90,24.52,N,Y,Y,"Food,",N,N,,,,,11.66,181.80,35.40,50.00,6.14,0.00,100.00,56.00,36.30,N,N,,,Kira,,
CE0010799,Eligible,A+,11/13/1994,,Male,AfricanAmerican,"LP, WB, MLP,",Not Interested,,Negative,Positive,70.10,154.54,180.00,70.87,21.64,N,N,Y,"Environmental,",Y,N,01/22/2025,06/25/2026,06/25/2026,09/23/2026,13.69,225.50,41.60,70.00,4.54,0.00,113.00,63.00,35.80,Y,Y,11/07/2024,"Allergies: seasonal;
4/6/26: Donor still interested in doing a mobLP. Great veins. Reliable.",Jamal,,
CE0010800,Ineligible,O+,10/04/1998,,Male,Mixed,,,,POSITIVE,Positive,101.40,223.55,183.00,72.05,30.28,N,Y,N,,Y,N,,01/22/2025,01/22/2025,04/22/2025,14.60,228.40,43.90,62.00,4.38,0.00,104.00,56.00,36.40,N,N,,,Ben,10/30/2024,Positive
CE0010801,Eligible,B-,12/10/2001,,Female,Mixed,"LP,",,,Negative,Positive,69.90,154.10,175.00,68.90,21.40,N,Y,N,,Y,N,11/10/2025,,06/03/2026,09/01/2026,12.19,266.80,36.60,91.00,5.00,0.00,118.00,69.00,36.60,Y,Y,11/21/2024,,Kayla,,
CE0010802,Ineligible,,04/18/1975,,Female,Caucasian,,,,,,64.90,143.08,170.00,66.93,22.46,Y,Y,Y,"Medication,",N,N,,,,,0.00,0.00,0.00,76.00,0.00,0.00,106.00,66.00,36.00,N,N,,,Lindsey,,
CE0010803,Ineligible,B+,06/20/1988,,Female,Caucasian,,,,POSITIVE,,57.60,126.99,173.00,68.10,20.30,Y,N,N,,Y,N,,11/21/2024,10/21/2024,01/19/2025,13.10,286.20,37.40,73.00,4.30,0.00,103.00,66.00,36.10,N,N,,,Meb,,
CE0010804,Eligible,O+,11/11/1970,,Female,Caucasian,"LP, WB, BM,",BM 100ml,,Negative,,100.50,221.56,165.00,64.96,36.91,Y,N,Y,"Environmental,",Y,N,07/01/2026,,07/01/2026,09/29/2026,15.05,265.70,44.00,84.00,5.84,0.00,145.00,86.00,36.50,Y,Y,11/05/2024,"Allergies: seasonal pollen;
Donor changed from Lisinopril to Losartan, last dose 3/2/2026. Deferral of one week. Now eligible for LP",Julie,,
CE0010805,Eligible,B-,10/02/1987,,Male,Caucasian,"LP, WB, BM,",,,Positive,,114.50,252.43,175.00,68.90,37.52,N,Y,Y,"Environmental,",Y,N,,06/23/2026,04/15/2026,07/14/2026,15.61,270.50,46.60,86.00,5.43,0.00,179.00,99.00,36.40,N,Y,11/12/2024,"ALLERGIES: DUST, GRASS",Daniel Alexander,,
CE0010806,IDS Expired,AB+,03/10/1997,,Female,Mixed,"LP, WB,",Not Interested,,Negative,Positive,68.50,151.00,163.00,64.20,25.80,N,Y,N,,Y,N,,11/04/2025,11/04/2025,02/02/2026,13.00,160.80,37.60,73.00,3.60,0.00,103.00,64.00,36.20,N,Y,11/07/2024,,Michelle,02/06/2025,Positive
CE0010807,Deferred,A-,02/23/1988,,Male,Caucasian,,BM 100ml,,Negative,,81.70,180.12,185.00,72.83,23.87,Y,N,N,,Y,Y,06/18/2025,12/18/2024,06/18/2025,09/16/2025,14.22,202.90,40.10,68.00,5.61,0.00,111.00,62.00,36.50,N,Y,11/08/2024,donor moving to another state; no longer interested.,Jared,,
CE0010808,Ineligible,B+,02/14/1985,,Male,AfricanAmerican,,,,Positive,positive,81.90,180.56,175.00,68.90,26.74,N,Y,N,,Y,Y,12/09/2024,11/25/2025,10/28/2025,01/26/2026,9.68,188.00,34.50,80.00,5.32,0.00,136.00,74.00,36.70,N,Y,11/04/2024,permanent DQ d/t history of low HGB,Myron,,
CE0010810,IDS Expired,A+,07/30/1995,,Female,Caucasian,"BM,",BM 100ml,,Negative,,88.70,195.60,170.20,67.00,30.60,Y,N,N,,N,N,,,10/25/2024,01/23/2025,12.60,310.00,38.70,79.00,4.90,0.00,137.00,81.00,36.10,N,N,,,Isabella,,
CE0010811,IDS Expired,B-,06/27/1999,,Female,Mixed,"LP, WB, BM,",BM 100ml,,Positive,Positive,89.70,197.80,178.00,70.10,28.30,Y,N,N,,Y,Y,,11/20/2024,10/25/2024,01/23/2025,12.70,219.30,38.10,81.00,6.10,0.00,130.00,77.00,36.00,N,Y,11/20/2024,,Kyra,,
CE0010812,IDS Expired,A+,05/07/2004,,Female,Hispanic,"LP,",,,Negative,POSITIVE,62.60,138.00,163.00,64.20,23.60,Y,N,N,,Y,N,,04/01/2026,02/04/2026,05/05/2026,12.60,184.90,36.10,69.00,3.20,0.00,114.00,63.00,36.30,N,Y,11/14/2024,,Aracely,11/14/2024,POSITIVE
CE0010813,Eligible,A+,05/09/2000,,Female,Caucasian,"LP, WB, BM,",BM 100ml,,Negative,Positive,62.90,138.67,165.00,64.96,23.10,N,N,N,,Y,Y,01/12/2026,06/01/2026,06/01/2026,08/30/2026,12.51,281.10,36.70,82.00,5.70,0.00,126.00,72.00,35.90,Y,Y,,,Maryann,,
CE0010814,Deferred,,10/04/1996,,Male,Caucasian,"LP, WB, BM,",BM 100ml,,Negative,,71.80,158.29,178.00,70.08,22.66,Y,N,Y,"Environmental,",N,N,,,10/28/2024,01/26/2025,14.45,158.20,41.40,66.00,5.59,0.00,117.00,71.00,36.60,N,N,,,Kyle,,
CE0010815,Deferred,,06/13/1994,,Male,,,,,,,84.00,185.20,170.20,67.00,29.00,N,N,N,,N,N,,,,,0.00,0.00,0.00,108.00,0.00,0.00,140.00,85.00,32.40,N,N,,,Damarius,,
CE0010817,Ineligible,,04/22/1974,,,,,,,,,82.80,182.50,185.00,72.80,24.20,N,N,N,,N,N,,,,,0.00,0.00,0.00,74.00,0.00,0.00,212.00,112.00,35.70,N,N,,,Leonis,,
CE0010818,Ineligible,,07/03/2002,,Female,,,,,,,113.00,249.12,157.00,61.81,45.84,N,N,N,,N,N,,,,,11.67,243.00,35.40,95.00,7.07,0.00,115.00,76.00,36.40,N,N,,,Marina,,
CE0010819,IDS Expired,O+,04/01/2003,,Female,AfricanAmerican,"LP,",,,Positive,Positive,115.10,253.80,155.00,61.00,47.90,N,N,N,,Y,Y,,01/02/2025,11/05/2024,02/03/2025,11.50,296.70,34.60,81.00,4.70,0.00,120.00,73.00,36.30,N,Y,11/21/2024,,Raven,11/21/2024,Positive
CE0010820,IDS Expired,O+,06/22/1994,,Female,AfricanAmerican,"LP,",,,Negative,positive,96.20,212.08,173.00,68.11,32.14,Y,N,Y,"Medication, Environmental,",Y,N,,09/08/2025,09/08/2025,12/07/2025,12.48,398.70,38.10,85.00,5.69,0.00,122.00,73.00,36.30,N,N,,"Allergies: Seasonal, Amoxicillin",Magatte,01/14/2025,positive
CE0010821,IDS Expired,O+,08/19/1986,,Female,Caucasian,"LP, WB, BM,",BM 100ml,,Positive,,87.90,193.80,173.00,68.10,29.40,N,N,Y,"Food,",Y,N,04/30/2025,,02/20/2025,05/21/2025,13.70,210.10,42.50,76.00,7.70,0.00,108.00,76.00,36.50,N,Y,11/19/2024,Allergy: Black Pepper,Alexis,,
CE0010822,Ineligible,O+,07/04/1989,,Male,Mixed,,,,Positive,,72.30,159.40,175.00,68.90,23.60,N,N,Y,"Environmental,",Y,Y,01/22/2025,04/14/2025,04/08/2025,07/07/2025,15.00,195.60,44.70,75.00,5.10,0.00,100.00,61.00,35.80,N,Y,03/06/2025,,Lorin,,
CE0010823,Ineligible,O+,10/21/1970,,Male,Caucasian,,,,negative,,73.90,162.92,172.00,67.72,24.98,Y,N,N,,N,N,01/15/2025,,11/07/2024,02/05/2025,15.10,224.60,43.00,68.00,5.00,0.00,128.00,78.00,36.00,N,Y,11/19/2024,Takes an ACE inhibitor. DQ for LP,Philip,,
CE0010824,Eligible,A+,01/28/1998,,Female,Hispanic,"WB, BM,",BM 100ml,,Negative,,76.70,169.09,173.00,68.11,25.63,N,N,N,,Y,N,05/20/2026,,05/20/2026,08/18/2026,14.45,284.00,43.20,81.00,7.50,0.00,102.00,64.00,36.30,Y,Y,01/21/2026,,Christine,,
CE0010826,Ineligible,,11/21/1975,,,,,,,,,102.10,225.09,168.00,66.14,36.17,N,N,N,,N,N,,,,,12.04,277.50,36.30,73.00,9.47,0.00,115.00,65.00,36.50,N,N,,,Crystal,,
CE0010827,IDS Expired,O-,01/08/2006,,Female,AfricanAmerican,"LP,",DQ,,Negative,,71.80,158.30,162.60,64.00,27.20,N,N,N,,N,N,,,11/12/2024,02/10/2025,12.10,211.70,37.30,65.00,5.50,0.00,115.00,79.00,36.50,N,N,,,Elise,,
CE0010828,IDS Expired,B+,11/18/1977,,Female,Caucasian,"LP,",,,POSITIVE,,107.50,237.00,180.00,70.90,33.20,Y,N,N,,Y,Y,,01/06/2025,11/12/2024,02/10/2025,11.90,316.60,35.30,69.00,4.50,0.00,155.00,94.00,36.10,N,N,,,Elizabeth,,
CE0010829,Deferred,,03/09/1988,,,,,,,,,0.00,0.00,0.00,0.00,0.00,N,N,N,,N,N,,,,,0.00,0.00,0.00,0.00,0.00,0.00,0.00,0.00,0.00,N,N,,,Jianqiao,,
CE0010830,IDS Expired,O+,07/29/1990,,Male,asian,"LP, WB,",Not Interested,,POSITIVE,Positive,105.70,233.00,175.00,68.90,34.50,Y,N,Y,"Environmental,",Y,N,,02/26/2025,02/26/2025,05/27/2025,16.00,225.70,48.10,94.00,8.70,0.00,139.00,84.00,35.80,N,N,,,Paul-Vincent,02/26/2025,Positive
CE0010831,IDS Expired,A+,04/15/2002,,Male,Mixed,"LP,",DQ,,NEGATIVE,Positive,86.50,190.70,177.00,69.70,27.60,N,N,N,,Y,N,02/13/2025,,02/13/2025,05/14/2025,12.90,276.30,38.40,80.00,7.60,0.00,137.00,80.00,36.30,N,N,,,Antion,02/13/2025,Positive
CE0010832,IDS Expired,A+,03/30/1998,,Male,Caucasian,"LP, WB, BM,",BM 100ml,,NEGATIVE,negative,63.30,139.60,178.00,70.10,20.00,N,N,N,,Y,Y,,12/03/2024,11/13/2024,02/11/2025,14.80,232.10,43.50,56.00,3.20,0.00,118.00,71.00,36.40,N,Y,12/03/2024,,Robert,,
CE0010833,Eligible,AB+,02/28/2003,,Female,Mixed,"LP, WB,",DQ,,POSITIVE,positive,55.40,122.10,157.00,61.80,22.50,Y,N,N,,Y,N,,05/11/2026,05/04/2026,08/02/2026,14.40,317.00,42.90,69.00,8.20,0.00,100.00,65.00,36.30,Y,Y,12/12/2024,,Isabela,,
CE0010834,IDS Expired,B+,10/13/2001,,Female,Caucasian,"LP, WB,",Not Interested,,NEGATIVE,positive,60.90,134.30,157.50,62.00,24.60,Y,N,N,,Y,Y,,12/02/2024,11/14/2024,02/12/2025,12.70,289.60,36.60,89.00,7.60,0.00,123.00,70.00,36.20,N,Y,12/02/2024,,Isabella,,
CE0010835,Ineligible,,08/21/2005,,Female,asian,,DQ,,,,56.20,123.90,150.00,59.06,24.98,N,N,N,,N,N,,,,,0.00,0.00,0.00,76.00,0.00,0.00,125.00,75.00,36.60,N,N,,veins not suitable for LP;  Not qualifies for BM d/t weight.,Aeriel,,
CE0010836,Ineligible,,05/15/1985,,Male,Mixed,,,,,,105.50,232.59,185.00,72.83,30.83,N,Y,N,,N,N,,,,,13.85,123.90,41.20,90.00,5.50,0.00,162.00,90.00,36.70,N,N,,,Mychal,,
CE0010837,Deferred,,05/16/2006,,,,,,,,,63.70,140.40,0.00,0.00,0.00,N,N,N,,N,N,,,,,11.90,208.90,34.70,73.00,5.80,0.00,117.00,61.00,36.50,N,N,,,Jordan,,
CE0010838,IDS Expired,O+,06/16/2001,,Male,Hispanic,"LP, WB, BM,",BM 100ml,,POSITIVE,,75.10,165.60,175.30,69.00,24.50,N,N,N,,N,N,,,11/20/2024,02/18/2025,15.60,183.20,45.10,100.00,5.30,0.00,132.00,81.00,36.50,N,N,,,"Oziel  ""Ozzie""",,
CE0010839,Ineligible,A+,07/21/1986,,Male,asian,,,,,,79.90,176.20,165.00,65.00,29.40,N,N,N,,N,N,,,,,14.80,255.60,43.50,98.00,7.30,0.00,141.00,87.00,35.80,N,N,,Donor has fatty liver disease,Stephen,,
CE0010840,Eligible,B+,11/29/1996,,Male,Caucasian,"LP, WB, BM,",BM 100ml,,positive,positive,80.40,177.25,183.00,72.05,24.01,Y,N,N,,Y,Y,06/17/2026,,06/17/2026,09/15/2026,15.96,220.80,46.40,76.00,5.36,0.00,107.00,72.00,36.20,Y,Y,04/16/2025,,Sean,,
CE0010841,IDS Expired,AB+,01/09/2001,,Male,Caucasian,"LP, WB, BM,",BM 100ml,,Negative,POSITIVE,68.90,151.90,185.00,72.80,20.10,N,Y,N,,Y,Y,05/13/2025,,05/13/2025,08/11/2025,16.30,180.40,47.80,79.00,3.20,0.00,146.00,65.00,36.50,N,N,,,Nicholas,,
CE0010842,IDS Expired,O+,05/04/1989,,Male,Caucasian,"LP, WB, BM,",BM 100ml,,NEGATIVE,,92.30,203.50,191.00,75.20,25.30,Y,N,N,,Y,N,05/07/2025,,05/07/2025,08/05/2025,14.10,293.50,41.50,71.00,5.80,0.00,149.00,98.00,36.20,N,N,,,Michael,,
CE0010843,Ineligible,O+,10/10/2000,,Female,Caucasian,,BM 100ml,,negative,,74.80,164.91,163.00,64.17,28.15,Y,N,N,,N,N,01/02/2025,,11/22/2024,02/20/2025,15.06,318.40,44.80,80.00,5.80,0.00,109.00,75.00,36.00,N,Y,01/02/2025,,Molly,,
CE0010844,Ineligible,,05/08/2004,,,,,,,,,69.80,153.88,172.72,68.00,23.40,Y,N,N,,N,N,,,11/22/2024,02/20/2025,15.90,225.40,48.00,71.00,8.35,0.00,123.00,69.00,36.10,N,N,,,Jack,,
CE0010845,Not Responsive,,04/11/2003,,,,,,,,,51.00,112.44,0.00,0.00,0.00,N,N,N,,N,N,,,,,0.00,0.00,0.00,0.00,0.00,0.00,0.00,0.00,0.00,N,N,,,Victoria,,
CE0010846,Deferred,,11/20/1978,,,,,,,,,88.20,194.50,160.00,63.00,34.50,N,N,N,,N,N,,,,,8.00,208.00,27.40,87.00,3.80,0.00,143.00,80.00,36.20,N,N,,,Shante,,
CE0010847,Deferred,,11/24/1994,,,,,,,,,58.60,129.19,165.10,65.00,21.50,N,N,N,,N,N,,,,,0.00,0.00,0.00,63.00,0.00,0.00,106.00,69.00,36.30,N,N,,,Heather,,
CE0010849,Eligible,B+,10/17/2003,,Female,AfricanAmerican,"LP,",DQ,,POSITIVE,POSITIVE,106.10,233.91,160.00,62.99,41.45,Y,N,Y,"Environmental,",Y,N,,07/06/2026,07/06/2026,10/04/2026,12.47,187.50,37.10,70.00,4.54,0.00,123.00,69.00,36.50,Y,Y,12/17/2024,"ALLERGIES: SEASONAL, amoxicillin;",Desiree,12/17/2024,POSITIVE
CE0010850,IDS Expired,A+,01/19/1998,,Male,Hispanic,"LP, WB, BM,",BM 100ml,,positive,Positive,70.00,154.30,170.00,66.90,24.20,N,N,N,,Y,N,12/18/2024,02/04/2025,12/02/2024,03/02/2025,14.30,245.90,41.80,79.00,5.70,0.00,126.00,71.00,36.10,N,N,,,Awki,02/04/2025,Positive
CE0010851,Eligible,B+,01/29/1995,,Female,Mixed,"LP,",DQ,,NEGATIVE,POSITIVE,83.10,183.20,170.00,66.93,28.75,Y,N,Y,"Medication, Environmental,",Y,Y,11/17/2025,06/23/2026,06/23/2026,09/21/2026,11.45,299.00,35.30,74.00,8.32,0.00,103.00,61.00,36.10,Y,Y,12/17/2024,Allergic to: Amoxicillin,Maja,12/17/2024,POSITIVE
CE0010852,IDS Expired,A+,04/12/1991,,Male,Hispanic,"LP, WB, BM,",BM 100ml,,NEGATIVE,,75.00,165.40,160.00,63.00,29.30,N,N,N,,N,N,,,12/03/2024,03/03/2025,15.30,202.00,45.20,77.00,7.10,0.00,127.00,77.00,35.80,N,N,,,Candido,,
CE0010853,Deferred,,01/29/1970,,,,,,,,,109.30,240.97,195.58,77.00,28.57,N,N,N,,N,N,,,,,11.83,207.90,35.10,70.00,6.61,0.00,138.00,80.00,37.00,N,N,,,Alex,,
CE0010854,Ineligible,A+,10/11/1999,,Female,Mixed,,BM 100ml,,NEGATIVE,,70.20,154.76,173.00,68.11,23.46,Y,N,N,,N,N,03/06/2025,,12/05/2024,03/05/2025,12.69,223.80,38.90,70.00,3.68,0.00,104.00,61.00,35.80,N,N,,,Georgia,,
CE0010855,IDS Expired,O+,07/02/1996,,Male,Hispanic,"LP, WB, BM,",BM 100ml,,POSITIVE,positive,76.70,169.10,170.00,66.90,26.50,N,N,N,,N,N,,03/24/2026,03/24/2026,06/22/2026,14.20,290.40,41.60,67.00,5.10,0.00,145.00,85.00,36.30,N,Y,01/02/2025,,Juan,,
CE0010856,IDS Expired,AB+,10/27/1998,,Female,asian,"LP, WB,",DQ,,Negative,Positive,63.50,140.00,163.00,64.20,23.90,N,N,N,,Y,Y,,08/04/2025,05/21/2025,08/19/2025,13.00,242.50,37.90,82.00,3.90,0.00,132.00,71.00,36.30,N,Y,01/13/2025,,Brittney,03/04/2025,POSITIVE
CE0010857,Eligible,O+,08/01/1976,,Female,Caucasian,"LP,",,,NEGATIVE,,87.30,192.46,170.00,66.93,30.21,Y,N,Y,"Medication,",Y,Y,06/17/2025,05/20/2026,05/20/2026,08/18/2026,12.20,276.70,37.00,71.00,4.66,0.00,124.00,72.00,36.30,Y,Y,01/07/2025,ALLERGY: LAMICTAL;,Mary,,
CE0010858,Ineligible,A+,03/27/2000,,Male,AfricanAmerican,"LP, WB,",DQ,,NEGATIVE,POSITIVE,93.80,206.80,185.00,72.80,27.40,N,N,Y,"Medication,",Y,N,,07/22/2025,06/03/2025,09/01/2025,15.50,130.40,45.00,55.00,3.50,0.00,135.00,68.00,36.50,N,Y,12/17/2024,,Terrell,12/17/2024,POSITIVE
CE0010859,Eligible,O+,01/09/1976,,Female,asian,"WB, BM,",BM 100ml,,Positive,,87.00,191.80,157.00,61.81,35.30,Y,N,N,,Y,N,07/08/2026,,07/08/2026,10/06/2026,15.04,310.20,45.60,100.00,10.21,0.00,115.00,77.00,36.80,Y,Y,07/07/2025,NI-LP no time.,Nancy,,
CE0010860,IDS Expired,O+,07/10/1993,,Female,Hispanic,"LP,",DQ,,Positive,,70.20,154.80,157.00,61.80,28.50,N,N,N,,N,N,,,12/06/2024,03/06/2025,12.00,283.70,37.00,62.00,7.90,0.00,100.00,62.00,36.30,N,N,,,Beatriz,,
CE0010861,Eligible,AB+,09/27/1992,,Male,asian,"LP, WB, BM,",BM 100ml,,negative,Positve,112.40,247.80,185.00,72.83,32.84,N,Y,N,,Y,N,,06/11/2026,05/04/2026,08/02/2026,16.26,243.60,47.60,79.00,5.72,0.00,138.00,82.00,36.40,Y,Y,07/14/2025,,Alek,02/04/2025,Positive
CE0010862,IDS Expired,O+,12/16/2003,,Female,asian,"LP, WB, BM,",BM 100ml,,Positive,Positive,94.80,209.00,165.00,65.00,34.80,N,N,N,,Y,Y,,01/06/2025,12/09/2024,03/09/2025,13.20,228.10,39.20,76.00,8.00,0.00,118.00,64.00,36.30,N,Y,01/06/2025,,Isita,,
CE0010863,IDS Expired,O+,09/14/1982,,Male,AfricanAmerican,"LP, WB, BM,",BM 100ml,,Positive,,77.80,171.50,180.00,70.90,24.00,N,Y,N,,N,N,,,12/09/2024,03/09/2025,13.50,199.40,40.80,81.00,9.90,0.00,110.00,69.00,36.00,N,N,,,Maurice,,
CE0010864,Ineligible,,03/13/2000,,Female,Mixed,,,,,,75.20,165.79,170.00,66.93,26.02,N,N,N,,N,N,,,,,13.98,314.00,40.20,73.00,5.14,0.00,119.00,78.00,36.30,N,N,,,Kathryn,,
CE0010865,Eligible,O+,05/18/1995,,Female,Caucasian,"WB, BM,",BM 100ml,,negative,NEGATIVE,77.70,171.30,173.00,68.11,25.96,Y,N,Y,"Environmental,",Y,Y,07/09/2026,,07/09/2026,10/07/2026,13.90,228.90,41.40,90.00,4.26,0.00,108.00,68.00,36.30,Y,Y,01/17/2025,ALLERGIES: SEASONAL,Kali,03/17/2025,NEGATIVE
CE0010866,Eligible,O+,12/09/2002,,Female,AfricanAmerican,"LP, WB,",DQ,,positive,POSITIVE,58.00,127.87,160.00,62.99,22.66,N,N,N,,Y,Y,,07/01/2026,07/01/2026,09/29/2026,13.59,264.40,39.80,100.00,7.11,0.00,100.00,65.00,36.00,Y,Y,02/03/2025,,Destiny,02/03/2025,POSITIVE
CE0010867,Eligible,O+,01/13/1999,,Male,Mixed,"LP, WB, BM,",BM 100ml,,NEGATIVE,POSITIVE,107.90,237.88,191.00,75.20,29.58,Y,N,N,,Y,N,02/17/2026,06/11/2026,04/30/2026,07/29/2026,14.84,242.50,44.80,86.00,5.73,0.00,126.00,77.00,36.60,Y,Y,02/06/2025,,Richard,,
CE0010868,IDS Expired,O+,02/10/1990,,Female,Caucasian,"LP, WB,",DQ,,negative,,58.20,128.30,162.60,64.00,22.00,Y,N,N,,N,N,,,12/12/2024,03/12/2025,13.00,226.10,39.60,78.00,6.00,0.00,126.00,73.00,35.80,N,N,,,Lauren,,
CE0010869,IDS Expired,B+,12/16/1992,,Female,Caucasian,"LP, WB, BM,",,,negative,,67.80,149.50,165.00,65.00,24.90,Y,N,Y,"Medication,",N,N,,,12/16/2024,03/16/2025,12.70,257.30,37.30,61.00,6.20,0.00,120.00,80.00,36.40,N,N,,allergies- erythromycin,Marissa,,
CE0010870,Ineligible,O+,09/25/2002,,Female,,"LP,",,,Negative,,96.50,212.80,180.30,71.00,29.70,N,Y,Y,"Medication, Food,",N,N,,,12/16/2024,03/16/2025,12.50,306.70,38.00,59.00,7.40,0.00,113.00,62.00,36.50,N,N,,"Hx of iron Deficiency. Donor allergic to Sulfa, Treenuts, Iodine",Sarai,,
CE0010871,IDS Expired,B+,12/18/2003,,Female,Hispanic,"BM,",BM 100ml,,negative,,93.00,205.00,165.00,65.00,34.20,N,N,N,,N,N,02/28/2025,,12/17/2024,03/17/2025,15.50,347.20,46.10,82.00,7.00,0.00,126.00,85.00,36.00,N,N,,12/17/2024 -veins unsuitable for apheresis. Reassess for WB with first appt,Esmeralda,,
CE0010872,Ineligible,,08/22/1977,,Female,AfricanAmerican,,,,,,77.60,171.08,160.00,62.99,30.31,Y,N,Y,"Medication,",N,N,,,,,0.00,0.00,0.00,74.00,0.00,0.00,147.00,97.00,36.30,N,N,,,Tamika,,
CE0010873,IDS Expired,O+,07/26/1993,,Male,Mixed,"LP, WB, BM,",BM 100ml,,NEGATIVE,positive,90.50,199.50,170.00,66.90,31.30,Y,N,Y,"Food, Environmental,",Y,N,,01/15/2026,01/15/2026,04/15/2026,15.80,291.30,48.00,76.00,5.70,0.00,134.00,75.00,36.60,N,Y,02/24/2025,"Allergies: Seasonal, pets, watermelon, bell pepper, carrot",Armon,,
CE0010874,IDS Expired,O+,11/17/1990,,Male,Mixed,"LP, WB, BM,",BM 100ml,,Positive,,94.20,207.70,177.80,70.00,29.80,N,Y,N,,N,N,01/21/2025,,12/17/2024,03/17/2025,13.70,278.20,42.30,73.00,5.30,0.00,152.00,84.00,36.00,N,N,,,Mar,,
CE0010875,Eligible,O+,10/26/1994,,Female,Hispanic,"LP, WB,",Not Interested,,NEGATIVE,positive,78.70,173.50,160.00,62.99,30.74,N,N,Y,"Medication,",Y,Y,,06/08/2026,04/30/2026,07/29/2026,13.25,334.40,39.40,66.00,8.35,0.00,112.00,68.00,36.20,Y,Y,01/14/2025,allergy: amoxicillin,Synthya,,
CE0010876,Eligible,O+,07/20/1994,,Male,Hispanic,"LP, WB, MLP,",Not Interested,,Negative,POSITIVE,99.80,220.02,170.00,66.93,34.22,N,N,N,,Y,Y,,06/24/2026,05/04/2026,08/02/2026,15.23,308.28,46.10,85.00,6.08,0.00,130.00,83.00,36.60,Y,Y,01/14/2025,Completed mobLP 12/09/25. Deferred until 12/09/26.,Patrick,01/14/2025,POSITIVE
CE0010878,IDS Expired,AB+,12/29/1995,,Female,asian,"LP, WB,",Not Interested,,POSITIVE,NEGATIVE,61.00,134.50,157.00,61.80,24.80,Y,N,Y,"Environmental,",Y,Y,,02/18/2025,12/19/2024,03/19/2025,12.80,241.40,39.90,90.00,4.40,0.00,115.00,74.00,36.00,N,Y,02/18/2025,"Allergies: pollen, seasonal",Rachel,02/18/2025,NEGATIVE
CE0010879,Eligible,O+,04/11/1979,,Female,Unknown,"LP,",DQ,,Negative,,57.90,127.65,163.00,64.17,21.79,N,N,N,,Y,N,,01/14/2025,12/19/2024,03/19/2025,11.89,243.00,35.90,73.00,3.97,0.00,135.00,78.00,36.20,N,Y,01/14/2025,,Sonia,,
CE0010880,IDS Expired,B+,02/07/1996,,Male,Caucasian,"LP, WB, BM,",BM 100ml,,NEGATIVE,POSITIVE,62.80,138.40,180.00,70.90,19.40,Y,Y,N,,Y,Y,,02/23/2026,02/23/2026,05/24/2026,14.80,245.40,43.40,78.00,5.40,0.00,116.00,67.00,35.80,N,Y,02/03/2025,"6/26/25: Not eligible for  mobLP: nauseated x 2 during LP, hypostensive post-collection. AC infusion at 0.8 due to citrate sensitivity.",Christopher,01/31/2025,POSITIVE
CE0010881,Deferred,,03/08/2004,,,,,,,,,0.00,0.00,0.00,0.00,0.00,N,N,N,,N,N,,,,,0.00,0.00,0.00,0.00,0.00,0.00,0.00,0.00,0.00,N,N,,deferred due to poor venous access. Can return when well hydrated for reassessment,Diana,,
CE0010882,IDS Expired,O+,09/10/1999,,Male,Hispanic,"LP, WB,",Not Interested,,Positive,,92.20,203.30,170.00,66.90,31.90,N,N,N,,N,N,,,12/19/2024,03/19/2025,13.90,222.50,40.80,66.00,6.30,0.00,130.00,71.00,36.60,N,N,,,Carlos,,
CE0010883,Deferred,,02/14/1995,,,,,,,,,90.20,198.86,170.18,67.00,31.15,N,N,N,,N,N,,,,,10.23,311.90,31.20,84.00,7.15,0.00,107.00,72.00,36.60,N,N,,,Yssis,,
CE0010884,Ineligible,O+,09/11/1988,,Male,AfricanAmerican,,,,negative,,62.00,136.69,160.00,62.99,24.22,N,N,N,,Y,N,,01/02/2025,12/20/2024,03/20/2025,13.56,213.80,40.60,68.00,6.86,0.00,118.00,70.00,35.80,N,N,,,Michael,,
CE0010885,IDS Expired,B-,03/15/1986,,MTF,Caucasian,"LP, WB, BM,",BM 100ml,,Positive,,83.60,184.30,170.00,66.90,28.90,Y,Y,N,,N,N,,,12/20/2024,03/20/2025,13.00,294.30,38.60,70.00,7.40,0.00,131.00,75.00,35.70,N,N,,,Allison,,
CE0010886,IDS Expired,O+,10/16/1996,,Male,asian,"LP, WB, BM,",BM 100ml,,Negative,Positive,89.40,197.10,185.00,72.80,26.10,N,N,Y,"Environmental,",Y,N,07/02/2025,09/18/2025,09/18/2025,12/17/2025,14.80,228.80,42.70,87.00,5.40,0.00,129.00,78.00,36.30,N,Y,,"Allergies: pollen, birchwood",Kevin,03/19/2025,Positive
CE0010887,IDS Expired,O+,04/28/1995,,Male,Hispanic,"WB, BM,",BM 100ml,,POSITIVE,POSITIVE,80.00,176.40,170.00,66.90,27.70,N,N,N,,Y,N,12/15/2025,,11/21/2025,02/19/2026,14.40,252.40,47.90,61.00,4.00,0.00,111.00,76.00,36.30,N,Y,02/13/2025,,Jose,04/10/2025,POSITIVE
CE0010888,Eligible,O+,09/13/1980,,Male,AfricanAmerican,"LP, WB, BM,",BM 100ml,,positive,,97.60,215.17,175.00,68.90,31.71,N,N,Y,"Food,",Y,Y,05/14/2026,06/18/2026,05/14/2026,08/12/2026,15.98,258.50,48.80,84.00,4.73,0.00,151.00,81.00,36.50,Y,Y,01/17/2025,Allergic to: tuna and crab;,Billy,,
CE0010889,IDS Expired,O+,08/05/2003,,Male,Caucasian,"WB, BM,",BM 100ml,,Negative,positive,74.90,165.10,183.00,72.10,22.40,Y,N,N,"Food,",Y,N,04/02/2025,,04/02/2025,07/01/2025,14.50,218.80,43.70,61.00,5.40,0.00,126.00,73.00,36.20,N,N,,"Allergies: Nuts (cashews, pistachios) Donor is not interested in LP now d/t attending school long distance.",Conor,,
CE0010890,Ineligible,B+,12/18/1998,,Female,Mixed,,DQ,,Negative,,102.40,225.75,157.00,61.81,41.54,Y,N,Y,"Environmental,",Y,N,07/21/2025,,07/21/2025,10/19/2025,12.55,263.90,37.50,89.00,8.30,0.00,114.00,59.00,36.30,N,Y,02/13/2025,,Camille,,
CE0010891,IDS Expired,A+,10/21/2000,,Female,Mixed,"LP,",DQ,,Negative,POSITIVE,60.00,132.30,157.00,61.80,24.30,N,N,N,,Y,N,,05/28/2025,04/16/2025,07/15/2025,12.70,161.60,37.20,77.00,4.50,0.00,115.00,70.00,36.00,N,Y,02/03/2025,,Chloe,02/03/2025,POSITIVE
CE0010892,Ineligible,,07/14/2004,,,,,,,,,78.80,173.72,165.00,64.96,28.94,N,N,N,,N,N,,,,,0.00,0.00,0.00,0.00,0.00,0.00,0.00,0.00,36.60,N,N,,DQ- Diagnosed with Eczema,Kyanna,,
CE0010893,IDS Expired,A+,02/14/1988,,Male,Mixed,"LP, WB,",DQ,,Negative,,75.10,165.60,165.00,65.00,27.60,N,N,Y,"Medication, Food,",N,N,,,01/03/2025,04/03/2025,15.20,201.40,43.30,61.00,6.80,0.00,124.00,88.00,36.70,N,N,,"Allergies: Bananas, Sulfa drugs",Frieden,,
CE0010894,IDS Expired,O+,03/31/1999,,Male,Caucasian,"LP, WB, BM,",BM 100ml,,negative,,76.60,168.90,180.30,71.00,23.60,Y,N,N,,Y,Y,06/18/2025,,06/18/2025,09/16/2025,14.30,329.00,39.60,74.00,7.20,0.00,127.00,84.00,36.30,N,N,,"meds: lexapro, effexor",Christopher,,
CE0010895,Eligible,B+,03/25/1988,,Male,Caucasian,"LP, WB, BM, MLP,",BM 100ml,,Negative,NEGATIVE,101.20,223.11,188.00,74.02,28.63,N,N,N,,Y,Y,,06/22/2026,05/11/2026,08/09/2026,15.04,216.60,45.70,93.00,5.90,0.00,155.00,89.00,36.40,Y,Y,02/10/2025,,Abdullah,01/06/2026,NEGATIVE
CE0010896,IDS Expired,A+,12/07/2001,,Female,Caucasian,"LP, WB, BM,",BM 100ml,,Positive,NEGATIVE,84.40,186.10,180.00,70.90,26.10,Y,N,N,,Y,Y,,03/04/2025,01/07/2025,04/07/2025,13.10,204.00,39.90,72.00,5.60,0.00,120.00,68.00,35.90,N,Y,01/27/2025,,Bailey,01/27/2025,NEGATIVE
CE0010897,IDS Expired,O+,05/29/2003,,Male,Caucasian,"LP, WB, MLP,",Not Interested,,negative,Positive,89.10,196.40,180.00,70.90,27.50,N,N,N,,Y,Y,,12/01/2025,12/01/2025,03/01/2026,16.20,274.10,45.40,69.00,7.00,0.00,122.00,64.00,36.20,N,N,,Next mobLP 8/19/2026.,Omar,,
CE0010898,Ineligible,,09/16/2000,,,,,,,,,0.00,0.00,0.00,0.00,0.00,N,N,N,,N,N,,,,,0.00,0.00,0.00,0.00,0.00,0.00,0.00,0.00,0.00,N,N,,,Sophie,,
CE0010899,Deferred,,02/12/1990,,,,,,,,,86.20,190.04,168.00,66.14,30.54,N,N,N,,N,N,,,,,0.00,0.00,0.00,78.00,0.00,0.00,153.00,89.00,36.30,N,N,,,Ginger,,
CE0010900,IDS Expired,A+,04/06/2000,,Male,Mixed,"LP, WB,",,,Negative,,58.90,129.90,178.00,70.10,18.60,N,N,N,,N,N,,,01/08/2025,04/08/2025,13.70,149.40,39.70,88.00,4.80,0.00,125.00,76.00,36.40,N,N,,,Alexander,,
CE0010901,Not Responsive,,11/02/1993,,,,,,,,,136.00,299.83,178.00,70.08,42.92,N,N,N,,N,N,,,,,0.00,0.00,0.00,0.00,0.00,0.00,0.00,0.00,0.00,N,N,,,Charlotte,,
CE0010902,IDS Expired,AB+,09/24/1981,,Female,,"WB, BM,",BM 100ml,,Positive,,72.60,160.10,173.00,68.10,24.30,Y,N,Y,"Medication,",N,N,,,01/09/2025,04/09/2025,13.50,272.40,40.80,83.00,7.90,0.00,124.00,71.00,36.00,N,N,,,Kathryn,,
CE0010903,Eligible,O+,08/31/1986,,Male,Caucasian,"LP, WB,",DQ,,negative,positive,84.40,186.07,188.00,74.02,23.88,N,Y,Y,"Environmental,",Y,Y,,06/25/2026,06/25/2026,09/23/2026,14.92,176.10,45.40,76.00,6.39,0.00,154.00,85.00,35.80,Y,Y,02/12/2025,allergies: cats/pollen;,Nicholas,,
CE0010904,IDS Expired,O+,09/19/1995,,Female,Caucasian,"LP, WB, BM,",BM 100ml,,positive,,109.50,241.40,178.00,70.10,34.60,Y,N,N,"Environmental,",Y,N,,02/24/2025,01/13/2025,04/13/2025,13.40,233.70,40.60,79.00,5.40,0.00,107.00,59.00,36.60,N,Y,02/24/2025,,Shelby,,
CE0010905,Deferred,,05/09/1970,,Male,AfricanAmerican,,,,,,123.50,272.27,167.64,66.00,43.95,N,N,N,,N,N,,,,,0.00,0.00,0.00,0.00,0.00,0.00,0.00,0.00,0.00,N,N,,,Johann,,
CE0010906,Ineligible,,04/20/1992,,Female,,,,,,,120.03,264.62,170.00,66.93,41.53,Y,N,Y,"Environmental,",N,N,,,,,0.00,0.00,0.00,53.00,0.00,0.00,119.00,80.00,36.60,N,N,,,Simone,,
CE0010907,Ineligible,A+,07/07/1988,,Female,Caucasian,,,,POSITIVE,,74.70,164.69,175.00,68.90,24.39,N,N,N,"Environmental,",Y,Y,,02/11/2026,02/11/2026,05/12/2026,13.66,184.30,39.80,63.00,5.87,0.00,130.00,72.00,36.50,N,Y,02/12/2025,,Reka,,
CE0010908,IDS Expired,O+,11/25/1994,,Male,Hispanic,"LP, WB, BM,",BM 100ml,,Positive,POSITIVE,76.80,169.30,168.00,66.10,27.20,Y,Y,N,,Y,N,04/11/2025,,04/11/2025,07/10/2025,15.20,241.40,43.90,94.00,8.60,0.00,120.00,76.00,36.60,N,N,,,Enrique,,
CE0010909,Ineligible,B+,01/05/1988,,Male,AfricanAmerican,,,,negative,,75.80,167.11,170.18,67.00,26.17,N,N,N,,N,N,,,01/15/2025,04/15/2025,14.77,225.50,42.90,56.00,5.41,0.00,125.00,63.00,36.30,N,N,,,Kionte,,
CE0010910,Ineligible,A+,04/03/1990,,Male,Caucasian,,,,Negative,POSITIVE,78.80,173.72,180.00,70.87,24.32,Y,Y,N,"Medication,",Y,N,,02/24/2025,01/16/2025,04/16/2025,15.41,271.10,44.20,74.00,6.28,0.00,133.00,80.00,35.70,N,Y,02/24/2025,DQ d/t allergic reaction from Chlorhexidine after LP collection. Donor made aware that he can no longer donate.,Anthony,02/24/2025,POSITIVE
CE0010911,IDS Expired,O+,09/22/1994,,Female,Mixed,"LP, WB,",DQ,,POSITVE,Positive,58.30,128.50,157.00,61.80,23.70,N,N,Y,"Environmental,",Y,Y,,04/16/2026,03/12/2026,06/10/2026,13.30,270.80,39.00,65.00,4.80,0.00,130.00,69.00,36.30,N,Y,02/20/2025,allergy: seasonal,Elisa,,
CE0010912,Eligible,O+,01/24/1977,,Female,Caucasian,"LP, WB, BM,",BM 100ml,,negative,,89.90,198.20,170.00,66.90,29.00,N,N,N,,Y,Y,03/02/2026,07/13/2026,07/13/2026,10/11/2026,12.81,345.70,38.40,64.00,6.28,0.00,155.00,89.00,36.10,Y,Y,04/24/2025,,Kara,,
CE0010913,Ineligible,,05/31/1976,,,,,,,,,277.12,610.95,168.00,66.14,98.19,N,N,N,,N,N,,,,,0.00,0.00,0.00,0.00,0.00,0.00,0.00,0.00,0.00,N,N,,,Kashyap,,
CE0010914,IDS Expired,,11/12/2001,,Female,asian,"LP, WB,",,,negative,,55.70,122.80,170.20,67.00,19.20,Y,N,N,,N,N,,,01/21/2025,04/21/2025,13.50,237.20,40.80,61.00,7.80,0.00,106.00,66.00,36.40,N,N,,,Ailun,,
CE0010915,IDS Expired,O+,01/18/2000,,Female,Caucasian,"LP, WB, BM,",BM 100ml,,negative,positive,75.40,166.20,175.00,68.90,24.60,Y,N,Y,"Medication,",Y,Y,,02/19/2025,01/21/2025,04/21/2025,14.60,390.60,44.30,92.00,6.40,0.00,114.00,80.00,36.60,N,Y,02/19/2025,,Nicole,,
CE0010916,Ineligible,O-,04/04/2006,,Female,Caucasian,"LP, WB,",DQ,,positive,Positive,55.10,121.50,168.00,66.10,19.50,Y,N,N,,Y,Y,,02/05/2025,01/23/2025,04/23/2025,13.30,218.60,38.70,96.00,7.30,0.00,123.00,78.00,36.00,N,N,,,Cordillia,02/05/2025,Positive
CE0010917,Ineligible,,01/30/1989,,,,,,,,,0.00,0.00,0.00,0.00,0.00,N,N,N,,N,N,,,,,0.00,0.00,0.00,0.00,0.00,0.00,0.00,0.00,0.00,N,N,,,Kate,,
CE0010918,IDS Expired,O+,03/03/1994,,Male,Mixed,"LP, WB,",,,POSITIVE,positive,59.60,131.40,175.00,68.90,19.46,N,N,N,,Y,Y,,07/22/2025,07/15/2025,10/13/2025,14.75,272.00,41.90,65.00,5.42,0.00,140.00,82.00,36.20,N,Y,03/06/2025,,Tarif,,
CE0010919,IDS Expired,O+,01/09/2004,,Female,Mixed,"BM,",BM 100ml,,POSITIVE,,59.90,132.10,165.10,65.00,22.00,Y,N,Y,"Medication,",N,N,,,01/23/2025,04/23/2025,13.40,204.30,39.30,82.00,9.30,0.00,114.00,68.00,36.30,N,N,,,Arina,,
CE0010920,IDS Expired,O+,02/23/1996,,Female,Caucasian,"LP,",Not Interested,,NEGATIVE,Positive,61.90,136.50,162.00,63.80,23.60,N,N,Y,"Environmental,",Y,N,,02/17/2026,02/17/2026,05/18/2026,12.50,250.40,37.10,83.00,4.70,0.00,133.00,81.00,36.30,N,Y,02/26/2025,Allergies: Pet dander,Melissa,02/26/2025,Positive
CE0010921,IDS Expired,A+,03/17/1987,,Male,AfricanAmerican,"LP, WB, BM,",BM 100ml,,POSITIVE,,82.90,182.76,170.00,66.93,28.69,N,Y,Y,"Environmental,",Y,N,08/21/2025,07/03/2025,08/21/2025,11/19/2025,15.02,397.90,44.50,93.00,4.87,0.00,126.00,72.00,36.30,N,Y,03/03/2025,ALLERGY: NICKEL,Lamarr,,
CE0010922,IDS Expired,O+,07/16/1996,,Male,AfricanAmerican,"LP, WB, BM,",BM 100ml,,Negative,POSITIVE,92.00,202.83,188.00,74.02,26.03,N,N,N,,Y,N,09/25/2025,08/19/2025,08/19/2025,11/17/2025,13.70,230.90,38.60,75.00,3.48,0.00,124.00,77.00,36.30,N,Y,02/19/2025,,Davonte,04/08/2025,POSITIVE
CE0010923,Ineligible,,06/14/1993,,,,,,,,,0.00,0.00,0.00,0.00,0.00,N,N,N,,N,N,,,,,0.00,0.00,0.00,0.00,0.00,0.00,0.00,0.00,0.00,N,N,,,Christopher,,
CE0010924,Ineligible,O+,12/02/1991,,Female,Mixed,,BM 100ml,,POSITIVE,Positive,74.40,164.02,160.00,62.99,29.06,Y,N,Y,"Environmental,",Y,N,01/13/2026,04/23/2025,01/13/2026,04/13/2026,15.90,296.20,46.70,79.00,5.20,0.00,122.00,72.00,36.40,N,Y,03/19/2025,ALLERGIES: DUST,Zorahia,,
CE0010925,IDS Expired,AB+,11/21/1989,,Male,Hispanic,"LP, WB, BM,",BM 100ml,,NEGATIVE,,116.10,256.00,180.30,71.00,35.70,Y,N,Y,"Medication,",N,N,03/28/2025,,01/28/2025,04/28/2025,17.50,205.20,48.40,91.00,10.20,0.00,145.00,98.00,36.00,N,N,,,Gabriel,,
CE0010926,IDS Expired,A+,09/26/2000,,Male,asian,"LP, WB, BM,",BM 100ml,,POSITIVE,,75.30,166.00,178.00,70.10,23.80,N,N,N,,N,N,02/26/2025,,01/29/2025,04/29/2025,16.50,187.40,43.90,78.00,7.10,0.00,125.00,81.00,36.20,N,N,,,Raniele,,
CE0010927,IDS Expired,AB+,07/08/1999,,,,"WB, BM,",BM 100ml,,negative,,77.40,170.60,180.30,71.00,23.80,N,N,N,,N,N,,,01/29/2025,04/29/2025,16.00,257.90,47.30,69.00,4.50,0.00,132.00,81.00,36.40,N,N,,,Adrian,,
CE0010929,Eligible,O+,03/16/1979,,Male,Caucasian,"LP, WB,",DQ,,positive,POSITIVE,78.00,171.96,170.00,66.90,27.30,Y,N,N,,Y,N,,05/27/2026,05/27/2026,08/25/2026,15.19,201.70,44.60,81.00,6.94,0.00,130.00,80.00,36.20,Y,Y,02/12/2025,,Drew,,
CE0010930,Eligible,A+,07/14/1973,,Female,Caucasian,"LP, WB,",DQ,,Positive,,55.80,123.02,168.00,66.14,19.56,N,N,Y,"Environmental,",Y,N,,07/09/2026,05/12/2026,08/10/2026,14.35,204.70,43.00,72.00,4.38,0.00,123.00,84.00,36.40,Y,Y,03/11/2025,Allergy: Seasonal pollens,Sacha,,
CE0010931,Ineligible,A+,06/27/1969,,Female,Caucasian,,BM 100ml,,positive,,87.70,193.35,175.00,68.90,28.64,N,N,Y,"Medication,",Y,Y,06/18/2025,,06/18/2025,09/16/2025,15.12,245.00,44.80,67.00,4.98,0.00,136.00,89.00,35.60,N,N,,Close to aging out.,Sonia,,
CE0010932,Deferred,O+,11/05/1989,,Female,Caucasian,"LP, WB, BM,",BM 100ml,,POSITIVE,,62.50,137.79,170.00,66.93,21.63,Y,Y,N,,Y,N,04/08/2025,,01/30/2025,04/30/2025,13.15,252.50,39.40,85.00,2.81,0.00,116.00,77.00,36.10,N,N,,,Natalia,,
CE0010933,Ineligible,,07/09/1990,,,,,,,,,72.90,160.70,157.50,62.00,29.40,N,N,N,,N,N,,,,,0.00,0.00,0.00,77.00,0.00,0.00,112.00,73.00,35.70,N,N,,,Rodena,,
CE0010934,IDS Expired,A+,01/28/2000,,Male,asian,"LP, WB, MLP,",Not Interested,,POSITIVE,POSITIVE,78.50,173.10,165.00,65.00,28.80,N,N,N,,Y,Y,,04/24/2025,05/23/2025,08/21/2025,13.90,139.70,43.40,57.00,37.20,0.00,133.00,72.00,36.80,N,Y,04/24/2025,qualified for mLP - ACL 4/24/25. Eligible for next mobLP 6/7/26.,Ahmed,03/04/2025,POSITIVE
CE0010935,Ineligible,O+,06/20/1998,,Male,Hispanic,,,,NEGATIVE,,65.40,144.18,162.56,64.00,24.75,N,N,N,,N,N,,,02/10/2025,05/11/2025,16.97,374.70,50.80,97.00,8.23,0.00,118.00,72.00,36.50,N,N,,,Henry,,
CE0010936,IDS Expired,O+,05/21/2000,,Male,Hispanic,"LP, WB, BM, MLP,",BM 100ml,,Negative,positive,62.60,138.00,175.00,68.90,20.40,N,N,N,,Y,Y,,05/08/2025,05/08/2025,08/06/2025,16.10,270.20,46.20,62.00,4.80,0.00,114.00,64.00,35.90,N,Y,03/20/2025,,Camilo,03/20/2025,positive
CE0010938,Deferred,,02/24/1984,,,,,,,,,117.50,259.04,188.00,74.02,33.24,N,N,N,,N,N,,,,,0.00,0.00,0.00,0.00,0.00,0.00,0.00,0.00,0.00,N,N,,,Yoon,,
CE0010939,Ineligible,,10/29/1981,,,,,,,,,99.70,219.80,170.00,66.93,34.50,N,N,N,,N,N,,,02/14/2025,,0.00,0.00,0.00,68.00,0.00,0.00,143.00,88.00,36.60,N,N,,,Brittany,,
CE0010940,Ineligible,B+,12/11/1996,,Female,AfricanAmerican,,,,negative,Positive,65.10,143.52,180.00,70.87,20.09,Y,N,Y,"Environmental,",Y,N,,02/24/2026,02/24/2026,05/25/2026,11.91,245.00,30.90,65.00,4.64,0.00,115.00,65.00,36.60,N,Y,03/04/2025,Allergy: Cats,Jolene,03/04/2025,Positive
CE0010941,IDS Expired,O+,03/05/2005,,Female,Caucasian,"LP, WB, BM,",BM 100ml,,NEGATIVE,Negative,63.00,138.89,170.00,66.93,21.80,Y,N,N,,Y,Y,11/19/2025,04/23/2025,11/19/2025,02/17/2026,11.67,312.10,35.30,67.00,4.98,0.00,123.00,78.00,36.30,N,Y,03/03/2025,,Sara,,
CE0010942,Deferred,A+,08/25/2002,,Female,asian,"LP, WB, BM,",BM 100ml,,Positive,,63.60,140.21,167.64,66.00,22.63,Y,N,N,,N,N,,,02/20/2025,05/21/2025,14.21,241.80,42.90,60.00,5.88,0.00,100.00,63.00,36.10,N,N,,,Pin Hsuan,,
CE0010943,Eligible,B+,03/26/2006,,Male,Mixed,"LP, WB,",Not Interested,,Negative,POSITIVE,71.60,157.85,170.00,66.93,24.78,N,N,N,,Y,N,,06/17/2026,06/02/2026,08/31/2026,15.93,266.20,45.90,66.00,5.03,0.00,120.00,76.00,36.90,Y,N,,,Andre,,
CE0010944,IDS Expired,A+,01/19/1983,,Female,Hispanic,"LP, WB,",DQ,,positive,,76.40,168.40,160.00,63.00,29.80,N,N,N,,N,N,,,02/20/2025,05/21/2025,13.90,233.70,41.40,68.00,7.00,0.00,118.00,81.00,36.40,N,N,,,Yanira,,
CE0010945,Eligible,A+,08/10/1989,,Female,Mixed,"LP, WB,",Not Interested,,negative,,65.20,143.74,152.00,59.84,28.22,N,Y,Y,"Medication, Environmental,",Y,Y,,06/24/2026,06/24/2026,09/22/2026,13.43,247.20,39.30,60.00,6.46,0.00,112.00,70.00,36.20,Y,Y,04/10/2025,"Allergies: ceclor, dogs, cats, geranium rose;
DQ for mobLP--hx low HGB",Monica,,
CE0010946,IDS Expired,A+,03/13/1987,,Female,asian,"LP, WB,",DQ,,NEGATIVE,,66.50,146.60,168.00,66.10,23.60,Y,N,N,,Y,N,,05/12/2025,02/24/2025,05/25/2025,14.00,286.90,40.80,80.00,7.20,0.00,123.00,81.00,36.10,N,Y,03/17/2025,,Amy,,
CE0010947,IDS Expired,B+,02/16/1974,,Male,AfricanAmerican,"BM,",BM 100ml,,POSITIVE,,75.20,165.79,180.00,70.87,23.21,N,Y,Y,,Y,Y,06/12/2025,,06/10/2025,09/08/2025,13.30,156.10,43.40,86.00,7.92,0.00,137.00,85.00,37.10,N,N,,,Price,,
CE0010948,IDS Expired,B+,05/18/2002,,Male,Mixed,"LP, WB, BM,",BM 100ml,,positive,,88.00,194.00,183.00,72.10,26.30,Y,N,Y,"Environmental,",Y,N,,03/12/2025,02/24/2025,05/25/2025,15.20,280.60,45.50,71.00,5.20,0.00,127.00,65.00,36.10,N,Y,03/12/2025,,Andrew,,
CE0010949,Deferred,A+,01/21/1997,,Female,asian,"LP, WB, BM,",BM 100ml,,POSITIVE,,61.00,134.48,160.00,62.99,23.83,N,Y,Y,"Environmental,",N,N,,,02/24/2025,05/25/2025,13.19,194.10,39.20,77.00,7.08,0.00,114.00,66.00,35.90,N,Y,03/17/2025,ALLERGIES: NICKEL/LV,Anntaylor,,
CE0010950,Eligible,O+,12/25/1987,,Male,Mixed,"LP, WB,",DQ,,Positive,positive,112.40,247.80,175.00,68.90,36.70,N,N,N,,Y,N,,07/13/2026,05/04/2026,08/02/2026,15.16,232.00,45.00,86.00,4.47,0.00,173.00,98.00,36.20,Y,Y,09/30/2025,DQ BM d/t hx of hip surgery with screws.- ACL 3/3/25,Armani,,
CE0010951,IDS Expired,O+,05/13/1985,,Female,Caucasian,"LP,",,,POSITIVE,,70.00,154.30,175.00,68.90,22.90,Y,Y,Y,"Environmental,",Y,Y,,06/02/2025,05/27/2025,08/25/2025,11.90,174.40,36.10,67.00,5.10,0.00,104.00,61.00,36.40,N,Y,03/18/2025,"ALLERGIES: DUST, GRASS POLLEN",Sarah,,
CE0010952,Deferred,,12/12/1976,,,,,,,,,72.80,160.50,152.00,59.84,31.51,N,N,N,,N,N,,,,,12.10,390.60,37.10,71.00,8.35,0.00,124.00,82.00,35.90,N,N,,,Adeline,,
CE0010953,Ineligible,,05/23/2003,,Female,,,Not Interested,,,,66.20,145.95,165.00,64.96,24.32,Y,N,N,,N,N,,,,,0.00,0.00,0.00,79.00,0.00,0.00,114.00,78.00,36.40,N,N,,,Katherine,,
CE0010954,Ineligible,A+,06/28/1989,,Female,Caucasian,,,,negative,,64.10,141.32,163.00,64.17,24.13,Y,N,Y,"Environmental,",Y,Y,,03/12/2025,02/25/2025,05/26/2025,11.93,229.10,34.30,76.00,6.13,0.00,115.00,65.00,36.00,N,Y,03/12/2025,allergies pollen and grass,Brenna,,
CE0010955,Deferred,,04/21/1971,,Male,Unknown,,,,,,88.90,195.99,188.00,74.02,25.15,N,Y,N,,N,N,,,,,12.45,267.60,38.20,86.00,7.47,0.00,121.00,76.00,36.50,N,N,,,Matt,,
CE0010956,Deferred,,06/18/1988,,,,,,,,,0.00,0.00,0.00,0.00,0.00,N,N,N,,N,N,,,,,0.00,0.00,0.00,0.00,0.00,0.00,0.00,0.00,0.00,N,N,,,JaNae,,
CE0010957,Eligible,O+,07/09/1982,,Male,AfricanAmerican,"LP, WB, BM,",BM 100ml,,POSITIVE,Positive,95.60,210.76,180.00,70.90,29.40,N,N,N,,Y,N,,06/18/2026,06/18/2026,09/16/2026,15.72,188.40,47.80,67.00,6.06,0.00,139.00,77.00,36.30,Y,Y,03/20/2025,,Adrian,,
CE0010958,IDS Expired,O+,06/18/2003,,Male,Caucasian,"LP, WB,",Not Interested,,Positive,NEGATIVE,79.00,174.20,185.00,72.80,23.10,Y,N,N,,Y,N,,04/22/2025,02/27/2025,05/28/2025,14.50,194.20,43.10,76.00,3.60,0.00,142.00,79.00,36.00,N,Y,03/18/2025,,Valentin,03/18/2025,NEGATIVE
CE0010959,IDS Expired,A+,06/22/1987,,Male,Mixed,"LP, WB,",DQ,,Negative,,92.70,204.40,165.00,65.00,34.10,N,N,N,,Y,Y,04/16/2025,05/21/2025,05/21/2025,08/19/2025,15.20,231.00,43.50,73.00,5.40,0.00,132.00,80.00,36.20,N,Y,05/16/2025,,Dominic,,
CE0010960,Eligible,O+,05/13/1998,,Male,Caucasian,"WB, BM,",BM 100ml,,NEGATIVE,Positive,86.30,190.26,180.00,70.90,26.60,N,N,Y,"Medication, Environmental,",Y,Y,06/03/2026,,06/03/2026,09/01/2026,16.28,216.60,47.90,79.00,6.24,0.00,112.00,73.00,36.30,Y,Y,08/27/2025,"ALLERGIES: SULFA, PCN, seasonal",Kolby,,
CE0010962,IDS Expired,A+,11/11/2001,,Female,Caucasian,"LP,",DQ,,Negative,POSITIVE,56.50,124.60,165.00,65.00,20.80,Y,N,Y,"Medication, Environmental,",Y,Y,,05/06/2025,02/28/2025,05/29/2025,12.20,340.30,36.20,96.00,4.90,0.00,113.00,73.00,35.90,N,Y,03/18/2025,"Allergies: Mild latex, Amoxicillin",Anja,03/18/2025,POSITIVE
CE0010963,IDS Expired,O+,06/22/1976,,Male,Mixed,"LP, WB, BM,",BM 100ml,,Negative,,82.20,181.20,183.00,72.10,24.60,N,N,N,,Y,N,05/28/2025,,05/28/2025,08/26/2025,14.60,221.90,43.40,67.00,4.90,0.00,146.00,90.00,36.30,N,Y,04/02/2025,,Cory,,
CE0010964,Ineligible,,01/27/1986,,Female,,,,,,,80.80,178.13,170.00,66.93,27.96,N,N,N,,N,N,,,,,11.16,230.30,34.80,62.00,3.23,0.00,102.00,56.00,36.10,N,N,,Failed initial screening d/t low Hgb.,Katherine,,
CE0010965,IDS Expired,A+,07/24/2003,,Female,Hispanic,"LP, WB,",,,positive,positive,102.50,225.97,165.00,64.96,37.65,N,Y,N,,Y,N,,07/09/2025,07/09/2025,10/07/2025,13.15,279.80,37.20,100.00,7.73,0.00,118.00,66.00,36.20,N,Y,03/27/2025,,Gracy,,
CE0010966,Ineligible,B+,10/08/1983,,Male,asian,,DQ,,Positive,positive,95.20,209.88,168.00,66.14,33.73,N,N,N,,Y,N,,01/22/2026,10/28/2025,01/26/2026,14.83,266.60,45.10,84.00,5.18,0.00,142.00,80.00,36.00,N,Y,04/10/2025,,Joshua,,
CE0010967,Eligible,O+,01/16/1995,,Male,Hispanic,"LP, WB,",Not Interested,,NEGATIVE,Positive,89.30,196.87,157.00,61.81,36.67,N,N,N,,Y,Y,,07/09/2026,05/28/2026,08/26/2026,14.34,348.30,42.50,82.00,5.15,0.00,126.00,79.00,36.60,Y,Y,03/13/2025,,Victor,03/13/2025,Positive
CE0010968,IDS Expired,O+,12/17/1987,,Male,Mixed,"LP, WB, BM,",BM 100ml,,NEGATIVE,,90.60,199.70,170.00,66.90,31.40,N,N,Y,"Medication,",Y,Y,,03/19/2025,03/10/2025,06/08/2025,15.20,220.80,46.80,81.00,7.10,0.00,120.00,71.00,36.30,N,Y,03/19/2025,Allergies: Penicillin,Benjamin,,
CE0010969,Eligible,A+,05/07/1990,,Male,PacificIslander,"LP, WB, BM,",BM 100ml,,Positive,positive,78.40,172.84,170.00,66.93,27.13,N,N,Y,"Medication, Environmental,",Y,N,06/11/2025,07/16/2026,07/16/2026,10/14/2026,15.20,354.10,45.50,75.00,8.43,0.00,132.00,76.00,37.10,Y,Y,03/24/2025,Recent allergies:  environmental seasonal and PCN.;,Romeo,,
CE0010970,Ineligible,A+,02/06/2002,,Male,Hispanic,"LP, WB, BM,",BM 100ml,,Positive,,77.20,170.20,170.00,66.93,26.71,Y,N,N,,N,N,03/24/2025,,03/10/2025,06/08/2025,16.40,214.80,44.80,92.00,6.67,0.00,127.00,66.00,36.50,N,N,,,Kevin,,
CE0010971,IDS Expired,AB+,06/11/1983,,Female,Caucasian,"LP, WB,",Not Interested,,Negative,,79.90,176.20,165.00,65.00,29.40,Y,N,Y,"Medication,",N,N,,,03/10/2025,06/08/2025,12.60,190.70,37.90,61.00,5.30,0.00,100.00,55.00,36.20,N,N,,Allergy: Penicillin,Victoria,,
CE0010972,Ineligible,,12/25/1983,,,,,,,,,0.00,0.00,0.00,0.00,0.00,N,N,N,,N,N,,,,,0.00,0.00,0.00,0.00,0.00,0.00,0.00,0.00,0.00,N,N,,,Amido,,
CE0010973,IDS Expired,O+,05/09/1997,,Male,AfricanAmerican,"LP, WB, BM,",BM 100ml,,NEGATIVE,POSITIVE,90.50,199.50,178.00,70.10,28.60,N,N,N,,Y,N,06/04/2025,04/29/2025,06/04/2025,09/02/2025,15.00,217.90,42.60,69.00,4.40,0.00,142.00,75.00,36.50,N,Y,,,Yaheem,,
CE0010974,IDS Expired,O+,04/10/1985,,Female,Caucasian,"LP, WB, BM,",BM 100ml,,Negative,,60.40,133.16,173.00,68.11,20.18,Y,Y,N,,Y,Y,06/04/2025,10/15/2025,10/15/2025,01/13/2026,13.60,279.90,42.00,72.00,6.51,0.00,106.00,63.00,35.60,N,N,,,Elisabeth,,
CE0010975,Deferred,,03/14/2001,,,,,,,,,59.10,130.29,168.00,66.14,20.94,N,N,N,,N,N,,,,,12.41,169.60,37.60,57.00,5.28,0.00,111.00,63.00,36.10,N,N,,,Kelinde,,
CE0010976,IDS Expired,A-,11/26/1990,,Female,Hispanic,"LP, WB, BM,",BM 100ml,,Positive,,59.50,131.18,163.00,64.17,22.39,N,N,N,,Y,N,,06/04/2025,06/04/2025,09/02/2025,13.37,273.70,38.10,75.00,4.45,0.00,129.00,70.00,36.60,N,Y,04/30/2025,,Anna,,
CE0010977,IDS Expired,A+,05/03/1993,,Male,Caucasian,"LP, WB, BM,",BM 100ml,,NEGATIVE,,74.00,163.10,175.30,69.00,24.10,N,N,Y,"Environmental,",N,N,,,03/12/2025,06/10/2025,14.00,206.00,39.80,64.00,3.30,0.00,127.00,68.00,36.40,N,N,,"ALLERGIES: SEASONAL, CATS./LV",Stuart,,
CE0010978,IDS Expired,A+,06/06/1997,,Female,Hispanic,"WB, BM,",BM 100ml,,Positive,,70.40,155.20,160.00,63.00,27.50,N,N,N,,N,N,,,03/12/2025,06/10/2025,13.50,308.30,41.00,65.00,7.60,0.00,105.00,67.00,36.00,N,N,,,Pamela,,
CE0010979,IDS Expired,A+,02/08/2000,,Female,Hispanic,"WB, BM,",BM 100ml,,Positive,,95.10,209.70,175.00,68.90,31.10,Y,Y,N,,Y,Y,04/10/2026,,02/12/2026,05/13/2026,12.60,303.70,39.40,60.00,7.60,0.00,106.00,69.00,36.30,N,Y,04/30/2025,,Karla,,
CE0010980,IDS Expired,B+,02/12/2006,,Male,asian,"LP, WB, BM,",BM 100ml,,positive,POSITIVE,66.70,147.05,178.00,70.08,21.05,N,N,N,,Y,Y,,08/20/2025,08/20/2025,11/18/2025,15.68,238.30,45.60,82.00,5.27,0.00,123.00,72.00,36.30,N,Y,08/20/2025,,Albert,,
CE0010981,Ineligible,B+,03/12/1991,,Male,AfricanAmerican,,,,NEGATIVE,,94.70,208.78,178.00,70.08,29.89,Y,N,N,,N,N,03/26/2025,04/30/2025,03/13/2025,06/11/2025,14.97,231.60,43.60,92.00,3.76,0.00,140.00,87.00,36.20,N,Y,03/26/2025,,Nathan,,
CE0010982,Eligible,B+,10/01/1975,,Male,AfricanAmerican,"LP, WB, BM,",BM 100ml,,POSITIVE,POSITIVE,90.90,200.40,191.00,75.20,24.97,N,N,Y,"Environmental,",Y,N,05/28/2026,07/02/2026,05/28/2026,08/26/2026,13.50,166.80,38.90,73.00,3.43,0.00,132.00,83.00,36.20,Y,Y,,Allergy: Seasonal;,Manuel,,
CE0010984,IDS Expired,B+,06/23/1994,,Male,AfricanAmerican,"LP, WB,",DQ,,positive,POSITIVE,115.80,255.30,173.00,68.10,38.70,N,Y,N,,Y,N,02/11/2026,03/23/2026,01/06/2026,04/06/2026,14.00,162.40,42.20,81.00,4.30,0.00,147.00,79.00,36.20,N,Y,03/25/2025,,Lanone,03/25/2025,POSITIVE
CE0010985,IDS Expired,A+,04/02/1991,,Female,Hispanic,"LP,",DQ,,negative,Positive,68.30,150.60,165.00,65.00,25.10,N,N,Y,"Environmental,",Y,Y,,04/06/2026,02/27/2026,05/28/2026,12.10,254.40,36.10,65.00,7.00,0.00,115.00,66.00,36.20,N,Y,03/26/2025,Allergies: Seasonal,Karina,,
CE0010986,Eligible,AB+,07/17/2003,,Female,asian,"LP, WB, BM,",BM 100ml,,positive,Positive,70.40,155.21,160.00,62.99,27.50,Y,Y,Y,"Environmental,",Y,Y,04/08/2026,05/14/2026,05/14/2026,08/12/2026,12.71,256.80,38.80,73.00,4.02,0.00,114.00,64.00,36.60,Y,Y,04/24/2025,"allergies: cats, dogs, seasonal, pollen dust",Priscilla,,
CE0010987,IDS Expired,A+,03/29/2001,,Male,Caucasian,"LP, WB, BM, MLP,",BM 100ml,,Negative,,84.10,185.41,191.00,75.20,23.05,N,N,Y,,Y,N,,07/10/2025,07/10/2025,10/08/2025,14.68,142.60,142.60,91.00,3.75,0.00,139.00,74.00,35.90,N,Y,07/10/2025,,Jake,,
CE0010988,IDS Expired,O+,01/09/1984,,Male,Caucasian,"LP, WB, BM,",BM 100ml,,negative,,81.00,178.60,178.00,70.10,25.60,N,N,N,,Y,N,05/14/2025,04/09/2025,03/18/2025,06/16/2025,15.40,155.10,47.50,50.00,6.50,0.00,101.00,57.00,35.90,N,Y,04/09/2025,,Kevin,,
CE0010989,Eligible,O+,05/13/1993,,Male,Hispanic,"LP, WB,",Not Interested,,Negative,Positive,115.50,254.63,175.00,68.90,37.58,N,Y,Y,"Environmental,",Y,N,,06/23/2026,06/23/2026,09/21/2026,16.02,256.80,48.30,68.00,7.17,0.00,143.00,86.00,36.40,Y,Y,04/24/2025,ineligible mlp due to BMI; allergy: seasonal,Erik,,
CE0010990,IDS Expired,B+,07/03/1996,,Male,Mixed,"LP, WB, BM,",BM 100ml,,negative,,103.20,227.50,182.90,72.00,30.90,N,N,N,,N,N,,,03/19/2025,06/17/2025,15.50,225.80,45.50,71.00,6.90,0.00,134.00,76.00,36.10,N,N,,,Brandon,,
CE0010991,Eligible,B+,10/12/1995,,Male,Mixed,"LP, WB, BM,",BM 100ml,,positive,Positive,80.30,177.03,175.00,68.90,26.22,N,N,Y,"Food,",Y,Y,07/09/2026,,07/09/2026,10/07/2026,15.25,260.30,46.50,57.00,5.50,0.00,102.00,62.00,36.30,Y,Y,,"Allergies: peanuts, peas, legumes;",Ryan,,
CE0010992,Eligible,B+,08/20/2005,,Female,Caucasian,"LP, WB, BM,",BM 100ml,,Positive,NEGATIVE,69.90,154.10,170.00,66.90,24.40,Y,N,N,,Y,Y,,07/13/2026,06/09/2026,09/07/2026,13.15,215.20,37.90,80.00,4.34,0.00,128.00,75.00,36.10,Y,N,,,Sofia,04/08/2025,NEGATIVE
CE0010993,IDS Expired,B+,05/29/1997,,Male,AfricanAmerican,"LP, WB, BM,",BM 100ml,,negative,positive,79.40,175.10,185.00,72.80,23.20,Y,Y,N,,Y,N,,05/12/2025,03/20/2025,06/18/2025,14.10,310.40,41.20,94.00,10.80,0.00,124.00,72.00,35.90,N,Y,04/03/2025,Meds: Atomoxetine (ADHD),Jason,,
CE0010994,Deferred,,03/11/2003,,Female,AfricanAmerican,,,,,,82.90,182.80,157.00,61.80,33.60,N,N,N,,N,N,,,,,12.00,253.80,37.90,91.00,7.30,0.00,112.00,66.00,36.10,N,N,,,Ashlee,,
CE0010995,Ineligible,A+,01/03/1992,,Male,Caucasian,,BM 100ml,,positive,,71.00,156.53,178.00,70.08,22.41,Y,N,Y,"Environmental,",N,N,,04/10/2025,03/20/2025,06/18/2025,13.48,298.40,38.70,81.00,5.59,0.00,121.00,77.00,36.50,N,N,,"Allergies: cats, dogs, horses, dust","Benjamin ""Cora""",,
CE0010996,IDS Expired,B+,02/05/1975,,Male,Caucasian,"LP, WB, BM,",BM 100ml,,Positive,,91.10,200.80,183.00,72.10,27.20,N,N,N,,Y,N,,04/16/2025,03/24/2025,06/22/2025,16.30,229.00,48.20,76.00,4.70,0.00,130.00,80.00,35.80,N,Y,04/16/2025,,Cobey,,
CE0010997,Deferred,,03/21/1985,,,,,,,,,75.70,166.89,185.42,73.00,22.02,N,N,N,,N,N,,,,,12.19,207.40,37.70,76.00,4.98,0.00,133.00,68.00,36.20,N,N,,,Kenneth,,
CE0010998,IDS Expired,O+,08/10/1994,,Female,Caucasian,"LP, WB, BM,",BM 100ml,,POSITIVE,POSITIVE,73.20,161.40,160.00,63.00,28.60,N,N,Y,"Medication, Food,",Y,Y,,05/13/2025,03/25/2025,06/23/2025,14.20,248.70,42.50,98.00,5.00,0.00,137.00,88.00,35.60,N,Y,04/07/2025,"ALLERGIES: SULFA, PECANS",Leigh,04/07/2025,POSITIVE
CE0010999,Deferred,,12/30/1973,,,,,,,,,108.30,238.76,160.02,63.00,42.29,N,N,N,,N,N,,,,,0.00,0.00,0.00,0.00,0.00,0.00,0.00,0.00,0.00,N,N,,,Lucy,,
CE0011000,IDS Expired,O-,11/25/1972,,Male,Caucasian,"LP, WB, BM,",BM 100ml,,POSITIVE,,103.30,227.74,182.00,71.70,29.90,N,N,N,,Y,N,07/08/2026,03/02/2026,07/08/2026,10/06/2026,15.62,180.80,46.30,93.00,5.26,0.00,137.00,87.00,36.30,Y,Y,04/09/2025,,David,,
CE0011001,Deferred,,09/03/1993,,,,,,,,,86.20,190.00,180.00,70.90,26.60,N,N,N,,N,N,,,,,0.00,0.00,0.00,0.00,0.00,0.00,0.00,0.00,0.00,N,N,,,Tristan,,
CE0011002,Ineligible,,11/24/1969,,Female,,,DQ,,,,95.30,210.10,157.00,61.81,38.66,N,N,N,,N,N,,,,,0.00,0.00,0.00,89.00,0.00,0.00,127.00,87.00,36.10,N,N,,,Stacey,,
CE0011003,IDS Expired,A+,01/10/1995,,Male,Caucasian,"LP, WB,",Not Interested,,positive,,100.70,222.00,183.00,72.10,30.10,N,N,N,,N,N,,,03/27/2025,06/25/2025,13.80,208.30,40.20,69.00,5.90,0.00,126.00,73.00,36.00,N,N,,,Christopher,,
CE0011004,IDS Expired,B+,05/04/1993,,Male,Mixed,"LP, WB, BM,",BM 100ml,,NEGATIVE,POSITIVE,95.10,209.70,165.00,65.00,34.90,N,N,Y,"Food, Environmental,",Y,Y,,01/26/2026,01/26/2026,04/26/2026,14.20,357.80,42.70,90.00,8.00,0.00,132.00,76.00,36.30,N,Y,10/06/2025,"ALLERGIES: catfish, seasonal;
DQ for MobLP for high platelets",Moses,,
CE0011005,Deferred,O+,11/26/2000,,FTM,Caucasian,,,,Negative,Negative,110.80,244.30,170.00,66.90,38.30,Y,N,Y,"Medication, Environmental,",Y,N,10/28/2025,08/06/2025,09/10/2025,12/09/2025,15.20,528.70,47.90,81.00,14.20,0.00,129.00,73.00,36.20,N,Y,04/15/2025,"Allergy: PCN, Morning Glory pollen
12/16/25: Defer until 3/16/26 due to elevated plt and WBC counts. May return for rescreen at that time.","Hannah ""Parker""",,
CE0011006,IDS Expired,A+,10/19/2002,,Female,AfricanAmerican,"BM,",BM 100ml,,positive,positive,90.80,200.18,170.00,66.93,31.42,N,N,N,,Y,N,,07/03/2025,03/31/2025,06/29/2025,13.40,225.30,39.60,78.00,6.50,0.00,117.00,67.00,36.30,N,N,,,Kendra,,
CE0011007,IDS Expired,A+,02/08/2000,,Male,asian,"LP, WB,",Not Interested,,Negative,NEGATIVE,64.50,142.20,165.00,65.00,23.70,N,N,Y,"Environmental,",Y,Y,,05/11/2026,03/09/2026,06/07/2026,14.10,177.80,45.80,89.00,6.10,0.00,137.00,73.00,36.20,N,Y,04/21/2025,allergies: pollen/seasonal;,Joshua,,
CE0011008,Ineligible,,01/17/1984,,Male,,,,,,,70.60,155.65,168.00,66.14,25.01,N,N,N,,N,N,,,,,0.00,0.00,0.00,67.00,0.00,0.00,112.00,71.00,36.30,N,N,,Failed screening. DQ -Donor was diagnosed with Legg-Calve-Perthes Disease.,Daniel,,
CE0011009,IDS Expired,A+,12/22/1989,,Male,Hispanic,"LP, WB, BM,",BM 100ml,,negative,POSITIVE,70.10,154.54,170.00,66.93,24.26,N,N,N,,Y,Y,,08/06/2025,06/02/2025,08/31/2025,13.92,222.70,41.00,66.00,5.52,0.00,115.00,55.00,5.52,N,N,,"8/6/25: Interested in mobilized LP; great veins, lives nearby.",Jeremiah,,
CE0011010,Deferred,,04/08/1999,,,,,,,,,75.20,165.79,163.00,64.17,28.30,N,N,N,,N,N,,,,,10.76,369.90,34.40,83.00,8.01,0.00,108.00,76.00,36.10,N,N,,,Maria,,
CE0011011,Ineligible,AB+,08/02/2005,,Female,asian,,,,Positive,Positive,71.70,158.07,165.00,64.96,26.34,Y,N,N,,Y,N,,06/18/2025,06/18/2025,09/16/2025,12.03,228.50,35.80,57.00,3.72,0.00,108.00,54.00,35.80,N,N,,,Yana,,
CE0011012,IDS Expired,B+,08/06/1990,,Male,Mixed,"LP, WB, BM,",BM 100ml,,Positive,,81.70,180.10,188.00,74.00,23.10,N,N,Y,"Medication,",Y,N,04/14/2025,04/02/2026,02/03/2026,05/04/2026,15.20,151.20,46.60,75.00,4.40,0.00,145.00,83.00,36.20,N,Y,02/10/2026,"DQ for mobLP due to low platelets.;
Allergy: PCN.",Antoine,,
CE0011013,IDS Expired,O-,11/25/1986,,Female,Caucasian,"LP, WB, BM,",BM 100ml,,Positive,,89.30,196.90,178.00,70.10,28.20,N,N,Y,"Medication, Food,",Y,Y,10/14/2025,12/23/2025,12/23/2025,03/23/2026,12.50,243.30,38.80,71.00,6.50,0.00,125.00,76.00,36.00,N,Y,04/28/2025,"Alleriges: Codeine, Gluten",Rebecca,,
CE0011014,IDS Expired,A+,06/09/1991,,Male,Caucasian,"LP, WB, BM,",BM 100ml,,negative,POSITIVE,84.60,186.51,180.00,70.87,26.11,N,N,Y,"Environmental,",Y,N,10/14/2025,11/18/2025,09/02/2025,12/01/2025,15.93,327.10,46.40,95.00,4.75,0.00,144.00,94.00,35.70,N,Y,04/28/2025,"allergies: dogs, cats, seasonal",Ronney,,
CE0011015,IDS Expired,A+,12/13/2003,,,,"LP,",Not Interested,,NEGATIVE,,70.90,156.30,160.00,63.00,27.70,N,N,N,,N,N,,,04/02/2025,07/01/2025,11.90,225.00,37.40,66.00,9.50,0.00,108.00,64.00,36.90,N,N,,,Leonie,,
CE0011016,Eligible,O+,02/10/2000,,Female,Hispanic,"LP, WB, BM,",BM 100ml,,POSITIVE,negative,62.10,136.91,165.00,64.96,23.80,N,N,N,"Medication,",Y,N,,07/30/2025,07/14/2026,10/12/2026,12.88,215.40,38.50,76.00,5.72,0.00,117.00,67.00,36.40,Y,Y,05/21/2025,"ALLERGIES: CATS, PENICILLIN (UNSURE)",Mila,,
CE0011017,IDS Expired,O+,09/08/1977,,Male,Hispanic,"LP, WB, BM,",BM 100ml,,positive,,79.60,175.50,178.00,70.10,25.10,N,N,N,,N,N,,,04/02/2025,07/01/2025,14.60,185.10,43.60,64.00,8.00,0.00,109.00,69.00,36.20,N,N,,,Juan,,
CE0011018,IDS Expired,O+,02/07/1997,,Female,asian,"LP, WB, BM,",BM 100ml,,Negative,,60.40,133.20,154.90,61.00,25.20,N,Y,N,,N,N,,,04/02/2025,07/01/2025,13.20,223.00,39.20,63.00,5.10,0.00,104.00,71.00,36.20,N,N,,,Kristina,,
CE0011019,IDS Expired,A+,11/26/1994,,Male,Caucasian,"LP, WB, BM,",BM 100ml,,NEGATIVE,POSITIVE,75.40,166.20,180.00,70.90,23.30,Y,N,N,,Y,Y,04/17/2025,,04/03/2025,07/02/2025,15.00,293.60,45.20,77.00,6.80,0.00,118.00,68.00,36.90,N,Y,04/17/2025,,Cody,,
CE0011020,IDS Expired,A+,11/12/1987,,Male,Caucasian,"LP, WB, BM,",BM 100ml,,POSITIVE,,94.90,209.22,180.00,70.87,29.29,N,N,Y,"Medication,",Y,Y,05/28/2025,07/09/2025,07/09/2025,10/07/2025,15.92,271.90,45.30,70.00,6.81,0.00,153.00,81.00,35.70,N,Y,04/22/2025,"ALLERGIES: COGENTEN, HALDOL",Marcian,,
CE0011021,IDS Expired,A+,12/29/1988,,Male,Mixed,"LP, WB, BM,",BM 100ml,,NEGATIVE,,89.40,197.10,178.00,70.10,28.20,Y,N,N,,Y,Y,,01/27/2026,01/27/2026,04/27/2026,14.80,217.90,44.40,90.00,6.70,0.00,133.00,73.00,36.50,N,Y,,,Jeremiah,,
CE0011022,IDS Expired,O+,03/24/1995,,Male,Mixed,"LP, WB, BM,",BM 100ml,,negative,Positive,61.50,135.60,168.00,66.10,21.80,N,Y,N,,Y,N,05/28/2025,04/22/2025,04/09/2025,07/08/2025,14.50,272.30,43.30,60.00,6.10,0.00,130.00,79.00,35.80,N,N,,,Anthony,,
CE0011023,Ineligible,A+,06/03/1995,,Male,Caucasian,,DQ,,Negative,Positive,114.10,251.55,178.00,70.08,36.01,Y,N,Y,"Medication,",Y,N,,04/22/2025,04/09/2025,07/08/2025,16.51,183.80,48.20,99.00,8.07,0.00,146.00,90.00,36.20,N,N,,"Allergies: PCN, Amoxicillin
DQ for mobLP; BMI too high, veins inadequate",Tazray,,
CE0011024,IDS Expired,AB+,08/04/1989,,Male,Mixed,"LP,",DQ,,Positive,,87.00,191.80,185.00,72.83,25.42,N,N,N,,Y,Y,,10/20/2025,09/02/2025,12/01/2025,12.80,428.00,40.30,98.00,7.65,0.00,119.00,59.00,36.20,N,Y,,,Antoine,,
CE0011025,Ineligible,,04/28/1997,,,,,,,,,110.60,243.83,163.00,64.17,41.63,N,N,N,,N,N,,,,,0.00,0.00,0.00,0.00,0.00,0.00,0.00,0.00,36.30,N,N,,DQ'd d/t unsuitable veins and BMI high.,Yamila,,
CE0011026,IDS Expired,B-,08/08/2004,,Female,Mixed,"WB, BM,",BM 100ml,,Negative,POSITIVE,61.00,134.50,157.00,61.80,24.80,N,N,N,,Y,N,10/10/2025,,10/10/2025,01/08/2026,15.60,236.90,45.60,74.00,6.20,0.00,132.00,86.00,35.70,N,Y,05/05/2025,,Hasna,,
CE0011028,Eligible,B+,01/19/2000,,Female,asian,"WB, BM,",BM 100ml,,positive,Positive,67.30,148.37,160.00,62.99,26.29,Y,Y,Y,"Food, Environmental,",Y,N,06/17/2026,04/24/2025,04/20/2026,07/19/2026,12.90,353.50,39.10,92.00,7.79,0.00,117.00,77.00,36.40,N,Y,04/24/2025,"ALLERGIES: Durian, Seasonal, Grass;
Per donor, occasional use of tabaco, vape and cigarette.AC",Julie,,
CE0011029,IDS Expired,O+,12/08/1987,,Female,AfricanAmerican,"LP,",,,POSITIVE,,81.60,179.90,165.00,64.96,29.97,N,Y,N,,Y,N,,07/14/2025,07/14/2025,10/12/2025,13.09,284.20,38.40,80.00,9.26,0.00,135.00,85.00,36.30,N,Y,04/30/2025,Ineligible for mobLP due to veins,Brittany,,
CE0011030,Eligible,B+,11/13/1982,,Female,Mixed,"LP, WB,",DQ,,positive,POSITIVE,87.50,192.90,168.00,66.14,31.00,Y,N,Y,"Medication,",Y,N,06/10/2025,07/06/2026,05/20/2026,08/18/2026,12.28,322.00,38.10,78.00,9.00,0.00,132.00,72.00,36.90,Y,Y,06/10/2025,allergy: morphine;,Natalie,,
CE0011031,IDS Expired,O+,08/16/2001,,Male,AfricanAmerican,"LP, WB,",Not Interested,,negative,,68.00,149.90,172.70,68.00,22.80,N,Y,N,,N,N,,,04/15/2025,07/14/2025,15.40,251.60,45.80,97.00,8.30,0.00,139.00,75.00,36.20,N,N,,,Ezekiel,,
CE0011032,Ineligible,,07/24/1993,,,,,,,,,147.00,324.08,185.00,72.83,42.95,N,N,N,,N,N,,,,,0.00,0.00,0.00,0.00,0.00,0.00,0.00,0.00,0.00,N,N,,,Matthew,,
CE0011033,IDS Expired,O+,09/04/1993,,Male,Caucasian,"LP, WB,",Not Interested,,Negative,Positive,91.00,200.60,180.00,70.90,28.10,Y,N,Y,"Food,",Y,N,,05/27/2025,04/16/2025,07/15/2025,15.40,390.00,44.60,79.00,4.70,0.00,143.00,81.00,35.60,N,N,,"Allergies: Shellfish, Avocado",William,,
CE0011034,Deferred,A+,01/24/1993,,Female,Caucasian,,Not Interested,,negative,POSITIVE,66.00,145.51,173.00,68.11,22.05,N,N,Y,"Medication,",Y,Y,,03/25/2026,03/25/2026,06/23/2026,12.99,286.10,37.10,58.00,4.63,0.00,115.00,68.00,36.40,N,Y,05/29/2025,Allergy: Neosporin,Lauren,,
CE0011035,Ineligible,,02/18/1995,,,,,,,,,0.00,0.00,0.00,0.00,0.00,N,N,N,,N,N,,,,,0.00,0.00,0.00,0.00,0.00,0.00,0.00,0.00,0.00,N,N,,,Kai,,
CE0011036,Ineligible,,05/20/1999,,,,,,,,,72.30,159.39,173.00,68.11,24.16,N,N,Y,"Environmental,",N,N,,,,,10.89,197.00,33.20,50.00,3.61,0.00,106.00,61.00,36.40,N,N,,,Juan,,
CE0011037,IDS Expired,B+,07/17/1981,,Male,asian,"LP, WB, BM,",BM 100ml,,negative,,77.70,171.30,170.00,66.93,26.89,Y,N,N,,Y,Y,,09/02/2025,07/17/2025,10/15/2025,15.03,298.20,43.50,68.00,6.13,0.00,151.00,84.00,36.30,N,Y,07/17/2025,,Joseph,,
CE0011038,Deferred,,03/26/1995,,Female,,,,,,,64.20,141.54,157.00,61.81,26.05,N,Y,N,,N,N,,,,,11.81,219.40,35.20,79.00,8.27,0.00,124.00,72.00,36.50,N,N,,,Zanna,,
CE0011039,Ineligible,,01/31/1978,,,,,,,,,0.00,0.00,0.00,0.00,0.00,N,N,N,,N,N,,,,,0.00,0.00,0.00,0.00,0.00,0.00,0.00,0.00,0.00,N,N,,,Andrew,,
CE0011040,IDS Expired,O+,12/04/1999,,Female,Hispanic,"LP, WB, BM,",,,POSITIVE,,71.30,157.20,168.00,66.10,25.30,N,N,N,,N,N,05/05/2025,,04/21/2025,07/20/2025,14.70,192.00,42.00,73.00,6.60,0.00,105.00,69.00,36.20,N,Y,05/05/2025,,Alessandra,,
CE0011041,IDS Expired,O+,06/21/1991,,Male,Hispanic,"LP, WB, BM,",,,POSITIVE,,80.60,177.70,167.60,66.00,28.70,N,N,Y,"Environmental,",N,N,,,04/21/2025,07/20/2025,15.00,231.60,44.30,73.00,5.70,0.00,115.00,71.00,35.80,N,N,,,Edgar,,
CE0011042,IDS Expired,O+,12/20/2003,,Female,Caucasian,"LP,",DQ,,Negative,,60.30,132.90,175.00,68.90,19.70,Y,N,N,,N,N,,,10/24/2025,01/22/2026,12.20,232.90,34.30,59.00,5.00,0.00,100.00,60.00,36.10,N,N,,,Molly,,
CE0011043,IDS Expired,O+,06/13/1992,,Male,Mixed,"LP, WB,",Not Interested,,NEGATIVE,postive,107.80,237.70,183.00,72.10,32.20,N,Y,N,,Y,N,,11/18/2025,11/18/2025,02/16/2026,15.10,216.20,44.70,90.00,5.30,0.00,154.00,96.00,35.90,N,Y,06/12/2025,,Jacob,,
CE0011044,Deferred,,11/25/1974,,,,,,,,,0.00,0.00,0.00,0.00,0.00,N,N,N,,N,N,,,04/22/2025,,10.38,228.60,30.70,77.00,4.12,0.00,137.00,88.00,36.20,N,N,,,Vernon,,
CE0011045,Eligible,A+,11/27/1980,,Male,AfricanAmerican,"LP, WB, BM,",BM 100ml,,POSITIVE,POSITIVE,89.70,197.75,180.00,70.87,28.40,N,Y,N,,Y,N,01/12/2026,07/02/2026,04/20/2026,07/19/2026,13.73,161.70,41.80,86.00,6.36,0.00,138.00,72.00,36.40,N,Y,05/01/2025,,Eric,,
CE0011046,IDS Expired,A+,04/09/1994,,Male,AfricanAmerican,"LP, WB,",Not Interested,,POSITIVE,,108.70,239.60,175.00,68.90,35.50,N,N,Y,"Food,",N,N,,,04/23/2025,07/22/2025,14.60,306.70,43.60,95.00,5.00,0.00,148.00,92.00,36.00,N,N,,"Allergy: Shellfish;
4/23/25: Ineligible for mobLP due to veins and BMI>35",Jason,,
CE0011047,IDS Expired,O+,05/27/2000,,Female,Mixed,"LP, WB,",Not Interested,,Positive,positive,88.50,195.10,160.00,63.00,34.60,N,N,N,,Y,N,,06/03/2025,04/23/2025,07/22/2025,13.00,342.20,38.30,71.00,8.50,0.00,119.00,70.00,36.40,N,Y,06/03/2025,4/23/25: Ineligible for mobLP due to veins,Angel,,
CE0011048,IDS Expired,B+,01/11/2005,,Male,asian,"LP, WB,",DQ,,Positive,POSITIVE,58.00,127.87,163.00,64.17,21.83,Y,N,Y,"Environmental,",Y,N,,11/07/2025,11/07/2025,02/05/2026,14.27,132.80,43.40,59.00,3.77,0.00,101.00,57.00,36.00,N,Y,05/20/2025,Allergies: pollen,Prayrak,,
CE0011049,IDS Expired,A+,01/06/1995,,Male,Mixed,"LP, WB,",Not Interested,,Positive,Positive,98.30,216.70,175.00,68.90,32.10,Y,N,Y,"Medication,",Y,Y,,05/21/2026,03/11/2026,06/09/2026,15.00,269.00,44.60,83.00,10.40,0.00,133.00,74.00,36.30,N,Y,05/15/2025,allergy: sulfa;,Kirkland,,
CE0011050,Deferred,A+,06/24/1978,,Male,AfricanAmerican,,,,Positive,,97.00,213.85,183.00,72.05,28.96,N,Y,Y,"Medication,",Y,N,02/26/2026,04/02/2026,01/22/2026,04/22/2026,12.91,286.10,38.10,89.00,4.23,0.00,137.00,76.00,36.30,N,Y,05/07/2025,Allergy: Aspirin,Hubert,,
CE0011051,IDS Expired,O+,12/25/2002,,Female,asian,"LP, WB,",Not Interested,,Positive,,60.40,133.20,163.00,64.20,22.70,Y,N,N,"Medication, Environmental,",N,N,,,04/25/2025,07/24/2025,13.50,178.30,39.80,73.00,6.10,0.00,100.00,65.00,36.20,N,N,,"4/25/25: ineligible for mobLP due to veins
Allergies: pollen, claritin, zyrtec",Rebekah,,
CE0011052,Deferred,,11/13/2001,,,,,,,,,131.70,290.35,180.34,71.00,40.50,N,N,N,,N,N,,,,,0.00,0.00,0.00,56.00,0.00,0.00,137.00,51.00,36.30,N,N,,,Allston,,
CE0011053,IDS Expired,A+,02/01/2001,,Female,asian,"LP, WB, BM,",BM 100ml,,Negative,,64.90,143.10,160.00,63.00,25.40,Y,N,Y,"Environmental,",N,N,,,04/29/2025,07/28/2025,14.40,257.50,42.90,81.00,6.00,0.00,108.00,65.00,36.10,N,N,,"Allergies: Pollen, Dogs",Joyce,,
CE0011054,IDS Expired,O+,06/12/1998,,Female,Hispanic,"LP,",,,Negative,POSITIVE,76.80,169.30,168.00,66.10,27.20,N,N,Y,"Environmental,",Y,N,,05/06/2025,04/29/2025,07/28/2025,12.10,285.90,35.80,96.00,7.60,0.00,122.00,77.00,35.80,N,Y,05/06/2025,Allergies: seasonal,Sonia,,
CE0011055,Ineligible,,07/10/1994,,,,,,,,,99.90,220.24,157.00,61.81,40.53,Y,N,N,,N,N,,,,,0.00,0.00,0.00,0.00,0.00,0.00,0.00,0.00,0.00,N,N,,,Natalie,,
CE0011056,Deferred,,02/20/1996,,,,,,,,,63.90,140.88,160.00,62.99,24.96,N,N,N,,N,N,,,,,11.80,342.40,35.50,68.00,6.81,0.00,132.00,69.00,36.20,N,N,,,Christina,,
CE0011057,IDS Expired,O+,02/09/1997,,Male,Hispanic,"LP, WB, BM,",BM 100ml,,Positive,,86.70,191.10,173.00,68.10,29.00,N,N,N,,N,N,05/13/2025,,04/29/2025,07/28/2025,16.50,236.80,44.60,75.00,6.70,0.00,119.00,81.00,36.20,N,N,,,Isaac,,
CE0011059,Eligible,A+,12/17/1984,,MTF,Mixed,"LP, WB, BM,",BM 100ml,,Negative,,67.90,149.69,175.00,68.90,22.17,Y,N,Y,"Food,",Y,N,04/01/2026,07/14/2026,07/14/2026,10/12/2026,13.04,226.20,38.00,95.00,4.85,0.00,141.00,83.00,36.50,Y,Y,05/21/2025,Allergy: Dairy;,Lyra,,
CE0011060,IDS Expired,A+,04/14/2005,,Female,Hispanic,"LP,",DQ,,positive,Positive,105.10,231.71,175.00,68.90,34.32,Y,Y,N,,Y,N,,07/09/2026,06/02/2026,08/31/2026,11.74,266.80,35.80,88.00,8.29,0.00,136.00,72.00,36.10,Y,Y,05/27/2025,DQ for BMA: hips not palpable,Addi,,
CE0011061,IDS Expired,O+,02/28/2005,,Female,Hispanic,"LP, WB, BM,",,,Positive,,79.00,174.20,62.00,24.40,205.50,Y,N,N,,N,N,05/23/2025,,04/30/2025,07/29/2025,14.50,277.80,40.10,90.00,10.40,0.00,131.00,75.00,36.30,N,N,,,Andrea,,
CE0011062,Ineligible,,01/29/2003,,,,,,,,,65.30,143.96,168.00,66.14,23.14,N,N,N,,N,N,,,,,14.23,327.10,41.50,93.00,6.58,0.00,120.00,74.00,36.50,N,N,,,Nicole,,
CE0011063,IDS Expired,A+,08/12/1999,,Female,AfricanAmerican,"LP, WB,",,,Positive,,104.20,229.70,168.00,66.10,36.90,N,Y,N,,N,N,07/07/2025,,05/01/2025,07/30/2025,15.10,362.50,37.80,79.00,5.60,0.00,126.00,94.00,36.20,N,Y,07/07/2025,,Ruvarashe,,
CE0011064,Ineligible,O+,02/11/1993,,Male,AfricanAmerican,,,,Positive,,106.50,234.79,168.00,66.14,37.73,N,N,N,,Y,N,,05/06/2025,05/01/2025,07/30/2025,14.16,305.20,41.50,85.00,5.93,0.00,126.00,58.00,36.50,N,N,,,Darrin,,
CE0011065,Eligible,O+,04/05/2005,,Male,Hispanic,"LP,",,,Positive,POSITIVE,65.90,145.28,175.00,68.90,27.00,Y,Y,N,,Y,N,,07/16/2025,07/01/2026,09/29/2026,12.91,298.00,39.50,67.00,6.62,0.00,137.00,72.00,36.00,Y,Y,06/11/2025,,Derek,,
CE0011066,Deferred,O-,02/22/1994,,Male,Caucasian,"LP, WB, BM,",BM 100ml,,negative,POSITIVE,69.90,154.10,178.00,70.08,22.06,N,N,N,,Y,Y,11/25/2025,09/12/2025,09/12/2025,12/11/2025,15.97,175.00,48.20,99.00,2.20,0.00,152.00,82.00,36.90,N,Y,09/12/2025,,Matthew,,
CE0011067,Eligible,O+,04/22/2004,,Male,Hispanic,"LP, WB, MLP,",Not Interested,,positive,POSITIVE,83.20,183.42,170.00,66.93,28.79,N,Y,N,,Y,N,,04/21/2026,05/14/2026,08/12/2026,15.44,159.60,46.10,71.00,56.14,0.00,109.00,54.00,36.40,Y,Y,05/20/2025,Completed mobLP RegA 6/9/26.,Isahi,,
CE0011068,IDS Expired,O+,03/05/2005,,FTM,asian,"LP, WB,",,,negative,,55.60,122.60,152.00,59.80,24.10,Y,N,N,,N,N,,,05/06/2025,08/04/2025,12.50,245.40,37.40,67.00,3.70,0.00,113.00,78.00,35.80,N,N,,DQ for BM d/t under weight.,Alexi,,
CE0011069,Eligible,A+,09/20/2004,,Female,Caucasian,"BM,",BM 100ml,,NEGATIVE,,93.50,206.13,168.00,66.14,33.13,Y,N,N,,Y,Y,07/09/2026,,07/09/2026,10/07/2026,14.24,291.70,42.80,62.00,8.30,0.00,108.00,70.00,36.30,Y,Y,05/23/2025,,Alison,,
CE0011070,IDS Expired,O-,06/12/2000,,Female,Hispanic,"LP, WB, BM,",BM 100ml,,negative,POSITIVE,92.60,204.20,178.00,70.10,29.20,N,N,N,,Y,Y,,05/29/2025,05/06/2025,08/04/2025,14.40,396.80,43.50,88.00,6.00,0.00,119.00,69.00,36.40,N,N,,,Elisa,,
CE0011071,Ineligible,,09/08/1996,,,,,,,,,0.00,0.00,0.00,0.00,0.00,N,N,N,,N,N,,,,,0.00,0.00,0.00,0.00,0.00,0.00,0.00,0.00,0.00,N,N,,,Johnnie,,
CE0011072,IDS Expired,O+,12/28/1986,,Male,Caucasian,"LP, WB, BM,",BM 100ml,,NEGATIVE,,65.60,144.60,172.00,67.70,22.20,Y,N,N,,N,N,05/23/2025,,05/07/2025,08/05/2025,15.30,294.20,41.60,65.00,6.60,0.00,130.00,83.00,36.20,N,N,,,John,,
CE0011073,Eligible,A+,01/30/1988,,Male,Caucasian,"LP, WB, BM,",BM 100ml,,POSITIVE,,125.90,277.56,191.00,75.20,34.51,N,N,Y,"Environmental,",Y,N,04/01/2026,07/16/2026,06/11/2026,09/09/2026,15.78,214.20,47.10,76.00,5.68,0.00,152.00,92.00,36.30,Y,Y,05/20/2025,ALLERGIES: POLLEN/lv;,Shane,,
CE0011074,IDS Expired,O+,05/27/2003,,Female,Hispanic,"LP, WB,",DQ,,Negative,positive,58.40,128.80,160.00,63.00,22.80,N,N,N,,Y,N,,03/11/2026,03/11/2026,06/09/2026,13.10,285.60,38.90,75.00,4.80,0.00,106.00,65.00,36.10,N,Y,07/31/2025,,Daniela,,
CE0011075,Deferred,,03/30/2002,,,,,,,,,72.40,159.60,160.00,63.00,28.30,N,N,N,,N,N,,,,,11.10,244.10,32.80,74.00,5.60,0.00,104.00,65.00,36.20,N,N,,,Angelica,,
CE0011076,Deferred,,03/10/1993,,,,,,,,,76.20,168.00,170.20,67.00,26.30,N,N,N,,N,N,,,,,11.30,178.10,33.80,75.00,3.60,0.00,106.00,80.00,36.50,N,N,,,Ariell,,
CE0011077,IDS Expired,O+,01/26/1995,,Female,Mixed,"LP, WB, BM,",BM 100ml,,positive,,56.60,124.80,162.60,64.00,21.40,Y,N,N,,N,N,,,05/12/2025,08/10/2025,13.40,294.80,39.90,66.00,4.30,0.00,100.00,64.00,36.60,N,N,,,Virginia,,
CE0011078,IDS Expired,B+,03/28/1999,,Male,Hispanic,"LP, WB, BM,",BM 100ml,,Positive,,88.00,194.01,180.34,71.00,27.06,N,N,N,,N,N,07/09/2025,,06/20/2025,09/18/2025,13.20,277.20,42.30,81.00,7.13,0.00,119.00,67.00,36.40,N,Y,07/09/2025,Donor is well hydrated and veins are much better today. Good to try LP. Advice donor to hydrate for collection. AC,Daniel,,
CE0011079,Ineligible,,01/19/1999,,,,,,,,,62.40,137.60,175.00,68.90,20.40,N,N,N,,N,N,,,,,11.90,300.00,36.10,88.00,4.90,0.00,105.00,68.00,36.60,N,N,,IDS donor can get screen in 1 month 6/13/25 due to hgb low.,Alexis,,
CE0011080,IDS Expired,O+,03/13/2003,,Male,NativeAmerican,"LP, WB,",DQ,,Positive,,126.50,278.90,178.00,70.10,39.90,N,Y,N,,N,N,,,05/13/2025,08/11/2025,15.10,210.80,44.30,73.00,5.70,0.00,106.00,64.00,36.30,N,N,,,Charles,,
CE0011081,IDS Expired,A+,08/19/1987,,Male,AfricanAmerican,"LP, WB, BM,",BM 100ml,,NEGATIVE,,100.90,222.50,185.00,72.80,29.50,N,N,N,,Y,Y,,06/10/2025,05/13/2025,08/11/2025,14.70,271.90,44.80,62.00,7.00,0.00,141.00,79.00,35.60,N,Y,06/10/2025,,Kyle,,
CE0011082,Deferred,,08/02/2003,,,,,,,,,71.50,157.63,173.00,68.11,23.89,N,N,N,,N,N,,,,,10.51,355.40,34.30,87.00,3.81,0.00,118.00,69.00,35.90,N,N,,,Rebecca,,
CE0011083,IDS Expired,A+,10/21/1999,,Male,Hispanic,"LP, WB,",Not Interested,,Positive,Positive,90.90,200.40,170.20,67.00,31.40,N,N,N,,Y,N,,05/27/2025,05/14/2025,08/12/2025,15.90,294.70,45.30,71.00,7.20,0.00,128.00,68.00,36.20,N,Y,05/27/2025,,Noah,,
CE0011084,Eligible,A+,11/05/1998,,Female,Hispanic,"LP, WB,",Not Interested,,Positive,Positive,96.00,211.64,165.00,64.96,35.26,N,N,N,,Y,Y,,04/16/2026,04/16/2026,07/15/2026,13.03,396.60,39.30,74.00,8.21,0.00,145.00,84.00,36.10,N,Y,07/10/2025,,Natalie,,
CE0011085,IDS Expired,B+,03/17/1983,,Female,Caucasian,"LP, WB,",DQ,,NEGATIVE,,69.90,154.10,165.10,65.00,25.60,N,N,Y,"Environmental,",N,N,,,05/14/2025,08/12/2025,12.50,304.40,37.70,54.00,4.70,0.00,110.00,70.00,36.10,N,N,,"DQ for MobLP, history of significant discomfort with 1st MobLP approx 13 years ago./lv;
Allergies: seasona/lv",Ariel,,
CE0011086,IDS Expired,O+,03/26/1993,,Female,asian,"WB, BM,",BM 100ml,,Negative,,79.90,176.20,157.00,61.80,32.40,Y,N,N,,N,N,06/10/2025,,05/14/2025,08/12/2025,13.70,258.50,40.10,83.00,8.50,0.00,126.00,73.00,35.70,N,Y,06/10/2025,,Hojae,,
CE0011087,Deferred,,06/06/1994,,,,,,,,,72.70,160.28,163.00,64.17,27.36,N,N,N,,N,N,,,,,11.89,420.80,36.00,98.00,11.35,0.00,131.00,94.00,36.60,N,N,,,"Sopirinye ""Sophi""",,
CE0011088,IDS Expired,O+,12/12/1998,,Male,asian,"LP, WB, BM,",BM 100ml,,Positive,,96.00,211.60,180.00,70.90,29.60,N,N,N,,N,N,06/16/2025,,05/15/2025,08/13/2025,15.30,280.20,40.70,69.00,4.60,0.00,122.00,75.00,35.70,N,Y,06/16/2025,,Syed,,
CE0011089,IDS Expired,O+,07/12/1980,,Male,Hispanic,"LP, WB,",DQ,,NEGATIVE,,56.10,123.70,163.00,64.20,21.10,N,N,N,,Y,N,,06/04/2025,05/19/2025,08/17/2025,16.60,231.40,47.90,61.00,4.30,0.00,108.00,65.00,36.30,N,N,,,Miguel,,
CE0011090,IDS Expired,A+,12/27/1995,,Female,AfricanAmerican,"LP,",DQ,,POSITIVE,POSITIVE,80.50,177.47,168.00,66.14,28.52,N,Y,Y,"Food,",Y,N,,01/29/2026,12/01/2025,03/01/2026,10.59,201.20,31.60,84.00,4.56,0.00,123.00,68.00,36.20,N,Y,06/11/2025,"ALLERGIES: SEAFOOD, CITRUS./LV;",Stephanie,06/11/2025,POSITIVE
CE0011091,IDS Expired,O+,07/10/1981,,Female,Caucasian,"LP, WB,",Not Interested,,NEGATIVE,,81.50,179.70,165.00,65.00,29.90,Y,N,N,,Y,N,,06/10/2025,05/21/2025,08/19/2025,13.20,255.80,39.50,61.00,5.00,0.00,142.00,74.00,36.20,N,N,,,Vanessa,,
CE0011092,Ineligible,O+,07/06/1984,,Male,asian,,,,positive,,68.30,150.58,170.00,66.93,23.63,Y,N,N,,Y,N,06/02/2025,09/16/2025,08/07/2025,11/05/2025,15.38,253.50,44.80,78.00,7.32,0.00,137.00,82.00,36.50,N,Y,,"medications: venlafaxine, bupropion, gabapentin, atorvastatin, omega-3, men's multi-vitamin",Nipuna,,
CE0011093,Eligible,A+,10/29/1970,,Male,Caucasian,"LP, WB, BM,",BM 100ml,,Negative,,116.90,257.72,196.00,77.17,30.14,Y,Y,N,,Y,N,03/02/2026,06/29/2026,05/22/2026,08/20/2026,14.05,215.80,42.50,56.00,7.30,0.00,154.00,77.00,36.60,Y,Y,06/17/2025,,Christopher,,
CE0011094,IDS Expired,B+,02/16/1984,,Female,asian,"LP, WB,",Not Interested,,Positive,,63.60,140.20,170.20,67.00,22.00,Y,N,N,,N,N,,,05/21/2025,08/19/2025,12.90,267.50,36.90,69.00,4.60,0.00,103.00,70.00,36.60,N,N,,ineligible mLP - Veins,Annette,,
CE0011095,Eligible,A+,12/02/2004,,Male,Hispanic,"LP, WB,",DQ,,Positive,Positive,107.10,236.12,180.00,70.90,34.60,N,N,N,,Y,N,,07/14/2026,07/14/2026,10/12/2026,15.48,219.40,45.20,73.00,6.04,0.00,144.00,78.00,36.00,Y,Y,07/30/2025,,Joshua,,
CE0011096,Eligible,A+,01/05/2002,,Male,Hispanic,"LP, WB,",Not Interested,,positive,positive,70.30,154.98,178.00,70.08,22.19,N,N,Y,"Environmental,",Y,Y,,04/23/2026,04/23/2026,07/22/2026,14.50,256.00,42.80,69.00,4.86,0.00,131.00,67.00,36.20,N,Y,10/24/2025,allergy: seasonal,Daniel,06/17/2025,positive
CE0011097,IDS Expired,A+,02/15/1996,,Male,AfricanAmerican,"LP, WB, BM,",BM 100ml,,Negative,POSITIVE,85.30,188.05,170.00,66.90,30.40,N,N,N,,Y,N,02/19/2026,07/20/2026,04/01/2026,06/30/2026,14.06,249.40,41.70,75.00,5.02,0.00,153.00,69.00,36.80,N,Y,09/29/2025,"Does not consent to e-delivery of tax documents. ACL 6/9/25. 
Confirmed with donor: consent to email the tax documents. LV 04/01/2026",Ryan,,
CE0011098,IDS Expired,O-,06/30/1994,,Male,Caucasian,"LP, WB,",Not Interested,,positive,NEGATIVE,70.50,155.40,178.00,70.10,22.30,N,N,N,,Y,N,,07/31/2025,05/22/2025,08/20/2025,14.60,303.50,43.70,67.00,4.00,0.00,142.00,87.00,36.30,N,Y,07/31/2025,,Shawnli,,
CE0011099,IDS Expired,A+,03/17/1990,,Male,Hispanic,"LP, WB, BM,",BM 100ml,,Negative,,113.20,249.56,178.00,70.08,35.73,Y,N,N,,N,N,06/20/2025,,05/30/2025,08/28/2025,16.00,213.10,41.80,87.00,5.78,0.00,142.00,95.00,35.70,N,N,,,Julian,,
CE0011100,IDS Expired,O+,04/02/1990,,Male,asian,"LP, WB,",DQ,,Negative,,109.60,241.60,178.00,70.10,34.60,N,N,Y,"Food,",N,N,,,05/27/2025,08/25/2025,15.70,244.40,46.50,91.00,7.30,0.00,118.00,81.00,36.50,N,N,,Allergy: unconfirmed shellfish,Nicholas,,
CE0011101,IDS Expired,B+,01/25/1995,,Male,AfricanAmerican,"LP, WB,",Not Interested,,Positive,,83.70,184.50,180.00,70.90,25.80,N,N,N,,N,N,,,05/27/2025,08/25/2025,16.50,157.50,48.90,70.00,5.30,0.00,140.00,88.00,36.00,N,N,,,Patrick,,
CE0011102,IDS Expired,B+,12/14/1991,,Female,asian,"LP,",Not Interested,,Positive,POSITIVE,78.20,172.40,157.00,61.80,31.70,N,N,N,,Y,Y,,03/13/2026,03/13/2026,06/11/2026,12.40,262.00,37.70,99.00,7.50,0.00,118.00,67.00,36.20,N,Y,06/16/2025,,Princess Mae,,
CE0011103,Ineligible,,07/25/2002,,,,,,,,,111.30,245.40,168.00,66.10,39.40,N,N,N,,N,N,,,,,0.00,0.00,0.00,0.00,0.00,0.00,0.00,0.00,0.00,N,N,,,Ralph,,
CE0011104,Eligible,B+,01/06/1995,,Male,Mixed,"LP,",Not Interested,,NEGATIVE,POSITIVE,77.10,169.98,173.00,68.10,25.80,N,Y,N,,Y,N,06/10/2025,07/09/2026,06/04/2026,09/02/2026,12.68,240.00,37.40,71.00,5.07,0.00,125.00,64.00,36.50,Y,N,,Per donor not interested in BM now. AC,Julio,,
CE0011105,Deferred,,09/16/1996,,,,,,,,,136.70,301.40,175.00,68.90,44.60,N,N,N,,N,N,,,,,0.00,0.00,0.00,0.00,0.00,0.00,0.00,0.00,0.00,N,N,,,Mark,,
CE0011106,IDS Expired,O+,01/12/1979,,Female,Hispanic,"LP, WB,",Not Interested,,POSITIVE,,98.60,217.38,163.00,64.17,37.11,Y,N,N,,Y,N,,08/12/2025,08/12/2025,11/10/2025,14.12,254.40,42.30,67.00,7.18,0.00,134.00,75.00,35.20,N,Y,08/12/2025,"Donor just recently donated WB at other center from 05/16/25, deferred until 07/11/2025.",Lara,,
CE0011107,IDS Expired,O+,05/30/1991,,Male,Caucasian,"LP, WB,",DQ,,NEGATIVE,POSITIVE,83.70,184.50,173.00,68.10,28.00,N,N,N,,Y,Y,,03/12/2026,03/12/2026,06/10/2026,15.10,243.70,45.00,65.00,4.20,0.00,119.00,70.00,35.80,N,Y,06/26/2025,DQ for mobLP and BMA due to hx of back issues/herniated disc.,Hugh,,
CE0011108,IDS Expired,A+,08/10/1993,,Female,Caucasian,"LP, WB,",DQ,,POSITIVE,POSITIVE,58.10,128.10,170.00,66.90,20.10,N,N,N,,Y,N,,02/05/2026,02/05/2026,05/06/2026,12.80,185.90,38.50,86.00,5.20,0.00,147.00,78.00,36.50,N,Y,06/26/2025,,Kailey,,
CE0011109,Ineligible,O+,08/10/1985,,Male,Hispanic,,,,POSITIVE,,98.70,217.60,177.80,70.00,31.22,N,N,N,,N,N,,,05/29/2025,08/27/2025,14.93,334.30,44.80,81.00,6.85,0.00,123.00,77.00,36.00,N,N,,,Roman,,
CE0011110,Ineligible,,11/28/1985,,,,,,,,,0.00,0.00,0.00,0.00,0.00,N,N,N,,N,N,,,,,0.00,0.00,0.00,0.00,0.00,0.00,0.00,0.00,0.00,N,N,,"DQ'd d/t donor is taking Rx meds Descovy ""Prep"" for prevention and Gabapentin for neuropathy. Per RN LV explained to the donor new policy and donor understand. AC",Cameron,,
CE0011111,Ineligible,A+,02/28/1986,,Male,asian,,,,NEGATIVE,,112.20,247.40,175.00,68.90,36.60,Y,N,N,,Y,Y,,08/28/2025,06/02/2025,08/31/2025,16.00,296.00,46.80,72.00,10.10,0.00,139.00,93.00,36.10,N,Y,07/10/2025,,Henry,,
CE0011112,IDS Expired,O+,05/16/1999,,Male,Mixed,"LP, WB,",Not Interested,,POSITIVE,negative,109.00,240.30,180.00,70.90,33.60,N,N,N,,Y,N,,05/11/2026,03/31/2026,06/29/2026,16.10,302.50,47.10,76.00,8.70,0.00,122.00,69.00,36.30,N,Y,07/31/2025,,Noah,,
CE0011113,Eligible,O+,10/23/2001,,Male,AfricanAmerican,"LP, WB, BM,",BM 100ml,,POSITIVE,Positive,74.90,165.13,175.00,68.90,24.60,N,N,Y,"Environmental,",Y,N,11/10/2025,06/22/2026,06/22/2026,09/20/2026,13.58,234.80,40.60,71.00,3.49,0.00,110.00,51.00,36.20,Y,Y,08/06/2025,Allergies: seasonal,Emmanuel,,
CE0011114,IDS Expired,O+,06/26/2002,,Male,Mixed,"LP, WB, BM,",,,NEGATIVE,,77.50,170.86,180.34,71.00,23.83,N,N,N,,N,N,,,06/02/2025,08/31/2025,14.94,197.80,43.90,55.00,8.97,0.00,109.00,62.00,35.80,N,N,,,Kiran,,
CE0011115,Deferred,,12/31/2004,,,,,,,,,74.40,164.02,187.96,74.00,21.06,N,N,N,,N,N,,,,,15.05,172.60,44.40,78.00,2.93,0.00,109.00,63.00,36.00,N,N,,,Joshua,,
CE0011116,IDS Expired,A+,05/17/1990,,Male,Caucasian,"LP, WB, BM,",BM 100ml,,NEGATIVE,,88.90,195.99,180.00,70.87,27.44,N,Y,N,,N,N,08/20/2025,,06/11/2025,09/09/2025,17.20,155.10,43.40,73.00,8.65,0.00,118.00,83.00,36.30,N,Y,06/25/2025,,Quinton,,
CE0011117,IDS Expired,A+,11/19/1980,,Female,AfricanAmerican,"LP, WB, BM,",,,POSITIVE,,94.70,208.78,175.00,68.90,30.92,N,N,Y,"Environmental,",Y,N,07/09/2025,08/20/2025,06/11/2025,09/09/2025,12.50,262.20,38.10,60.00,4.49,0.00,118.00,64.00,36.10,N,Y,07/09/2025,"ALLERGIES: ragweed, Bermuda grass./lv",Carrie,,
CE0011118,Deferred,,03/26/2003,,,,,,,,,55.50,122.36,157.48,62.00,22.38,N,N,N,,N,N,,,,,11.21,332.20,33.00,86.00,6.71,0.00,111.00,75.00,36.70,N,N,,,Chelsea,,
CE0011119,Deferred,,10/18/1998,,,,,,,,,76.50,168.65,167.64,66.00,27.22,N,N,N,,N,N,,,,,0.00,0.00,0.00,80.00,0.00,0.00,115.00,75.00,36.00,N,N,,,"Arianna ""Gaia""",,
CE0011120,Eligible,A+,04/03/1999,,Female,Hispanic,"LP, WB,",DQ,,POSITIVE,positive,57.90,127.70,157.00,61.80,24.40,N,N,N,,Y,N,,06/29/2026,06/29/2026,09/27/2026,12.51,264.50,36.70,73.00,7.00,0.00,111.00,70.00,36.30,Y,Y,06/25/2025,,Jenifer,06/25/2025,positive
CE0011121,Deferred,B+,10/03/1997,,Female,AfricanAmerican,"LP,",DQ,,POSITIVE,Positive,92.70,204.37,160.00,62.99,36.21,N,Y,N,,Y,Y,,11/24/2025,11/17/2025,02/15/2026,12.14,268.80,36.10,91.00,6.93,0.00,133.00,81.00,36.20,N,Y,07/21/2025,,Breonna,,
CE0011122,Eligible,A+,01/23/1988,,Male,Caucasian,"LP, WB, BM, MLP,",BM 100ml,,NEGATIVE,positive,65.50,144.40,168.00,66.14,23.21,Y,N,Y,"Environmental,",Y,Y,04/06/2026,06/15/2026,06/15/2026,09/13/2026,13.33,188.50,40.00,77.00,5.03,0.00,137.00,81.00,36.30,Y,Y,06/17/2025,"ALLERGIES: seasonal, pollen, pet dander",Elan,,
CE0011123,IDS Expired,A+,08/16/2005,,Female,Mixed,"LP, WB, BM,",BM 100ml,,positive,positive,63.60,140.20,160.00,63.00,24.80,Y,Y,N,,Y,N,,06/25/2025,01/13/2026,04/13/2026,13.60,282.20,40.70,91.00,8.40,0.00,122.00,78.00,35.90,N,N,,,Bronagh,06/25/2025,positive
CE0011124,IDS Expired,A+,02/28/2000,,Male,Hispanic,"LP, WB,",Not Interested,,positive,,97.80,215.61,180.00,70.87,30.19,N,N,Y,"Food,",N,N,,,06/05/2025,09/03/2025,16.01,234.30,47.40,74.00,6.99,0.00,149.00,91.00,36.10,N,N,,,Benjamin,,
CE0011125,IDS Expired,A+,12/15/1999,,Female,Caucasian,"LP, WB,",DQ,,Negative,Positive,58.90,129.90,165.00,65.00,22.50,Y,N,Y,"Medication,",Y,N,,05/28/2026,03/23/2026,06/21/2026,15.50,238.40,45.10,84.00,5.60,0.00,121.00,74.00,36.30,N,Y,07/02/2025,"DQ for BM d/t lower back and sciatic pain.; allergies: doxycycline, morphine;",Anna,,
CE0011126,IDS Expired,O+,12/28/1973,,Male,AfricanAmerican,"LP, WB,",Not Interested,,Negative,,96.70,213.19,196.00,77.17,25.17,N,Y,Y,"Food,",N,N,,,06/06/2025,09/04/2025,13.92,203.80,40.50,62.00,4.06,0.00,121.00,72.00,36.50,N,N,,Allergy: Mustard,Lawrence,,
CE0011127,Eligible,A+,02/01/1979,,Male,Caucasian,"LP, WB, BM,",BM 100ml,,Positive,,103.30,227.74,173.00,68.10,34.90,N,N,N,,Y,N,01/14/2026,05/27/2026,05/27/2026,08/25/2026,13.32,285.70,39.50,79.00,5.87,0.00,142.00,75.00,36.30,Y,Y,07/02/2025,,Kevin,,
CE0011128,Ineligible,A+,05/18/1983,,Male,AfricanAmerican,,DQ,,Positive,,93.50,206.13,168.00,66.14,33.13,N,Y,Y,"Environmental,",Y,N,,01/08/2026,12/05/2025,03/05/2026,12.52,345.20,39.10,94.00,6.20,0.00,154.00,88.00,36.10,N,N,,"DQ for BMA: PA unable to locate hip bones with green needle. 12/5/25.;
Allergies: ""Sinus""",Keyon,,
CE0011129,IDS Expired,A+,07/17/2001,,Male,Hispanic,"LP, WB, BM,",BM 100ml,,positive,,73.50,162.04,168.00,66.14,26.04,N,N,N,,N,N,,,06/09/2025,09/07/2025,14.65,212.90,42.00,79.00,5.21,0.00,102.00,67.00,36.50,N,N,,,Angel,,
CE0011130,Ineligible,A+,08/20/1992,,Female,Mixed,,,,NEGATIVE,POSITIVE,81.80,180.30,165.00,65.00,30.10,Y,N,Y,"Environmental,",Y,Y,,11/24/2025,11/24/2025,02/22/2026,12.70,230.60,37.80,69.00,5.30,0.00,106.00,66.00,36.00,N,Y,07/14/2025,"ALLERGIES: SEASONAL
DQ for mobLP: reliability. No show x 2 for LPs",Gabriela,,
CE0011131,IDS Expired,O+,11/27/1995,,Male,Hispanic,"LP, WB,",Not Interested,,positive,,77.10,169.98,177.80,70.00,24.39,N,N,N,,N,N,,,06/09/2025,09/07/2025,16.07,220.30,46.70,70.00,4.43,0.00,105.00,63.00,36.70,N,N,,,Adrian,,
CE0011132,Eligible,O+,04/08/1990,,Male,AfricanAmerican,"LP, WB, BM,",BM 100ml,,POSITIVE,,111.10,244.93,178.00,70.08,35.07,N,Y,N,,Y,N,12/03/2025,04/15/2026,04/15/2026,07/14/2026,15.20,252.70,45.30,84.00,4.51,0.00,139.00,70.00,36.40,N,Y,07/07/2025,,Gregory,,
CE0011133,Eligible,A+,11/22/1990,,Male,AfricanAmerican,"LP, WB,",Not Interested,,NEGATIVE,POSITIVE,104.40,230.16,177.00,69.69,33.32,N,Y,N,,Y,N,06/18/2025,07/21/2026,05/12/2026,08/10/2026,13.10,208.40,38.70,86.00,8.14,0.00,145.00,80.00,36.60,Y,Y,06/18/2025,,Charles,,
CE0011134,IDS Expired,A-,11/12/1986,,Male,Caucasian,"LP, WB,",DQ,,NEGATIVE,,57.70,127.21,175.26,69.00,18.78,N,Y,Y,"Medication,",N,N,,,06/10/2025,09/08/2025,13.71,291.70,39.90,96.00,8.34,0.00,117.00,77.00,36.20,N,N,,Allergy: PCN/lv,Noah,,
CE0011135,Eligible,B+,04/29/1998,,Male,Hispanic,"LP, WB, BM,",BM 100ml,,POSITIVE,,88.20,194.45,180.00,70.87,27.22,N,Y,N,,N,N,07/09/2025,,04/14/2026,07/13/2026,16.50,261.40,48.80,80.00,5.46,0.00,135.00,79.00,36.20,N,N,,,Angel,,
CE0011136,Deferred,,03/07/2006,,,,,,,,,58.80,129.60,160.00,63.00,23.00,N,N,N,,N,N,,,,,0.00,0.00,0.00,84.00,0.00,0.00,112.00,74.00,36.50,N,N,,,Elaine,,
CE0011137,IDS Expired,B+,11/16/2002,,Female,asian,"LP, WB, BM,",BM 100ml,,POSITIVE,Positive,61.50,135.58,157.00,61.81,24.95,Y,N,N,,Y,N,,07/21/2025,06/16/2025,09/14/2025,12.74,271.80,36.60,81.00,5.15,0.00,114.00,63.00,36.20,N,Y,07/21/2025,,Rae,,
CE0011138,Ineligible,,12/20/2000,,,,,,,,,0.00,0.00,0.00,0.00,0.00,N,N,N,,N,N,,,,,0.00,0.00,0.00,0.00,0.00,0.00,0.00,0.00,0.00,N,N,,,Sean,,
CE0011139,Eligible,O+,07/29/1989,,Female,Hispanic,"LP, WB, BM,",BM 100ml,,Positive,POSITIVE,87.50,192.90,165.00,64.96,32.14,Y,N,N,,Y,Y,06/17/2026,10/22/2025,04/15/2026,07/14/2026,12.70,337.40,38.50,88.00,7.39,0.00,102.00,71.00,36.40,N,Y,04/15/2026,,Elida,,
CE0011140,Eligible,A-,11/13/1988,,Female,Caucasian,"LP, WB, BM,",BM 100ml,,NEGATIVE,POSITIVE,104.10,229.50,170.00,66.93,36.02,Y,N,N,,Y,Y,,05/28/2026,05/28/2026,08/26/2026,12.59,252.80,36.90,68.00,4.74,0.00,126.00,71.00,36.00,Y,Y,08/07/2025,,Sarah,,
CE0011141,IDS Expired,O+,12/23/1996,,Female,AfricanAmerican,"LP,",,,Positive,,71.60,157.85,165.00,64.96,26.30,Y,N,Y,"Environmental,",N,N,,,06/16/2025,09/14/2025,12.23,236.50,36.30,89.00,4.94,0.00,108.00,71.00,36.60,N,N,,Allergy: Dust,Blake,,
CE0011142,IDS Expired,B+,05/21/1990,,Female,asian,"LP,",,,negative,,65.40,144.20,155.00,61.00,27.20,Y,N,Y,"Food, Environmental,",Y,N,,10/09/2025,10/09/2025,01/07/2026,12.10,234.70,36.30,82.00,4.10,0.00,116.00,60.00,36.40,N,Y,07/09/2025,"Allergies: POLLEN, INSECT BITES, BANANAS",Alice,,
CE0011143,Eligible,O+,01/25/1988,,Female,Hispanic,"LP, WB,",DQ,,positive,,100.00,220.46,157.00,61.80,40.60,N,N,N,,Y,N,,06/11/2026,06/11/2026,09/09/2026,12.60,293.10,36.90,81.00,6.44,0.00,147.00,91.00,36.30,Y,Y,02/17/2026,,Deysi,,
CE0011144,IDS Expired,O+,07/29/1994,,Male,Hispanic,"LP, WB, BM,",BM 100ml,,POSITIVE,POSITIVE,92.80,204.60,178.00,70.10,29.30,N,N,Y,"Medication,",Y,N,07/08/2025,10/06/2025,10/06/2025,01/04/2026,15.90,227.50,49.20,77.00,4.90,0.00,139.00,88.00,36.20,N,Y,07/08/2025,allergies: penicillin,Jaime,10/06/2025,POSITIVE
CE0011145,IDS Expired,A+,06/10/1986,,Female,Caucasian,"LP, WB, BM,",BM 100ml,,POSITIVE,,61.00,134.50,168.00,66.10,21.60,Y,N,Y,"Food,",Y,N,06/30/2025,12/09/2025,12/09/2025,03/09/2026,13.60,228.60,41.90,62.00,6.20,0.00,116.00,67.00,35.90,N,Y,06/30/2025,Allergies: mammal products./lv,Emily,,
CE0011146,Eligible,O+,04/02/2005,,Female,Hispanic,"LP, WB,",DQ,,POSITIVE,Positive,108.20,238.54,168.00,66.14,38.34,N,N,Y,"Food, Environmental,",Y,N,,06/01/2026,06/01/2026,08/30/2026,12.77,220.60,37.40,91.00,4.81,0.00,129.00,72.00,36.40,Y,N,,"ALLERGIES: grass, pollen, pork./lv",Joseline,,
CE0011147,Deferred,,06/08/1994,,,,,,,,,62.40,137.57,160.00,62.99,24.37,N,N,N,,N,N,,,,,10.30,299.40,32.50,79.00,8.68,0.00,107.00,72.00,36.40,N,N,,,Linda,,
CE0011148,Deferred,,12/05/1974,,,,,,,,,99.00,218.30,178.00,70.10,31.30,N,N,N,,N,N,,,,,0.00,0.00,0.00,75.00,0.00,0.00,128.00,76.00,36.30,N,N,,,Darrel,,
CE0011149,Deferred,,05/31/1979,,,,,,,,,0.00,0.00,0.00,0.00,0.00,N,N,N,,N,N,,,,,0.00,0.00,0.00,0.00,0.00,0.00,0.00,0.00,0.00,N,N,,,Naomi,,
CE0011150,IDS Expired,O+,07/14/1994,,Male,Caucasian,"LP, WB, BM,",BM 100ml,,negative,Positive,85.00,187.40,188.00,74.00,24.10,Y,N,N,,Y,N,08/29/2025,01/07/2026,10/27/2025,01/25/2026,14.00,221.30,41.20,76.00,4.10,0.00,132.00,73.00,35.90,N,Y,07/10/2025,,Evan,,
CE0011151,IDS Expired,O+,11/17/2001,,Male,asian,"LP, WB, BM,",BM 100ml,,POSITIVE,POSITIVE,95.70,210.98,170.00,66.93,33.11,N,N,N,,Y,N,09/24/2025,08/20/2025,09/24/2025,12/23/2025,15.24,262.10,46.00,76.00,7.19,0.00,110.00,71.00,36.20,N,Y,07/14/2025,,Long,,
CE0011152,Deferred,,04/14/1990,,Female,,,,,,,60.90,134.26,170.00,66.93,21.07,N,N,N,,N,N,,,,,11.47,260.30,33.30,87.00,5.51,0.00,100.00,55.00,36.30,N,N,,,Olivia,,
CE0011154,Deferred,,02/26/2001,,,,,,,,,72.30,159.40,173.00,68.10,24.20,N,N,N,,N,N,,,,,11.40,249.10,34.40,57.00,5.70,0.00,102.00,59.00,36.00,N,N,,,Victoria,,
CE0011155,IDS Expired,O+,09/12/2001,,Male,AfricanAmerican,"LP, WB, BM,",BM 100ml,,POSITIVE,POSITIVE,74.60,164.46,180.00,70.87,23.02,N,Y,N,,Y,Y,,08/20/2025,06/20/2025,09/18/2025,14.54,152.80,44.50,62.00,5.91,0.00,106.00,63.00,36.50,N,N,,,Daniel,,
CE0011156,Ineligible,,09/08/1973,,,,,,,,,71.40,157.40,163.00,64.20,26.90,N,N,N,,N,N,,,,,0.00,0.00,0.00,63.00,0.00,0.00,97.00,61.00,36.30,N,N,,,Davina,,
CE0011157,IDS Expired,A+,07/20/1983,,Male,Mixed,"LP, WB, BM,",BM 100ml,,positive,,90.20,198.86,180.00,70.87,27.84,N,N,N,,N,N,07/02/2025,,06/23/2025,09/21/2025,14.50,245.10,46.20,82.00,5.46,0.00,136.00,100.00,35.80,N,Y,07/02/2025,,Michael,,
CE0011158,Ineligible,,04/07/2007,,Female,,,,,,,90.60,199.74,157.00,61.81,36.76,N,N,N,,N,N,,,,,0.00,0.00,0.00,84.00,0.00,0.00,114.00,66.00,36.40,N,N,,,Iveth,,
CE0011159,Deferred,,01/14/2004,,Female,Mixed,,,,,,94.80,209.00,172.72,68.00,31.78,Y,N,N,"Environmental,",N,N,,,,,0.00,0.00,0.00,67.00,0.00,0.00,123.00,74.00,35.10,N,N,,,Ashley,,
CE0011160,IDS Expired,B+,09/04/1991,,Female,asian,"LP, WB,",Not Interested,,Positive,POSITIVE,78.20,172.40,157.00,61.80,31.70,N,N,N,,Y,N,,10/21/2025,10/21/2025,01/19/2026,13.70,305.60,41.30,70.00,6.40,0.00,155.00,79.00,35.60,N,N,,,Katrina,,
CE0011161,IDS Expired,O-,06/29/1982,,Male,Hispanic,"LP, WB, BM,",BM 100ml,,Negative,,89.90,198.20,178.00,70.08,28.37,N,N,N,,N,N,07/29/2025,,06/23/2025,09/21/2025,13.10,292.70,44.70,71.00,7.36,0.00,136.00,64.00,35.90,N,N,,,Richard,,
CE0011162,IDS Expired,A+,08/11/1992,,Male,Caucasian,"LP, WB, BM,",BM 100ml,,Negative,POSITIVE,64.60,142.42,173.00,68.11,21.58,N,N,Y,"Environmental,",Y,N,,10/20/2025,10/20/2025,01/18/2026,14.53,148.00,43.00,71.00,5.26,0.00,141.00,78.00,36.10,N,Y,08/04/2025,ALLERGIES: SEASONAL,Justin,,
CE0011163,IDS Expired,O+,05/08/1998,,Female,Caucasian,"LP, WB, BM,",BM 100ml,,Negative,positive,77.20,170.20,163.00,64.20,29.10,N,N,N,,Y,Y,,10/20/2025,10/20/2025,01/18/2026,13.40,218.40,39.90,78.00,4.20,0.00,119.00,65.00,35.40,N,Y,08/04/2025,,Mary,,
CE0011164,Ineligible,,12/02/1997,,,,,,,,,70.80,156.09,165.00,64.96,26.01,N,N,N,,N,N,,,,,0.00,0.00,0.00,0.00,0.00,0.00,0.00,0.00,0.00,N,N,,,Margarita,,
CE0011165,IDS Expired,O+,09/24/1993,,Male,Caucasian,"LP, WB, BM,",BM 100ml,,negative,,109.30,240.97,183.00,72.05,32.64,Y,N,Y,"Medication,",N,N,06/30/2025,,06/24/2025,09/22/2025,14.50,251.30,45.30,91.00,6.34,0.00,134.00,70.00,36.00,N,N,,,Michael,,
CE0011166,Eligible,O+,10/27/1974,,Female,AfricanAmerican,"LP,",,,POSITIVE,,107.50,237.00,163.00,64.17,40.46,N,N,N,,Y,Y,,07/02/2026,07/02/2026,09/30/2026,11.33,251.70,34.70,95.00,5.95,0.00,154.00,86.00,36.30,Y,Y,,,Detra,,
CE0011167,IDS Expired,O+,07/09/1998,,Female,Caucasian,"LP, WB, BM,",,,Negative,Positive,69.50,153.20,165.00,65.00,25.50,Y,N,N,,Y,Y,04/02/2026,02/10/2026,02/10/2026,05/11/2026,13.10,195.40,41.60,67.00,5.40,0.00,102.00,66.00,36.30,N,Y,10/30/2025,,Anjelica,,
CE0011168,Deferred,,04/01/2002,,,,,,,,,76.60,168.87,183.00,72.05,22.87,N,N,N,,N,N,,,,,0.00,0.00,0.00,80.00,0.00,0.00,117.00,77.00,36.30,N,N,,,Sebastien,,
CE0011169,IDS Expired,O+,04/24/1996,,Male,Caucasian,"LP, WB, BM,",BM 100ml,,NEGATIVE,,83.70,184.53,180.00,70.87,25.83,Y,N,Y,"Environmental,",N,N,07/09/2025,,06/24/2025,09/22/2025,15.90,207.60,42.80,75.00,3.98,0.00,133.00,73.00,35.50,N,Y,07/09/2025,ALLERGIES: seasonal/lv,Daniel,,
CE0011170,IDS Expired,B+,05/27/2003,,Male,Hispanic,,,,positive,,73.10,161.16,187.96,74.00,20.69,Y,N,Y,"Environmental,",N,N,,,06/24/2025,09/22/2025,14.50,207.80,14.50,64.00,6.04,0.00,111.00,70.00,35.80,N,N,,,Joshua,,
CE0011171,Ineligible,A+,09/01/1977,,Female,Mixed,,,,Positive,,85.90,189.38,160.00,63.00,33.20,N,N,Y,"Medication,",Y,Y,,07/16/2026,07/16/2026,10/14/2026,12.56,269.80,41.90,75.00,4.92,0.00,145.00,82.00,36.10,Y,Y,,allergic to: penicillin;,Charity,,
CE0011172,Deferred,A-,06/03/1999,,Male,Caucasian,"LP, WB, BM,",BM 100ml,,NEGATIVE,,93.80,206.80,201.00,79.10,23.20,N,N,N,,Y,N,07/16/2025,,12/11/2025,03/11/2026,13.50,201.00,40.70,50.00,4.00,0.00,117.00,69.00,36.50,N,Y,07/16/2025,,Charles,,
CE0011173,IDS Expired,B+,02/18/1992,,Male,,"LP, WB, BM,",BM 100ml,,POSITIVE,,77.90,171.74,185.42,73.00,22.66,Y,N,Y,"Environmental,",N,N,,,06/25/2025,09/23/2025,16.44,181.80,46.90,83.00,6.70,0.00,120.00,72.00,36.20,N,N,,"Allergies: hay fever, seasonal",Caleb,,
CE0011174,IDS Expired,B+,05/01/1978,,Female,Caucasian,"LP, WB,",DQ,,POSITIVE,POSITIVE,82.60,182.10,173.00,68.10,27.60,Y,N,N,,Y,Y,09/09/2025,02/27/2026,01/16/2026,04/16/2026,13.10,281.70,39.80,68.00,4.10,0.00,128.00,76.00,36.00,N,Y,08/05/2025,allergies: scallops,Ann,08/05/2025,POSITIVE
CE0011175,IDS Expired,O+,05/19/2006,,Female,Caucasian,"LP, WB, BM,",BM 100ml,,POSITIVE,,93.40,205.91,177.80,70.00,29.54,N,N,Y,"Medication, Environmental,",N,N,,,06/26/2025,09/24/2025,13.95,226.10,40.20,65.00,4.77,0.00,115.00,78.00,36.20,N,N,,"ALLERGIES: PCN, seasonal./lv",Josephine,,
CE0011176,IDS Expired,A+,04/27/2004,,Female,Hispanic,"LP, WB, BM,",,,negative,POSITIVE,72.30,159.40,167.60,66.00,25.70,Y,N,N,,Y,Y,,11/21/2025,11/21/2025,02/19/2026,12.50,222.90,36.50,84.00,6.00,0.00,116.00,73.00,36.50,N,N,,,Victoria,,
CE0011177,IDS Expired,O+,10/11/1991,,Male,Mixed,"LP, WB, BM,",BM 100ml,,positive,POSITIVE,102.60,226.20,191.00,75.20,28.10,N,N,N,,Y,Y,12/03/2025,09/03/2025,12/03/2025,03/03/2026,13.90,175.10,42.30,73.00,5.30,0.00,106.00,64.00,36.30,N,Y,09/03/2025,9/3/25: States he has completed 2 mobLP at LeukoLab.,Jules,,
CE0011178,IDS Expired,A+,11/28/1995,,Female,Caucasian,"LP, WB,",DQ,,positive,NEGATIVE,55.80,123.00,160.00,63.00,21.80,Y,N,Y,"Environmental,",Y,Y,,02/04/2026,02/04/2026,05/05/2026,15.50,265.50,46.50,72.00,7.90,0.00,126.00,83.00,36.20,N,Y,07/28/2025,ALLERGY: LATEX,Emily,02/04/2026,Negative
CE0011179,Ineligible,B+,02/14/2000,,Male,AfricanAmerican,,,,negative,,82.30,181.44,188.00,74.02,23.29,N,N,N,,N,N,07/28/2025,,07/01/2025,09/29/2025,13.60,217.20,40.70,63.00,3.50,0.00,129.00,74.00,36.40,N,N,,,Charles,,
CE0011180,Eligible,O+,04/05/1984,,Male,Mixed,"LP, WB, BM,",BM 100ml,,Negative,POSITIVE,97.70,215.39,185.00,72.83,28.55,N,N,N,,Y,Y,,07/06/2026,05/28/2026,08/26/2026,14.50,162.30,43.80,76.00,4.60,0.00,158.00,82.00,36.30,Y,Y,,,Matthew,,
CE0011181,IDS Expired,A+,10/18/1983,,Male,AfricanAmerican,"LP,",,,Negative,,110.20,243.00,178.00,70.10,34.80,N,N,N,,Y,N,,11/26/2025,10/22/2025,01/20/2026,12.10,358.70,38.30,72.00,5.70,0.00,146.00,75.00,36.30,N,Y,07/23/2025,,Samuel,,
CE0011182,Eligible,AB+,01/04/2002,,Female,asian,"LP,",DQ,,POSITIVE,POSITIVE,58.30,128.53,165.00,65.00,21.70,Y,N,Y,"Environmental,",Y,Y,07/10/2025,06/02/2026,04/28/2026,07/27/2026,12.07,193.10,35.40,65.00,3.71,0.00,107.00,64.00,36.30,Y,Y,07/10/2025,"ALLERGIES:  grass, cats, pollen;",Angela,,
CE0011183,Deferred,,02/07/1975,,,,,,,,,68.70,151.50,163.00,64.20,25.90,N,N,N,,N,N,,,,,13.80,449.20,40.80,55.00,8.90,0.00,103.00,56.00,36.30,N,N,,,Blaire,,
CE0011184,Eligible,O-,10/02/2003,,Male,Hispanic,"BM,",BM 100ml,,Negative,,85.00,187.39,170.00,66.93,30.83,Y,N,Y,"Environmental,",Y,N,06/08/2026,,04/13/2026,07/12/2026,16.60,247.70,45.10,89.00,6.60,0.00,126.00,85.00,36.30,N,Y,07/10/2025,allergy: seasonal,Juan,,
CE0011185,IDS Expired,O+,03/30/1987,,Female,AfricanAmerican,"LP, WB, BM,",BM 100ml,,Positive,,170.00,374.79,170.00,66.93,58.82,N,N,N,,N,N,07/29/2025,,07/03/2025,10/01/2025,13.10,237.90,38.40,88.00,6.63,0.00,122.00,85.00,35.50,N,Y,07/29/2025,,Courtney,,
CE0011186,Eligible,B+,05/10/1997,,Female,Hispanic,"LP, WB,",Not Interested,,positive,POSITIVE,80.70,177.91,163.00,64.17,30.37,Y,N,Y,"Food,",Y,N,,05/07/2026,05/07/2026,08/05/2026,13.40,282.70,39.60,74.00,6.50,0.00,105.00,59.00,36.30,Y,Y,10/02/2025,allergy: peanuts,Taryn,,
CE0011188,IDS Expired,O+,12/01/1991,,Male,Hispanic,"LP, WB, BM, MLP,",BM 100ml,,POSITIVE,positive,72.40,159.60,168.00,66.10,25.70,N,N,N,,Y,N,12/18/2025,03/09/2026,03/09/2026,06/07/2026,14.40,206.20,42.40,73.00,4.10,0.00,117.00,64.00,36.30,N,Y,,,George,,
CE0011189,IDS Expired,O+,10/15/1977,,Male,AfricanAmerican,"LP, WB, BM,",BM 100ml,,POSITIVE,,83.20,183.42,172.72,68.00,27.89,N,N,N,,N,N,,,07/09/2025,10/07/2025,14.87,183.30,44.20,78.00,6.11,0.00,133.00,86.00,36.60,N,N,,,Lonnie,,
CE0011190,Deferred,,10/31/1981,,,,,,,,,85.40,188.30,167.60,66.00,30.40,N,N,N,,N,N,,,,,10.40,249.60,32.60,95.00,5.30,0.00,116.00,75.00,36.30,N,N,,,Labora,,
CE0011191,IDS Expired,A+,05/28/1985,,Male,Caucasian,"LP, WB, BM,",BM 100ml,,NEGATIVE,,74.20,163.58,178.00,70.08,23.42,Y,Y,N,,N,N,09/24/2025,,07/10/2025,10/08/2025,154.00,287.00,42.00,71.00,8.35,0.00,122.00,78.00,35.50,N,N,,,Timothy,,
CE0011192,IDS Expired,A+,11/24/2003,,Female,asian,"LP, WB, BM,",BM 100ml,,Positive,positive,61.20,134.90,173.00,68.10,20.50,N,N,Y,"Environmental,",Y,N,12/19/2025,,12/19/2025,03/19/2026,14.00,231.00,41.00,62.00,5.10,0.00,113.00,63.00,36.30,N,N,,"allergies: dust, pollen",Jacqueline,12/19/2025,positive
CE0011193,Eligible,B-,07/07/1994,,Male,Caucasian,"WB, BM,",Not Interested,,NEGATIVE,POSITIVE,72.30,159.39,173.00,68.11,24.16,N,N,N,,Y,N,05/13/2026,08/12/2025,05/13/2026,08/11/2026,14.30,245.10,40.70,99.00,4.84,0.00,101.00,63.00,36.30,Y,N,,,Benjamin,,
CE0011194,Eligible,O+,05/04/2001,,Male,Caucasian,"LP, WB,",DQ,,Negative,Positive,92.60,204.15,188.00,74.00,27.30,Y,N,Y,"Medication,",Y,N,06/01/2026,07/09/2026,07/09/2026,10/07/2026,13.23,282.50,39.50,67.00,7.55,0.00,108.00,63.00,36.20,Y,Y,07/30/2025,"ALLERGIES: PCN, Sulfa drugs
6/1/26: DQ for BMA for poor tolerance to procedure.",Leo,,
CE0011195,IDS Expired,A+,04/16/1986,,Male,AfricanAmerican,"LP, WB, BM,",BM 100ml,,POSITIVE,,77.80,171.52,177.80,70.00,24.61,N,N,N,,N,N,,,07/14/2025,10/12/2025,15.29,143.70,44.60,67.00,3.37,0.00,103.00,70.00,36.30,N,N,,,James,,
CE0011196,IDS Expired,B+,10/26/1999,,Male,Hispanic,"LP, WB, BM,",BM 100ml,,POSITIVE,,94.80,209.00,185.42,73.00,27.57,N,N,N,,N,N,08/01/2025,,07/14/2025,10/12/2025,15.60,217.40,43.90,66.00,3.30,0.00,120.00,73.00,36.20,N,N,,,Diego,,
CE0011197,IDS Expired,A+,03/11/2004,,Male,Caucasian,"LP, WB, BM,",BM 100ml,,Negative,POSITIVE,102.90,226.86,180.00,70.87,31.76,N,Y,N,,Y,Y,,07/14/2025,07/14/2025,10/12/2025,15.83,231.40,45.20,64.00,5.12,0.00,131.00,77.00,35.60,N,Y,08/05/2025,,Ian,,
CE0011198,IDS Expired,O+,09/14/2005,,Male,asian,"LP, WB, BM,",BM 100ml,,Positive,,85.00,187.40,173.00,68.10,28.40,N,N,N,,Y,N,11/21/2025,,11/21/2025,02/19/2026,17.40,257.00,50.60,92.00,6.30,0.00,116.00,76.00,36.30,N,N,,,Hieu,,
CE0011199,Ineligible,,08/11/2000,,,,,,,,,0.00,0.00,0.00,0.00,0.00,N,N,N,,N,N,,,,,0.00,0.00,0.00,0.00,0.00,0.00,0.00,0.00,0.00,N,N,,,Michael,,
CE0011200,Not Responsive,,10/08/1969,,,,,,,,,0.00,0.00,0.00,0.00,0.00,N,N,N,,N,N,,,,,0.00,0.00,0.00,0.00,0.00,0.00,0.00,0.00,0.00,N,N,,,Melissa,,
CE0011201,IDS Expired,O-,09/11/2005,,Male,Hispanic,"LP, WB, BM,",BM 100ml,,POSITIVE,,93.90,207.01,173.00,68.11,31.37,N,N,N,,N,N,08/06/2025,,07/16/2025,10/14/2025,15.90,182.00,43.60,87.00,5.60,0.00,127.00,84.00,36.20,N,Y,08/06/2025,,Jesse,,
CE0011202,IDS Expired,B+,06/09/1990,,Male,AfricanAmerican,"LP, WB, BM,",BM 100ml,,Negative,,69.70,153.66,173.00,68.11,23.29,N,N,N,,Y,Y,,08/27/2025,07/16/2025,10/14/2025,14.12,257.90,41.00,77.00,4.49,0.00,135.00,67.00,36.30,N,N,,,Kouma,,
CE0011203,IDS Expired,A-,03/20/1994,,Female,Caucasian,"LP, WB, BM,",BM 100ml,,NEGATIVE,POSITIVE,61.20,134.92,165.00,64.96,22.48,Y,N,Y,"Environmental,",Y,Y,,08/11/2025,07/17/2025,10/15/2025,14.36,220.10,41.00,100.00,4.50,0.00,132.00,73.00,36.30,N,Y,08/11/2025,Allergy: cats,Thalia,,
CE0011204,Deferred,,06/21/1977,,Female,Caucasian,,DQ,,,,57.60,126.99,160.00,62.99,22.50,Y,N,Y,"Medication,",N,N,,,,,11.18,209.70,32.80,64.00,3.42,0.00,111.00,74.00,36.30,N,N,,,Karolyn,,
CE0011205,IDS Expired,O+,04/04/1993,,Male,AfricanAmerican,"BM,",BM 100ml,,POSITIVE,POSITIVE,108.40,238.98,191.00,75.20,29.71,N,N,N,,Y,N,07/13/2026,,02/24/2026,05/25/2026,13.98,257.00,41.40,82.00,4.43,0.00,111.00,72.00,35.90,N,Y,08/11/2025,,Jonathan,,
CE0011206,Deferred,,09/22/1983,,,,,,,,,53.30,117.51,0.00,0.00,0.00,N,N,N,,N,N,,,,,0.00,0.00,0.00,0.00,0.00,0.00,0.00,0.00,0.00,N,N,,,Katherine,,
CE0011207,Deferred,,01/30/1997,,,,,,,,,92.10,203.10,173.00,68.10,30.80,N,N,N,,N,N,,,,,13.30,168.20,40.50,50.00,2.90,0.00,109.00,69.00,35.50,N,N,,,Grant,,
CE0011208,IDS Expired,B+,08/26/1971,,Female,Caucasian,"LP, WB,",,,Negative,,82.40,181.66,155.00,61.02,34.30,Y,Y,Y,"Medication, Food,",N,N,,,07/21/2025,10/19/2025,13.42,171.00,38.20,67.00,6.20,0.00,127.00,67.00,36.30,N,N,,"Allergies: Pepperoni, salami, sausage and paper tape",Dana,,
CE0011209,Deferred,,09/12/1969,,,,,,,,,78.60,173.30,175.30,69.00,25.60,N,N,N,,N,N,,,,,12.80,106.20,37.80,60.00,6.40,0.00,145.00,65.00,36.50,N,N,,,Ken,,
CE0011210,IDS Expired,AB+,03/11/1995,,Female,Caucasian,"LP, WB, BM,",BM 100ml,,Positive,POSITIVE,76.30,168.20,170.00,66.90,26.40,N,N,N,,Y,N,02/02/2026,03/11/2026,02/02/2026,05/03/2026,13.10,140.70,38.60,92.00,5.10,0.00,116.00,64.00,36.30,N,Y,08/15/2025,,Kaeleigh,,
CE0011211,IDS Expired,O+,08/21/1998,,Male,Hispanic,"LP, WB, BM,",BM 100ml,,NEGATIVE,,73.60,162.26,183.00,72.05,21.98,N,Y,N,,N,N,,,07/22/2025,10/20/2025,14.78,246.80,42.30,68.00,6.30,0.00,120.00,70.00,36.30,N,N,,,Emilio,,
CE0011212,Eligible,O+,07/25/2003,,Female,Hispanic,"LP, WB, BM,",BM 100ml,,Positive,Positive,76.70,169.09,165.00,64.96,27.92,Y,N,Y,"Medication, Environmental,",Y,N,,07/15/2026,05/26/2026,08/24/2026,12.67,228.20,37.90,74.00,4.29,0.00,119.00,68.00,36.30,Y,Y,06/10/2026,allergies: amoxicillin;,Natalie,,
CE0011213,Ineligible,O+,09/15/1978,,Male,AfricanAmerican,,DQ,,POSITIVE,,106.00,233.69,183.00,72.05,31.65,N,N,N,,Y,Y,09/24/2025,11/05/2025,11/05/2025,02/03/2026,13.74,272.50,41.90,67.00,7.50,0.00,145.00,83.00,36.00,N,Y,09/24/2025,,Hasan,,
CE0011214,IDS Expired,O+,08/10/1990,,Female,asian,"LP, WB, BM,",,,Negative,a,74.30,163.80,160.00,62.99,29.02,N,N,N,,N,N,,,07/24/2025,10/22/2025,14.01,300.10,40.70,63.00,11.74,0.00,112.00,75.00,36.30,N,N,,,Arielle,,
CE0011215,Ineligible,,09/21/1989,,Male,Hispanic,,,,,,136.10,300.05,178.00,70.08,42.96,N,N,N,,N,N,,,,,0.00,0.00,0.00,0.00,0.00,0.00,0.00,0.00,0.00,N,N,,,Carlos,,
CE0011216,IDS Expired,O+,11/15/2004,,Male,asian,"LP, WB, BM,",BM 100ml,,positive,positive,60.80,134.00,178.00,70.10,19.20,Y,N,N,,Y,Y,01/29/2026,03/05/2026,03/05/2026,06/03/2026,14.40,257.00,43.40,93.00,5.10,0.00,134.00,75.00,36.00,N,Y,07/31/2025,,Tayden,,
CE0011217,Ineligible,,03/04/1977,,,,,,,,,98.50,217.16,165.00,64.96,36.18,Y,N,N,,N,N,,,,,13.76,302.80,39.80,76.00,9.72,0.00,139.00,79.00,35.80,N,N,,,Margaret,,
CE0011218,IDS Expired,O+,01/13/1999,,Female,AfricanAmerican,"WB, BM,",BM 100ml,,positive,,69.70,153.66,162.56,64.00,26.38,N,N,N,,N,N,,,07/28/2025,10/26/2025,13.91,228.50,41.60,73.00,4.56,0.00,118.00,69.00,36.30,N,N,,,Amari,,
CE0011219,Eligible,A+,09/18/1975,,Male,Mixed,"LP, WB, BM,",BM 100ml,,NEGATIVE,,95.00,209.44,178.00,70.08,29.98,Y,N,N,,Y,Y,04/09/2026,06/23/2026,04/09/2026,07/08/2026,14.36,346.60,41.60,69.00,5.11,0.00,110.00,63.00,36.20,N,Y,08/26/2025,,Michael,,
CE0011220,IDS Expired,B+,11/19/2003,,Female,Caucasian,"LP, WB,",DQ,,NEGATIVE,POSITIVE,61.90,136.50,170.00,66.90,21.40,Y,Y,N,,Y,N,,03/13/2026,02/05/2026,05/06/2026,14.30,335.10,41.20,57.00,5.70,0.00,106.00,57.00,36.20,N,Y,08/11/2025,,Leah,,
CE0011221,IDS Expired,B+,06/11/1977,,Male,asian,"LP, WB, BM,",BM 100ml,,POSITIVE,,108.50,239.20,184.00,72.40,32.10,N,N,Y,"Environmental,",Y,N,12/04/2025,10/30/2025,10/30/2025,01/28/2026,13.20,191.80,43.40,86.00,4.20,0.00,128.00,81.00,36.20,N,Y,08/18/2025,"ALLERGIES: dust, smoke",Takaaki,,
CE0011222,IDS Expired,A+,05/14/2003,,Female,Hispanic,"LP, WB, BM,",BM 100ml,,POSITIVE,,79.80,175.93,157.00,61.81,32.37,N,N,N,,N,N,08/18/2025,,07/29/2025,10/27/2025,12.80,306.10,40.60,82.00,5.54,0.00,116.00,80.00,36.20,N,N,,,Daisy,,
CE0011223,Eligible,O+,03/12/1998,,Female,Hispanic,"LP, WB,",DQ,,POSITIVE,POSITIVE,76.30,168.21,158.00,62.20,30.56,N,N,N,,Y,N,01/08/2026,05/14/2026,05/14/2026,08/12/2026,13.78,319.70,41.40,74.00,7.03,0.00,115.00,73.00,36.30,Y,Y,08/19/2025,,Michelle,,
CE0011224,Deferred,,08/18/1979,,,,,,,,,93.90,207.01,178.00,70.08,29.64,N,N,N,,N,N,,,,,11.33,268.90,34.10,93.00,6.07,0.00,135.00,87.00,36.30,N,N,,,Monica,,
CE0011225,Ineligible,A-,11/18/1982,,Male,Caucasian,,DQ,,NEGATIVE,,76.40,168.43,182.88,72.00,22.84,N,N,N,,N,N,,,07/29/2025,10/27/2025,14.48,373.00,42.50,87.00,5.94,0.00,133.00,75.00,36.00,N,N,,,Greggory,,
CE0011226,IDS Expired,A+,07/17/2005,,Male,Hispanic,"LP, WB, BM,",BM 100ml,,NEGATIVE,,82.50,181.88,180.00,70.87,25.46,Y,N,N,,N,N,10/08/2025,,07/29/2025,10/27/2025,15.40,197.00,44.20,99.00,3.17,0.00,142.00,82.00,36.40,N,Y,10/08/2025,,Kenneth,,
CE0011227,IDS Expired,O+,01/13/2005,,Female,asian,"LP, WB,",Not Interested,,negative,POSITIVE,56.70,125.00,168.00,66.10,20.10,Y,N,N,,Y,N,,11/26/2025,11/26/2025,02/24/2026,13.70,259.50,41.50,100.00,5.40,0.00,115.00,67.00,36.30,N,N,,,Erin,,
CE0011228,IDS Expired,A+,09/07/1989,,Female,Caucasian,"LP, WB, BM,",BM 100ml,,negative,,72.10,159.00,160.00,63.00,28.20,N,N,N,,Y,N,12/18/2025,09/03/2025,12/18/2025,03/18/2026,13.70,354.70,40.10,88.00,5.80,0.00,113.00,74.00,36.20,N,Y,09/03/2025,,Jessica,,
CE0011229,Eligible,A+,12/04/1984,,Male,Mixed,"LP, WB, BM,",BM 100ml,,POSITIVE,,78.50,173.06,185.00,72.83,22.94,N,N,N,,Y,N,02/17/2026,06/29/2026,05/19/2026,08/17/2026,14.71,262.90,45.00,68.00,3.99,0.00,121.00,69.00,36.20,Y,Y,10/23/2025,,Phoenix,,
CE0011230,Deferred,,07/28/2006,,,,,,,,,75.20,165.79,178.00,70.08,23.73,N,N,N,,N,N,,,,,0.00,0.00,0.00,0.00,0.00,0.00,0.00,0.00,0.00,N,N,,,Charles,,
CE0011231,Eligible,O+,04/25/1989,,Female,Caucasian,"LP, WB, BM,",BM 100ml,,Positive,,79.90,176.15,168.00,66.14,28.31,Y,N,N,,Y,N,05/13/2026,06/17/2026,06/17/2026,09/15/2026,12.69,189.70,37.90,86.00,4.10,0.00,118.00,77.00,36.20,Y,Y,08/21/2025,,Oksanna,,
CE0011232,IDS Expired,B+,02/18/2002,,Female,Hispanic,"LP, WB, BM,",,,positive,,64.80,142.86,152.40,60.00,27.90,Y,N,N,,N,N,09/09/2025,,08/05/2025,11/03/2025,13.60,245.70,38.70,69.00,7.46,0.00,118.00,83.00,36.50,N,Y,09/09/2025,,Meribeth,,
CE0011233,IDS Expired,O+,06/21/1997,,Female,Hispanic,"LP, WB, BM,",BM 100ml,,Positive,POSITIVE,65.50,144.40,163.00,64.20,26.10,Y,N,N,,Y,N,,06/04/2026,03/26/2026,06/24/2026,12.90,225.60,38.60,83.00,3.60,0.00,111.00,63.00,36.30,N,Y,08/26/2025,,Breanna,,
CE0011234,IDS Expired,A+,08/19/1981,,Female,Caucasian,"LP, WB,",DQ,,Negative,,98.10,216.27,165.10,65.00,35.99,Y,N,Y,"Medication, Environmental,",N,N,,,08/06/2025,11/04/2025,13.94,251.40,39.70,58.00,5.49,0.00,101.00,57.00,36.30,N,N,,"allergies: latex, penicillin",Stephanie,,
CE0011235,IDS Expired,O+,01/22/2003,,Female,Hispanic,"LP, WB,",DQ,,NEGATIVE,NEGATIVE,60.10,132.50,160.00,62.99,23.48,N,N,N,,Y,N,,09/15/2025,09/08/2025,12/07/2025,12.86,362.40,37.10,84.00,8.60,0.00,113.00,71.00,36.30,N,N,,,Angelique,,
CE0011236,IDS Expired,O+,05/19/2005,,Male,Hispanic,"LP, WB,",Not Interested,,negative,,86.50,190.70,173.00,68.11,28.90,N,Y,N,,N,N,,,08/07/2025,11/05/2025,14.14,220.00,40.20,74.00,4.43,0.00,120.00,59.00,36.60,N,N,,,Ricardo,,
CE0011237,Ineligible,,04/05/1989,,,,,,,,,0.00,0.00,0.00,0.00,0.00,N,N,N,,N,N,,,,,0.00,0.00,0.00,0.00,0.00,0.00,0.00,0.00,0.00,N,N,,,Ilya,,
CE0011238,Ineligible,,09/25/1986,,,,,,,,,102.30,225.53,178.00,70.08,32.29,N,N,N,,N,N,,,,,0.00,0.00,0.00,54.00,0.00,0.00,148.00,74.00,35.30,N,N,,DQ- veins not suitable; BM site not palpable.,Daniel,,
CE0011239,IDS Expired,B+,12/19/2005,,Male,Hispanic,"LP, WB, BM,",BM 100ml,,negative,,77.30,170.42,180.00,70.87,23.86,Y,Y,Y,"Environmental,",N,N,08/29/2025,,08/11/2025,11/09/2025,17.40,233.20,48.40,97.00,9.04,0.00,154.00,88.00,36.30,N,Y,08/29/2025,allergy: cats,Dominik,,
CE0011240,IDS Expired,A+,03/04/2004,,Female,,"LP,",Not Interested,,Negative,,56.60,124.78,175.00,68.90,18.48,Y,N,N,,N,N,,,08/11/2025,11/09/2025,12.32,187.50,36.60,89.00,4.61,0.00,103.00,63.00,36.30,N,N,,,Irena,,
CE0011241,IDS Expired,O+,01/28/2005,,Male,Caucasian,"LP, WB,",DQ,,Negative,POSITIVE,57.60,126.99,175.00,68.90,18.81,N,N,N,,Y,N,,11/24/2025,11/24/2025,02/22/2026,14.97,175.70,44.00,65.00,7.44,0.00,110.00,57.00,36.00,N,Y,09/02/2025,,Jonathan,,
CE0011242,IDS Expired,A+,11/18/1980,,Male,AfricanAmerican,"LP, WB, BM,",BM 100ml,,Positive,,99.60,219.58,183.00,72.05,29.74,N,Y,N,,N,N,09/04/2025,,08/12/2025,11/10/2025,13.50,202.70,45.00,73.00,4.77,0.00,138.00,87.00,36.00,N,N,,,Jason,,
CE0011243,IDS Expired,O+,06/21/1980,,Female,Mixed,"LP, WB, BM,",BM 100ml,,POSITIVE,,62.30,137.40,172.00,67.70,21.10,N,Y,N,,Y,N,09/04/2025,11/04/2025,11/04/2025,02/02/2026,13.90,174.60,43.00,59.00,6.40,0.00,140.00,72.00,36.20,N,Y,09/04/2025,,Angela,,
CE0011244,IDS Expired,A+,05/19/2003,,Male,Caucasian,"LP, WB, BM,",,,Negative,POSITIVE,74.10,163.40,178.00,70.10,23.40,N,Y,N,,Y,Y,12/05/2025,09/29/2025,09/22/2025,12/21/2025,15.30,260.50,46.30,94.00,5.90,0.00,128.00,77.00,35.90,N,Y,,,Ethan,,
CE0011245,Deferred,,09/30/2006,,,,,,,,,54.70,120.60,175.00,68.90,17.90,N,N,N,,N,N,,,,,12.10,297.50,35.90,81.00,6.20,0.00,102.00,62.00,36.30,N,N,,,Ara,,
CE0011246,Deferred,,07/30/2005,,Female,Hispanic,,,,,,68.30,150.58,160.00,62.99,26.68,N,N,N,,N,N,,,,,11.95,244.20,34.60,76.00,3.59,0.00,100.00,58.00,36.40,N,N,,,Stefanie,,
CE0011247,Deferred,,07/24/1991,,,,,,,,,0.00,0.00,0.00,0.00,0.00,N,N,N,,N,N,,,,,0.00,0.00,0.00,0.00,0.00,0.00,0.00,0.00,0.00,N,N,,,Christopher,,
CE0011248,Ineligible,AB+,03/14/2000,,Female,Caucasian,,,,Negative,,79.70,175.70,173.00,68.10,26.60,N,N,N,,N,N,,,08/13/2025,11/11/2025,14.40,223.40,40.10,54.00,7.50,0.00,120.00,76.00,36.40,N,N,,,Isabel,,
CE0011249,Ineligible,,09/16/1995,,,,,,,,,0.00,0.00,0.00,0.00,0.00,N,N,N,,N,N,,,,,0.00,0.00,0.00,0.00,0.00,0.00,0.00,0.00,0.00,N,N,,,Esther,,
CE0011250,Eligible,O+,04/24/1978,,Female,Hispanic,"LP, WB, BM,",BM 100ml,,NEGATIVE,POSITIVE,84.00,185.19,163.00,64.17,31.62,Y,Y,Y,"Environmental,",Y,N,05/06/2026,06/15/2026,06/15/2026,09/13/2026,14.37,261.40,43.00,79.00,9.78,0.00,118.00,72.00,36.40,Y,Y,10/21/2025,ALLERGIES: SEASONAL;,Lynn,,
CE0011251,IDS Expired,AB+,07/08/1991,,Female,Mixed,"LP, WB,",,,Positive,POSITIVE,98.60,217.38,158.00,62.20,40.80,N,Y,Y,"Environmental,",Y,N,,06/22/2026,06/22/2026,09/20/2026,14.85,278.50,45.70,71.00,5.26,0.00,125.00,76.00,36.40,Y,Y,,Allergies: Nickle,Fevn,,
CE0011252,IDS Expired,O+,09/27/1987,,Male,Caucasian,"LP, WB, BM,",BM 100ml,,Negative,,102.30,225.53,198.12,78.00,26.06,N,N,N,,N,N,09/12/2025,,08/15/2025,11/13/2025,16.70,209.30,44.90,83.00,4.80,0.00,140.00,80.00,35.70,N,Y,09/12/2025,,Cord,,
CE0011253,IDS Expired,O+,11/22/1991,,Male,AfricanAmerican,"LP, WB, BM,",BM 100ml,,Negative,Positive,79.40,175.10,175.00,68.90,25.90,N,Y,N,,Y,N,10/01/2025,01/12/2026,11/25/2025,02/23/2026,14.70,154.60,44.00,81.00,5.20,0.00,140.00,79.00,36.30,N,Y,08/27/2025,,Marvis,08/27/2025,Positive
CE0011254,IDS Expired,O+,04/24/2007,,Male,,"LP, WB,",Not Interested,,Negative,,63.90,140.88,170.00,66.93,22.11,N,N,N,,N,N,,,08/15/2025,11/13/2025,15.29,246.90,43.70,81.00,5.47,0.00,105.00,62.00,36.00,N,N,,,William,,
CE0011255,Eligible,A+,04/07/1994,,Female,Hispanic,"LP, WB, BM,",BM 100ml,,Positive,POSITIVE,82.90,182.76,157.00,61.81,34.16,N,N,Y,"Environmental,",Y,Y,05/05/2026,06/22/2026,05/05/2026,08/03/2026,13.83,251.40,42.60,83.00,4.07,0.00,108.00,67.00,36.30,Y,Y,09/22/2025,Allergy: cats,Valeria,,
CE0011256,Eligible,B+,08/15/1999,,Male,AfricanAmerican,"LP, WB, MLP,",Not Interested,,POSITIVE,POSITIVE,84.10,185.41,180.00,70.87,25.96,N,Y,N,,Y,Y,,07/07/2026,05/27/2026,08/25/2026,13.46,155.60,39.90,59.00,4.75,0.00,119.00,70.00,36.80,Y,Y,10/02/2025,"1 MobLP completed at LL in 2024. Unreliable, DQ for mobLP.
3/12/26: Donor has proven to be reliable as evidence by showing up to last 5 donations ontime.
Great veins. ACL",Keyshawn,,
CE0011257,Deferred,,03/27/1988,,,,,,,,,53.40,117.73,152.40,60.00,22.99,N,N,N,,N,N,,,,,12.09,276.90,36.00,81.00,4.21,0.00,105.00,73.00,36.70,N,N,,,Alexiah,,
CE0011258,Ineligible,A+,12/07/1974,,Male,AfricanAmerican,,,,NEGATIVE,,90.80,200.18,175.00,68.90,29.65,N,N,N,,Y,Y,12/17/2025,01/26/2026,01/26/2026,04/26/2026,14.30,211.00,43.60,62.00,3.13,0.00,126.00,74.00,36.30,N,Y,09/02/2025,,Jason,,
CE0011259,Eligible,A+,09/22/1975,,Female,AfricanAmerican,"LP, WB, BM,",BM 100ml,,POSITIVE,,79.10,174.39,170.00,66.93,27.37,Y,Y,Y,"Environmental,",Y,Y,06/10/2026,10/07/2025,04/15/2026,07/14/2026,12.60,255.60,43.70,69.00,6.32,0.00,100.00,62.00,36.60,N,Y,10/08/2025,allergy: environment,Nicole,,
CE0011260,IDS Expired,O+,06/15/1972,,Male,Hispanic,"LP, WB, BM,",BM 100ml,,NEGATIVE,,92.00,202.80,173.00,68.10,29.20,N,N,N,,Y,Y,05/13/2026,03/30/2026,03/30/2026,06/28/2026,14.00,272.10,46.30,78.00,9.00,0.00,155.00,89.00,36.30,N,Y,08/29/2025,,Humberto,,
CE0011261,Eligible,O+,07/22/2004,,Male,Mixed,"LP, WB, BM,",BM 100ml,,NEGATIVE,positive,118.20,260.59,183.00,72.05,35.30,N,Y,N,,Y,Y,09/09/2025,07/01/2026,07/01/2026,09/29/2026,14.07,324.00,44.50,100.00,4.36,0.00,143.00,81.00,37.10,Y,Y,08/09/2025,,Khlevour,,
CE0011262,Deferred,,09/22/1993,,,,,,,,,117.80,259.70,170.00,66.93,40.76,N,N,N,,N,N,,,,,0.00,0.00,0.00,0.00,0.00,0.00,0.00,0.00,0.00,N,N,,,Asmara,,
CE0011263,Deferred,,05/25/1987,,,,,,,,,0.00,0.00,0.00,0.00,0.00,N,N,N,,N,N,,,,,0.00,0.00,0.00,0.00,0.00,0.00,0.00,0.00,0.00,N,N,,,Audrey,,
CE0011268,IDS Expired,O+,06/01/1989,,Male,AfricanAmerican,"LP, WB, BM,",BM 100ml,,Negative,,90.90,200.40,191.00,75.20,24.92,N,Y,Y,"Food, Environmental,",Y,N,,09/16/2025,08/21/2025,11/19/2025,13.18,333.60,40.10,81.00,5.94,0.00,132.00,76.00,36.00,N,Y,09/16/2025,"Allergies: Artificial strawberry Nesquick, dust, cat, seasonal pollens",Orell,,
CE0011269,IDS Expired,A-,03/29/1983,,Male,Mixed,"LP, WB, BM,",BM 100ml,,NEGATIVE,,128.00,282.19,182.00,71.65,38.64,N,N,Y,"Medication, Environmental,",N,N,09/11/2025,,08/21/2025,11/19/2025,15.30,201.90,49.00,73.00,9.41,0.00,142.00,85.00,35.60,N,Y,09/11/2025,"ALLERGIES: grass, PCN",Phillip,,
CE0011272,Eligible,B+,03/12/1992,,Male,Mixed,"LP, WB, BM,",BM 100ml,,Positive,POSITIVE,58.70,129.41,183.00,72.05,17.53,N,N,Y,"Environmental,",Y,N,,06/11/2026,06/11/2026,09/09/2026,14.36,240.30,43.00,67.00,4.83,0.00,121.00,71.00,36.30,Y,N,,"Allergies: dust, weeds;",Esteban,,
CE0011273,Eligible,B+,06/27/2001,,Male,asian,"LP, WB,",Not Interested,,Positive,POSITIVE,70.30,154.98,170.00,66.93,24.33,Y,Y,N,,Y,N,,07/15/2026,06/09/2026,09/07/2026,18.39,263.60,55.00,82.00,5.57,0.00,132.00,83.00,36.20,Y,Y,10/02/2025,,Vincent,,
CE0011274,IDS Expired,O+,02/06/1982,,Male,Caucasian,"LP, WB, BM,",BM 100ml,,Negative,,112.90,248.90,178.00,70.10,35.60,N,N,N,,Y,Y,03/13/2026,,03/13/2026,06/11/2026,16.60,227.30,49.20,79.00,7.40,0.00,146.00,81.00,36.10,N,Y,09/18/2025,,Joshua,,
CE0011275,Eligible,O+,07/14/1988,,Female,AfricanAmerican,"LP, WB,",DQ,,Positive,,69.10,152.34,165.00,64.96,25.38,Y,N,N,,Y,N,,05/12/2026,05/12/2026,08/10/2026,13.21,209.50,39.30,88.00,3.94,0.00,120.00,73.00,36.40,Y,Y,09/18/2025,,Nkeiru,,
CE0011276,Ineligible,AB+,03/06/1996,,Female,asian,,,,Negative,positive,103.60,228.40,173.00,68.11,34.62,N,N,Y,"Food,",Y,Y,09/11/2025,10/23/2025,08/26/2025,11/24/2025,13.74,300.80,42.00,100.00,6.89,0.00,135.00,83.00,35.90,N,Y,10/23/2025,Allergy: Gluten,Iris,,
CE0011277,Eligible,A+,10/06/1997,,Male,Caucasian,"LP, WB, BM,",BM 100ml,,POSITIVE,Negative,103.80,228.84,173.00,68.11,34.68,Y,N,Y,"Environmental,",Y,Y,05/06/2026,06/11/2026,05/06/2026,08/04/2026,17.74,213.00,52.20,81.00,4.50,0.00,137.00,77.00,36.00,Y,Y,,ALLERGIES: POLLEN;,Ami,,
CE0011278,IDS Expired,A+,09/02/1997,,Female,Caucasian,"WB, BM,",BM 100ml,,POSITIVE,,60.20,132.72,175.00,68.90,19.66,Y,N,N,,N,N,09/11/2025,,08/26/2025,11/24/2025,12.80,273.20,41.50,76.00,6.66,0.00,100.00,65.00,36.20,N,N,,,Sedona,,
CE0011279,Ineligible,O+,09/03/1992,,Male,NativeAmerican,,,,Negative,POSITIVE,113.90,251.10,175.00,68.90,37.20,N,N,N,,Y,N,,02/24/2026,01/20/2026,04/20/2026,13.40,256.00,40.50,68.00,4.60,0.00,138.00,84.00,36.10,N,Y,09/22/2025,,Isiah,,
CE0011280,IDS Expired,O+,04/19/2000,,Male,AfricanAmerican,"LP, WB, BM,",BM 100ml,,Negative,Positive,80.00,176.37,185.00,72.83,23.37,N,Y,N,,Y,N,05/19/2026,06/25/2026,06/25/2026,09/23/2026,13.16,141.10,39.60,66.00,6.21,0.00,125.00,72.00,36.30,Y,Y,09/15/2025,,Mekhi,,
CE0011281,IDS Expired,O-,03/28/1992,,Male,AfricanAmerican,"LP, WB, BM,",BM 100ml,,POSITIVE,POSITIVE,64.50,142.20,170.00,66.90,22.10,N,N,Y,"Medication,",Y,N,05/13/2026,,03/18/2026,06/16/2026,16.10,186.00,42.60,85.00,5.70,0.00,122.00,72.00,36.30,N,Y,09/15/2025,ALLERGY: PCN,Brandon,,
CE0011282,Eligible,O+,06/14/1980,,Female,Caucasian,"LP, WB, BM,",BM 100ml,,Negative,,89.20,196.65,168.00,66.10,31.50,N,N,N,,Y,N,05/06/2026,10/22/2025,05/06/2026,08/04/2026,14.43,236.20,43.20,70.00,6.59,0.00,111.00,75.00,36.20,Y,Y,,,Polina,,
CE0011283,Eligible,AB-,08/22/1993,,Male,Mixed,"LP, WB,",Not Interested,,Positive,POSITIVE,103.80,228.84,178.00,70.08,32.41,N,Y,N,,Y,N,,06/18/2026,05/14/2026,08/12/2026,14.25,133.40,42.90,82.00,3.57,0.00,121.00,67.00,35.90,Y,Y,09/18/2025,,Cristian,,
CE0011284,IDS Expired,O+,08/17/2002,,Female,Caucasian,"LP, WB,",DQ,,Negative,,55.50,122.36,160.00,62.99,21.68,N,N,Y,"Medication,",N,N,,,08/27/2025,11/25/2025,12.91,279.10,38.50,97.00,9.07,0.00,118.00,73.00,36.40,N,N,,"Allergies: Ibuprofen, Flagyl","Hannah ""Jack""",,
CE0011285,Ineligible,,08/11/1965,,,,,,,,,0.00,0.00,0.00,0.00,0.00,N,N,N,,N,N,,,,,0.00,0.00,0.00,0.00,0.00,0.00,0.00,0.00,0.00,N,N,,,Bruce,,
CE0011286,IDS Expired,O+,07/17/2003,,Male,Caucasian,"LP, WB, BM,",BM 100ml,,Negative,NEGATIVE,82.70,182.32,180.00,70.87,25.52,Y,N,N,,Y,N,,09/15/2025,08/27/2025,11/25/2025,15.96,186.90,45.70,88.00,4.83,0.00,144.00,72.00,35.80,N,Y,09/15/2025,,Harrison,,
CE0011287,Eligible,A+,02/24/2000,,Male,Caucasian,"LP, WB, BM,",BM 100ml,,negative,NEGATIVE,80.90,178.35,178.00,70.08,25.53,N,N,N,,Y,N,05/14/2026,06/18/2026,05/14/2026,08/12/2026,15.89,261.10,47.10,72.00,4.88,0.00,121.00,67.00,35.90,Y,Y,09/17/2025,,James,,
CE0011288,Eligible,O+,11/01/1988,,Male,Hispanic,"LP, WB, BM,",,,POSITIVE,,100.20,220.90,170.00,66.93,34.67,N,N,N,,Y,N,12/05/2025,05/13/2026,05/13/2026,08/11/2026,15.13,284.20,45.90,84.00,7.06,0.00,160.00,95.00,36.10,Y,Y,10/01/2025,,Geovany,,
CE0011289,IDS Expired,O+,07/09/1986,,Female,Caucasian,"LP, WB, BM,",BM 100ml,,Negative,Positive,66.00,145.51,163.00,64.20,25.40,Y,N,N,,Y,Y,06/01/2026,07/07/2026,07/07/2026,10/05/2026,12.69,250.70,37.80,71.00,4.90,0.00,129.00,75.00,36.20,Y,Y,10/29/2025,,Sharon,,
CE0011290,Ineligible,,11/03/2003,,,,,,,,,97.90,215.83,170.00,66.93,33.88,N,N,N,,N,N,,,,,0.00,0.00,0.00,91.00,0.00,0.00,133.00,83.00,36.20,N,N,,,Robert,,
CE0011291,IDS Expired,O+,12/24/1994,,Female,Caucasian,"LP, WB, BM,",BM 100ml,,Negative,,91.40,201.50,178.00,70.08,28.85,Y,N,Y,"Medication,",N,N,,,08/28/2025,11/26/2025,13.93,231.30,39.60,67.00,4.86,0.00,113.00,65.00,36.20,N,N,,Allergy: Penicillin,Jessika,,
CE0011292,IDS Expired,O+,03/25/1993,,Female,Caucasian,"LP, WB, BM,",,,POSITIVE,positive,63.50,140.00,165.00,65.00,23.30,N,N,N,,Y,Y,02/27/2026,,02/27/2026,05/28/2026,12.80,305.70,37.70,78.00,6.60,0.00,100.00,64.00,36.10,N,Y,,,Sylwia,,
CE0011293,Eligible,O+,04/09/1996,,Male,PacificIslander,"LP, WB, BM,",BM 100ml,,Positive,POSITIVE,98.30,216.71,183.00,72.05,29.35,N,N,Y,"Environmental,",Y,N,05/27/2026,,05/27/2026,08/25/2026,15.61,187.80,44.20,99.00,3.93,0.00,132.00,78.00,36.10,Y,Y,09/17/2025,ALLERGIES: HAY FEVER,Jonathan,,
CE0011294,Ineligible,,01/20/1983,,,,,,,,,55.60,122.58,0.00,0.00,0.00,N,N,N,,N,N,,,,,0.00,0.00,0.00,73.00,0.00,0.00,109.00,64.00,36.50,N,N,,,Margaret,,
CE0011295,Ineligible,,10/17/1977,,,,,,,,,79.40,175.05,167.64,66.00,28.25,N,N,N,,N,N,,,,,0.00,0.00,0.00,75.00,0.00,0.00,132.00,71.00,36.50,N,N,,,Benjamin,,
CE0011296,IDS Expired,O+,06/30/2004,,Male,Caucasian,"LP, WB, BM,",BM 100ml,,Negative,,61.80,136.30,180.00,70.90,19.10,N,Y,Y,"Food,",N,N,,,09/02/2025,12/01/2025,15.70,229.40,44.60,73.00,6.20,0.00,130.00,85.00,36.20,N,N,,"allergies: peanuts, strawberies",Marcus,,
CE0011297,Eligible,B+,11/27/1993,,Male,AfricanAmerican,"LP, WB, BM,",BM 100ml,,Negative,Positive,103.50,228.18,185.00,72.80,30.90,N,Y,N,,Y,N,01/15/2026,07/16/2026,07/16/2026,10/14/2026,15.85,213.70,46.10,79.00,4.68,0.00,136.00,78.00,36.10,Y,Y,10/02/2025,,Jason,,
CE0011298,Eligible,O+,01/12/1992,,Female,Hispanic,"LP, WB, BM,",BM 100ml,,Positive,,81.10,178.79,157.00,61.81,32.90,N,N,Y,"Environmental,",Y,N,05/08/2026,,05/08/2026,08/06/2026,14.66,262.40,43.40,77.00,9.52,0.00,104.00,68.00,36.30,Y,N,,,Luz,,
CE0011299,Deferred,A+,07/26/2003,,Male,Caucasian,"LP, WB, BM,",BM 100ml,,Negative,,73.00,160.94,175.00,68.90,23.84,Y,N,N,,N,N,,,09/03/2025,12/02/2025,15.25,250.70,44.10,90.00,2.44,0.00,125.00,77.00,36.40,N,Y,02/26/2026,,Morris,,
CE0011300,IDS Expired,O+,04/06/2004,,Male,Hispanic,"LP, WB,",Not Interested,,Positive,Positive,63.90,140.88,170.00,66.93,22.11,N,N,N,,Y,N,,09/18/2025,09/03/2025,12/02/2025,13.00,321.80,37.70,99.00,9.33,0.00,115.00,59.00,36.40,N,Y,09/18/2025,,Ricardo,,
CE0011301,Eligible,A+,08/20/2000,,Male,Caucasian,"WB, BM,",BM 100ml,,Positive,POSITIVE,107.60,237.22,183.00,72.05,32.13,Y,N,N,,Y,N,04/20/2026,11/06/2025,04/20/2026,07/19/2026,14.91,276.30,43.70,76.00,5.78,0.00,136.00,84.00,35.90,N,Y,09/25/2025,,Sean,,
CE0011302,IDS Expired,O+,09/22/1999,,Female,Hispanic,"LP, WB, BM,",BM 100ml,,Negative,,83.80,184.75,160.00,62.99,32.73,N,N,N,,N,N,,,09/04/2025,12/03/2025,13.84,253.00,39.30,79.00,9.81,0.00,115.00,77.00,36.30,N,N,,,Gretchen,,
CE0011303,IDS Expired,B+,03/10/2004,,Male,asian,"LP, WB,",Not Interested,,Positive,,85.70,188.94,178.00,70.08,27.05,N,N,N,,N,N,,,09/04/2025,12/03/2025,14.69,230.30,41.80,72.00,6.38,0.00,136.00,82.00,36.40,N,N,,,Anmol,,
CE0011304,Eligible,A-,10/11/1996,,Male,Hispanic,"LP, WB, BM, MLP,",BM 100ml,,NEGATIVE,Positive,94.80,209.00,183.00,72.05,28.31,N,Y,N,,Y,Y,10/01/2025,06/30/2026,06/30/2026,09/28/2026,14.12,169.30,43.10,73.00,4.75,0.00,131.00,71.00,36.30,Y,Y,10/01/2025,,Jason,,
CE0011305,Eligible,O+,06/01/2000,,Male,Hispanic,"LP,",DQ,,Negative,POSITIVE,83.60,184.31,175.00,68.90,27.30,N,N,N,,Y,Y,,06/17/2026,06/17/2026,09/15/2026,12.66,301.50,37.90,78.00,5.90,0.00,111.00,61.00,36.20,Y,Y,10/07/2025,,Luis,,
CE0011306,IDS Expired,A+,09/26/2000,,Female,Caucasian,"LP, WB, BM,",BM 100ml,,POSITIVE,,80.60,177.70,180.00,70.90,24.90,N,N,Y,"Medication,",N,N,,10/15/2025,09/15/2025,12/14/2025,13.20,257.80,39.10,84.00,6.00,0.00,97.00,64.00,36.20,N,Y,10/15/2025,Allergy: Reglan,Hailey,,
CE0011307,Eligible,O+,02/21/2000,,Male,Hispanic,"LP, WB, BM,",BM 100ml,,NEGATIVE,Positive,185.00,407.86,185.00,72.80,22.60,N,N,N,,Y,N,06/10/2026,,06/10/2026,09/08/2026,14.21,150.20,40.80,74.00,4.95,0.00,127.00,76.00,36.60,Y,Y,09/24/2025,,Keven,,
CE0011308,IDS Expired,AB+,08/01/2007,,Female,asian,"WB, BM,",BM 100ml,,NEGATIVE,,66.20,146.00,175.00,68.90,21.60,N,N,N,,Y,N,03/19/2026,,02/27/2026,05/28/2026,13.40,361.90,40.20,78.00,6.20,0.00,119.00,62.00,36.00,N,Y,10/24/2025,,Flora,,
CE0011309,IDS Expired,A+,03/25/1986,,Male,asian,"LP, WB, BM,",BM 100ml,,POSITIVE,,77.50,170.90,167.00,65.80,27.80,Y,N,Y,"Environmental,",N,N,11/18/2025,10/07/2025,09/15/2025,12/14/2025,16.90,268.80,46.50,86.00,5.90,0.00,154.00,90.00,36.30,N,Y,10/07/2025,Allergies: seasonal,David,,
CE0011310,IDS Expired,O+,05/21/1996,,Male,Caucasian,"LP, WB, BM,",,,NEGATIVE,,88.80,195.80,182.90,72.00,26.60,N,N,N,,N,N,,,09/16/2025,12/15/2025,15.50,211.40,44.10,83.00,5.20,0.00,120.00,64.00,36.30,N,N,,,Charles,,
CE0011311,IDS Expired,O+,04/15/2000,,Male,Caucasian,"LP, WB, BM,",BM 100ml,,Negative,positive,96.70,213.20,193.00,76.00,26.00,N,N,Y,"Medication,",Y,Y,12/10/2025,11/03/2025,12/10/2025,03/10/2026,15.60,179.20,45.90,63.00,4.70,0.00,113.00,66.00,36.20,N,Y,09/25/2025,allergy: Medication-Cephalexin,Oliver,,
CE0011312,IDS Expired,A+,03/27/2007,,Male,Mixed,"LP, WB, BM,",,,Negative,NEGATIVE,85.70,188.94,180.00,70.87,26.45,Y,Y,N,,Y,N,,02/05/2026,02/05/2026,05/06/2026,15.95,284.30,47.20,70.00,6.33,0.00,135.00,78.00,36.80,N,Y,02/05/2026,,Dean,,
CE0011313,IDS Expired,O+,07/05/2000,,Male,Caucasian,"LP, WB, BM,",BM 100ml,,Negative,POSITIVE,126.10,278.00,188.00,74.00,35.70,N,N,N,,Y,N,12/10/2025,,12/10/2025,03/10/2026,14.10,290.20,41.60,83.00,10.60,0.00,132.00,83.00,36.00,N,Y,10/13/2025,,James,,
CE0011315,IDS Expired,B+,10/12/1972,,Female,Mixed,"LP, WB, BM,",BM 100ml,,POSITIVE,,71.70,158.10,173.00,68.10,24.00,N,N,N,,Y,N,12/11/2025,11/06/2025,12/11/2025,03/11/2026,13.90,369.00,40.60,81.00,5.00,0.00,134.00,74.00,35.30,N,N,,,"Georgenia ""Genia""",,
CE0011316,Eligible,O+,06/06/1994,,Female,Hispanic,"LP, WB, BM,",,,positive,positive,75.20,165.79,150.00,59.06,33.42,N,N,Y,"Environmental,",Y,Y,06/17/2026,04/20/2026,06/17/2026,09/15/2026,13.68,258.90,41.00,77.00,4.73,0.00,106.00,69.00,35.90,Y,Y,10/13/2025,"allergies: seasonal;
DQ MLP due to veins - ACL 3/11/26",Sofia,,
CE0011318,Deferred,,01/08/1977,,Female,,,,,,,103.00,227.08,165.00,64.96,37.83,Y,N,Y,"Medication, Environmental,",N,N,,,,,11.05,149.30,32.20,84.00,3.40,0.00,142.00,94.00,35.60,N,N,,"Allergies: Vicodin, cat, dog hair",Dior,,
CE0011319,Eligible,O-,12/10/1984,,Female,Caucasian,"LP, WB,",DQ,,NEGATIVE,,63.70,140.43,158.00,62.20,25.52,Y,N,Y,"Medication, Environmental,",Y,N,,07/09/2026,06/03/2026,09/01/2026,14.25,256.60,43.20,77.00,8.82,0.00,126.00,75.00,36.30,Y,Y,10/23/2025,"ALLERGIES: SEASONAL, codeine",Kellie,,
CE0011320,Eligible,B+,09/21/2004,,Female,AfricanAmerican,"LP, WB,",DQ,,Negative,positive,92.20,203.27,175.00,68.90,30.11,Y,N,Y,"Environmental,",Y,N,,06/08/2026,05/04/2026,08/02/2026,12.58,294.90,37.50,79.00,6.03,0.00,131.00,81.00,36.10,Y,Y,10/22/2025,"allergies: grass, nickel",Samaiah,,
CE0011321,IDS Expired,O+,10/30/1978,,Male,Caucasian,"LP, WB, BM,",BM 100ml,,,,103.80,228.80,172.70,68.00,34.80,N,Y,N,,N,N,,,09/22/2025,12/21/2025,18.30,349.40,54.50,77.00,13.00,0.00,143.00,92.00,36.40,N,N,,,Larry,,
CE0011322,IDS Expired,B+,10/10/1990,,,AfricanAmerican,"LP, WB, BM,",BM 100ml,,POSITIVE,,71.80,158.30,175.00,68.90,23.40,N,N,N,,N,N,,,09/23/2025,12/22/2025,14.00,247.80,0.00,83.00,9.80,0.00,139.00,87.00,36.70,N,N,,,Ronald,,
CE0011323,Ineligible,O+,10/26/1988,,Male,AfricanAmerican,"LP, WB, BM,",BM 100ml,,POSITIVE,,71.60,157.90,180.00,70.90,22.10,N,N,N,,Y,N,10/10/2025,11/17/2025,01/16/2026,04/16/2026,13.70,190.50,40.80,59.00,2.50,0.00,106.00,71.00,36.40,N,Y,,,Joseph,,
CE0011324,IDS Expired,O+,03/16/2007,,Male,Hispanic,"LP, WB, BM,",BM 100ml,,NEGATIVE,,96.80,213.40,175.00,68.90,31.60,N,Y,N,,N,N,,,09/23/2025,12/22/2025,15.80,303.30,0.00,66.00,4.50,0.00,116.00,69.00,36.30,N,N,,,Marco,,
CE0011325,Eligible,O+,12/02/1994,,Male,Hispanic,"WB, BM,",BM 100ml,,POSITIVE,positive,75.00,165.35,183.00,72.05,22.40,N,N,N,,Y,Y,04/10/2026,,04/10/2026,07/09/2026,15.59,147.00,44.90,75.00,5.02,0.00,149.00,78.00,36.20,N,Y,10/23/2025,,Michael,12/18/2025,positive
CE0011326,Eligible,A+,10/06/1991,,Female,Hispanic,"LP, WB,",DQ,,POSITIVE,Positive,62.20,137.13,150.00,59.06,27.64,Y,N,Y,"Environmental,",Y,N,04/27/2026,06/08/2026,04/27/2026,07/26/2026,14.56,443.60,42.60,85.00,7.81,0.00,105.00,68.00,36.30,Y,Y,10/20/2025,ALLERGIES: SEASONAL,Esmeralda,,
CE0011327,IDS Expired,A+,10/18/2001,,Male,asian,"LP, WB, BM,",BM 100ml,,POSITIVE,,78.30,172.60,165.00,65.00,28.80,N,N,N,,N,N,10/24/2025,,09/25/2025,12/24/2025,14.90,221.60,41.90,79.00,6.70,0.00,109.00,74.00,36.20,N,N,,,Matt,,
CE0011328,Eligible,A+,06/12/2004,,Male,Caucasian,"LP, WB, BM,",BM 100ml,,POSITIVE,Positive,70.60,155.65,175.00,68.90,23.05,N,N,N,,Y,N,12/08/2025,05/11/2026,05/11/2026,08/09/2026,15.35,177.10,44.10,70.00,4.28,0.00,140.00,83.00,36.40,Y,N,,,Nicholas,,
CE0011329,IDS Expired,O+,08/23/2004,,Male,Mixed,"LP, WB, BM,",BM 100ml,,Negative,,100.00,220.50,196.00,77.20,26.00,N,N,Y,"Environmental,",N,N,11/07/2025,,09/26/2025,12/25/2025,15.90,165.50,43.20,78.00,4.80,0.00,113.00,68.00,36.20,N,Y,11/07/2025,allergy: pollen,Elijah,,
CE0011330,Eligible,O+,10/13/2005,,Male,Hispanic,"LP, WB, BM,",BM 100ml,,Positive,Negative,66.80,147.27,173.00,68.11,22.32,N,N,N,,Y,Y,04/29/2026,06/22/2026,06/22/2026,09/20/2026,15.29,213.20,44.90,76.00,5.26,0.00,141.00,83.00,36.20,Y,Y,10/27/2025,,Luis,,
CE0011331,IDS Expired,O+,08/06/1996,,Female,Caucasian,"LP, WB,",Not Interested,,NEGATIVE,positive,69.40,153.00,163.00,64.20,26.10,Y,N,Y,"Food,",Y,N,,03/23/2026,01/21/2026,04/21/2026,14.70,238.40,43.30,57.00,6.90,0.00,100.00,65.00,36.40,N,Y,11/03/2025,"Allergies: cashews, pistachios",Jennifer,,
CE0011332,Eligible,O+,07/11/2005,,Female,Mixed,"LP, WB,",Not Interested,,NEGATIVE,positive,88.40,194.89,160.00,62.99,33.44,Y,Y,N,,Y,N,,06/29/2026,04/27/2026,07/26/2026,14.01,415.70,43.80,100.00,8.02,0.00,132.00,80.00,36.30,Y,Y,11/03/2025,,"Alexandra ""Alex""",,
CE0011333,Deferred,,12/05/1995,,,,,,,,,0.00,0.00,0.00,0.00,0.00,N,N,N,,N,N,,,,,0.00,0.00,0.00,0.00,0.00,0.00,0.00,0.00,0.00,N,N,,,Andrew,,
CE0011334,IDS Expired,O+,05/26/1989,,Male,AfricanAmerican,"LP,",,,POSITIVE,,77.30,170.40,185.00,72.80,22.60,N,N,N,,Y,Y,,11/20/2025,09/29/2025,12/28/2025,13.30,200.90,39.00,92.00,5.00,0.00,139.00,79.00,36.30,N,Y,10/27/2025,,Lee,,
CE0011335,IDS Expired,O+,11/01/2000,,Male,Mixed,"LP, WB,",BM 100ml,,NEGATIVE,Negative,83.60,184.30,175.00,68.90,27.30,N,N,N,,Y,Y,,03/11/2026,03/11/2026,06/09/2026,14.60,205.20,45.10,84.00,5.00,0.00,137.00,73.00,36.00,N,Y,11/06/2025,,Matthew,,
CE0011336,IDS Expired,O+,02/28/1984,,Female,Caucasian,"LP, WB, BM,",BM 100ml,,NEGATIVE,,95.30,210.10,175.30,69.00,31.00,Y,N,Y,"Medication,",N,N,,,09/29/2025,12/28/2025,13.30,238.20,38.70,60.00,6.80,0.00,131.00,88.00,36.50,N,N,,ALLERGY: Imitrex,Jennifer,,
CE0011337,IDS Expired,O+,01/13/2002,,Female,Hispanic,"LP, WB,",Not Interested,,POSITIVE,,60.00,132.30,163.00,64.20,22.60,N,N,N,,N,N,,,09/30/2025,12/29/2025,13.90,190.90,0.00,73.00,9.00,0.00,114.00,64.00,36.20,N,N,,,Maryjane,,
CE0011338,Eligible,A+,06/12/2000,,Male,Hispanic,"LP, WB, BM,",BM 100ml,,POSITIVE,POSITIVE,93.20,205.47,178.00,70.08,29.42,N,N,Y,"Medication,",Y,N,05/06/2026,01/21/2026,05/06/2026,08/04/2026,14.45,260.80,43.30,60.00,6.84,0.00,126.00,52.00,36.30,Y,Y,11/03/2025,Allergies: Augmentin and penicillin,Manuel,,
CE0011339,IDS Expired,O+,06/08/2004,,Female,Mixed,"LP, WB, BM,",BM 100ml,,Negative,positive,82.40,181.70,180.00,70.90,25.40,N,Y,N,,Y,N,,04/22/2026,02/25/2026,05/26/2026,13.50,316.00,37.40,63.00,8.10,0.00,129.00,71.00,35.90,N,Y,11/07/2025,,"Kasanita ""Kassie""",,
CE0011340,Deferred,,08/07/2000,,,,,,,,,62.70,138.23,163.00,64.17,23.60,N,N,N,,N,N,,,,,13.20,277.10,39.70,59.00,5.53,0.00,93.00,62.00,36.20,N,N,,,Rachel,,
CE0011341,Deferred,,01/27/1971,,,,,,,,,69.00,152.12,175.00,68.90,22.53,N,N,N,,N,N,,,,,12.05,216.80,35.30,80.00,4.90,0.00,120.00,70.00,36.30,N,N,,,Dawn,,
CE0011342,Eligible,A+,03/06/2002,,Female,Caucasian,"LP, WB, BM,",BM 100ml,,Negative,POSITIVE,84.00,185.19,170.00,66.93,29.00,N,N,Y,"Medication,",Y,N,11/03/2025,07/15/2026,05/06/2026,08/04/2026,13.88,301.20,40.70,76.00,8.61,0.00,130.00,92.00,36.60,Y,Y,11/03/2025,Allergy: sulfa medication;,Sterling,,
CE0011343,Eligible,O+,09/06/1982,,Male,AfricanAmerican,"LP,",,,POSITIVE,,128.00,282.19,188.00,74.00,34.90,N,N,N,,Y,N,01/29/2026,06/29/2026,05/12/2026,08/10/2026,12.26,224.70,37.50,86.00,5.44,0.00,143.00,73.00,36.30,Y,Y,11/03/2025,6/29/26: HGB too low for WB/BMA.,Ryan,,
CE0011345,IDS Expired,O+,04/28/1993,,Female,Mixed,"LP, WB, BM,",BM 100ml,,POSITIVE,POSITIVE,56.40,124.34,160.00,62.99,22.03,Y,Y,N,,Y,N,10/28/2025,06/24/2026,06/24/2026,09/22/2026,12.18,284.80,36.60,72.00,7.82,0.00,104.00,60.00,36.50,Y,Y,10/28/2025,,Bethania,,
CE0011346,IDS Expired,O+,01/15/1998,,Male,AfricanAmerican,"LP, WB, BM,",BM 100ml,,positive,,78.50,173.10,183.00,72.10,23.40,N,N,N,,N,N,12/17/2025,,10/08/2025,01/06/2026,14.20,230.20,42.70,88.00,3.30,0.00,109.00,76.00,36.00,N,Y,10/22/2025,,Mkosi,,
CE0011347,Ineligible,,03/08/2004,,Female,Caucasian,,,,,,67.50,148.81,170.18,67.00,23.31,N,N,N,,N,N,,,,,0.00,0.00,0.00,70.00,0.00,0.00,110.00,64.00,36.30,N,N,,,Katherine,,
CE0011348,Eligible,A+,09/19/2001,,Female,Hispanic,"LP, WB, BM,",,,POSITIVE,Positive,67.30,148.37,157.00,61.81,27.30,N,N,Y,"Medication,",Y,N,01/29/2026,06/16/2026,06/16/2026,09/14/2026,12.81,358.50,39.20,90.00,5.75,0.00,102.00,62.00,36.10,Y,Y,10/30/2025,"ALLERGIES: amoxicillin, brompheniramine ppa (phenylpropanolamine)",Emily,,
CE0011349,Eligible,A+,03/31/1975,,Male,Caucasian,"LP, WB,",DQ,,NEGATIVE,,84.70,186.73,170.00,66.93,29.20,N,N,N,,Y,N,11/12/2025,07/08/2026,05/13/2026,08/11/2026,14.48,224.60,43.00,55.00,6.57,0.00,148.00,86.00,35.80,Y,Y,01/22/2026,,Mark,,
CE0011351,Eligible,A+,04/30/1992,,Male,asian,"LP, WB, BM,",,,Positive,Positive,84.70,186.73,168.00,66.14,30.26,N,N,Y,"Food, Environmental,",Y,N,06/10/2026,07/15/2026,06/10/2026,09/08/2026,16.16,334.40,48.70,100.00,8.38,0.00,120.00,67.00,36.40,Y,Y,11/24/2025,"allergies: kiwi, dust;",Roverick,,
CE0011352,Deferred,,12/25/1980,,,,,,,,,0.00,0.00,0.00,0.00,0.00,N,N,N,,N,N,,,,,0.00,0.00,0.00,0.00,0.00,0.00,0.00,0.00,0.00,N,N,,,Jerry,,
CE0011353,Deferred,,02/04/2003,,,,,,,,,0.00,0.00,0.00,0.00,0.00,N,N,N,,N,N,,,,,0.00,0.00,0.00,0.00,0.00,0.00,0.00,0.00,0.00,N,N,,,Jaden,,
CE0011354,IDS Expired,B-,05/28/2007,,Male,Caucasian,"LP, WB,",Not Interested,,POSITIVE,Positive,73.50,162.00,183.00,72.10,22.00,N,Y,Y,"Medication,",Y,Y,,04/06/2026,04/06/2026,07/05/2026,13.80,160.00,44.10,93.00,4.50,0.00,126.00,72.00,36.40,N,Y,01/13/2026,allergy: penicillin;,Amir,,
CE0011355,Ineligible,,03/06/1992,,,,,,,,,101.10,222.89,163.00,64.17,38.05,N,N,N,,N,N,,,,,0.00,0.00,0.00,0.00,0.00,0.00,0.00,0.00,0.00,N,N,,,Karina,,
CE0011356,Deferred,,11/07/1992,,,,,,,,,105.90,233.47,157.48,62.00,42.70,Y,N,N,,N,N,,,,,0.00,0.00,0.00,0.00,0.00,0.00,114.00,69.00,36.00,N,N,,,Brianna,,
CE0011357,Eligible,O+,08/09/1989,,Female,asian,"LP, WB, BM,",,,NEGATIVE,,100.00,220.46,172.00,67.70,33.80,Y,Y,Y,"Medication, Environmental,",Y,N,03/13/2026,07/09/2026,07/09/2026,10/07/2026,14.47,235.90,44.10,85.00,7.09,0.00,114.00,72.00,36.30,Y,Y,10/30/2025,"ALLERGIES: sulfa, seasonal;",Ramya,,
CE0011358,IDS Expired,A+,05/03/2000,,Male,Mixed,"LP, WB, BM,",BM 100ml,,POSITIVE,POSITIVE,75.50,166.50,175.00,68.90,24.70,Y,Y,N,,Y,N,01/21/2026,12/17/2025,01/21/2026,04/21/2026,16.40,253.20,48.50,66.00,5.10,0.00,122.00,77.00,35.90,N,Y,11/05/2025,Donor quit smoking 08/01/2025.,Joseph,,
CE0011359,Eligible,A+,10/06/1999,,Male,Mixed,"LP, WB,",DQ,,negative,Negative,138.40,305.12,195.00,76.77,36.40,N,N,N,,Y,Y,,07/06/2026,07/06/2026,10/04/2026,14.78,314.60,44.50,67.00,7.43,0.00,136.00,71.00,36.40,Y,Y,02/05/2026,,Ulysses,,
CE0011360,Eligible,B+,02/02/1976,,Female,asian,"LP, WB,",Not Interested,,positive,,65.20,143.74,147.00,57.87,30.17,Y,N,Y,"Medication,",Y,N,,06/18/2026,04/16/2026,07/15/2026,12.83,267.10,38.60,70.00,5.75,0.00,114.00,62.00,36.20,N,Y,11/17/2025,"Allergies: penicillin, hibiclens;
Medications: Birth control, vitamin b complex",Linh,,
CE0011361,Ineligible,,12/10/1993,,Male,Hispanic,,,,,,70.50,155.43,172.72,68.00,23.63,N,N,N,,N,N,,,,,0.00,0.00,0.00,98.00,0.00,0.00,144.00,64.00,36.30,N,N,,,Omar,,
CE0011362,Eligible,O+,06/06/2005,,Female,Mixed,"WB, BM,",BM 100ml,,Negative,,111.80,246.48,168.00,66.14,39.61,Y,N,Y,"Environmental,",Y,Y,05/28/2026,,05/28/2026,08/26/2026,14.68,224.40,43.40,79.00,5.87,0.00,110.00,75.00,36.30,Y,Y,11/26/2025,Allergy: cats;,Emily,,
CE0011363,IDS Expired,O+,12/07/1992,,Male,asian,"LP, WB,",Not Interested,,POSITIVE,NEGATIVE,83.60,184.30,180.00,70.90,25.80,N,N,N,,Y,N,,01/05/2026,10/22/2025,01/20/2026,15.10,268.00,44.90,73.00,7.70,0.00,127.00,70.00,36.30,N,Y,11/21/2025,,Rahul,,
CE0011364,Eligible,A+,01/02/1997,,Male,Hispanic,"LP, WB, BM,",BM 100ml,,Negative,,69.20,152.56,188.00,74.02,19.58,N,Y,N,,Y,N,05/11/2026,,05/11/2026,08/09/2026,14.10,222.20,43.60,67.00,5.29,0.00,114.00,68.00,36.20,Y,Y,11/21/2025,,Jay,,
CE0011366,Eligible,B+,01/13/2002,,FTM,Mixed,"LP, WB, BM,",BM 100ml,,NEGATIVE,POSITIVE,90.50,199.52,162.00,63.78,31.66,Y,N,Y,"Food,",Y,N,01/22/2026,05/27/2026,04/08/2026,07/07/2026,14.85,242.20,43.50,86.00,7.90,0.00,125.00,76.00,36.20,N,Y,02/26/2026,ALLERGY: MANGO SKIN/LV,Aliya,,
CE0011367,Ineligible,,03/31/1985,,,,,,,,,0.00,0.00,0.00,0.00,0.00,N,N,N,,N,N,,,,,0.00,0.00,0.00,0.00,0.00,0.00,0.00,0.00,0.00,N,N,,,Jozell,,
CE0011368,Eligible,O+,07/21/2006,,Male,Hispanic,"LP, WB,",Not Interested,,Negative,POSITIVE,126.00,277.78,180.00,70.87,39.01,N,Y,N,,Y,Y,,06/11/2026,05/07/2026,08/05/2026,16.74,273.80,48.90,96.00,9.65,0.00,139.00,64.00,36.20,Y,Y,12/16/2025,,Juan Carlos,,
CE0011369,IDS Expired,AB+,10/15/1987,,Male,AfricanAmerican,"LP, WB, BM,",BM 100ml,,Positive,,90.90,200.40,173.00,68.10,30.40,N,N,N,,Y,N,11/24/2025,03/12/2026,03/12/2026,06/10/2026,16.00,298.70,46.60,82.00,4.70,0.00,154.00,81.00,36.80,N,Y,03/12/2026,,Damascus,,
CE0011370,Ineligible,O+,01/30/2003,,Female,asian,,,,positive,,75.20,165.79,168.00,66.14,26.64,Y,N,N,,Y,N,03/04/2026,,03/04/2026,06/02/2026,14.13,264.90,41.90,53.00,7.47,0.00,113.00,68.00,35.80,N,Y,11/07/2025,"medications: metformin 750 mg (for weight loss), IUD",Sara,,
CE0011371,IDS Expired,B+,03/09/2006,,Male,asian,"LP, WB, BM,",BM 100ml,,positive,POSITIVE,61.70,136.00,180.00,70.90,19.00,N,N,Y,"Food,",Y,N,01/06/2026,,10/27/2025,01/25/2026,17.00,257.10,49.70,98.00,8.50,0.00,106.00,65.00,36.00,N,Y,11/07/2025,ALLERGIES: SESAME SEED/OIL,Shivam,,
CE0011372,IDS Expired,O+,11/16/1996,,Female,Mixed,"WB, BM,",BM 100ml,,Positive,,88.30,194.70,155.00,61.00,36.80,Y,N,Y,"Medication,",Y,N,05/11/2026,,03/09/2026,06/07/2026,13.90,273.20,41.80,85.00,7.50,0.00,137.00,90.00,36.40,N,Y,11/10/2025,"Not eligible for LP or mobLP due to inadequate veins, last assessed 3/9/26.
Allergy: Sulfa",Desiree,,
CE0011374,IDS Expired,O+,06/04/1994,,Female,Hispanic,"LP, WB, BM,",BM 100ml,,Positive,,65.50,144.40,157.00,61.80,26.60,Y,Y,N,,N,N,12/01/2025,,10/28/2025,01/26/2026,13.50,264.70,39.70,83.00,8.70,0.00,114.00,80.00,36.10,N,Y,12/01/2025,,Jessica,,
CE0011375,IDS Expired,B+,07/03/1985,,Male,asian,"LP, WB,",Not Interested,,NEGATIVE,,73.90,162.90,172.70,68.00,24.80,N,N,Y,"Environmental,",N,N,,,10/28/2025,01/26/2026,14.90,224.00,44.70,64.00,5.80,0.00,157.00,88.00,36.20,N,N,,allergy: seasonal,Steven,,
CE0011377,Eligible,O+,06/11/2000,,Female,Caucasian,"LP, WB, BM,",BM 100ml,,Negative,Negative,94.90,209.22,170.00,66.93,32.84,Y,N,Y,"Food,",Y,Y,12/02/2025,06/16/2026,05/22/2026,08/20/2026,14.02,219.70,41.70,91.00,8.69,0.00,131.00,82.00,36.30,Y,Y,12/02/2025,Allergies: shrimp,Jay,,
CE0011378,Eligible,A+,02/07/1980,,Male,Mixed,"LP, WB, BM,",BM 100ml,,Positive,,93.50,206.13,178.00,70.08,29.51,N,N,N,,Y,N,04/30/2026,,04/30/2026,07/29/2026,15.81,236.90,46.90,75.00,7.83,0.00,148.00,59.00,36.40,Y,Y,12/19/2025,,Jason,,
CE0011379,IDS Expired,B+,08/10/1984,,Male,Caucasian,"LP, WB, BM,",BM 100ml,,Negative,,80.10,176.60,183.00,72.10,23.90,Y,N,N,,N,N,,,10/30/2025,01/28/2026,13.40,194.80,38.90,68.00,7.20,0.00,102.00,54.00,36.50,N,N,,,Christian,,
CE0011380,Eligible,B+,05/05/2005,,Male,asian,"LP, WB, BM,",BM 100ml,,Positive,NEGATIVE,94.90,209.22,178.00,70.10,29.90,N,N,N,,Y,Y,04/20/2026,05/26/2026,05/26/2026,08/24/2026,17.13,225.30,51.70,79.00,9.84,0.00,131.00,81.00,36.40,Y,Y,12/03/2025,,Daniel,,
CE0011381,IDS Expired,O+,09/21/2007,,Male,Caucasian,"LP, WB, BM,",BM 100ml,,Positive,,63.40,139.80,177.80,70.00,20.10,N,Y,N,,N,N,,,11/03/2025,02/01/2026,14.70,278.90,43.10,81.00,6.00,0.00,100.00,56.00,36.60,N,N,,,Orion,,
CE0011382,IDS Expired,O+,04/01/2007,,Male,Mixed,"LP, WB, BM,",BM 100ml,,Positive,POSITIVE,68.90,151.90,173.00,68.10,23.00,N,N,N,,Y,N,05/27/2026,12/09/2025,03/31/2026,06/29/2026,14.60,245.20,47.10,56.00,4.80,0.00,106.00,57.00,36.20,N,Y,12/09/2025,,Dedrick,,
CE0011383,Deferred,O-,10/31/1996,,Female,Mixed,"LP,",DQ,,Positive,positive,80.20,176.81,165.00,65.00,29.50,N,N,Y,"Food,",Y,N,,05/14/2026,05/14/2026,08/12/2026,11.92,191.10,35.80,100.00,4.47,0.00,116.00,67.00,36.10,Y,Y,12/22/2025,allergy: tropical fruit;,"Laurel ""Lou""",,
CE0011384,Eligible,AB+,10/23/1987,,Male,AfricanAmerican,"LP, WB, BM,",BM 100ml,,Negative,,90.10,198.64,185.00,72.83,26.33,N,Y,N,,Y,Y,03/11/2026,04/22/2026,04/22/2026,07/21/2026,14.48,223.20,43.10,88.00,6.67,0.00,113.00,63.00,36.30,N,Y,12/04/2025,,Nathaniel,,
CE0011385,IDS Expired,O+,08/15/2007,,Female,NativeAmerican,"LP, WB,",Not Interested,,positive,,90.90,200.40,160.00,63.00,35.50,N,N,N,,N,N,,,11/06/2025,02/04/2026,13.00,339.00,38.60,74.00,6.30,0.00,117.00,71.00,36.40,N,N,,,Lacey,,
CE0011386,IDS Expired,,09/23/1997,,Male,Hispanic,"LP, WB, BM,",BM 100ml,,negative,,76.10,167.80,175.00,68.90,24.90,N,Y,N,,N,N,,,11/06/2025,02/04/2026,15.80,290.50,45.80,60.00,5.30,0.00,114.00,69.00,36.60,N,N,,,Andrew,,
CE0011387,Eligible,B+,07/29/1986,,Male,asian,"LP, WB, BM,",BM 100ml,,Positive,,69.30,152.78,165.00,64.96,25.45,N,Y,N,,Y,Y,05/20/2026,,05/20/2026,08/18/2026,14.42,220.20,43.20,96.00,4.34,0.00,119.00,72.00,36.20,Y,Y,12/02/2025,,Tony,,
CE0011388,Ineligible,,09/08/1987,,,,,,,,,86.40,190.48,193.00,75.98,23.20,N,N,N,,N,N,,,,,12.38,225.80,37.50,74.00,7.46,0.00,118.00,61.00,36.70,N,N,,,Nathan,,
CE0011389,IDS Expired,O+,04/10/1995,,Female,Caucasian,"LP, WB, BM,",BM 100ml,,Negative,,84.00,185.20,177.00,69.70,26.80,Y,N,Y,"Food,",N,N,12/04/2025,,11/06/2025,02/04/2026,14.20,293.00,0.00,86.00,6.80,0.00,114.00,71.00,35.90,N,N,,Allergies: Cashews and grapefruit,Christina,,
CE0011390,Ineligible,O+,10/21/1999,,Male,Caucasian,,,,positive,,101.80,224.40,177.80,70.00,32.20,Y,N,Y,"Medication,",N,N,12/18/2025,,11/07/2025,02/05/2026,13.80,310.00,43.40,84.00,9.20,0.00,134.00,87.00,36.00,N,Y,12/18/2025,allergy: dilantin,Jackson,,
CE0011391,Eligible,O+,06/14/1980,,Female,AfricanAmerican,"WB, BM,",BM 100ml,,Negative,,91.80,202.38,170.00,66.93,30.28,N,N,Y,"Medication, Food, Environmental,",Y,Y,05/05/2026,06/09/2026,05/05/2026,08/03/2026,13.20,234.00,38.60,86.00,6.06,0.00,129.00,71.00,35.80,Y,Y,12/15/2025,"Allergies: Sulfa medications, indomethacin and shellfish;
5/5/26: Veins not adequate for LP. mcl",Sirries,,
CE0011392,Ineligible,,09/08/1981,,Female,Mixed,,,,,,70.20,154.76,173.00,68.11,23.46,N,N,Y,"Food,",N,N,,,,,12.29,299.30,36.90,67.00,4.65,0.00,140.00,88.00,36.00,N,N,,Allergy: Crustaceans and roaches,Cynthia,,
CE0011393,IDS Expired,B+,03/11/1994,,Female,Caucasian,"LP, WB, BM,",BM 100ml,,Negative,,72.50,159.80,165.00,65.00,26.60,Y,N,N,,N,N,12/10/2025,,11/10/2025,02/08/2026,15.10,262.10,45.70,72.00,6.90,0.00,106.00,68.00,36.00,N,Y,12/10/2025,,Ashley,,
CE0011394,IDS Expired,B+,06/26/2007,,Female,AfricanAmerican,"LP, WB,",Not Interested,,NEGATIVE,POSITIVE,75.70,166.90,165.00,65.00,27.80,Y,N,N,,Y,Y,,04/23/2026,03/02/2026,05/31/2026,12.70,225.80,37.30,70.00,4.10,0.00,119.00,64.00,36.10,N,Y,01/12/2026,,Caitlyn,,
CE0011395,IDS Expired,O+,05/08/2001,,Male,asian,"LP, WB,",Not Interested,,NEGATIVE,,81.20,179.00,173.00,68.10,27.10,N,N,N,,Y,N,,02/13/2026,02/13/2026,05/14/2026,15.00,227.60,46.00,63.00,5.00,0.00,125.00,65.00,36.30,N,Y,02/13/2026,,Bryce,,
CE0011396,IDS Expired,O+,10/02/1989,,Male,Caucasian,"LP, WB, BM, MLP,",BM 100ml,,NEGATIVE,,90.60,199.70,172.00,67.70,30.60,N,N,N,,Y,N,11/24/2025,04/21/2026,03/03/2026,06/01/2026,15.20,178.20,42.40,73.00,6.00,0.00,144.00,79.00,36.30,N,Y,11/24/2025,,Derek,,
CE0011397,Eligible,O+,05/16/2004,,Female,Hispanic,"LP, WB,",DQ,,Positive,POSITIVE,56.30,124.12,157.00,61.81,22.88,N,N,N,,Y,Y,,06/10/2026,04/28/2026,07/27/2026,13.81,210.50,41.70,68.00,5.51,0.00,116.00,62.00,36.30,Y,Y,01/13/2026,,Yareli,,
CE0011399,IDS Expired,O+,09/06/1996,,Male,Hispanic,"LP, WB, BM,",BM 100ml,,positive,POSITIVE,104.60,230.60,185.00,72.80,30.60,N,N,N,,Y,Y,03/03/2026,,03/03/2026,06/01/2026,15.80,211.50,46.10,69.00,6.40,0.00,103.00,64.00,36.20,N,Y,12/09/2025,,Rogelio,,
CE0011400,Eligible,O+,04/30/1996,,Female,Hispanic,"WB, BM,",BM 100ml,,Negative,,61.00,134.48,178.00,70.08,19.22,N,N,N,,Y,N,07/17/2026,,07/17/2026,10/15/2026,14.20,201.80,41.60,71.00,6.35,0.00,113.00,77.00,36.40,Y,Y,12/01/2025,3/25/26 ; Veins not suitable for LP per AC,Gracey,,
CE0011401,IDS Expired,O+,05/15/1998,,Female,Hispanic,"WB, BM,",BM 100ml,,Negative,positive,69.30,152.80,155.00,61.00,28.80,Y,N,N,,Y,N,04/24/2026,,02/25/2026,05/26/2026,16.30,252.00,44.60,94.00,7.20,0.00,101.00,67.00,36.20,N,Y,12/09/2025,,Stephanie,,
CE0011402,IDS Expired,O+,08/27/2005,,Male,asian,"LP, WB, BM,",BM 100ml,,NEGATIVE,negative,64.10,141.30,178.00,70.10,20.20,N,N,N,,Y,N,,01/29/2026,11/18/2025,02/16/2026,15.70,298.90,48.10,72.00,5.70,0.00,134.00,76.00,36.20,N,Y,01/29/2026,,Joseph,,
CE0011403,IDS Expired,B+,02/22/1989,,Male,AfricanAmerican,"LP, WB, BM,",,,POSITIVE,,79.60,175.50,185.00,72.80,23.30,N,Y,N,,Y,Y,12/11/2025,02/05/2026,02/05/2026,05/06/2026,13.70,158.90,41.20,70.00,4.30,0.00,157.00,84.00,36.00,N,Y,02/05/2026,,Bernard,,
CE0011404,Ineligible,,04/14/1970,,,,,,,,,108.80,239.86,165.00,64.96,39.96,N,N,N,,N,N,,,,,11.82,216.00,37.10,63.00,5.24,0.00,149.00,86.00,36.30,N,N,,,Deborah,,
CE0011405,IDS Expired,B+,10/18/2001,,Female,Mixed,"LP, WB, BM,",BM 100ml,,NEGATIVE,POSITIVE,96.40,212.50,178.00,70.10,30.40,Y,N,N,,Y,Y,,05/22/2026,03/23/2026,06/21/2026,12.90,139.90,38.80,94.00,5.50,0.00,115.00,70.00,36.50,N,Y,12/17/2025,,Toria,,
CE0011406,IDS Expired,B+,01/08/1989,,Male,Caucasian,"LP, WB,",Not Interested,,NEGATIVE,,116.70,257.30,175.00,68.90,38.10,Y,N,N,,Y,Y,12/02/2025,04/01/2026,02/25/2026,05/26/2026,16.10,243.30,46.20,92.00,9.30,0.00,146.00,85.00,36.30,N,Y,12/02/2025,,Keeghan,,
CE0011407,IDS Expired,O+,02/23/1990,,Male,Hispanic,"LP,",,,POSITIVE,,121.60,268.10,188.00,74.00,34.40,N,N,N,,N,N,,,11/25/2025,02/23/2026,12.50,288.90,38.20,62.00,10.50,0.00,106.00,62.00,36.60,N,N,,,Vincent,,
CE0011408,IDS Expired,B+,12/07/2002,,Male,Mixed,"LP, WB,",,,Positive,,82.50,181.90,180.30,71.00,25.40,N,N,Y,"Environmental,",N,N,,,11/26/2025,02/24/2026,15.80,211.30,0.00,72.00,5.40,0.00,123.00,53.00,36.40,N,N,,Allergies: seasonal,Devin,,
CE0011409,Ineligible,,06/20/1998,,Male,,,,,,,69.90,154.10,183.00,72.05,20.87,N,N,N,,N,N,,,,,0.00,0.00,0.00,76.00,0.00,0.00,107.00,63.00,36.60,N,N,,DQ- Diagnosed with Beta Thalassemia,Justin,,
CE0011410,Eligible,A+,05/11/2005,,Female,Hispanic,"LP, WB,",Not Interested,,Positive,Positive,82.40,181.66,160.00,62.99,32.19,N,N,N,,Y,N,,06/15/2026,06/15/2026,09/13/2026,12.61,308.30,39.90,67.00,8.13,0.00,119.00,66.00,36.30,Y,Y,12/19/2025,,Ava,,
CE0011411,IDS Expired,B+,11/14/2005,,Female,AfricanAmerican,"LP, WB, BM,",BM 100ml,,Positive,Positive,92.30,203.49,170.00,66.93,31.94,Y,N,Y,"Environmental,",Y,Y,,01/20/2026,12/01/2025,03/01/2026,13.90,383.00,41.90,123.00,9.00,0.00,144.00,78.00,36.40,N,Y,12/15/2025,"allergies: grass, pollen",Armani,,
CE0011412,Ineligible,B+,04/26/2006,,Male,AfricanAmerican,,,,POSITIVE,Positive,85.00,187.40,180.00,70.90,26.20,N,N,N,,Y,Y,12/15/2025,,12/01/2025,03/01/2026,16.27,200.90,49.50,79.00,2.82,0.00,126.00,69.00,36.30,N,Y,12/15/2025,,Josiaha,,
CE0011413,IDS Expired,B+,06/18/1990,,Female,AfricanAmerican,"LP, WB,",DQ,,positive,,80.40,177.30,162.00,63.80,30.60,N,N,N,,Y,N,02/18/2026,03/30/2026,02/18/2026,05/19/2026,13.90,356.20,41.80,71.00,4.80,0.00,148.00,84.00,36.00,N,Y,01/05/2026,,Brianeshia,,
CE0011414,Ineligible,A+,07/28/1984,,Female,Caucasian,,DQ,,Negative,,58.40,128.75,170.00,66.93,20.21,N,N,Y,,N,N,,02/05/2026,12/02/2025,03/02/2026,12.47,306.70,37.50,80.00,5.31,0.00,113.00,71.00,36.40,N,Y,01/13/2026,Allergy: LIDOCAINE,Danielle,,
CE0011415,Eligible,B+,10/15/2004,,Female,AfricanAmerican,"LP, WB,",Not Interested,,Positive,positive,69.40,153.00,170.00,66.93,24.01,N,N,Y,"Environmental,",N,N,,,07/13/2026,10/11/2026,13.48,215.30,41.10,70.00,3.32,0.00,113.00,71.00,36.60,Y,N,,Allergies: Seasonal,Christina,,
CE0011416,IDS Expired,B+,12/18/2003,,Male,asian,"LP, WB, BM,",BM 100ml,,POSITIVE,POSITIVE,65.90,145.30,175.00,68.90,21.50,N,N,Y,"Food, Environmental,",Y,Y,05/11/2026,,03/16/2026,06/14/2026,15.00,233.40,47.20,78.00,4.20,0.00,125.00,75.00,36.70,N,Y,01/08/2026,"ALLERGIES: strawberries, ""various fruits"", pollen","Vietsam ""Sam""",,
CE0011417,Ineligible,,04/10/2006,,Female,Hispanic,,,,,,87.50,192.90,165.00,64.96,32.14,N,N,N,,N,N,,,,,0.00,0.00,0.00,124.00,0.00,0.00,126.00,87.00,36.40,N,N,,,Elysia,,
CE0011418,IDS Expired,A+,04/17/2003,,Male,AfricanAmerican,"LP, WB,",,,,,131.90,290.80,182.90,72.00,39.40,N,N,N,,N,N,,,12/03/2025,03/03/2026,14.20,276.00,0.00,64.00,10.30,0.00,127.00,65.00,36.20,N,N,,,Scott,,
CE0011419,IDS Expired,O+,09/04/2003,,Female,Hispanic,"LP, WB,",Not Interested,,Negative,,113.90,251.10,163.00,64.20,42.90,Y,N,N,,N,N,,,12/03/2025,03/03/2026,12.40,316.00,38.10,73.00,8.90,0.00,105.00,68.00,35.90,N,N,,,Yazmin,,
CE0011420,IDS Expired,O+,07/20/1984,,Male,Caucasian,"LP, WB, BM,",BM 100ml,,Negative,,85.70,188.90,183.00,72.10,25.60,N,Y,N,,Y,Y,02/02/2026,05/06/2026,03/30/2026,06/28/2026,14.70,348.60,44.10,94.00,7.10,0.00,151.00,79.00,36.00,N,Y,12/22/2025,,Justin,,
CE0011422,IDS Expired,A+,04/16/2001,,Female,asian,"LP, WB,",Not Interested,,Positive,,77.00,169.80,163.00,64.20,29.00,N,N,N,,N,N,,,12/08/2025,03/08/2026,12.80,278.60,38.90,75.00,6.50,0.00,115.00,69.00,36.70,N,N,,,Tatiana,,
CE0011423,IDS Expired,O+,02/29/2000,,Male,Hispanic,"LP, WB, BM,",BM 100ml,,Positive,POSITIVE,88.90,196.00,178.00,70.10,28.10,N,N,N,,Y,N,03/27/2026,02/17/2026,03/27/2026,06/25/2026,16.60,181.30,46.80,67.00,5.50,0.00,112.00,70.00,35.80,N,Y,02/17/2026,,Erich,,
CE0011424,IDS Expired,A+,05/10/1991,,Male,AfricanAmerican,"LP, WB,",Not Interested,,POSITIVE,,102.80,226.60,178.00,70.10,32.50,N,Y,N,,Y,N,,01/07/2026,12/08/2025,03/08/2026,13.70,281.00,42.80,86.00,10.60,0.00,124.00,65.00,35.90,N,Y,01/07/2026,,Kevin,,
CE0011425,Eligible,O+,04/27/1983,,Female,Hispanic,"LP, WB, BM,",BM 100ml,,Positive,Positive,84.30,185.85,173.00,68.10,28.90,N,Y,N,,Y,Y,12/22/2025,07/13/2026,06/08/2026,09/06/2026,13.71,369.10,40.90,100.00,7.99,0.00,140.00,74.00,36.30,Y,Y,12/22/2025,,Patricia,,
CE0011426,Deferred,O+,03/01/1996,,Female,asian,"LP,",,,POSITIVE,,65.30,143.96,162.00,63.78,24.88,N,N,N,,N,N,,,12/09/2025,03/09/2026,12.47,226.40,37.30,66.00,5.70,0.00,101.00,62.00,36.50,N,N,,,Kyurisha,,
CE0011427,IDS Expired,O+,06/06/2007,,Female,Mixed,"BM,",BM 100ml,,NEGATIVE,,78.60,173.28,157.00,61.81,31.89,N,N,N,,Y,Y,04/06/2026,,04/06/2026,07/05/2026,15.19,286.50,44.20,98.00,9.43,0.00,123.00,83.00,36.20,N,Y,12/17/2025,,Alyson,,
CE0011429,Eligible,O+,04/01/1997,,FTM,asian,"LP, WB, BM,",BM 100ml,,POSITIVE,POSITIVE,73.10,161.16,152.00,59.84,31.77,Y,N,Y,"Medication,",Y,Y,04/09/2026,06/15/2026,04/09/2026,07/08/2026,15.82,266.60,47.60,87.00,7.18,0.00,123.00,65.00,36.30,N,Y,01/12/2026,ALLERGY: PCN;,Mary (Marcelo),,
CE0011430,IDS Expired,A+,06/19/2002,,Male,AfricanAmerican,"LP, WB,",Not Interested,,Positive,,91.10,200.80,175.00,68.90,29.80,N,N,N,,N,N,,,12/11/2025,03/11/2026,14.30,242.70,44.40,67.00,4.50,0.00,126.00,67.00,36.50,N,N,,,Shakur,,
CE0011431,IDS Expired,O+,07/18/1991,,Male,Caucasian,"LP, WB, BM,",BM 100ml,,Negative,POSITIVE,123.20,271.60,191.00,75.20,33.70,Y,N,N,,Y,Y,03/31/2026,05/05/2026,03/31/2026,06/29/2026,16.10,186.20,47.30,68.00,6.50,0.00,152.00,81.00,36.80,N,Y,02/03/2026,,Cullen,,
CE0011432,Eligible,A+,02/19/1975,,Male,NativeAmerican,"WB, BM,",BM 100ml,,Positive,,101.30,223.33,191.00,75.20,27.77,N,Y,N,,Y,N,07/13/2026,,07/13/2026,10/11/2026,15.11,319.50,45.00,73.00,7.37,0.00,117.00,71.00,36.50,Y,Y,01/12/2026,,Torrance,,
CE0011433,Eligible,B+,03/18/1972,,Male,Hispanic,"LP, WB, BM,",BM 100ml,,Positive,,98.80,217.82,175.00,68.90,32.26,N,N,Y,"Environmental,",Y,Y,03/31/2026,06/30/2026,06/30/2026,09/28/2026,16.51,234.00,50.30,56.00,6.00,0.00,150.00,80.00,36.30,Y,Y,01/16/2026,Allergy: cats,Arron,,
CE0011434,IDS Expired,B+,10/15/1979,,FTM,Caucasian,"LP, WB, BM,",,,positive,,81.10,178.80,178.00,70.10,25.60,Y,N,N,,Y,Y,03/03/2026,04/15/2026,03/03/2026,06/01/2026,15.90,226.60,46.90,82.00,6.30,0.00,158.00,79.00,36.30,N,Y,01/08/2026,"daily meds: Adderall XR, Testosterone SQ, Zoloft",Iain,,
CE0011435,Ineligible,,05/23/1971,,Female,AfricanAmerican,,,,,,112.50,248.02,165.00,64.96,41.32,N,N,N,,N,N,,,,,0.00,0.00,0.00,0.00,0.00,0.00,0.00,0.00,0.00,N,N,,,Serene,,
CE0011436,IDS Expired,B+,10/02/1980,,Male,Caucasian,"LP, WB, BM,",BM 100ml,,Positive,,85.30,188.10,173.00,68.10,28.60,N,Y,N,,Y,Y,05/18/2026,04/06/2026,03/27/2026,06/25/2026,13.20,196.40,43.00,80.00,4.40,0.00,123.00,83.00,36.30,N,Y,01/20/2026,,Justin,,
CE0011437,IDS Expired,O+,07/20/1995,,Male,AfricanAmerican,"LP,",,,negative,,98.90,218.00,185.00,72.80,28.90,N,N,N,,N,N,,,12/16/2025,03/16/2026,12.70,216.90,38.70,84.00,9.60,0.00,139.00,78.00,36.40,N,N,,,Damari,,
CE0011438,IDS Expired,AB+,10/27/2004,,Female,Mixed,"LP, WB,",DQ,,NEGATIVE,NEGATIVE,84.20,185.60,163.00,64.20,31.70,Y,N,N,,Y,Y,,01/26/2026,12/16/2025,03/16/2026,13.80,315.40,41.70,85.00,7.30,0.00,141.00,84.00,35.90,N,Y,01/26/2026,,Grazia,,
CE0011439,Eligible,A+,11/28/1986,,Male,Hispanic,"LP, WB, BM,",BM 100ml,,POSITIVE,,93.30,205.69,170.00,66.93,32.21,N,N,N,,Y,Y,,07/14/2026,07/14/2026,10/12/2026,14.97,283.70,44.20,50.00,7.36,0.00,142.00,73.00,36.00,Y,Y,01/13/2026,,Fernando,,
CE0011440,IDS Expired,A+,08/10/1975,,Female,PacificIslander,"LP, WB, BM,",,,Positive,,72.90,160.70,163.00,64.20,27.40,N,N,N,,N,N,,,12/18/2025,03/18/2026,14.00,352.80,43.80,86.00,4.60,0.00,140.00,83.00,35.40,N,N,,,Christine,,
CE0011441,Deferred,,09/04/2000,,,,,,,,,0.00,0.00,0.00,0.00,0.00,N,N,N,,N,N,,,,,0.00,0.00,0.00,0.00,0.00,0.00,0.00,0.00,0.00,N,N,,,Monica,,
CE0011442,Eligible,O+,05/23/1980,,Male,Hispanic,"LP, WB, BM,",BM 100ml,,Positive,,85.20,187.83,168.00,66.14,30.19,N,N,Y,"Medication,",Y,Y,07/01/2026,,07/01/2026,09/29/2026,15.11,189.10,45.70,76.00,6.26,0.00,100.00,63.00,36.00,Y,Y,01/13/2026,Allergy: Septra;,Jonas,,
CE0011443,Ineligible,O+,07/06/1986,,Male,Hispanic,,DQ,,Positive,,93.50,206.10,175.30,69.00,30.40,N,N,N,,N,N,,,12/22/2025,03/22/2026,16.90,222.70,50.50,71.00,5.20,0.00,144.00,92.00,36.50,N,N,,,Renan,,
CE0011444,Ineligible,,08/29/1995,,Female,,,,,,,62.50,137.79,173.00,68.11,20.88,Y,N,N,,N,N,,,,,0.00,0.00,0.00,78.00,0.00,0.00,122.00,73.00,36.50,N,N,,,Erin,,
CE0011445,IDS Expired,,02/28/1980,,Male,Caucasian,"LP, WB,",Not Interested,,Negative,,91.80,202.40,178.00,70.10,29.00,N,N,N,,N,N,,,12/23/2025,03/23/2026,14.60,260.30,42.40,82.00,7.50,0.00,136.00,74.00,36.30,N,N,,,Aaron,,
CE0011446,Deferred,,04/21/2001,,,,,,,,,57.90,127.70,157.00,61.80,23.50,N,N,N,,N,N,,,,,0.00,0.00,0.00,66.00,0.00,0.00,112.00,77.00,36.40,N,N,,,Darcy,,
CE0011447,IDS Expired,AB-,03/30/1979,,Male,Caucasian,"LP, WB, BM,",BM 100ml,,Positive,,98.60,217.40,186.00,73.20,28.50,N,N,N,,Y,Y,,03/19/2026,03/03/2026,06/01/2026,14.40,272.90,41.80,97.00,6.60,0.00,136.00,71.00,37.20,N,Y,03/19/2026,,Mohammad,,
CE0011448,IDS Expired,A+,11/26/1978,,Male,Caucasian,"LP, WB, BM,",BM 100ml,,positive,,93.80,206.80,180.00,70.90,28.90,N,Y,N,,Y,N,03/30/2026,05/04/2026,03/30/2026,06/28/2026,15.90,15.90,44.60,74.00,5.90,0.00,140.00,84.00,36.90,N,Y,02/23/2026,,Robert,,
CE0011449,Eligible,B+,12/13/1986,,Male,AfricanAmerican,"LP, WB,",Not Interested,,NEGATIVE,,91.80,202.38,178.00,70.10,29.80,N,N,N,,Y,N,01/15/2026,06/03/2026,06/03/2026,09/01/2026,13.75,255.60,39.60,99.00,4.28,0.00,134.00,74.00,36.50,Y,Y,01/15/2026,,Rufus,,
CE0011450,IDS Expired,A+,04/13/1989,,Male,AfricanAmerican,"LP, WB, BM,",,,negative,,83.40,183.90,173.00,68.10,27.90,N,N,N,,N,N,01/28/2026,,01/07/2026,04/07/2026,16.20,201.60,45.30,91.00,6.10,0.00,120.00,74.00,36.20,N,Y,01/28/2026,,Ade,,
CE0011451,IDS Expired,A+,02/29/1984,,Female,,"LP, WB,",DQ,,Negative,,56.60,124.80,157.00,61.80,23.00,N,N,Y,"Medication,",N,N,,,01/07/2026,04/07/2026,13.90,399.30,41.00,79.00,7.80,0.00,117.00,66.00,36.30,N,N,,allergy: penicillin,Cara,,
CE0011452,IDS Expired,B+,07/19/2005,,Female,AfricanAmerican,"LP,",BM 100ml,,POSITIVE,Positive,60.80,134.04,160.00,63.00,23.20,N,Y,Y,"Food, Environmental,",Y,N,03/27/2026,07/09/2026,03/27/2026,06/25/2026,12.26,226.10,28.20,84.00,5.69,0.00,113.00,70.00,36.20,N,Y,01/30/2026,"Allergies- cats, almonds;
Per donor status is a smoker.",Dasia,,
CE0011453,Ineligible,,07/25/1974,,Male,AfricanAmerican,,,,,,118.70,261.69,168.00,66.14,42.06,Y,Y,N,,N,N,,,,,0.00,0.00,0.00,0.00,0.00,0.00,0.00,0.00,0.00,N,N,,,Korey,,
CE0011454,Deferred,,04/11/1993,,,,,,,,,106.10,233.91,157.00,61.81,43.04,N,N,N,,N,N,,,,,0.00,0.00,0.00,0.00,0.00,0.00,0.00,0.00,0.00,N,N,,,Michelle,,
CE0011455,IDS Expired,A-,11/27/2003,,Female,Hispanic,"WB, BM,",BM 100ml,,Negative,,88.50,195.10,152.00,59.80,38.30,Y,N,N,,N,N,01/29/2026,,01/08/2026,04/08/2026,13.30,396.60,41.50,83.00,9.20,0.00,123.00,84.00,36.00,N,N,,1/8/26: Veins too small for LP per RN,Jacqueline,,
CE0011456,IDS Expired,O+,11/01/1999,,Male,Caucasian,"LP, WB,",Not Interested,,Negative,,68.40,150.80,185.00,72.80,20.00,N,Y,Y,"Environmental,",N,N,,,01/08/2026,04/08/2026,15.00,237.10,44.50,86.00,5.30,0.00,120.00,65.00,35.90,N,N,,allergy: seasonal pollen,Brayden,,
CE0011457,IDS Expired,O-,02/24/1977,,Male,asian,"LP, WB, BM,",,,negative,,71.30,157.20,173.00,68.10,23.80,N,N,Y,"Medication,",N,N,05/27/2026,,03/30/2026,06/28/2026,15.80,255.80,45.00,60.00,3.80,0.00,112.00,68.00,36.30,N,N,,allergies: penicillin;,Vikram,,
CE0011458,IDS Expired,A+,05/21/2003,,Male,Mixed,"LP, WB,",Not Interested,,Negative,POSITIVE,104.00,229.30,183.00,72.10,31.10,N,Y,N,,Y,N,03/16/2026,02/03/2026,01/08/2026,04/08/2026,16.10,160.10,43.80,85.00,5.70,0.00,119.00,78.00,36.40,N,Y,02/03/2026,"2/3/26: Qualified for mob LP and very interested, but donor is new so perhaps best to wait until we have more history on his reliability.",Christopher,,
CE0011459,Eligible,O+,03/12/1984,,Male,AfricanAmerican,"LP,",,,Positive,POSITIVE,78.00,171.96,178.00,70.08,24.62,N,Y,N,,Y,N,02/09/2026,05/26/2026,07/13/2026,10/11/2026,12.42,312.60,36.60,83.00,3.24,0.00,160.00,85.00,36.30,Y,Y,02/09/2026,Draw ABO at first donation appointment.,Omar,,
CE0011460,IDS Expired,O+,11/27/2005,,Male,AfricanAmerican,"LP, WB,",Not Interested,,positive,Positive,178.00,392.40,178.00,70.10,24.30,N,N,N,,Y,N,,05/27/2026,04/02/2026,07/01/2026,16.10,247.60,47.80,55.00,5.30,0.00,127.00,55.00,35.80,N,N,,,Kapone,,
CE0011461,IDS Expired,B+,01/30/2002,,Male,asian,"WB, BM,",BM 100ml,,Negative,,75.00,165.40,173.00,68.10,25.10,N,N,N,,N,N,,,01/12/2026,04/12/2026,14.40,213.00,43.50,65.00,5.10,0.00,151.00,93.00,36.40,N,N,,1/13/26: NI in LP,Sufjan,,
CE0011462,IDS Expired,A+,02/22/1983,,Male,Caucasian,"LP, WB, BM,",BM 100ml,,Negative,,70.90,156.30,173.00,68.10,23.70,N,N,N,,Y,N,04/06/2026,,04/06/2026,07/05/2026,15.50,245.50,44.80,92.00,6.70,0.00,116.00,73.00,36.40,N,Y,02/09/2026,,"Thomas ""Tommy""",,
CE0011463,IDS Expired,AB+,07/20/2001,,Male,Caucasian,"LP, WB, BM,",BM 100ml,,Negative,,71.20,157.00,170.00,66.90,24.60,N,N,N,,N,N,02/25/2026,,01/13/2026,04/13/2026,17.10,230.70,49.50,55.00,7.30,0.00,109.00,69.00,36.10,N,Y,02/25/2026,,Lev,,
CE0011464,Eligible,O+,05/11/1973,,Male,Caucasian,"LP, WB,",Not Interested,,Negative,,88.90,195.99,178.00,70.08,28.06,N,Y,N,,Y,Y,,04/23/2026,04/23/2026,07/22/2026,16.73,222.60,48.50,99.00,8.25,0.00,163.00,100.00,35.80,N,Y,02/05/2026,,Kevin,,
CE0011465,Eligible,O+,03/06/1995,,Male,asian,"LP, WB, BM,",,,NEGATIVE,Negative,70.70,155.87,175.00,68.90,23.09,Y,N,Y,"Environmental,",Y,Y,05/22/2026,04/10/2026,04/10/2026,07/09/2026,16.40,258.90,47.90,78.00,6.81,0.00,109.00,71.00,36.40,N,Y,02/27/2026,Allergies: Hay fever [seasonal];,Jason,,
CE0011466,Eligible,A+,05/08/2003,,Female,Caucasian,"LP, WB, BM,",BM 100ml,,Negative,,81.70,180.12,168.00,66.14,29.90,Y,N,N,,Y,N,06/17/2026,,04/20/2026,07/19/2026,12.70,305.50,41.70,74.00,8.64,0.00,134.00,82.00,36.00,N,N,,,Grace,,
CE0011467,Deferred,,10/24/1989,,,,,,,,,74.40,164.02,157.00,61.81,30.18,N,N,N,,N,N,,,,,11.09,229.40,33.50,65.00,5.14,0.00,118.00,69.00,36.50,N,N,,,Alejandra,,
CE0011468,Deferred,,08/23/1972,,,,,,,,,57.20,126.10,160.00,63.00,22.30,N,N,N,,N,N,,,,,0.00,0.00,0.00,80.00,0.00,0.00,108.00,73.00,36.20,N,N,,,Arina,,
CE0011469,IDS Expired,B+,03/30/1990,,Female,asian,"LP, WB,",Not Interested,,Positive,,77.00,169.80,155.00,61.00,32.10,Y,N,N,,Y,N,,02/04/2026,01/20/2026,04/20/2026,14.00,273.60,42.00,87.00,6.20,0.00,112.00,68.00,36.30,N,Y,02/04/2026,,Jenny,,
CE0011470,Ineligible,,07/07/2002,,,,,,,,,0.00,0.00,0.00,0.00,0.00,N,N,N,,N,N,,,,,0.00,0.00,0.00,0.00,0.00,0.00,0.00,0.00,0.00,N,N,,,Ana Eva,,
CE0011471,Eligible,A+,04/12/1985,,Male,Caucasian,"LP, WB, BM,",BM 100ml,,Negative,,78.30,172.62,168.00,66.14,27.74,N,N,N,,Y,N,04/16/2026,03/10/2026,04/16/2026,07/15/2026,15.93,287.70,46.40,73.00,6.03,0.00,127.00,74.00,36.40,N,Y,01/29/2026,,Richard,,
CE0011472,IDS Expired,O+,05/20/2005,,Female,Caucasian,"WB, BM,",BM 100ml,,NEGATIVE,,68.60,151.20,165.10,65.00,25.20,Y,N,N,,N,N,,,01/21/2026,04/21/2026,13.40,295.90,39.30,77.00,5.00,0.00,124.00,69.00,36.50,N,N,,,Camila,,
CE0011473,IDS Expired,O+,05/15/2006,,Female,Caucasian,"LP, WB,",Not Interested,,Positive,negative,64.90,143.10,173.00,68.10,21.70,N,N,N,,Y,Y,,03/09/2026,01/21/2026,04/21/2026,13.00,213.20,39.40,63.00,6.00,0.00,122.00,74.00,36.50,N,N,,,Allison,,
CE0011474,Ineligible,,08/12/1996,,Female,Caucasian,,,,,,76.30,168.20,157.00,61.80,31.00,Y,N,N,,N,N,,,,,0.00,0.00,0.00,79.00,0.00,0.00,111.00,84.00,36.30,N,N,,,Tess,,
CE0011475,Eligible,O+,03/17/1996,,Female,Mixed,"LP,",BM 100ml,,Negative,POSITIVE,64.30,141.76,164.00,64.60,23.80,Y,N,N,,Y,Y,,06/01/2026,06/01/2026,08/30/2026,12.04,244.40,36.50,74.00,4.84,0.00,135.00,69.00,36.20,Y,Y,02/17/2026,,Brittany,,
CE0011476,Eligible,A+,12/31/1980,,Female,Caucasian,"LP, WB,",DQ,,Positive,,55.90,123.24,168.00,66.14,19.81,Y,N,Y,"Food,",Y,N,,06/04/2026,04/16/2026,07/15/2026,12.90,261.30,36.70,82.00,5.83,0.00,109.00,64.00,36.20,N,N,,allergy: kiwi,Stephanie,,
CE0011477,Eligible,A+,10/07/1992,,Female,Mixed,"LP, WB,",DQ,,Positive,POSITIVE,58.40,128.75,157.00,61.81,23.69,N,N,N,,Y,Y,,07/13/2026,07/13/2026,10/11/2026,13.07,203.80,39.70,92.00,6.47,0.00,100.00,59.00,36.50,Y,Y,03/05/2026,,Yanee,,
CE0011478,Eligible,O+,09/24/2004,,Female,Hispanic,"LP, WB,",DQ,,Pos,,81.70,180.12,163.00,64.17,30.75,N,N,N,,Y,Y,04/13/2026,,04/13/2026,07/12/2026,15.26,368.50,44.50,99.00,8.69,0.00,121.00,78.00,36.30,N,N,,Donor had first BM today and unable to tolerate the procedure. Made donor aware DQ-BM.,Yahaira,,
CE0011479,Eligible,B+,11/19/1973,,Male,Mixed,"LP, WB, BM,",BM 100ml,,Negative,,74.30,163.80,180.00,70.87,22.93,N,N,N,,Y,Y,06/08/2026,,06/08/2026,09/06/2026,14.82,282.80,42.80,61.00,7.91,0.00,102.00,62.00,36.30,Y,Y,02/23/2026,,Michael,,
CE0011480,Eligible,A+,02/04/1977,,Female,Caucasian,"BM,",BM 100ml,,NEGATIVE,,89.20,196.65,175.00,68.90,29.13,Y,N,N,,Y,Y,06/03/2026,,06/03/2026,09/01/2026,14.22,319.10,42.50,62.00,6.04,0.00,120.00,77.00,36.30,Y,Y,02/11/2026,,Jaime,,
CE0011481,Eligible,O+,10/15/1995,,Male,AfricanAmerican,"LP, WB, BM,",BM 100ml,,Negative,Posiitive,69.70,153.66,175.00,68.90,22.76,Y,Y,Y,"Medication,",Y,Y,05/27/2026,07/02/2026,07/02/2026,09/30/2026,14.08,208.60,42.40,72.00,7.96,0.00,115.00,61.00,36.10,Y,Y,02/23/2026,"Allergy: PCN, peanuts;",David,,
CE0011482,IDS Expired,O+,01/29/2003,,Male,Caucasian,"LP, WB, BM, MLP,",BM 100ml,,Positive,Positive,85.00,187.39,196.00,77.20,21.90,N,N,N,,Y,N,,07/07/2026,07/07/2026,10/05/2026,14.37,194.00,43.70,62.00,4.38,0.00,124.00,75.00,36.70,Y,Y,02/03/2026,,Jordan,,
CE0011483,Eligible,O+,02/24/2003,,Female,Mixed,"LP, WB,",Not Interested,,Positive,POSITIVE,67.70,149.25,150.00,59.06,30.36,Y,N,N,,Y,N,,04/27/2026,06/29/2026,09/27/2026,14.30,362.20,43.10,91.00,8.82,0.00,107.00,71.00,36.60,Y,Y,02/23/2026,,Deina,,
CE0011484,IDS Expired,O+,07/11/1987,,Female,Caucasian,"LP, WB, BM,",BM 100ml,,Negative,,61.30,135.10,168.00,66.10,21.70,Y,N,N,,N,N,02/27/2026,,01/28/2026,04/28/2026,13.00,266.60,38.50,78.00,7.20,0.00,105.00,69.00,36.30,N,Y,02/27/2026,,Isobel,,
CE0011485,Eligible,AB+,04/23/2002,,Female,asian,"LP,",DQ,,negative,POSITIVE,60.80,134.04,168.00,66.10,24.40,N,N,N,,Y,N,,07/09/2026,07/09/2026,10/07/2026,11.90,262.70,36.40,78.00,6.09,0.00,102.00,65.00,36.30,Y,Y,02/23/2026,,Varsha,,
CE0011486,Eligible,O+,01/21/1974,,Female,Hispanic,"WB, BM,",BM 100ml,,Positive,,84.50,186.29,168.00,66.14,29.94,Y,N,N,,N,N,06/15/2026,,06/15/2026,09/13/2026,12.68,137.10,38.30,59.00,5.27,0.00,138.00,84.00,36.30,Y,Y,02/12/2026,DQ from LP. Donor taking Lisinopril.,Ximena,,
CE0011487,Deferred,,04/09/2007,,,,,,,,,54.70,120.59,167.64,66.00,19.46,N,N,N,,N,N,,,,,9.75,360.80,30.80,94.00,5.92,0.00,126.00,86.00,36.50,N,N,,,Yi,,
CE0011488,Ineligible,,04/25/1996,,,,,,,,,98.50,217.20,168.00,66.10,34.90,N,N,N,,N,N,,,,,0.00,0.00,0.00,0.00,0.00,0.00,0.00,0.00,0.00,N,N,,,Janelle,,
CE0011489,IDS Expired,O+,11/28/2000,,Male,Hispanic,"LP, WB,",DQ,,Negative,,112.70,248.50,180.00,70.90,34.80,N,N,N,,Y,N,,02/24/2026,02/02/2026,05/03/2026,16.20,190.70,47.80,62.00,5.30,0.00,120.00,72.00,35.90,N,Y,02/24/2026,,Andres,,
CE0011490,IDS Expired,B+,10/23/1998,,Female,Mixed,"LP, WB, BM,",BM 100ml,,Positive,positive,72.80,160.50,173.00,68.10,24.30,Y,N,N,,Y,N,,02/19/2026,02/02/2026,05/03/2026,12.70,255.80,39.30,77.00,6.50,0.00,106.00,63.00,35.90,N,Y,02/19/2026,,Isabella,,
CE0011491,Eligible,A+,10/14/1988,,Male,Caucasian,"LP, WB, BM,",BM 100ml,,Negative,,116.30,256.40,183.00,72.05,34.73,Y,N,Y,"Medication,",Y,N,03/31/2026,07/02/2026,07/02/2026,09/30/2026,15.59,188.90,45.10,93.00,4.89,0.00,135.00,70.00,36.30,Y,Y,02/18/2026,Allergy: Hops;,Thomas,,
CE0011492,Eligible,AB+,07/14/2004,,Female,Hispanic,"WB, BM,",BM 100ml,,positive,,64.00,141.10,155.00,61.02,26.64,Y,Y,N,,Y,Y,07/08/2026,,05/08/2026,08/06/2026,14.00,331.10,41.60,68.00,7.67,0.00,103.00,67.00,36.20,Y,Y,02/26/2026,,Larissa,,
CE0011493,Eligible,A+,10/09/2003,,Male,Hispanic,"LP, WB,",Not Interested,,Negative,POSITIVE,80.70,177.91,175.00,68.90,26.35,N,N,N,,Y,Y,,05/08/2026,05/08/2026,08/06/2026,13.76,207.30,41.60,88.00,6.22,0.00,142.00,86.00,36.60,Y,Y,03/17/2026,,Emmanuel,,
CE0011494,Eligible,O+,02/26/1994,,Female,Hispanic,"LP,",,,Positive,positive,78.40,172.84,168.00,66.14,27.78,Y,N,N,,N,N,,07/16/2026,06/05/2026,09/03/2026,12.06,422.70,37.80,77.00,8.37,0.00,122.00,65.00,36.30,Y,Y,07/16/2026,,"Lauren ""Lola""",,
CE0011495,IDS Expired,O+,01/14/1981,,Female,Caucasian,"LP, WB, BM,",BM 100ml,,Positive,,74.50,164.20,173.00,68.10,24.90,Y,N,N,,N,N,,,02/04/2026,05/05/2026,15.90,232.00,46.60,81.00,6.60,0.00,117.00,81.00,36.30,N,N,,,Allison,,
CE0011496,IDS Expired,A+,05/25/1996,,Male,AfricanAmerican,"LP, WB,",Not Interested,,Positive,,95.80,211.20,183.00,72.10,28.60,Y,N,N,,N,N,,,02/04/2026,05/05/2026,14.80,219.50,45.90,80.00,4.60,0.00,136.00,76.00,36.20,N,N,,,Byron,,
CE0011497,IDS Expired,A+,01/18/1972,,Female,Mixed,"BM,",BM 100ml,,POSITIVE,,84.20,185.60,167.60,66.00,30.00,Y,N,N,,N,N,,,02/04/2026,05/05/2026,13.40,217.30,40.60,62.00,5.20,0.00,112.00,72.00,36.30,N,N,,,Lisa,,
CE0011498,Eligible,A+,12/26/1990,,Male,Hispanic,"LP, WB,",DQ,,POsitive,,108.10,238.32,173.00,68.11,36.12,N,N,N,,Y,N,,07/02/2026,07/02/2026,09/30/2026,16.08,172.50,47.40,75.00,6.20,0.00,132.00,89.00,36.30,Y,Y,02/24/2026,,Jacob,,
CE0011499,IDS Expired,O+,11/21/2002,,Male,Mixed,"LP, WB,",Not Interested,,Positive,positive,79.80,175.90,178.00,70.10,25.20,N,N,N,,Y,Y,,03/02/2026,02/24/2026,05/25/2026,13.50,221.90,39.60,54.00,4.60,0.00,131.00,72.00,36.00,N,Y,03/02/2026,,Lucas,,
CE0011500,Ineligible,,06/22/1991,,,,,,,,,108.60,239.40,170.00,66.90,37.60,N,N,N,,N,N,,,,,0.00,0.00,0.00,73.00,0.00,0.00,133.00,78.00,36.30,N,N,,,Alessandro,,
CE0011501,IDS Expired,B+,08/05/2003,,Female,Caucasian,"LP, WB,",Not Interested,,POSITIVE,,63.90,140.90,165.10,65.00,23.40,Y,N,N,,N,N,,,02/10/2026,05/11/2026,13.00,191.00,37.60,77.00,3.90,0.00,111.00,66.00,36.30,N,N,,,"Arina ""Raz""",,
CE0011502,Eligible,O+,04/05/2006,,Male,Hispanic,"LP, WB, BM,",,,positive,Positive,77.20,170.20,170.00,66.93,26.71,N,N,N,,Y,Y,,06/23/2026,06/23/2026,09/21/2026,15.25,208.40,45.00,75.00,5.16,0.00,139.00,79.00,36.20,Y,N,,,Isaac,,
CE0011503,Eligible,O+,01/18/2005,,Male,Hispanic,"LP, WB, BM,",BM 100ml,,POSITIVE,Positive,95.90,211.42,180.00,70.90,30.80,N,Y,N,,Y,Y,,06/23/2026,06/23/2026,09/21/2026,13.94,182.50,43.20,68.00,8.08,0.00,137.00,79.00,36.30,Y,Y,03/12/2026,,Leonardo,,
CE0011504,Eligible,O+,09/01/1990,,Male,Mixed,"LP, WB, BM,",,,POSITIVE,,69.70,153.66,168.00,66.14,23.88,Y,N,N,,Y,N,05/08/2026,07/20/2026,05/08/2026,08/06/2026,17.00,258.20,50.70,81.00,6.53,0.00,119.00,75.00,36.20,Y,Y,03/19/2026,,Jorge,,
CE0011505,Eligible,A+,06/11/1991,,Female,asian,"LP, WB, BM,",BM 100ml,,Positive,,66.50,146.61,168.00,66.14,23.38,Y,N,N,,Y,Y,04/16/2026,07/09/2026,05/21/2026,08/19/2026,13.11,290.80,39.00,84.00,4.44,0.00,113.00,69.00,36.20,Y,Y,03/10/2026,,Jenny,,
CE0011506,Eligible,A+,09/10/1989,,Female,Caucasian,"LP, WB, BM,",BM 100ml,,Positive,,60.10,132.50,163.00,64.20,22.60,Y,N,N,,Y,N,,05/27/2026,05/27/2026,08/25/2026,12.99,266.80,37.90,83.00,4.81,0.00,120.00,78.00,36.40,Y,Y,03/10/2026,,Sara,,
CE0011507,IDS Expired,O+,03/02/1989,,Male,Mixed,"LP, WB, BM,",BM 100ml,,Positive,,128.00,282.19,185.00,72.80,38.50,Y,N,N,,Y,N,,05/27/2026,05/27/2026,08/25/2026,14.44,217.80,42.00,71.00,5.06,0.00,148.00,80.00,36.40,Y,Y,03/10/2026,,Jeremy,,
CE0011508,IDS Expired,A+,04/04/2001,,Female,Hispanic,"LP, WB,",Not Interested,,Negative,POSITIVE,57.50,126.80,161.00,63.40,22.20,N,N,N,,Y,N,,03/03/2026,02/12/2026,05/13/2026,13.50,274.20,40.40,68.00,4.90,0.00,112.00,66.00,36.30,N,Y,03/03/2026,,Sage,,
CE0011509,Eligible,A+,09/13/2004,,Male,Hispanic,"LP, WB,",DQ,,Negative,Positive,56.50,124.56,183.00,72.05,16.87,N,N,Y,"Medication,",Y,N,,05/12/2026,05/12/2026,08/10/2026,15.77,311.60,46.50,75.00,4.33,0.00,138.00,76.00,36.50,Y,Y,02/25/2026,Allergy: Amoxicillin,Mathew,,
CE0011510,IDS Expired,O+,03/25/1992,,Male,AfricanAmerican,"LP, WB, BM,",BM 100ml,,Negative,,77.60,171.10,178.00,70.10,24.50,N,Y,N,,N,N,03/02/2026,,02/13/2026,05/14/2026,13.60,200.90,41.80,65.00,5.40,0.00,122.00,61.00,36.50,N,Y,03/02/2026,,Forrest,,
CE0011511,IDS Expired,O+,03/25/2006,,Female,Caucasian,"WB, BM,",BM 100ml,,negative,,68.30,150.60,160.00,63.00,26.70,N,N,N,,N,N,,,02/17/2026,05/18/2026,14.80,320.30,45.00,76.00,9.90,0.00,107.00,71.00,36.60,N,N,,,Margaret,,
CE0011512,Eligible,O+,11/16/1972,,Female,AfricanAmerican,"LP, WB,",DQ,,positive,,105.20,231.93,173.00,68.11,35.15,N,Y,N,,Y,N,,07/21/2026,05/05/2026,08/03/2026,12.94,237.50,40.30,65.00,5.65,0.00,169.00,87.00,36.40,Y,Y,03/03/2026,,Katina,,
CE0011513,IDS Expired,A+,07/08/1987,,Male,Mixed,"LP, WB,",Not Interested,,POSITIVE,,101.80,224.40,173.00,68.10,34.00,N,N,N,,Y,N,,03/17/2026,02/17/2026,05/18/2026,14.10,248.70,40.80,60.00,7.70,0.00,114.00,62.00,35.80,N,Y,03/17/2026,,Omar,,
CE0011514,Ineligible,,07/28/2007,,,,,,,,,57.40,126.60,165.00,65.00,21.10,N,N,N,,N,N,,,,,0.00,0.00,0.00,72.00,0.00,0.00,110.00,68.00,36.30,N,N,,,Diana,,
CE0011515,IDS Expired,AB+,12/09/2003,,Female,Caucasian,"LP,",Not Interested,,Negative,Positive,63.10,139.10,168.00,66.10,22.40,N,N,N,,Y,N,,03/12/2026,02/18/2026,05/19/2026,12.10,271.00,36.20,75.00,3.90,0.00,112.00,63.00,36.10,N,Y,03/12/2026,,Gayle,,
CE0011516,IDS Expired,O+,05/12/2007,,Female,Hispanic,"BM,",BM 100ml,,Negative,,64.70,142.60,165.00,65.00,23.80,N,N,N,,N,N,04/29/2026,,04/06/2026,07/05/2026,12.90,396.20,36.80,95.00,7.30,0.00,104.00,69.00,36.50,N,Y,04/29/2026,BMA only; veins inadequate. Borderling HGB whe qualified at screening.,Daniela,,
CE0011517,IDS Expired,O+,06/16/1997,,Male,Hispanic,"LP, WB,",DQ,,POSITIVE,,58.40,128.80,170.20,67.00,20.20,N,Y,N,,N,N,,,02/23/2026,05/24/2026,15.70,228.90,45.40,82.00,6.10,0.00,112.00,67.00,36.20,N,N,,,Eduardo,,
CE0011518,Deferred,,04/13/2001,,,,,,,,,78.50,173.10,0.00,0.00,0.00,N,N,N,,N,N,,,,,10.10,290.40,30.90,75.00,6.20,0.00,119.00,56.00,36.30,N,N,,,Kaylin,,
CE0011519,Eligible,O+,03/12/1983,,Male,Caucasian,"LP, WB, BM,",,,Negative,Positive,79.10,174.39,173.00,68.10,26.30,Y,N,Y,"Food, Environmental,",Y,Y,04/27/2026,07/14/2026,06/01/2026,08/30/2026,12.78,279.60,38.00,50.00,7.94,0.00,121.00,63.00,36.30,Y,Y,03/18/2026,"Allergies: certain foods, nuts, pollens;",Joel,,
CE0011520,Eligible,O+,11/30/2004,,Male,asian,"LP, WB, BM,",,,Negative,POSITIVE,106.00,233.69,185.00,72.80,31.10,N,N,N,,Y,N,,07/20/2026,06/02/2026,08/31/2026,15.82,235.80,47.00,52.00,5.54,0.00,120.00,82.00,36.20,Y,Y,03/05/2026,,Daniel,,
CE0011521,IDS Expired,O+,01/29/2005,,Female,asian,"LP,",,,POSITIVE,,59.40,130.90,147.30,58.00,27.40,Y,N,N,,N,N,,,02/25/2026,05/26/2026,12.10,329.10,37.10,96.00,7.00,0.00,117.00,82.00,36.60,N,N,,,Trisha,,
CE0011522,IDS Expired,O+,06/23/2005,,Female,Hispanic,"LP, WB, BM,",BM 100ml,,Negative,,85.60,188.70,168.00,66.10,30.30,N,N,N,,N,N,04/01/2026,,02/25/2026,05/26/2026,13.60,304.30,37.60,92.00,8.10,0.00,127.00,81.00,36.30,N,Y,04/01/2026,,Marylou,,
CE0011523,Eligible,A+,06/03/2004,,Female,Mixed,"LP, WB,",Not Interested,,Negative,Postitive,59.60,131.40,155.00,61.02,24.81,Y,Y,Y,"Medication, Environmental,",Y,N,,07/06/2026,07/06/2026,10/04/2026,14.71,249.10,44.50,97.00,7.59,0.00,100.00,65.00,36.40,Y,Y,04/30/2026,Allergy: Neosporin;,Jessica,,
CE0011524,Deferred,,11/04/1993,,,,,,,,,106.30,234.35,162.56,64.00,40.23,N,N,N,,N,N,,,,,13.91,392.80,42.10,100.00,14.35,0.00,128.00,78.00,36.20,N,N,,,Karina,,
CE0011525,Eligible,O+,03/20/2003,,Male,Hispanic,"LP, WB, BM,",BM 100ml,,Negative,NEGATIVE,64.50,142.20,173.00,68.11,21.55,Y,N,N,,Y,N,06/15/2026,,06/15/2026,09/13/2026,17.47,227.20,52.70,76.00,6.99,0.00,136.00,88.00,35.60,Y,N,,,Aaron,,
CE0011526,IDS Expired,O+,09/09/2004,,Female,Hispanic,"LP, WB,",DQ,,Positive,POSITIVE,67.90,149.70,152.00,59.80,29.40,Y,N,N,,Y,N,,03/23/2026,02/27/2026,05/28/2026,13.10,347.10,38.90,88.00,6.90,0.00,113.00,70.00,35.90,N,Y,03/24/2026,3/4/26: Unable to palpate hip bones; reassess if weight loss,Katie,,
CE0011527,Eligible,O+,08/07/1985,,Female,Caucasian,"BM,",BM 100ml,,Positive,,82.70,182.32,172.00,67.72,27.95,Y,N,N,,Y,N,06/17/2026,,06/17/2026,09/15/2026,14.29,281.60,43.20,71.00,8.22,0.00,104.00,66.00,36.20,Y,Y,04/06/2026,,Candace,,
CE0011528,Eligible,O+,01/12/1995,,Male,Caucasian,"LP, WB, BM,",BM 100ml,,Positive,POSITIVE,80.30,177.03,180.00,70.87,24.60,N,N,N,"Medication,",Y,N,04/24/2026,07/06/2026,06/01/2026,08/30/2026,14.96,201.40,45.30,60.00,3.95,0.00,118.00,72.00,36.30,Y,Y,03/17/2026,ALLERGIES: AMOXICILLIN;,David,,
CE0011529,Deferred,,05/27/1994,,,,,,,,,64.00,141.10,160.02,63.00,24.99,N,N,N,,N,N,,,03/02/2026,,13.40,450.80,39.80,92.00,8.02,0.00,113.00,77.00,35.90,N,N,,,Allexuz,,
CE0011530,Deferred,,08/19/2005,,,,,,,,,64.80,142.86,160.02,63.00,25.31,N,N,N,,N,N,,,,,12.15,308.30,37.10,85.00,6.62,0.00,111.00,75.00,35.80,N,N,,,Kris,,
CE0011531,IDS Expired,A+,06/12/1980,,Female,Mixed,"LP, WB, BM,",BM 100ml,,NEGATIVE,,62.20,137.10,162.00,63.80,23.70,N,N,N,,Y,N,,05/08/2026,03/02/2026,05/31/2026,13.40,239.90,40.10,56.00,3.60,0.00,134.00,73.00,36.30,N,N,,,Natalie,,
CE0011532,Eligible,AB+,08/25/1984,,Male,AfricanAmerican,"LP, WB, BM,",BM 100ml,,Negative,,90.50,199.52,183.00,72.10,27.00,N,Y,N,,Y,N,06/05/2026,,06/05/2026,09/03/2026,13.04,140.20,38.20,62.00,5.85,0.00,128.00,73.00,36.40,Y,Y,06/05/2026,,Rickey,,
CE0011533,IDS Expired,O+,11/09/2003,,FTM,Caucasian,"LP, WB, BM,",BM 100ml,,Negative,POSITIVE,60.10,132.50,173.00,68.10,20.10,Y,N,N,,Y,N,,04/30/2026,03/03/2026,06/01/2026,13.70,191.00,39.20,76.00,5.50,0.00,122.00,75.00,36.30,N,Y,03/17/2026,,Inigo,,
CE0011534,Eligible,B+,07/15/1994,,Male,AfricanAmerican,"LP, WB, BM,",BM 100ml,,Positive,positive,103.50,228.18,201.00,79.13,25.62,N,Y,N,,N,N,07/08/2026,,07/08/2026,10/06/2026,15.92,285.50,47.70,64.00,4.41,0.00,130.00,83.00,36.10,Y,Y,04/06/2026,,Marlon,07/08/2026,positive
CE0011535,Eligible,A+,10/28/2004,,Female,Hispanic,"LP,",Not Interested,,Positive,Equivocal,62.90,138.67,165.00,64.96,24.06,N,N,N,,Y,Y,,05/19/2026,05/19/2026,08/17/2026,13.42,309.40,40.20,71.00,5.85,0.00,133.00,80.00,36.20,Y,Y,03/23/2026,,Kimberly,,
CE0011536,Eligible,A-,11/29/2005,,Female,Mixed,"LP, WB, BM,",BM 100ml,,Positive,Positive,76.00,167.55,165.00,64.96,27.92,Y,N,Y,"Medication,",Y,N,05/22/2026,04/10/2026,05/22/2026,08/20/2026,14.22,238.80,42.10,73.00,5.06,0.00,102.00,67.00,36.30,Y,Y,04/10/2026,Allergy: Amoxicillin;,Sophia,,
CE0011537,Eligible,O+,12/15/1997,,Female,Caucasian,"LP, WB,",DQ,,Negative,Positive,57.70,127.21,157.00,61.81,22.52,N,N,N,,Y,Y,,07/16/2026,06/03/2026,09/01/2026,13.64,301.50,42.40,76.00,4.70,0.00,118.00,70.00,36.20,Y,Y,03/18/2026,,Lindsey,,
CE0011538,Eligible,B+,06/10/1996,,Female,AfricanAmerican,"LP,",DQ,,Positive,POSITIVE,59.40,130.95,155.00,61.02,24.72,N,N,Y,"Environmental,",Y,N,,05/28/2026,05/28/2026,08/26/2026,12.79,180.90,37.00,74.00,6.39,0.00,108.00,60.00,36.20,Y,Y,03/16/2026,Allergy: seasonal,Kymanni,,
CE0011539,IDS Expired,A+,07/10/2004,,Male,Caucasian,"LP, WB,",BM 100ml,,Negative,Positive,106.70,235.20,173.00,68.10,35.70,N,N,N,,Y,Y,,03/23/2026,03/09/2026,06/07/2026,15.50,273.80,44.80,87.00,11.70,0.00,137.00,78.00,35.90,N,Y,03/23/2026,,Joshua,,
CE0011540,IDS Expired,O+,09/12/2007,,Male,Caucasian,"LP, WB, BM,",BM 100ml,,NEGATIVE,Negative,77.00,169.80,190.00,74.80,21.30,N,Y,N,,Y,N,,04/16/2026,03/10/2026,06/08/2026,13.50,269.70,39.50,67.00,6.40,0.00,109.00,64.00,36.40,N,Y,04/16/2026,,Anthony,,
CE0011541,IDS Expired,O-,02/01/1980,,Male,Caucasian,"LP, WB, BM,",,,Negative,,97.70,215.40,196.00,77.20,25.40,N,N,Y,"Environmental,",N,N,04/07/2026,,03/10/2026,06/08/2026,14.80,237.60,42.00,56.00,8.00,0.00,134.00,81.00,35.80,N,Y,04/07/2026,Seasonal allergies,David,,
CE0011542,IDS Expired,O+,05/22/2006,,Male,Hispanic,"LP, WB,",Not Interested,,Negative,,72.30,159.40,170.00,66.90,25.00,N,N,Y,"Food,",N,N,,,03/12/2026,06/10/2026,15.50,233.90,44.70,75.00,4.50,0.00,147.00,84.00,36.30,N,N,,Allergy: all nuts,Miguel,,
CE0011543,IDS Expired,A+,09/11/2005,,Male,Hispanic,"LP, WB, BM,",BM 100ml,,Positive,,77.20,170.20,180.00,70.90,23.80,N,N,N,,N,N,,,03/12/2026,06/10/2026,15.90,206.40,48.00,74.00,4.80,0.00,122.00,69.00,36.50,N,N,,Good candidate for mobLP once reliability and ability to tolerate LP is established.,Adolfo,,
CE0011544,IDS Expired,O+,09/02/1994,,Female,Caucasian,"BM,",BM 100ml,,Negative,,72.30,159.40,155.00,61.00,30.10,Y,N,Y,"Medication, Food,",N,N,04/07/2026,,03/13/2026,06/11/2026,13.90,177.70,43.40,99.00,7.20,0.00,112.00,74.00,35.90,N,Y,04/07/2026,"Allergies: Vicodin, Pineapple",Zimri,,
CE0011545,Eligible,AB+,08/10/1989,,Female,asian,"LP, WB,",Not Interested,,Positive,,75.20,165.79,160.00,62.99,29.37,Y,N,N,,Y,N,04/13/2026,07/06/2026,07/06/2026,10/04/2026,13.14,393.50,40.40,86.00,5.30,0.00,122.00,78.00,36.30,Y,Y,04/13/2026,,Katherine,,
CE0011546,IDS Expired,O-,03/27/1998,,Female,Hispanic,"LP, WB, BM,",BM 100ml,,Negative,Positive,77.00,169.80,173.00,68.10,25.70,N,N,N,,Y,Y,,04/14/2026,03/17/2026,06/15/2026,13.70,228.30,41.60,68.00,5.50,0.00,130.00,79.00,36.20,N,Y,04/14/2026,,Carlotta,,
CE0011547,IDS Expired,O+,11/11/1997,,Female,Hispanic,"LP, WB, BM,",BM 100ml,,Positive,,83.20,183.40,155.00,61.00,34.60,N,N,Y,"Environmental,",N,N,,,03/17/2026,06/15/2026,12.50,297.60,37.20,83.00,8.70,0.00,131.00,77.00,37.10,N,N,,Seasonal allergies: dust and grass,Maexi,,
CE0011548,IDS Expired,O+,07/07/2004,,Female,Mixed,"WB, BM,",BM 100ml,,,,77.00,169.80,155.00,61.00,32.10,Y,N,N,,N,N,,,03/18/2026,06/16/2026,13.20,246.90,39.80,83.00,8.40,0.00,128.00,70.00,36.40,N,N,,,Olivia,,
CE0011549,IDS Expired,O+,10/24/2003,,Male,asian,"WB,",Not Interested,,negative,positive,62.30,137.40,175.00,68.90,20.80,Y,N,N,,Y,Y,,05/27/2026,03/18/2026,06/16/2026,14.50,226.40,39.80,86.00,7.90,0.00,117.00,69.00,36.00,N,Y,04/02/2026,,William,,
CE0011550,Deferred,,03/24/2007,,,,,,,,,78.80,173.72,160.02,63.00,30.77,N,N,N,,N,N,,,,,10.27,457.10,33.30,95.00,3.60,0.00,112.00,64.00,36.50,N,N,,,Alaiya,,
CE0011551,IDS Expired,A+,12/31/2006,,Male,Hispanic,"LP, WB,",Not Interested,,POSITIVE,,65.00,143.30,167.60,66.00,23.10,N,N,N,,N,N,,,03/19/2026,06/17/2026,14.30,143.90,41.30,65.00,4.90,0.00,113.00,68.00,36.30,N,N,,,Luis,,
CE0011552,IDS Expired,O+,01/30/2006,,Male,Hispanic,"LP, WB,",Not Interested,,POSITIVE,,68.40,150.80,172.70,68.00,22.90,Y,N,N,,N,N,,,03/19/2026,06/17/2026,16.00,178.10,45.90,97.00,5.00,0.00,127.00,77.00,36.70,N,N,,,Daniel,,
CE0011553,Eligible,O+,09/24/1998,,Male,Hispanic,"WB, BM,",BM 100ml,,Positive,Positive,79.10,174.39,180.00,70.87,24.41,N,N,Y,"Environmental,",N,N,07/17/2026,,07/17/2026,10/15/2026,14.63,214.10,43.40,97.00,5.09,0.00,126.00,67.00,35.90,Y,Y,04/16/2026,"allergy: pollen;
NI-LP no time.",Kevin,,
CE0011554,IDS Expired,A+,07/24/1998,,Male,AfricanAmerican,"LP, WB, BM,",BM 100ml,,Positive,,72.70,160.30,180.00,70.90,22.40,N,N,N,,N,N,05/04/2026,,03/23/2026,06/21/2026,15.60,280.40,43.00,73.00,5.70,0.00,118.00,64.00,36.30,N,Y,05/04/2026,,Ryan,,
CE0011555,Eligible,A-,08/08/1980,,Male,AfricanAmerican,"LP,",,,Positive,,77.30,170.42,191.00,75.20,21.19,N,N,N,,Y,Y,,06/18/2026,06/18/2026,09/16/2026,14.83,200.40,46.10,83.00,3.36,0.00,148.00,95.00,36.40,Y,Y,04/02/2026,,Armando,,
CE0011556,Eligible,A+,12/05/1974,,Male,Caucasian,"LP, WB, BM,",BM 100ml,,Negative,,85.80,189.16,191.00,75.20,23.70,Y,N,Y,"Medication,",Y,Y,,06/11/2026,06/11/2026,09/09/2026,14.63,185.60,42.90,75.00,4.35,0.00,133.00,66.00,36.30,Y,N,,Allergy: PCN,Sonny,,
CE0011557,Deferred,,12/17/1987,,,,,,,,,0.00,0.00,0.00,0.00,0.00,N,N,N,,N,N,,,,,0.00,0.00,0.00,0.00,0.00,0.00,0.00,0.00,0.00,N,N,,,Keith,,
CE0011558,IDS Expired,O+,09/24/1994,,Male,Caucasian,"LP, WB,",Not Interested,,Negative,POSITIVE,99.10,218.50,180.00,70.90,30.60,N,N,Y,"Environmental,",Y,Y,,04/22/2026,03/25/2026,06/23/2026,15.10,201.00,42.60,67.00,9.80,0.00,140.00,76.00,35.80,N,N,,Allergies: seasonal,Steven,,
CE0011559,IDS Expired,B+,07/20/1998,,Female,asian,"WB, BM,",BM 100ml,,Positive,,65.70,144.80,168.00,66.10,23.30,N,N,N,,N,N,,,03/25/2026,06/23/2026,14.50,222.40,42.20,64.00,4.70,0.00,103.00,73.00,36.60,N,N,,NI in LP at initial screening,Sammi,,
CE0011560,IDS Expired,O+,03/05/2000,,Female,asian,"LP, WB,",,,Positive,Positive,57.80,127.40,163.00,64.20,21.80,N,N,Y,"Environmental,",Y,N,,04/16/2026,03/25/2026,06/23/2026,13.80,252.40,41.10,65.00,6.90,0.00,119.00,64.00,36.30,N,N,,Allergies: seasonal,Gabrielle,,
CE0011561,Eligible,O+,03/24/1977,,Male,AfricanAmerican,"LP, WB, BM,",BM 100ml,,Positive,,101.70,224.21,183.00,72.10,31.10,N,N,N,,Y,N,05/22/2026,06/29/2026,03/30/2026,06/28/2026,15.69,168.80,49.00,67.00,4.85,0.00,144.00,80.00,36.00,N,N,,,Rashad,,
CE0011562,IDS Expired,B+,11/21/1995,,Female,asian,"LP, WB,",DQ,,Positive,,57.20,126.10,160.00,63.00,22.30,N,N,N,,N,N,,,03/30/2026,06/28/2026,14.10,247.40,41.50,65.00,3.80,0.00,109.00,76.00,35.80,N,N,,,Ping-Hsuan,,
CE0011563,IDS Expired,A+,04/13/1991,,Female,Hispanic,"LP, WB,",DQ,,POSITIVE,,70.60,155.70,155.00,61.00,29.40,N,N,N,,N,N,,,03/31/2026,06/29/2026,13.40,193.70,38.70,87.00,4.00,0.00,109.00,63.00,36.20,N,Y,04/27/2026,,Michelle,,
CE0011564,Eligible,O+,06/07/1985,,Female,AfricanAmerican,"LP, WB, BM,",BM 100ml,,POSITIVE,,87.00,191.80,173.00,68.11,29.07,N,N,N,,Y,Y,05/14/2026,06/18/2026,06/18/2026,09/16/2026,12.89,214.40,37.70,91.00,4.88,0.00,128.00,73.00,37.10,Y,Y,04/06/2026,,Angel,,
CE0011565,Deferred,,06/13/1984,,,,,,,,,103.90,229.10,165.00,65.00,38.20,N,N,N,,N,N,,,,,11.60,192.60,34.30,79.00,3.50,0.00,113.00,65.00,36.30,N,N,,,Shayna,,
CE0011566,IDS Expired,A+,12/15/1999,,Female,AfricanAmerican,"LP, WB, BM,",BM 100ml,,Negative,positive,62.90,138.70,163.00,64.20,25.30,N,N,Y,"Food, Environmental,",Y,N,,06/03/2026,04/01/2026,06/30/2026,13.30,324.30,39.50,100.00,5.10,0.00,121.00,78.00,35.90,N,Y,04/15/2026,"Allergies: Almond, seasonal;",Alaysia,,
CE0011567,Ineligible,,12/17/1980,,,,,,,,,0.00,0.00,0.00,0.00,0.00,N,N,N,,N,N,,,,,0.00,0.00,0.00,0.00,0.00,0.00,0.00,0.00,0.00,N,N,,,Melissa,,
CE0011568,IDS Expired,A+,05/10/1984,,Male,Mixed,"LP, WB, BM,",BM 100ml,,Positive,,106.00,233.69,188.00,74.00,29.50,N,N,N,,N,N,05/19/2026,07/20/2026,04/01/2026,06/30/2026,14.32,229.70,43.10,59.00,6.12,0.00,143.00,76.00,35.90,N,Y,05/19/2026,,Taro,,
CE0011569,Eligible,O+,02/09/1997,,Male,Hispanic,"LP, WB, BM,",BM 100ml,,Positive,POSITIVE,78.40,172.84,180.00,70.87,23.92,Y,N,Y,"Medication,",Y,N,,06/23/2026,06/23/2026,09/21/2026,15.73,217.10,46.60,90.00,6.44,0.00,136.00,74.00,36.30,Y,Y,05/06/2026,"Allergies: PCN, Amoxicillin;",Alexander,,
CE0011570,Eligible,O+,10/09/1977,,Male,Caucasian,"LP, WB,",DQ,,NEGATIVE,Positive,79.70,175.71,180.00,70.87,24.60,Y,Y,N,,N,N,,07/14/2026,07/13/2026,10/11/2026,13.37,249.20,40.40,70.00,6.46,0.00,112.00,73.00,36.30,Y,N,,15108365758,Marc,,
CE0011571,Eligible,O+,01/15/1979,,Male,Unknown,"LP, WB,",Not Interested,,Positive,positive,81.90,180.56,175.00,68.90,26.74,N,N,N,,Y,N,,06/23/2026,06/23/2026,09/21/2026,15.48,227.80,48.20,79.00,7.76,0.00,133.00,78.00,35.90,Y,Y,04/14/2026,,Shaheed,06/23/2026,positive
CE0011572,Ineligible,,05/23/1995,,,,,,,,,0.00,0.00,0.00,0.00,0.00,N,N,N,,N,N,,,,,0.00,0.00,0.00,0.00,0.00,0.00,0.00,0.00,0.00,N,N,,,Julietta,,
CE0011573,IDS Expired,AB+,09/21/2004,,Female,asian,"LP, WB,",DQ,,Negative,positive,57.70,127.20,163.00,64.20,21.70,Y,N,Y,"Medication, Environmental,",Y,N,,04/15/2026,04/06/2026,07/05/2026,14.80,343.30,43.80,70.00,5.60,0.00,132.00,76.00,36.30,N,Y,04/15/2026,"Allergies: Amoxicillin, dust, grass, trees;
4/6/26: Underweight for BMA.",Isabella,,
CE0011574,IDS Expired,B+,11/20/1998,,Female,Mixed,"LP, WB, BM,",,,positive,,85.30,188.10,165.00,65.00,31.30,Y,N,N,,N,N,,,04/07/2026,07/06/2026,13.80,292.60,38.80,60.00,6.10,0.00,106.00,71.00,36.50,N,N,,daily meds- lexapro,Tatiana,,
CE0011575,IDS Expired,A+,06/11/2005,,Female,asian,"BM,",BM 100ml,,Positive,,62.10,136.90,167.00,65.80,22.30,Y,N,N,,N,N,,,04/07/2026,07/06/2026,13.80,295.60,0.00,55.00,7.10,0.00,113.00,78.00,36.40,N,N,,"4/7/26: Veins not suitable for LP, WB per AC","Rainielle ""Rain""",,
CE0011576,Eligible,O+,07/30/1979,,Male,Hispanic,"LP, WB, BM,",BM 100ml,,Positive,,75.20,165.79,175.00,68.90,24.56,N,N,N,,Y,N,06/01/2026,04/22/2026,04/09/2026,07/08/2026,15.60,210.30,44.50,64.00,7.44,0.00,129.00,80.00,36.30,N,N,,,Jim,,
CE0011577,Eligible,O+,04/05/2004,,Female,Hispanic,"LP,",Not Interested,,Negative,POSITIVE,65.00,143.30,163.00,64.17,24.46,N,N,N,,Y,Y,,06/17/2026,04/10/2026,07/09/2026,11.73,387.40,36.00,72.00,5.21,0.00,105.00,64.00,36.20,N,Y,04/22/2026,,Katelyn,,
CE0011578,Eligible,B+,02/25/1996,,,asian,"LP, WB,",Not Interested,,Positive,,78.30,172.62,163.00,64.17,29.47,N,N,N,,N,N,,,04/13/2026,07/12/2026,17.59,183.30,50.70,60.00,3.46,0.00,127.00,84.00,35.80,N,N,,,Calvin,,
CE0011579,Eligible,A+,10/02/1976,,Male,Caucasian,"LP, WB,",DQ,,NEGATIVE,,90.10,198.64,170.00,66.93,31.18,N,N,Y,"Food,",N,N,,,04/13/2026,07/12/2026,17.10,191.70,44.90,69.00,5.76,0.00,106.00,65.00,36.10,N,Y,05/06/2026,Allergy: Dairy,Mark,,
CE0011580,Ineligible,B+,09/11/1996,,Male,Caucasian,,Not Interested,,positive,,79.90,176.15,180.34,71.00,24.57,N,Y,N,,N,N,,,04/13/2026,07/12/2026,17.32,253.30,0.00,100.00,8.24,0.00,123.00,70.00,36.80,N,N,,,Brett,,
CE0011581,Ineligible,,05/23/1989,,,,,,,,,0.00,0.00,0.00,0.00,0.00,N,N,N,,N,N,,,,,0.00,0.00,0.00,0.00,0.00,0.00,0.00,0.00,0.00,N,N,,,Justin,,
CE0011582,Eligible,A+,01/12/1995,,Female,Hispanic,"LP,",,,Negative,positive,106.30,234.40,163.00,64.20,39.40,N,N,N,,Y,N,05/13/2026,06/17/2026,04/14/2026,07/13/2026,12.00,265.00,34.30,99.00,8.90,0.00,119.00,68.00,36.20,N,N,,,Andreya,,
CE0011583,Eligible,O+,04/12/1975,,Female,AfricanAmerican,"BM,",BM 100ml,,Positive,,79.70,175.71,168.00,66.14,28.24,N,Y,N,,N,N,05/19/2026,,04/14/2026,07/13/2026,13.50,297.10,38.80,86.00,4.60,0.00,126.00,80.00,35.80,N,Y,05/19/2026,4/14/26: DQ for LP/WB; no veins per acl.,Crystal,,
CE0011584,Eligible,B+,10/22/1994,,Male,AfricanAmerican,"LP, WB, BM,",BM 100ml,,positive,positive,183.00,403.45,182.88,72.00,22.90,N,Y,N,,Y,Y,,06/23/2026,04/15/2026,07/14/2026,15.52,159.10,47.10,64.00,7.49,0.00,161.00,88.00,36.10,N,Y,05/12/2026,,Roy,,
CE0011585,Eligible,O+,01/01/1982,,MTF,Caucasian,"LP, WB, BM,",BM 100ml,,Negative,,95.50,210.54,170.00,66.93,33.04,Y,N,Y,"Medication,",N,N,04/30/2026,,04/16/2026,07/15/2026,13.20,260.20,41.10,94.00,6.25,0.00,118.00,84.00,36.60,N,Y,04/30/2026,Allergy: Amoxicillin,Melanie,,
CE0011586,Eligible,O+,10/11/1979,,Male,Mixed,"LP, WB, BM,",BM 100ml,,Positive,POSITIVE,83.40,183.87,168.00,66.14,29.66,Y,N,N,,Y,N,,07/14/2026,07/07/2026,10/05/2026,14.85,260.90,43.90,80.00,7.03,0.00,149.00,80.00,36.20,Y,Y,04/27/2026,,Jamana,,
CE0011587,Eligible,A+,11/21/2007,,Male,AfricanAmerican,"LP, WB, BM,",BM 100ml,,Positive,Negative,84.80,186.95,188.00,74.02,22.63,N,N,Y,"Food,",N,N,,,06/30/2026,09/28/2026,14.40,268.60,44.00,83.00,6.24,0.00,113.00,71.00,35.90,Y,N,,Allergy: peanuts,Caleb,,
CE0011588,Eligible,A+,03/06/2006,,Female,Unknown,"WB, BM,",BM 100ml,,NEGATIVE,,66.90,147.49,160.00,62.99,26.13,N,Y,N,,N,N,05/14/2026,,04/20/2026,07/19/2026,14.30,306.20,37.40,93.00,6.97,0.00,105.00,64.00,36.30,N,Y,05/14/2026,Veins reassess after BM procedure done. Veins not suitable for LP made donor aware. Donor understand. AC,Ielyzaveta (Lisa),,
CE0011589,Eligible,AB+,08/19/1998,,Female,Mixed,"LP, WB, BM,",BM 100ml,,POSITIVE,,72.50,159.84,172.72,68.00,24.30,Y,N,N,,N,N,,,04/20/2026,07/19/2026,13.04,346.60,38.60,82.00,6.13,0.00,111.00,75.00,36.20,N,N,,,Clarissa,,
CE0011590,Eligible,O+,04/03/1979,,Female,AfricanAmerican,"BM,",BM 100ml,,Positive,,76.70,169.09,165.00,65.00,27.20,N,N,N,,N,N,05/04/2026,,04/20/2026,07/19/2026,12.70,334.10,38.90,96.00,4.70,0.00,117.00,79.00,36.00,N,Y,05/04/2026,,Malaka,,
CE0011591,Eligible,O+,04/18/1995,,Male,Mixed,"LP, WB, BM,",BM 100ml,,Positive,,77.60,171.08,178.00,70.08,25.00,N,Y,N,,N,N,,06/29/2026,04/21/2026,07/20/2026,13.73,322.80,40.60,90.00,7.58,0.00,125.00,75.00,36.20,N,N,,,David,,
CE0011592,Eligible,O+,08/06/1991,,Female,Mixed,"LP, WB,",,,Negative,,55.70,122.80,168.00,66.14,19.73,Y,N,N,,N,N,,,04/21/2026,07/20/2026,13.70,296.30,40.40,92.00,9.58,0.00,131.00,84.00,36.20,N,N,,,Chantal,,
CE0011593,Eligible,O+,05/10/1996,,Male,Mixed,"LP, WB, BM,",BM 100ml,,Positive,Positive,78.30,172.62,180.00,70.87,24.63,N,N,Y,"Medication,",Y,N,,05/06/2026,06/23/2026,09/21/2026,14.75,227.50,44.90,72.00,5.36,0.00,112.00,65.00,36.50,Y,Y,05/06/2026,"Allergies: certain class of antibiotics, contrast dye;",Robert,,
CE0011594,Deferred,,04/18/1994,,,,,,,,,0.00,0.00,0.00,0.00,0.00,N,N,N,,N,N,,,,,0.00,0.00,0.00,0.00,0.00,0.00,0.00,0.00,0.00,N,N,,,Wesley,,
CE0011595,Eligible,O+,07/29/2001,,Male,Hispanic,"LP, WB,",Not Interested,,Positive,Positive,83.80,184.75,170.00,66.93,28.27,N,Y,N,,Y,Y,,06/04/2026,04/24/2026,07/23/2026,16.03,216.20,45.40,72.00,5.14,0.00,125.00,79.00,35.80,Y,Y,06/04/2026,,Iban,,
CE0011596,Eligible,B+,06/17/2003,,Male,asian,"LP, WB, BM,",BM 100ml,,Negative,POSITIVE,83.60,184.31,175.00,68.90,27.30,N,Y,Y,"Environmental,",Y,Y,,05/11/2026,04/24/2026,07/23/2026,15.33,186.10,45.60,69.00,5.02,0.00,132.00,73.00,36.40,Y,Y,05/11/2026,"Allergies: dust, plants/moss",Ethan,,
CE0011597,Eligible,O+,06/06/1999,,Male,AfricanAmerican,"LP, WB, BM,",BM 100ml,,POSITIVE,POSITIVE,70.30,154.98,175.00,68.90,22.96,N,Y,N,,Y,N,,05/13/2026,04/27/2026,07/26/2026,15.52,182.80,46.30,59.00,3.85,0.00,148.00,80.00,36.20,Y,Y,05/13/2026,,"Steven ""Stevon""",,
CE0011598,Eligible,O+,10/24/1998,,Female,Mixed,"LP, WB,",,,negative,,107.40,236.78,175.26,69.00,34.87,N,N,N,,Y,N,,05/07/2026,04/27/2026,07/26/2026,14.18,312.20,42.90,79.00,6.90,0.00,112.00,67.00,36.00,Y,Y,05/11/2026,exercised induced asthma- controlled,Heaven,,
CE0011599,Eligible,A+,05/17/1988,,Male,Caucasian,"LP, WB, BM,",BM 100ml,,Negative,,96.70,213.19,188.00,74.02,27.36,N,N,N,,Y,Y,,06/17/2026,04/27/2026,07/26/2026,14.18,167.30,41.90,67.00,5.35,0.00,128.00,73.00,36.20,Y,Y,05/13/2026,,"Alexander ""Alex""",,
CE0011600,Eligible,B+,07/08/1999,,Female,Caucasian,"BM,",BM 100ml,,Negative,,82.60,182.10,157.00,61.81,33.51,Y,N,Y,"Food, Environmental,",N,N,,,04/29/2026,07/28/2026,15.33,232.00,45.50,100.00,6.40,0.00,124.00,79.00,36.40,Y,N,,"Allergies: Mango, pomegranate, seasonal;
Ineligible for WB/LP due to poor veins",Izabella,,
CE0011601,Eligible,O+,12/13/2001,,Male,Mixed,"LP, WB,",DQ,,Negative,positive,72.60,160.06,163.00,64.17,27.33,N,N,N,,Y,N,,06/01/2026,04/30/2026,07/29/2026,14.65,215.00,43.20,64.00,6.44,0.00,111.00,63.00,35.80,Y,N,,DQ for BMA: Hx of scoliosis (resolved) and  back discomfort due to wrestling.,Josiah,,
CE0011602,Eligible,O+,07/14/1995,,Female,Caucasian,"LP, WB, BM,",BM 100ml,,Negative,POSITIVE,67.40,148.59,157.00,61.81,26.53,Y,N,N,,Y,Y,,07/08/2026,04/30/2026,07/29/2026,12.81,239.30,39.00,72.00,6.71,0.00,130.00,73.00,35.80,Y,N,,,Jillian,,
CE0011603,Eligible,A+,11/17/2000,,Female,Caucasian,"LP,",,,Negative,Positive,75.20,165.79,170.00,66.93,26.02,Y,N,N,,Y,N,,06/29/2026,05/04/2026,08/02/2026,12.17,241.90,36.40,67.00,6.00,0.00,115.00,64.00,36.40,Y,N,,,Sabrina,,
CE0011604,Eligible,AB+,09/18/1985,,Female,Mixed,"LP, WB,",,,Negative,,59.60,131.40,168.00,66.14,20.76,N,N,Y,"Environmental,",Y,Y,,07/09/2026,05/04/2026,08/02/2026,12.53,220.10,37.30,79.00,7.14,0.00,116.00,64.00,36.60,Y,N,,"allergies: pollen, cats",Genevieve,,
CE0011605,Eligible,O-,03/14/1991,,Male,Caucasian,"LP, WB,",Not Interested,,Negative,,103.60,228.40,188.00,74.02,28.52,N,N,N,,Y,N,,06/22/2026,05/04/2026,08/02/2026,15.33,206.60,46.70,73.00,6.68,0.00,117.00,61.00,36.20,Y,Y,05/18/2026,,John,,
CE0011606,Eligible,A+,09/13/1999,,Female,Hispanic,"LP, WB, BM,",BM 100ml,,Positive,Positive,80.30,177.03,157.00,61.81,32.58,N,N,N,,N,N,07/13/2026,,05/04/2026,08/02/2026,13.86,214.80,41.10,83.00,4.85,0.00,122.00,82.00,36.20,Y,Y,07/13/2026,,Diana,,
CE0011607,Deferred,,01/20/2007,,,,,,,,,58.50,129.00,160.00,63.00,22.90,Y,N,N,,N,N,,,,,0.00,0.00,0.00,0.00,0.00,0.00,92.00,58.00,0.00,N,N,,,Sarah,,
CE0011608,Eligible,A+,05/12/1992,,Female,Hispanic,"LP,",,,Positive,Positive,61.20,134.92,157.00,61.81,26.17,N,N,N,,N,N,,07/14/2026,05/07/2026,08/05/2026,12.29,267.50,36.00,78.00,4.90,0.00,106.00,62.00,36.20,Y,Y,07/14/2026,,Daisy,,
CE0011609,Eligible,O+,02/08/1992,,Male,Caucasian,"LP, WB, BM,",BM 100ml,,Positive,Positive,88.00,194.01,178.00,70.08,27.77,N,N,N,,Y,Y,,07/16/2026,05/05/2026,08/03/2026,16.09,340.80,46.40,93.00,12.12,0.00,"1,138.00",83.00,35.80,Y,Y,06/09/2026,,Jaymie,,
CE0011610,Eligible,O+,02/10/1997,,Male,Caucasian,"LP, WB,",Not Interested,,Positive,positive,69.00,152.12,173.00,68.11,23.05,Y,N,N,,Y,Y,,05/19/2026,05/06/2026,08/04/2026,14.79,190.40,44.20,65.00,4.63,0.00,125.00,72.00,36.30,Y,Y,05/19/2026,,Jordan,,
CE0011611,Eligible,O-,10/27/1983,,Male,Mixed,"LP, WB, BM,",BM 100ml,,Negative,,81.40,179.46,185.00,72.83,23.64,Y,N,Y,"Medication,",Y,N,,06/24/2026,05/06/2026,08/04/2026,15.76,247.80,47.70,83.00,4.33,0.00,162.00,88.00,36.60,Y,Y,05/20/2026,"Allergies: Vicodin, Seasonal;",Dean,,
CE0011612,Deferred,,12/21/2005,,,,,,,,,66.20,145.95,170.00,66.93,22.91,N,N,N,,N,N,,,,,0.00,0.00,0.00,133.00,0.00,0.00,148.00,76.00,36.50,N,N,,,"Jamily ""Emily""",,
CE0011613,Eligible,O-,05/29/2001,,Male,Caucasian,"LP, WB,",Not Interested,,Positive,POSITIVE,63.50,139.99,173.00,68.11,21.22,Y,N,Y,"Medication,",Y,Y,,05/18/2026,05/07/2026,08/05/2026,14.86,155.80,43.70,78.00,3.99,0.00,140.00,72.00,36.50,Y,N,,Allergy: Amoxicillin;,Mason,,
CE0011614,Eligible,AB+,02/18/2001,,Male,asian,"LP, WB, BM,",,,Negative,Positive,67.30,148.37,170.00,66.90,22.70,N,N,N,,N,N,,07/06/2026,05/07/2026,08/05/2026,14.59,274.60,43.60,90.00,6.19,0.00,122.00,72.00,36.30,Y,Y,07/06/2026,,"Yan Kit Max ""Max""",,
CE0011615,Eligible,O+,04/23/1992,,Female,AfricanAmerican,"LP,",DQ,,Positive,POSITIVE,74.50,164.24,165.00,65.00,27.18,N,N,N,,Y,Y,,07/20/2026,05/07/2026,08/05/2026,11.38,316.00,35.20,76.00,5.97,0.00,117.00,69.00,36.20,Y,Y,06/02/2026,,Lovell,,
CE0011616,Eligible,O+,09/26/2000,,Female,Caucasian,"LP, WB, BM,",BM 100ml,,Positive,POSITIVE,72.80,160.50,173.00,68.10,25.00,Y,N,N,,Y,N,,06/17/2026,05/07/2026,08/05/2026,13.50,318.10,39.90,91.00,4.60,0.00,112.00,65.00,35.80,Y,Y,06/17/2026,,April,06/17/2026,POSITIVE
CE0011617,Eligible,O+,11/24/2002,,Female,asian,"LP, WB,",Not Interested,,Negative,,71.50,157.63,157.00,61.81,29.01,N,N,N,,N,N,,,05/08/2026,08/06/2026,12.54,213.50,37.60,74.00,3.29,0.00,129.00,72.00,35.80,Y,N,,,Monroe,,
CE0011618,Eligible,O+,01/07/2003,,Male,Hispanic,"LP,",,,Negative,,127.00,279.99,193.00,75.98,34.09,N,Y,N,,N,N,,,05/11/2026,08/09/2026,12.53,238.60,37.80,92.00,9.43,0.00,105.00,60.00,36.00,Y,N,,,Gregorio,,
CE0011619,Eligible,B+,09/01/1982,,Male,Caucasian,"LP, WB,",Not Interested,,NEGATIVE,,81.60,179.90,182.88,72.00,24.34,N,N,N,,N,N,,06/02/2026,05/12/2026,08/10/2026,16.34,201.70,48.70,87.00,4.24,0.00,130.00,74.00,36.30,Y,Y,06/02/2026,,Mark,,
CE0011620,Eligible,O+,03/10/1993,,Female,Caucasian,"BM,",BM 100ml,,Negative,,77.00,169.76,163.00,64.17,28.98,N,Y,Y,"Environmental,",N,N,,,05/12/2026,08/10/2026,14.11,246.20,41.20,77.00,5.02,0.00,118.00,77.00,36.30,Y,N,,"allergies: lodgepole pine, pollen, cats",Madeline,,
CE0011621,Eligible,O+,12/18/2000,,Female,Caucasian,"LP, WB,",Not Interested,,Positive,,75.70,166.89,160.00,62.99,28.09,Y,Y,N,,N,N,,07/20/2026,05/14/2026,08/12/2026,14.67,167.30,43.10,97.00,7.37,0.00,123.00,69.00,36.30,Y,Y,07/20/2026,,"Madeline ""Maxwell""",,
CE0011622,Eligible,AB+,11/25/1994,,Male,AfricanAmerican,"LP, WB,",Not Interested,,Negative,,81.70,180.12,191.00,75.20,22.40,N,Y,N,,N,N,,,05/14/2026,08/12/2026,15.23,204.20,44.00,76.00,6.30,0.00,130.00,70.00,37.10,Y,N,,,Jermane,,
CE0011623,Eligible,O+,08/08/1984,,Male,AfricanAmerican,"LP, WB, BM,",BM 100ml,,Positive,,89.40,197.09,188.00,74.02,25.29,N,Y,N,,N,N,,06/23/2026,05/14/2026,08/12/2026,7.16,228.40,44.30,71.00,7.16,0.00,150.00,84.00,36.30,Y,Y,06/23/2026,,Frederick,,
CE0011624,Eligible,O+,03/11/2003,,Male,asian,"LP, WB, BM,",BM 100ml,,Positive,Positive,85.70,188.94,162.00,63.78,32.66,N,N,N,,N,N,,06/22/2026,05/18/2026,08/16/2026,14.79,254.80,45.80,97.00,6.92,0.00,132.00,72.00,36.50,Y,Y,06/22/2026,,Alex,,
CE0011625,Eligible,O+,12/07/1983,,Male,AfricanAmerican,"LP, WB,",Not Interested,,Negative,,75.40,166.23,191.00,75.20,20.67,N,Y,N,,Y,N,,06/03/2026,05/18/2026,08/16/2026,13.40,141.40,38.80,86.00,5.48,0.00,137.00,93.00,36.30,Y,Y,06/03/2026,,"William ""Will""",,
CE0011626,Eligible,O+,02/11/1995,,Male,AfricanAmerican,"LP, WB, BM,",BM 100ml,,POSITIVE,POSITIVE,62.50,137.79,167.00,65.75,22.41,Y,Y,N,,Y,N,,07/08/2026,05/19/2026,08/17/2026,15.40,294.70,47.70,80.00,4.77,0.00,128.00,79.00,35.80,Y,Y,06/03/2026,allergy: seasonal;,Frank,,
CE0011627,Ineligible,,09/10/1999,,,,,,,,,0.00,0.00,0.00,0.00,0.00,N,N,N,,N,N,,,,,0.00,0.00,0.00,0.00,0.00,0.00,0.00,0.00,0.00,N,N,,,Andrea,,
CE0011628,Eligible,A+,01/05/2003,,Female,Hispanic,"LP, WB, BM,",BM 100ml,,Positive,positive,83.90,184.97,155.00,61.02,34.51,N,N,Y,"Environmental,",Y,N,,06/10/2026,05/20/2026,08/18/2026,13.78,317.70,40.40,85.00,10.89,0.00,119.00,64.00,36.10,Y,Y,06/10/2026,Allergies: seasonal,Ashley,,
CE0011629,Eligible,O+,12/06/2007,,Female,Hispanic,"LP, WB, BM,",BM 100ml,,Negative,positive,80.70,177.91,157.00,61.81,31.52,N,N,N,,N,N,,07/01/2026,05/20/2026,08/18/2026,12.95,266.60,39.00,87.00,6.78,0.00,133.00,73.00,35.80,Y,Y,07/01/2026,,Gabriella,,
CE0011630,Eligible,O+,03/16/1979,,Female,Hispanic,"LP, WB, BM,",BM 100ml,,Positive,,86.00,189.60,157.00,61.81,34.89,N,N,N,,N,N,,,05/20/2026,08/18/2026,13.05,250.00,38.50,69.00,6.82,0.00,139.00,95.00,36.50,Y,N,,,Sacil,,
CE0011631,Eligible,O+,09/28/1994,,Female,Caucasian,"LP, WB, BM,",BM 100ml,,positive,POSITIVE,75.30,166.01,165.00,64.96,27.66,Y,N,Y,"Environmental,",N,N,,07/13/2026,05/21/2026,08/19/2026,13.81,226.40,40.90,80.00,6.11,0.00,129.00,66.00,36.40,Y,Y,07/13/2026,Allergies: seasonal;,Mariah,,
CE0011632,Eligible,O+,02/12/2004,,Female,asian,"LP, WB, BM,",BM 100ml,,Positive,Positive,60.30,132.90,157.00,61.80,24.30,N,N,N,,Y,N,,06/10/2026,05/21/2026,08/19/2026,14.40,308.80,44.40,68.00,4.10,0.00,118.00,64.00,36.30,Y,Y,06/10/2026,,Angelica,,
CE0011633,Deferred,,07/31/1976,,,,,,,,,97.50,215.00,198.00,78.00,24.90,N,N,N,,N,N,,,,,0.00,0.00,0.00,78.00,0.00,0.00,113.00,65.00,36.40,N,N,,,Eric,,
CE0011634,Eligible,A+,01/07/2007,,Female,Hispanic,"LP, WB,",Not Interested,,NEGATIVE,POSITIVE,59.90,132.06,149.86,59.00,26.67,N,N,N,,Y,N,,06/17/2026,05/26/2026,08/24/2026,12.76,340.90,38.10,74.00,6.55,0.00,117.00,68.00,36.40,Y,Y,06/17/2026,,Melannie,06/17/2026,POSITIVE
CE0011635,Eligible,O+,09/09/2001,,Female,Hispanic,"LP, WB,",Not Interested,,Negative,Positive,72.50,159.80,150.00,59.10,32.20,N,N,N,,Y,N,,06/17/2026,05/26/2026,08/24/2026,13.00,281.60,40.00,96.00,9.00,0.00,119.00,72.00,36.30,Y,N,,,Desiree,,
CE0011636,Eligible,B+,09/10/1994,,Male,Mixed,"LP, WB,",Not Interested,,Positive,,65.50,144.40,183.00,72.05,19.56,N,Y,Y,"Environmental,",N,N,,,05/26/2026,08/24/2026,16.50,145.20,49.00,69.00,9.88,0.00,128.00,74.00,36.50,Y,N,,Allergy: cats;,Jonathan,,
CE0011637,Eligible,A+,12/18/2002,,Female,Hispanic,"LP, WB, BM,",BM 100ml,,Negative,,67.10,147.93,160.00,62.99,26.21,N,N,N,,N,N,,,05/27/2026,08/25/2026,13.90,300.10,40.70,68.00,7.28,0.00,124.00,73.00,36.20,Y,N,,,Cristina,,
CE0011638,Eligible,B+,06/08/2002,,Female,Mixed,"LP, WB,",Not Interested,,Negative,,71.50,157.63,163.00,64.17,26.91,N,Y,N,,N,N,,,05/27/2026,08/25/2026,13.92,315.60,40.60,64.00,6.17,0.00,100.00,67.00,36.40,Y,N,,,Nadia,,
CE0011639,Deferred,,01/27/1998,,,,,,,,,114.10,251.55,168.00,66.14,40.43,N,N,N,,N,N,,,,,0.00,0.00,0.00,81.00,0.00,0.00,116.00,81.00,36.30,N,N,,,Reginald,,
CE0011640,Eligible,O+,10/11/2007,,Female,Hispanic,"LP, WB,",Not Interested,,Negative,Positive,73.60,162.26,168.00,66.14,25.79,N,N,Y,"Medication,",N,N,,07/14/2026,05/28/2026,08/26/2026,12.31,206.20,36.90,71.00,6.73,0.00,105.00,64.00,35.80,Y,Y,07/14/2026,Allergy: PCN/Amoxicillin;,Jennifer,,
CE0011641,Eligible,O+,02/16/1996,,Male,AfricanAmerican,"LP, WB,",,,Negative,Positive,109.70,241.90,193.00,76.00,30.00,N,N,Y,"Environmental,",N,N,,06/29/2026,06/01/2026,08/30/2026,13.90,210.30,41.60,65.00,3.30,0.00,145.00,81.00,36.20,Y,Y,06/29/2026,"Allergies: cats, shellfish, seasonal",Malcolm,,
CE0011642,Deferred,,04/29/1995,,,,,,,,,61.90,136.50,160.00,63.00,24.20,N,N,N,,N,N,,,,,14.20,403.10,42.00,86.00,10.80,0.00,101.00,55.00,36.30,N,N,,,Layla,,
CE0011643,Ineligible,,11/06/1973,,Male,Caucasian,,,,,,0.00,0.00,0.00,0.00,0.00,Y,N,N,,N,N,,,,,0.00,0.00,0.00,0.00,0.00,0.00,0.00,0.00,0.00,N,N,,,Steven,,
CE0011644,Eligible,B+,11/30/1989,,Male,AfricanAmerican,"LP,",,,POSITIVE,Negative,81.40,179.46,180.34,71.00,25.18,N,N,Y,"Food,",N,N,,07/14/2026,06/02/2026,08/31/2026,12.80,148.40,39.90,73.00,3.50,0.00,125.00,71.00,36.20,Y,Y,07/14/2026,"ALLERGIES: peanuts, cashews;",Devins,,
CE0011645,Deferred,,01/11/2007,,,,,,,,,66.10,145.73,160.02,63.00,25.81,N,N,N,,N,N,,,,,11.84,351.40,34.90,77.00,7.43,0.00,108.00,67.00,36.50,N,N,,,Fabille,,
CE0011646,Deferred,,10/02/1989,,,,,,,,,0.00,0.00,0.00,0.00,0.00,N,N,N,,N,N,,,,,0.00,0.00,0.00,0.00,0.00,0.00,0.00,0.00,0.00,N,N,,,Antonio,,
CE0011647,Deferred,,01/01/1994,,,,,,,,,105.50,232.60,182.90,72.00,31.50,N,N,N,,N,N,,,,,0.00,0.00,0.00,63.00,0.00,0.00,152.00,110.00,36.20,N,N,,,Rayzhane,,
CE0011648,Eligible,B+,05/03/2005,,Female,Hispanic,"LP, WB,",DQ,,Negative,,55.60,122.58,157.00,61.81,22.56,Y,N,N,,N,N,,,06/08/2026,09/06/2026,13.06,321.30,36.70,100.00,9.08,0.00,107.00,67.00,36.40,Y,N,,,Amanda,,
CE0011649,Ineligible,,05/06/1979,,,,,,,,,0.00,0.00,0.00,0.00,0.00,N,N,N,,N,N,,,,,0.00,0.00,0.00,0.00,0.00,0.00,0.00,0.00,0.00,N,N,,,Soren,,
CE0011650,Eligible,B+,07/25/1994,,Female,AfricanAmerican,"WB, BM,",BM 100ml,,Negative,,80.60,177.69,165.00,64.96,29.61,N,N,N,,N,N,,,06/09/2026,09/07/2026,13.32,269.60,38.40,65.00,9.09,0.00,106.00,69.00,36.50,Y,N,,6/9/26: Veins not suitable for LP/mobLP per PBP.,Tahlia,,
CE0011651,Ineligible,,04/21/1985,,,,,,,,,0.00,0.00,0.00,0.00,0.00,N,N,N,,N,N,,,,,0.00,0.00,0.00,0.00,0.00,0.00,0.00,0.00,0.00,N,N,,,Vinod,,
CE0011652,Eligible,O+,06/01/1987,,Female,Mixed,"LP, WB,",DQ,,Positive,,96.90,213.60,167.00,65.80,34.70,Y,N,Y,"Environmental,",N,N,,,06/11/2026,09/09/2026,14.20,289.40,40.70,69.00,7.40,0.00,109.00,74.00,35.80,Y,N,,"Allergies: pollen, mold",Camila,,
CE0011653,Deferred,,03/17/1993,,,,,,,,,0.00,0.00,0.00,0.00,0.00,N,N,N,,N,N,,,,,0.00,0.00,0.00,0.00,0.00,0.00,0.00,0.00,0.00,N,N,,,Tanaiia,,
CE0011654,Deferred,,03/14/1979,,,,,,,,,101.10,222.90,0.00,0.00,0.00,N,N,N,,N,N,,,,,12.50,193.30,38.40,82.00,8.50,0.00,117.00,73.00,36.90,N,N,,,Jason,,
CE0011655,Deferred,,03/15/2006,,,,,,,,,77.90,171.70,185.00,72.80,22.80,N,N,N,,N,N,,,,,11.60,180.30,35.60,71.00,4.70,0.00,125.00,68.00,36.40,N,N,,,Donavan,,
CE0011656,Eligible,A+,10/18/1978,,Male,Hispanic,"LP, WB,",,,Positive,,82.50,181.88,175.00,68.90,26.94,N,Y,N,,N,N,,,06/16/2026,09/14/2026,14.76,198.90,44.40,64.00,5.74,0.00,139.00,81.00,36.70,Y,N,,,Nicholas,,
CE0011657,Eligible,O+,11/17/2007,,Male,asian,"LP, WB,",,,Negative,Positive,83.80,184.75,173.00,68.10,28.50,N,N,N,,N,N,,06/30/2026,06/16/2026,09/14/2026,15.78,245.30,46.60,72.00,7.64,0.00,109.00,64.00,36.70,Y,Y,06/30/2026,,Andrew,,
CE0011658,Ineligible,,11/09/1983,,,,,,,,,0.00,0.00,0.00,0.00,0.00,N,N,N,,N,N,,,,,0.00,0.00,0.00,0.00,0.00,0.00,0.00,0.00,0.00,N,N,,,Kyle,,
CE0011659,Eligible,O+,04/07/2005,,Male,Mixed,"LP, WB,",Not Interested,,NEGATIVE,,72.30,159.39,172.72,68.00,24.24,Y,N,Y,"Environmental,",N,N,,,06/17/2026,09/15/2026,14.90,182.30,45.00,65.00,6.60,0.00,125.00,67.00,36.90,Y,N,,ALLERGIES: POLLEN;,Tanner,,
CE0011660,Deferred,,02/04/2008,,,,,,,,,0.00,0.00,0.00,0.00,0.00,N,N,N,,N,N,,,,,0.00,0.00,0.00,0.00,0.00,0.00,0.00,0.00,0.00,N,N,,,Aissatou,,
CE0011661,Deferred,,03/11/1977,,,,,,,,,88.60,195.30,188.00,74.00,25.10,N,N,N,,N,N,,,,,0.00,0.00,0.00,73.00,0.00,0.00,104.00,64.00,36.40,N,N,,,Ronnie,,
CE0011662,Deferred,O+,10/21/1993,,Female,asian,"LP,",,,Positive,,61.10,134.70,165.00,64.96,22.44,N,N,Y,"Food,",N,N,,,06/18/2026,09/16/2026,12.42,210.40,36.10,65.00,4.92,0.00,110.00,71.00,36.40,Y,N,,Allergy: peanuts,Elaine,,
CE0011663,Eligible,O+,12/31/2002,,Female,Hispanic,"LP, WB,",DQ,,Positive,positive,68.50,151.02,157.00,61.81,27.79,Y,N,N,,N,N,,07/08/2026,06/18/2026,09/16/2026,14.52,266.50,44.10,64.00,5.88,0.00,113.00,70.00,36.50,Y,Y,07/08/2026,DQ for BMA: hx of scoliosis,Taylor,07/08/2026,positive
CE0011664,Deferred,,10/07/1997,,,,,,,,,78.80,173.70,168.00,66.10,27.90,N,N,N,,N,N,,,,,0.00,0.00,0.00,62.00,0.00,0.00,104.00,63.00,36.40,N,N,,,Erica,,
CE0011665,Eligible,O-,05/17/2006,,Female,Hispanic,"LP,",,,Positive,Positive,75.00,165.35,160.00,62.99,29.92,Y,N,Y,"Environmental,",N,N,,07/13/2026,06/22/2026,09/20/2026,11.79,229.40,36.30,79.00,7.52,0.00,107.00,66.00,36.40,Y,N,,"Allergies: cat  hair, pollen;",Karen,,
CE0011666,Eligible,A+,11/24/1980,,Male,AfricanAmerican,"LP, WB,",DQ,,Positive,,115.70,255.07,188.00,74.02,32.74,N,Y,N,,N,N,,,06/22/2026,09/20/2026,15.00,240.50,47.10,78.00,7.95,0.00,131.00,84.00,36.30,Y,N,,,James,,
CE0011667,Eligible,A+,07/24/1995,,Female,Caucasian,"LP, WB,",Not Interested,,Negative,,68.40,150.80,173.00,68.11,22.85,N,N,N,,N,N,,,06/22/2026,09/20/2026,13.88,186.40,41.20,77.00,6.87,0.00,123.00,69.00,36.20,Y,N,,,Madeline,,
CE0011668,Deferred,,04/24/1990,,,Mixed,,DQ,,,,118.70,261.69,173.00,68.11,39.66,Y,Y,Y,,N,N,,,,,0.00,0.00,0.00,0.00,0.00,0.00,0.00,0.00,0.00,N,N,,,Wendy,,
CE0011669,Eligible,O+,05/26/2005,,,Hispanic,"LP, WB, BM,",BM 100ml,,Positive,,70.10,154.54,163.00,64.17,26.38,Y,N,N,,N,N,,,06/23/2026,09/21/2026,12.96,333.50,38.30,61.00,7.72,0.00,108.00,64.00,36.40,Y,N,,,Estefania,,
CE0011670,Eligible,O+,09/02/1997,,Female,Mixed,"LP, WB,",DQ,,Positive,,54.50,120.15,157.00,61.81,22.11,N,N,N,,N,N,,,06/23/2026,09/21/2026,12.65,261.80,37.30,78.00,6.23,0.00,111.00,73.00,36.50,Y,N,,6/23/26: Borderline low weight for LP (54.5kg),Daniela,,
CE0011671,Eligible,O+,11/17/1987,,Male,Caucasian,"LP, WB,",DQ,,Negative,,100.80,222.23,180.00,70.87,31.11,N,N,N,,N,N,,,06/23/2026,09/21/2026,13.68,221.50,41.90,85.00,5.72,0.00,130.00,81.00,35.80,Y,N,,,Samuel,,
CE0011672,Eligible,B+,05/08/1993,,Male,Caucasian,"LP, WB, BM,",,,Negative,,90.80,200.18,0.00,0.00,0.00,N,N,N,,N,N,,,06/24/2026,09/22/2026,14.73,190.90,43.90,55.00,5.20,0.00,120.00,66.00,36.20,Y,N,,,Andrew,,
CE0011673,Eligible,O+,09/03/1993,,Female,Caucasian,"LP, WB,",,,Negative,,74.80,164.91,168.00,66.14,26.50,N,N,N,,N,N,,,06/25/2026,09/23/2026,12.61,306.10,38.00,77.00,7.19,0.00,125.00,69.00,36.40,Y,N,,,Sarah,,
CE0011674,Eligible,B+,10/17/1997,,Female,Caucasian,"LP, WB, BM,",BM 100ml,,Positive,,62.60,138.01,157.00,61.81,25.40,N,Y,Y,"Medication, Food,",N,N,,,06/25/2026,09/23/2026,13.58,246.20,41.20,66.00,8.00,0.00,113.00,70.00,36.20,Y,N,,,Demi,,
CE0011675,Eligible,A+,01/31/1998,,Female,Mixed,"LP, WB,",DQ,,Positive,,57.20,126.10,160.00,62.99,22.34,Y,N,N,,N,N,,,07/01/2026,09/29/2026,12.79,277.70,37.50,69.00,5.71,0.00,130.00,73.00,36.40,Y,N,,,Alyssa,,
CE0011676,Eligible,O+,05/01/1992,,Female,,"LP, WB,",,,Positive,,87.10,192.02,168.00,66.14,30.86,N,Y,N,,N,N,,,07/06/2026,10/04/2026,13.64,241.00,41.00,84.00,6.50,0.00,100.00,61.00,36.70,Y,N,,,Elizabeth,,
CE0011677,Eligible,A+,10/06/1978,,Male,AfricanAmerican,"LP, WB,",,,Negative,,70.20,154.76,170.00,66.93,24.29,N,Y,N,,N,N,,,07/09/2026,10/07/2026,14.46,299.00,43.40,83.00,10.24,0.00,120.00,70.00,36.20,Y,N,,,Bryan,,
CE0011678,Eligible,A+,12/19/1977,,Male,asian,"LP, WB,",,,positive,,80.10,176.59,172.72,68.00,25.95,Y,N,N,,N,N,,07/20/2026,07/09/2026,10/07/2026,13.82,171.10,42.00,93.00,7.01,0.00,151.00,87.00,36.50,Y,N,,,Bipin,,
CE0011679,Eligible,O+,12/27/2000,,Male,asian,"LP, WB,",,,Negative,,68.40,150.80,162.56,64.00,25.88,N,N,Y,"Food,",N,N,,,07/13/2026,10/11/2026,15.39,276.20,46.10,86.00,5.58,0.00,121.00,71.00,36.40,Y,N,,,Luke,,
CE0011683,Eligible,A+,09/04/1989,,Male,Hispanic,"LP, WB,",,,Positive,,107.40,236.78,165.00,64.96,39.45,Y,Y,N,,N,N,,,07/14/2026,10/12/2026,14.17,288.00,41.20,77.00,10.29,0.00,130.00,77.00,35.80,Y,N,,,Daniel,,
CE0011684,Eligible,B+,09/02/1997,,Male,AfricanAmerican,"LP,",,,Positive,,81.40,179.46,170.00,66.93,28.17,N,N,N,,N,N,,,07/14/2026,10/12/2026,12.61,182.10,38.20,75.00,5.30,0.00,112.00,62.00,36.20,Y,N,,,Wilfred,,
CE0011685,Eligible,O+,12/24/2005,,Male,,"LP, WB,",DQ,,Positive,,99.50,219.36,175.26,69.00,32.39,N,N,N,,N,N,,,07/14/2026,10/12/2026,14.00,177.20,42.00,60.00,6.11,0.00,116.00,69.00,35.90,Y,N,,,Caleb,,
CE0011687,Deferred,,03/31/1986,,,,,,,,,63.90,140.88,163.00,64.17,24.05,N,N,N,,N,N,,,,,0.00,0.00,0.00,78.00,0.00,0.00,94.00,50.00,36.20,N,N,,,Lindsey,,
CE0011689,Eligible,B+,05/17/2006,,Male,Hispanic,"LP, WB,",,,Negative,,115.60,254.85,188.00,74.02,32.71,N,N,Y,"Medication, Food, Environmental,",N,N,,,07/17/2026,10/15/2026,15.62,196.60,46.20,81.00,7.69,0.00,128.00,83.00,36.30,Y,N,,,Dominic,,
